CUST_ID,segment,persona,assignment_margin,distance_to_centroid,confident,model_version,assignment_agreement
C10001,1,High-Spend Transactor,0.4657,3.2404,True,1.0.0,0.575
C10002,0,Cash-Advance Reliant,0.5969,2.4362,True,1.0.0,0.45
C10003,1,High-Spend Transactor,0.2129,3.7158,True,1.0.0,0.575
C10004,1,High-Spend Transactor,0.0033,7.3233,False,1.0.0,0.525
C10005,1,High-Spend Transactor,0.0392,4.4642,False,1.0.0,0.575
C10006,1,High-Spend Transactor,0.1817,3.9354,True,1.0.0,0.575
C10007,1,High-Spend Transactor,0.1942,5.0111,True,1.0.0,0.575
C10008,1,High-Spend Transactor,0.3153,3.37,True,1.0.0,0.575
C10009,1,High-Spend Transactor,0.5716,1.8844,True,1.0.0,0.575
C10010,1,High-Spend Transactor,0.3759,3.9727,True,1.0.0,0.575
C10011,1,High-Spend Transactor,0.1748,4.3146,True,1.0.0,0.575
C10012,1,High-Spend Transactor,0.388,3.332,True,1.0.0,0.575
C10013,1,High-Spend Transactor,0.314,3.1495,True,1.0.0,0.575
C10014,1,High-Spend Transactor,0.4696,2.4952,True,1.0.0,0.575
C10015,0,Cash-Advance Reliant,0.7017,1.7995,True,1.0.0,0.45
C10016,2,Revolving Borrower,0.5593,2.6244,True,1.0.0,0.475
C10017,0,Cash-Advance Reliant,0.7138,1.7971,True,1.0.0,0.45
C10018,1,High-Spend Transactor,0.5864,2.7038,True,1.0.0,0.575
C10019,1,High-Spend Transactor,0.3713,2.769,True,1.0.0,0.575
C10020,1,High-Spend Transactor,0.0632,5.1023,False,1.0.0,0.575
C10021,1,High-Spend Transactor,0.1113,5.221,False,1.0.0,0.575
C10022,2,Revolving Borrower,0.4786,3.2682,True,1.0.0,0.475
C10023,1,High-Spend Transactor,0.5704,2.5116,True,1.0.0,0.575
C10024,2,Revolving Borrower,0.5542,2.8738,True,1.0.0,0.475
C10025,0,Cash-Advance Reliant,0.6975,1.7628,True,1.0.0,0.45
C10026,1,High-Spend Transactor,0.5494,2.5328,True,1.0.0,0.575
C10027,0,Cash-Advance Reliant,0.2278,2.9726,True,1.0.0,0.45
C10028,1,High-Spend Transactor,0.4966,2.9648,True,1.0.0,0.575
C10029,2,Revolving Borrower,0.54,2.3937,True,1.0.0,0.475
C10030,1,High-Spend Transactor,0.5023,3.0709,True,1.0.0,0.575
C10031,2,Revolving Borrower,0.5274,3.437,True,1.0.0,0.475
C10032,2,Revolving Borrower,0.4148,2.1805,True,1.0.0,0.475
C10033,2,Revolving Borrower,0.0576,3.8219,False,1.0.0,0.425
C10034,1,High-Spend Transactor,0.4944,2.7786,True,1.0.0,0.575
C10035,1,High-Spend Transactor,0.1077,4.3744,False,1.0.0,0.575
C10036,0,Cash-Advance Reliant,0.6731,2.0519,True,1.0.0,0.45
C10037,0,Cash-Advance Reliant,0.6041,2.3731,True,1.0.0,0.45
C10038,2,Revolving Borrower,0.6639,2.0329,True,1.0.0,0.475
C10039,0,Cash-Advance Reliant,0.0845,3.6966,False,1.0.0,0.45
C10040,2,Revolving Borrower,0.1825,4.9503,True,1.0.0,0.475
C10041,0,Cash-Advance Reliant,0.6009,2.5831,True,1.0.0,0.45
C10043,2,Revolving Borrower,0.6001,1.873,True,1.0.0,0.475
C10044,1,High-Spend Transactor,0.1035,4.8978,False,1.0.0,0.575
C10045,0,Cash-Advance Reliant,0.7682,1.4316,True,1.0.0,0.45
C10046,1,High-Spend Transactor,0.0853,3.9083,False,1.0.0,0.55
C10047,2,Revolving Borrower,0.1298,5.4211,False,1.0.0,0.475
C10048,0,Cash-Advance Reliant,0.1077,4.4878,False,1.0.0,0.45
C10049,0,Cash-Advance Reliant,0.3786,4.7612,True,1.0.0,0.45
C10050,1,High-Spend Transactor,0.3766,3.4842,True,1.0.0,0.575
C10051,2,Revolving Borrower,0.1934,3.2123,True,1.0.0,0.45
C10052,2,Revolving Borrower,0.5775,2.6439,True,1.0.0,0.475
C10053,1,High-Spend Transactor,0.1875,3.6799,True,1.0.0,0.575
C10054,0,Cash-Advance Reliant,0.8391,0.953,True,1.0.0,0.45
C10055,2,Revolving Borrower,0.1797,4.8917,True,1.0.0,0.475
C10056,1,High-Spend Transactor,0.3297,5.0762,True,1.0.0,0.575
C10057,1,High-Spend Transactor,0.1811,6.0149,True,1.0.0,0.575
C10058,2,Revolving Borrower,0.0197,5.9603,False,1.0.0,0.375
C10059,1,High-Spend Transactor,0.0815,4.4335,False,1.0.0,0.55
C10060,0,Cash-Advance Reliant,0.689,1.8554,True,1.0.0,0.45
C10061,2,Revolving Borrower,0.2553,3.3272,True,1.0.0,0.45
C10062,1,High-Spend Transactor,0.2764,3.8902,True,1.0.0,0.575
C10063,1,High-Spend Transactor,0.0671,4.9018,False,1.0.0,0.575
C10064,0,Cash-Advance Reliant,0.5411,2.9474,True,1.0.0,0.45
C10065,1,High-Spend Transactor,0.2348,6.7594,True,1.0.0,0.575
C10067,2,Revolving Borrower,0.4294,3.3541,True,1.0.0,0.475
C10068,1,High-Spend Transactor,0.2273,3.3378,True,1.0.0,0.575
C10069,0,Cash-Advance Reliant,0.6129,2.6154,True,1.0.0,0.45
C10070,0,Cash-Advance Reliant,0.8608,0.8328,True,1.0.0,0.45
C10071,1,High-Spend Transactor,0.2219,3.1377,True,1.0.0,0.575
C10072,1,High-Spend Transactor,0.1285,4.389,False,1.0.0,0.575
C10073,2,Revolving Borrower,0.4013,3.3715,True,1.0.0,0.475
C10074,2,Revolving Borrower,0.3859,4.729,True,1.0.0,0.475
C10075,0,Cash-Advance Reliant,0.5929,2.5633,True,1.0.0,0.45
C10077,1,High-Spend Transactor,0.2535,2.9765,True,1.0.0,0.575
C10078,1,High-Spend Transactor,0.7054,1.317,True,1.0.0,0.575
C10079,1,High-Spend Transactor,0.0481,3.9212,False,1.0.0,0.55
C10080,1,High-Spend Transactor,0.2254,3.7104,True,1.0.0,0.575
C10081,1,High-Spend Transactor,0.5672,2.1426,True,1.0.0,0.575
C10082,0,Cash-Advance Reliant,0.4888,3.5656,True,1.0.0,0.45
C10083,2,Revolving Borrower,0.2918,3.4595,True,1.0.0,0.45
C10084,1,High-Spend Transactor,0.7025,1.7039,True,1.0.0,0.575
C10085,0,Cash-Advance Reliant,0.6137,2.666,True,1.0.0,0.45
C10086,1,High-Spend Transactor,0.5538,2.909,True,1.0.0,0.575
C10087,1,High-Spend Transactor,0.5586,2.8638,True,1.0.0,0.575
C10088,2,Revolving Borrower,0.3593,3.2941,True,1.0.0,0.475
C10089,1,High-Spend Transactor,0.3814,3.5872,True,1.0.0,0.575
C10090,2,Revolving Borrower,0.6077,2.7163,True,1.0.0,0.475
C10092,2,Revolving Borrower,0.5725,3.0072,True,1.0.0,0.475
C10093,0,Cash-Advance Reliant,0.3755,2.7333,True,1.0.0,0.45
C10094,0,Cash-Advance Reliant,0.564,2.6988,True,1.0.0,0.45
C10095,2,Revolving Borrower,0.4098,3.9541,True,1.0.0,0.475
C10096,2,Revolving Borrower,0.6033,2.3859,True,1.0.0,0.475
C10097,0,Cash-Advance Reliant,0.5227,2.1208,True,1.0.0,0.45
C10098,1,High-Spend Transactor,0.1902,5.8506,True,1.0.0,0.575
C10099,1,High-Spend Transactor,0.1639,5.8936,True,1.0.0,0.575
C10100,0,Cash-Advance Reliant,0.5598,2.9379,True,1.0.0,0.45
C10101,1,High-Spend Transactor,0.2898,3.4583,True,1.0.0,0.575
C10102,0,Cash-Advance Reliant,0.3802,4.75,True,1.0.0,0.45
C10103,1,High-Spend Transactor,0.4395,3.7631,True,1.0.0,0.575
C10104,0,Cash-Advance Reliant,0.2537,6.4169,True,1.0.0,0.45
C10105,1,High-Spend Transactor,0.1475,5.4028,False,1.0.0,0.575
C10106,1,High-Spend Transactor,0.5484,2.8939,True,1.0.0,0.575
C10107,1,High-Spend Transactor,0.0098,4.4969,False,1.0.0,0.45
C10108,1,High-Spend Transactor,0.2536,6.6052,True,1.0.0,0.575
C10109,0,Cash-Advance Reliant,0.6311,2.2621,True,1.0.0,0.45
C10110,2,Revolving Borrower,0.3536,3.0004,True,1.0.0,0.475
C10111,1,High-Spend Transactor,0.5581,2.335,True,1.0.0,0.575
C10112,0,Cash-Advance Reliant,0.6246,2.2791,True,1.0.0,0.45
C10113,2,Revolving Borrower,0.6037,1.6132,True,1.0.0,0.475
C10114,2,Revolving Borrower,0.488,3.8463,True,1.0.0,0.475
C10115,1,High-Spend Transactor,0.624,1.9395,True,1.0.0,0.575
C10116,0,Cash-Advance Reliant,0.3785,4.7413,True,1.0.0,0.45
C10117,2,Revolving Borrower,0.5788,2.6886,True,1.0.0,0.475
C10118,0,Cash-Advance Reliant,0.5652,2.6939,True,1.0.0,0.45
C10119,1,High-Spend Transactor,0.4921,2.8907,True,1.0.0,0.575
C10120,1,High-Spend Transactor,0.5411,2.0117,True,1.0.0,0.575
C10121,1,High-Spend Transactor,0.5363,2.8339,True,1.0.0,0.575
C10122,0,Cash-Advance Reliant,0.6449,2.2238,True,1.0.0,0.45
C10123,1,High-Spend Transactor,0.5051,3.2555,True,1.0.0,0.575
C10124,0,Cash-Advance Reliant,0.77,1.3666,True,1.0.0,0.45
C10125,2,Revolving Borrower,0.4801,3.6425,True,1.0.0,0.475
C10126,1,High-Spend Transactor,0.1755,6.135,True,1.0.0,0.575
C10127,1,High-Spend Transactor,0.2279,3.8745,True,1.0.0,0.575
C10128,0,Cash-Advance Reliant,0.7019,1.7906,True,1.0.0,0.45
C10130,0,Cash-Advance Reliant,0.4321,3.6354,True,1.0.0,0.45
C10131,2,Revolving Borrower,0.0429,5.365,False,1.0.0,0.425
C10132,0,Cash-Advance Reliant,0.415,4.2025,True,1.0.0,0.45
C10133,1,High-Spend Transactor,0.1103,3.7348,False,1.0.0,0.525
C10134,0,Cash-Advance Reliant,0.0556,4.3369,False,1.0.0,0.425
C10135,0,Cash-Advance Reliant,0.2674,6.694,True,1.0.0,0.45
C10136,1,High-Spend Transactor,0.0402,7.162,False,1.0.0,0.575
C10137,1,High-Spend Transactor,0.0056,4.3628,False,1.0.0,0.425
C10138,1,High-Spend Transactor,0.5866,2.539,True,1.0.0,0.575
C10139,2,Revolving Borrower,0.2482,4.2227,True,1.0.0,0.45
C10140,1,High-Spend Transactor,0.5641,2.3487,True,1.0.0,0.575
C10141,1,High-Spend Transactor,0.2558,3.1753,True,1.0.0,0.575
C10142,1,High-Spend Transactor,0.1647,4.2129,True,1.0.0,0.575
C10143,2,Revolving Borrower,0.5795,1.8866,True,1.0.0,0.475
C10144,2,Revolving Borrower,0.1447,6.7385,False,1.0.0,0.475
C10145,2,Revolving Borrower,0.5118,2.5129,True,1.0.0,0.475
C10146,1,High-Spend Transactor,0.3156,3.278,True,1.0.0,0.575
C10147,0,Cash-Advance Reliant,0.6108,2.4934,True,1.0.0,0.45
C10148,0,Cash-Advance Reliant,0.359,4.9637,True,1.0.0,0.45
C10149,2,Revolving Borrower,0.0471,4.6617,False,1.0.0,0.425
C10150,1,High-Spend Transactor,0.1066,4.4347,False,1.0.0,0.55
C10151,1,High-Spend Transactor,0.1941,4.1203,True,1.0.0,0.575
C10152,1,High-Spend Transactor,0.2715,5.4411,True,1.0.0,0.575
C10153,0,Cash-Advance Reliant,0.3785,3.1598,True,1.0.0,0.45
C10154,1,High-Spend Transactor,0.3985,2.4209,True,1.0.0,0.575
C10155,2,Revolving Borrower,0.1384,3.1469,False,1.0.0,0.475
C10156,2,Revolving Borrower,0.4707,3.4057,True,1.0.0,0.475
C10157,1,High-Spend Transactor,0.2204,3.7024,True,1.0.0,0.575
C10158,1,High-Spend Transactor,0.4987,3.0361,True,1.0.0,0.575
C10159,2,Revolving Borrower,0.4006,4.9888,True,1.0.0,0.475
C10160,1,High-Spend Transactor,0.3974,3.824,True,1.0.0,0.575
C10161,1,High-Spend Transactor,0.4592,3.3371,True,1.0.0,0.575
C10162,2,Revolving Borrower,0.2744,5.6755,True,1.0.0,0.475
C10163,0,Cash-Advance Reliant,0.5942,2.6064,True,1.0.0,0.45
C10164,1,High-Spend Transactor,0.0552,5.3909,False,1.0.0,0.55
C10165,2,Revolving Borrower,0.0467,3.8973,False,1.0.0,0.45
C10166,0,Cash-Advance Reliant,0.7572,1.4528,True,1.0.0,0.45
C10167,0,Cash-Advance Reliant,0.6685,1.975,True,1.0.0,0.45
C10168,1,High-Spend Transactor,0.4527,2.4718,True,1.0.0,0.575
C10169,1,High-Spend Transactor,0.3437,3.0138,True,1.0.0,0.575
C10170,1,High-Spend Transactor,0.4342,3.6097,True,1.0.0,0.575
C10171,0,Cash-Advance Reliant,0.6003,2.4158,True,1.0.0,0.45
C10172,1,High-Spend Transactor,0.4688,2.9793,True,1.0.0,0.575
C10173,2,Revolving Borrower,0.1946,4.4805,True,1.0.0,0.475
C10174,1,High-Spend Transactor,0.1906,4.2226,True,1.0.0,0.575
C10175,1,High-Spend Transactor,0.5111,2.2973,True,1.0.0,0.575
C10176,0,Cash-Advance Reliant,0.5593,2.8757,True,1.0.0,0.45
C10177,2,Revolving Borrower,0.2597,5.2442,True,1.0.0,0.475
C10178,1,High-Spend Transactor,0.4886,3.5998,True,1.0.0,0.575
C10179,0,Cash-Advance Reliant,0.673,2.0106,True,1.0.0,0.45
C10180,2,Revolving Borrower,0.4743,3.7325,True,1.0.0,0.475
C10181,0,Cash-Advance Reliant,0.7709,1.3969,True,1.0.0,0.45
C10182,2,Revolving Borrower,0.2101,5.533,True,1.0.0,0.475
C10183,0,Cash-Advance Reliant,0.6667,1.9934,True,1.0.0,0.45
C10184,1,High-Spend Transactor,0.3022,4.1257,True,1.0.0,0.575
C10185,1,High-Spend Transactor,0.5502,2.8556,True,1.0.0,0.575
C10186,1,High-Spend Transactor,0.3338,3.1363,True,1.0.0,0.575
C10187,1,High-Spend Transactor,0.1513,7.2086,True,1.0.0,0.575
C10188,2,Revolving Borrower,0.0879,4.4065,False,1.0.0,0.45
C10189,1,High-Spend Transactor,0.2121,6.9355,True,1.0.0,0.575
C10190,1,High-Spend Transactor,0.6714,1.5938,True,1.0.0,0.575
C10191,1,High-Spend Transactor,0.5102,2.8362,True,1.0.0,0.575
C10192,0,Cash-Advance Reliant,0.0509,3.2316,False,1.0.0,0.375
C10193,1,High-Spend Transactor,0.2554,3.518,True,1.0.0,0.575
C10194,2,Revolving Borrower,0.0791,5.9814,False,1.0.0,0.475
C10196,2,Revolving Borrower,0.1956,3.2028,True,1.0.0,0.45
C10197,1,High-Spend Transactor,0.4454,3.7094,True,1.0.0,0.575
C10198,1,High-Spend Transactor,0.1467,6.337,False,1.0.0,0.575
C10199,0,Cash-Advance Reliant,0.1488,5.195,False,1.0.0,0.45
C10200,1,High-Spend Transactor,0.1709,4.0027,True,1.0.0,0.575
C10201,1,High-Spend Transactor,0.0592,4.4907,False,1.0.0,0.525
C10202,1,High-Spend Transactor,0.0556,4.3959,False,1.0.0,0.55
C10203,1,High-Spend Transactor,0.44,3.2809,True,1.0.0,0.575
C10204,1,High-Spend Transactor,0.4761,2.882,True,1.0.0,0.575
C10205,1,High-Spend Transactor,0.2367,3.8915,True,1.0.0,0.575
C10206,0,Cash-Advance Reliant,0.1426,3.7372,False,1.0.0,0.45
C10207,1,High-Spend Transactor,0.3419,4.582,True,1.0.0,0.575
C10208,2,Revolving Borrower,0.6037,1.7779,True,1.0.0,0.475
C10209,1,High-Spend Transactor,0.5524,2.8323,True,1.0.0,0.575
C10211,2,Revolving Borrower,0.5897,2.3197,True,1.0.0,0.475
C10212,2,Revolving Borrower,0.0662,5.3823,False,1.0.0,0.475
C10213,1,High-Spend Transactor,0.3537,4.3535,True,1.0.0,0.575
C10214,2,Revolving Borrower,0.3446,3.0497,True,1.0.0,0.475
C10215,2,Revolving Borrower,0.5227,2.6453,True,1.0.0,0.475
C10216,2,Revolving Borrower,0.6497,2.2557,True,1.0.0,0.475
C10217,1,High-Spend Transactor,0.5341,2.9298,True,1.0.0,0.575
C10218,2,Revolving Borrower,0.5938,2.2466,True,1.0.0,0.475
C10219,1,High-Spend Transactor,0.164,3.6204,True,1.0.0,0.575
C10220,0,Cash-Advance Reliant,0.623,2.2645,True,1.0.0,0.45
C10221,1,High-Spend Transactor,0.3972,3.0197,True,1.0.0,0.575
C10222,1,High-Spend Transactor,0.6326,2.2552,True,1.0.0,0.575
C10223,1,High-Spend Transactor,0.1672,7.1423,True,1.0.0,0.575
C10224,2,Revolving Borrower,0.3665,2.6558,True,1.0.0,0.475
C10226,1,High-Spend Transactor,0.5492,2.9204,True,1.0.0,0.575
C10227,2,Revolving Borrower,0.6007,2.0571,True,1.0.0,0.475
C10228,2,Revolving Borrower,0.3495,3.3713,True,1.0.0,0.475
C10229,2,Revolving Borrower,0.1243,5.7869,False,1.0.0,0.475
C10230,1,High-Spend Transactor,0.1304,3.8912,False,1.0.0,0.575
C10231,1,High-Spend Transactor,0.2707,4.3878,True,1.0.0,0.575
C10232,1,High-Spend Transactor,0.0576,4.137,False,1.0.0,0.55
C10233,2,Revolving Borrower,0.0451,5.5872,False,1.0.0,0.45
C10234,1,High-Spend Transactor,0.3414,3.741,True,1.0.0,0.575
C10235,2,Revolving Borrower,0.0207,4.4562,False,1.0.0,0.275
C10236,1,High-Spend Transactor,0.1857,3.4197,True,1.0.0,0.575
C10237,0,Cash-Advance Reliant,0.2518,5.9798,True,1.0.0,0.45
C10238,1,High-Spend Transactor,0.121,5.3248,False,1.0.0,0.575
C10239,1,High-Spend Transactor,0.3303,3.0015,True,1.0.0,0.575
C10240,1,High-Spend Transactor,0.3659,3.1968,True,1.0.0,0.575
C10241,2,Revolving Borrower,0.4794,2.4281,True,1.0.0,0.475
C10242,1,High-Spend Transactor,0.0389,4.731,False,1.0.0,0.55
C10243,2,Revolving Borrower,0.4981,2.4415,True,1.0.0,0.475
C10244,1,High-Spend Transactor,0.1309,6.0679,False,1.0.0,0.575
C10245,2,Revolving Borrower,0.2957,3.4561,True,1.0.0,0.45
C10246,2,Revolving Borrower,0.3056,2.8713,True,1.0.0,0.475
C10247,1,High-Spend Transactor,0.1247,4.2938,False,1.0.0,0.575
C10248,1,High-Spend Transactor,0.2508,3.3558,True,1.0.0,0.575
C10249,2,Revolving Borrower,0.0967,6.6638,False,1.0.0,0.45
C10250,1,High-Spend Transactor,0.4729,3.0357,True,1.0.0,0.575
C10251,1,High-Spend Transactor,0.1812,4.4377,True,1.0.0,0.575
C10252,1,High-Spend Transactor,0.3733,3.3675,True,1.0.0,0.575
C10253,1,High-Spend Transactor,0.0244,4.3903,False,1.0.0,0.55
C10254,1,High-Spend Transactor,0.4747,3.663,True,1.0.0,0.575
C10255,1,High-Spend Transactor,0.4555,2.558,True,1.0.0,0.575
C10256,1,High-Spend Transactor,0.4914,3.3709,True,1.0.0,0.575
C10257,2,Revolving Borrower,0.3441,4.1668,True,1.0.0,0.475
C10258,2,Revolving Borrower,0.0638,4.6185,False,1.0.0,0.475
C10259,2,Revolving Borrower,0.4567,2.7191,True,1.0.0,0.475
C10260,1,High-Spend Transactor,0.2679,3.6696,True,1.0.0,0.575
C10261,1,High-Spend Transactor,0.5747,2.7342,True,1.0.0,0.575
C10262,1,High-Spend Transactor,0.3744,3.6069,True,1.0.0,0.6
C10263,0,Cash-Advance Reliant,0.6575,2.0353,True,1.0.0,0.45
C10265,1,High-Spend Transactor,0.4965,3.3826,True,1.0.0,0.575
C10266,1,High-Spend Transactor,0.2255,4.494,True,1.0.0,0.575
C10267,2,Revolving Borrower,0.5986,1.8304,True,1.0.0,0.475
C10269,1,High-Spend Transactor,0.106,4.5717,False,1.0.0,0.575
C10270,0,Cash-Advance Reliant,0.7601,1.4126,True,1.0.0,0.45
C10271,1,High-Spend Transactor,0.2117,4.2011,True,1.0.0,0.575
C10272,2,Revolving Borrower,0.4038,2.8248,True,1.0.0,0.475
C10273,2,Revolving Borrower,0.3558,3.5328,True,1.0.0,0.475
C10274,2,Revolving Borrower,0.4648,4.3243,True,1.0.0,0.475
C10275,1,High-Spend Transactor,0.6001,1.9648,True,1.0.0,0.575
C10276,2,Revolving Borrower,0.0884,5.0119,False,1.0.0,0.475
C10277,1,High-Spend Transactor,0.3336,3.1404,True,1.0.0,0.575
C10278,1,High-Spend Transactor,0.2037,3.7565,True,1.0.0,0.575
C10279,1,High-Spend Transactor,0.4406,3.3729,True,1.0.0,0.575
C10280,2,Revolving Borrower,0.3431,4.0235,True,1.0.0,0.475
C10281,2,Revolving Borrower,0.1351,4.5413,False,1.0.0,0.475
C10282,0,Cash-Advance Reliant,0.1265,3.2883,False,1.0.0,0.45
C10283,1,High-Spend Transactor,0.4711,2.837,True,1.0.0,0.6
C10284,2,Revolving Borrower,0.0465,6.5967,False,1.0.0,0.475
C10285,2,Revolving Borrower,0.4087,3.988,True,1.0.0,0.475
C10286,1,High-Spend Transactor,0.2804,4.3825,True,1.0.0,0.575
C10287,0,Cash-Advance Reliant,0.1111,3.3246,False,1.0.0,0.45
C10288,1,High-Spend Transactor,0.2096,6.9932,True,1.0.0,0.575
C10289,1,High-Spend Transactor,0.3465,3.5747,True,1.0.0,0.575
C10290,2,Revolving Borrower,0.5386,1.9595,True,1.0.0,0.475
C10291,2,Revolving Borrower,0.0358,4.715,False,1.0.0,0.375
C10292,2,Revolving Borrower,0.2081,3.9089,True,1.0.0,0.475
C10293,1,High-Spend Transactor,0.5707,2.0336,True,1.0.0,0.575
C10294,1,High-Spend Transactor,0.0436,4.4093,False,1.0.0,0.55
C10295,0,Cash-Advance Reliant,0.495,3.4557,True,1.0.0,0.45
C10296,0,Cash-Advance Reliant,0.5356,2.8139,True,1.0.0,0.45
C10297,0,Cash-Advance Reliant,0.7785,1.3128,True,1.0.0,0.45
C10298,2,Revolving Borrower,0.5602,2.0117,True,1.0.0,0.475
C10299,1,High-Spend Transactor,0.4357,3.5445,True,1.0.0,0.575
C10300,0,Cash-Advance Reliant,0.6151,2.3237,True,1.0.0,0.45
C10301,1,High-Spend Transactor,0.3958,3.2916,True,1.0.0,0.575
C10302,2,Revolving Borrower,0.5107,2.3625,True,1.0.0,0.475
C10303,1,High-Spend Transactor,0.1331,4.409,False,1.0.0,0.575
C10304,0,Cash-Advance Reliant,0.6796,1.9259,True,1.0.0,0.45
C10305,1,High-Spend Transactor,0.5517,2.7009,True,1.0.0,0.575
C10306,1,High-Spend Transactor,0.2865,4.2229,True,1.0.0,0.575
C10307,2,Revolving Borrower,0.0168,3.5912,False,1.0.0,0.525
C10308,0,Cash-Advance Reliant,0.608,2.3393,True,1.0.0,0.45
C10309,1,High-Spend Transactor,0.1304,3.9342,False,1.0.0,0.575
C10310,2,Revolving Borrower,0.0648,4.4631,False,1.0.0,0.475
C10311,2,Revolving Borrower,0.3606,2.9286,True,1.0.0,0.475
C10312,1,High-Spend Transactor,0.1457,4.0089,False,1.0.0,0.575
C10313,0,Cash-Advance Reliant,0.5488,2.671,True,1.0.0,0.45
C10314,1,High-Spend Transactor,0.5434,2.2662,True,1.0.0,0.575
C10315,0,Cash-Advance Reliant,0.5116,3.0582,True,1.0.0,0.45
C10316,1,High-Spend Transactor,0.4365,3.1682,True,1.0.0,0.6
C10317,1,High-Spend Transactor,0.5109,2.6146,True,1.0.0,0.6
C10318,1,High-Spend Transactor,0.551,2.4342,True,1.0.0,0.575
C10319,0,Cash-Advance Reliant,0.7896,1.2886,True,1.0.0,0.45
C10320,1,High-Spend Transactor,0.261,4.9839,True,1.0.0,0.575
C10321,1,High-Spend Transactor,0.5293,2.5856,True,1.0.0,0.575
C10322,2,Revolving Borrower,0.6416,2.0085,True,1.0.0,0.475
C10323,1,High-Spend Transactor,0.1686,6.305,True,1.0.0,0.575
C10324,0,Cash-Advance Reliant,0.7838,1.326,True,1.0.0,0.45
C10325,0,Cash-Advance Reliant,0.7959,1.1989,True,1.0.0,0.45
C10326,0,Cash-Advance Reliant,0.6069,2.6896,True,1.0.0,0.45
C10327,0,Cash-Advance Reliant,0.7644,1.398,True,1.0.0,0.45
C10328,1,High-Spend Transactor,0.3013,3.5483,True,1.0.0,0.575
C10329,1,High-Spend Transactor,0.5342,2.8032,True,1.0.0,0.575
C10330,1,High-Spend Transactor,0.2894,5.2992,True,1.0.0,0.575
C10331,0,Cash-Advance Reliant,0.418,2.7164,True,1.0.0,0.45
C10332,2,Revolving Borrower,0.5726,2.6295,True,1.0.0,0.475
C10333,0,Cash-Advance Reliant,0.5677,2.661,True,1.0.0,0.45
C10334,1,High-Spend Transactor,0.2467,3.8248,True,1.0.0,0.575
C10335,0,Cash-Advance Reliant,0.8271,1.0383,True,1.0.0,0.45
C10336,1,High-Spend Transactor,0.5306,2.8575,True,1.0.0,0.575
C10337,1,High-Spend Transactor,0.1458,4.4212,False,1.0.0,0.575
C10338,2,Revolving Borrower,0.5235,2.6018,True,1.0.0,0.475
C10339,0,Cash-Advance Reliant,0.7977,1.1373,True,1.0.0,0.45
C10340,1,High-Spend Transactor,0.3261,3.8196,True,1.0.0,0.575
C10341,0,Cash-Advance Reliant,0.6916,1.8761,True,1.0.0,0.45
C10342,1,High-Spend Transactor,0.4481,3.2458,True,1.0.0,0.575
C10343,1,High-Spend Transactor,0.3,3.4884,True,1.0.0,0.575
C10344,1,High-Spend Transactor,0.2977,4.0973,True,1.0.0,0.575
C10345,0,Cash-Advance Reliant,0.6959,1.8365,True,1.0.0,0.45
C10346,0,Cash-Advance Reliant,0.0042,4.1174,False,1.0.0,0.2
C10347,1,High-Spend Transactor,0.4539,3.3686,True,1.0.0,0.575
C10348,1,High-Spend Transactor,0.273,4.221,True,1.0.0,0.575
C10349,1,High-Spend Transactor,0.5385,3.1149,True,1.0.0,0.575
C10350,1,High-Spend Transactor,0.2425,3.9494,True,1.0.0,0.575
C10351,0,Cash-Advance Reliant,0.1679,2.9766,True,1.0.0,0.45
C10352,2,Revolving Borrower,0.2629,5.5688,True,1.0.0,0.475
C10353,2,Revolving Borrower,0.1596,3.571,True,1.0.0,0.45
C10354,1,High-Spend Transactor,0.3657,4.2816,True,1.0.0,0.575
C10355,1,High-Spend Transactor,0.3528,3.66,True,1.0.0,0.575
C10356,1,High-Spend Transactor,0.6872,1.8643,True,1.0.0,0.575
C10357,1,High-Spend Transactor,0.2538,3.4187,True,1.0.0,0.575
C10358,1,High-Spend Transactor,0.4668,2.236,True,1.0.0,0.575
C10359,2,Revolving Borrower,0.5267,3.1767,True,1.0.0,0.475
C10360,1,High-Spend Transactor,0.5516,2.8415,True,1.0.0,0.575
C10361,0,Cash-Advance Reliant,0.6405,2.1387,True,1.0.0,0.45
C10362,1,High-Spend Transactor,0.1732,3.9325,True,1.0.0,0.575
C10364,2,Revolving Borrower,0.6049,2.7565,True,1.0.0,0.475
C10365,1,High-Spend Transactor,0.2147,6.9619,True,1.0.0,0.575
C10366,1,High-Spend Transactor,0.4003,4.1506,True,1.0.0,0.575
C10367,1,High-Spend Transactor,0.2,3.8518,True,1.0.0,0.575
C10368,1,High-Spend Transactor,0.4586,3.0763,True,1.0.0,0.575
C10369,2,Revolving Borrower,0.0596,3.9351,False,1.0.0,0.45
C10370,0,Cash-Advance Reliant,0.5013,3.405,True,1.0.0,0.45
C10371,0,Cash-Advance Reliant,0.6909,1.9081,True,1.0.0,0.45
C10372,1,High-Spend Transactor,0.5733,1.8957,True,1.0.0,0.575
C10373,0,Cash-Advance Reliant,0.8282,1.0304,True,1.0.0,0.45
C10374,1,High-Spend Transactor,0.61,2.0122,True,1.0.0,0.575
C10375,2,Revolving Borrower,0.3722,4.4551,True,1.0.0,0.475
C10376,2,Revolving Borrower,0.0903,3.6375,False,1.0.0,0.45
C10377,1,High-Spend Transactor,0.1844,4.2274,True,1.0.0,0.575
C10378,1,High-Spend Transactor,0.3863,3.2096,True,1.0.0,0.575
C10379,1,High-Spend Transactor,0.0008,5.1707,False,1.0.0,0.225
C10380,0,Cash-Advance Reliant,0.5351,2.8557,True,1.0.0,0.45
C10381,0,Cash-Advance Reliant,0.4681,3.2385,True,1.0.0,0.45
C10382,1,High-Spend Transactor,0.2289,4.6715,True,1.0.0,0.575
C10383,2,Revolving Borrower,0.5124,3.221,True,1.0.0,0.475
C10384,0,Cash-Advance Reliant,0.304,6.0489,True,1.0.0,0.45
C10385,1,High-Spend Transactor,0.2034,4.0803,True,1.0.0,0.575
C10386,1,High-Spend Transactor,0.1242,4.377,False,1.0.0,0.575
C10387,1,High-Spend Transactor,0.3141,4.1792,True,1.0.0,0.575
C10388,2,Revolving Borrower,0.0801,5.2523,False,1.0.0,0.475
C10389,1,High-Spend Transactor,0.5298,2.8839,True,1.0.0,0.575
C10390,1,High-Spend Transactor,0.4474,3.0943,True,1.0.0,0.575
C10391,0,Cash-Advance Reliant,0.7121,1.795,True,1.0.0,0.45
C10392,2,Revolving Borrower,0.0968,4.0364,False,1.0.0,0.45
C10393,0,Cash-Advance Reliant,0.7372,1.6019,True,1.0.0,0.45
C10395,2,Revolving Borrower,0.1385,3.4067,False,1.0.0,0.45
C10396,1,High-Spend Transactor,0.1837,4.8357,True,1.0.0,0.575
C10397,1,High-Spend Transactor,0.2425,4.4315,True,1.0.0,0.575
C10398,0,Cash-Advance Reliant,0.4351,2.8716,True,1.0.0,0.45
C10399,1,High-Spend Transactor,0.0482,4.818,False,1.0.0,0.575
C10400,0,Cash-Advance Reliant,0.4291,3.8232,True,1.0.0,0.45
C10402,1,High-Spend Transactor,0.5333,2.7823,True,1.0.0,0.575
C10403,1,High-Spend Transactor,0.561,2.3553,True,1.0.0,0.575
C10404,1,High-Spend Transactor,0.2903,3.7859,True,1.0.0,0.575
C10405,1,High-Spend Transactor,0.2802,3.4659,True,1.0.0,0.575
C10406,2,Revolving Borrower,0.2762,2.7171,True,1.0.0,0.475
C10407,2,Revolving Borrower,0.3956,4.88,True,1.0.0,0.475
C10408,1,High-Spend Transactor,0.5525,2.4556,True,1.0.0,0.575
C10409,0,Cash-Advance Reliant,0.7173,1.6962,True,1.0.0,0.45
C10410,1,High-Spend Transactor,0.2167,3.3602,True,1.0.0,0.575
C10411,2,Revolving Borrower,0.2771,4.264,True,1.0.0,0.475
C10412,0,Cash-Advance Reliant,0.6022,2.4057,True,1.0.0,0.45
C10413,2,Revolving Borrower,0.7114,1.4859,True,1.0.0,0.475
C10414,1,High-Spend Transactor,0.587,1.8987,True,1.0.0,0.575
C10415,1,High-Spend Transactor,0.1921,3.9404,True,1.0.0,0.575
C10416,2,Revolving Borrower,0.5739,2.6644,True,1.0.0,0.475
C10417,1,High-Spend Transactor,0.4331,3.0257,True,1.0.0,0.575
C10419,0,Cash-Advance Reliant,0.3558,4.9864,True,1.0.0,0.45
C10420,1,High-Spend Transactor,0.2255,3.1228,True,1.0.0,0.575
C10421,1,High-Spend Transactor,0.2627,5.8551,True,1.0.0,0.575
C10422,0,Cash-Advance Reliant,0.6918,1.9062,True,1.0.0,0.45
C10423,0,Cash-Advance Reliant,0.6645,1.9662,True,1.0.0,0.45
C10424,1,High-Spend Transactor,0.4139,3.5971,True,1.0.0,0.575
C10425,0,Cash-Advance Reliant,0.8301,0.9864,True,1.0.0,0.45
C10426,1,High-Spend Transactor,0.5092,2.6768,True,1.0.0,0.575
C10427,1,High-Spend Transactor,0.2344,6.8747,True,1.0.0,0.575
C10428,2,Revolving Borrower,0.0836,3.6284,False,1.0.0,0.425
C10429,1,High-Spend Transactor,0.5428,2.42,True,1.0.0,0.575
C10430,1,High-Spend Transactor,0.2864,3.7283,True,1.0.0,0.575
C10431,2,Revolving Borrower,0.0039,5.53,False,1.0.0,0.3
C10432,2,Revolving Borrower,0.052,4.6342,False,1.0.0,0.425
C10433,1,High-Spend Transactor,0.5337,2.7569,True,1.0.0,0.575
C10434,2,Revolving Borrower,0.5973,2.2241,True,1.0.0,0.475
C10435,2,Revolving Borrower,0.2541,2.6871,True,1.0.0,0.475
C10436,0,Cash-Advance Reliant,0.7211,1.7401,True,1.0.0,0.45
C10437,0,Cash-Advance Reliant,0.3779,4.7594,True,1.0.0,0.45
C10438,2,Revolving Borrower,0.0166,5.1912,False,1.0.0,0.225
C10439,2,Revolving Borrower,0.3689,3.7029,True,1.0.0,0.475
C10441,2,Revolving Borrower,0.7705,1.1515,True,1.0.0,0.475
C10442,0,Cash-Advance Reliant,0.7666,1.4213,True,1.0.0,0.45
C10443,0,Cash-Advance Reliant,0.6508,2.1919,True,1.0.0,0.45
C10444,0,Cash-Advance Reliant,0.1321,3.6648,False,1.0.0,0.45
C10445,0,Cash-Advance Reliant,0.5405,2.829,True,1.0.0,0.45
C10446,0,Cash-Advance Reliant,0.6831,1.7526,True,1.0.0,0.45
C10447,2,Revolving Borrower,0.3999,3.5291,True,1.0.0,0.475
C10448,1,High-Spend Transactor,0.3905,3.4743,True,1.0.0,0.575
C10449,0,Cash-Advance Reliant,0.6277,2.1923,True,1.0.0,0.45
C10450,0,Cash-Advance Reliant,0.7022,1.8486,True,1.0.0,0.45
C10451,2,Revolving Borrower,0.1166,3.9031,False,1.0.0,0.45
C10452,2,Revolving Borrower,0.3447,3.3828,True,1.0.0,0.475
C10453,2,Revolving Borrower,0.4753,2.3939,True,1.0.0,0.475
C10454,0,Cash-Advance Reliant,0.7696,1.4161,True,1.0.0,0.45
C10455,2,Revolving Borrower,0.4948,2.6848,True,1.0.0,0.475
C10456,1,High-Spend Transactor,0.4448,3.6291,True,1.0.0,0.575
C10457,0,Cash-Advance Reliant,0.5627,2.567,True,1.0.0,0.45
C10458,0,Cash-Advance Reliant,0.8414,0.9606,True,1.0.0,0.45
C10459,1,High-Spend Transactor,0.6037,1.895,True,1.0.0,0.575
C10460,1,High-Spend Transactor,0.0742,4.4257,False,1.0.0,0.525
C10461,2,Revolving Borrower,0.6136,2.123,True,1.0.0,0.475
C10462,1,High-Spend Transactor,0.4373,2.6529,True,1.0.0,0.575
C10463,1,High-Spend Transactor,0.3845,4.1591,True,1.0.0,0.575
C10466,0,Cash-Advance Reliant,0.699,1.9101,True,1.0.0,0.45
C10467,1,High-Spend Transactor,0.6415,2.2004,True,1.0.0,0.575
C10468,1,High-Spend Transactor,0.2109,3.6923,True,1.0.0,0.575
C10469,1,High-Spend Transactor,0.0244,4.7272,False,1.0.0,0.55
C10470,2,Revolving Borrower,0.4931,2.9076,True,1.0.0,0.475
C10471,2,Revolving Borrower,0.3535,3.4033,True,1.0.0,0.45
C10472,2,Revolving Borrower,0.4728,2.8342,True,1.0.0,0.475
C10473,1,High-Spend Transactor,0.5728,2.4729,True,1.0.0,0.575
C10474,1,High-Spend Transactor,0.4837,3.1715,True,1.0.0,0.575
C10475,1,High-Spend Transactor,0.5344,2.1889,True,1.0.0,0.575
C10476,2,Revolving Borrower,0.1417,3.3602,False,1.0.0,0.475
C10477,2,Revolving Borrower,0.2741,3.8752,True,1.0.0,0.475
C10478,1,High-Spend Transactor,0.4051,2.7196,True,1.0.0,0.575
C10480,1,High-Spend Transactor,0.3699,3.6488,True,1.0.0,0.575
C10481,1,High-Spend Transactor,0.4047,2.4968,True,1.0.0,0.575
C10482,2,Revolving Borrower,0.4581,2.0848,True,1.0.0,0.475
C10483,0,Cash-Advance Reliant,0.7597,1.4833,True,1.0.0,0.45
C10484,0,Cash-Advance Reliant,0.6578,2.0612,True,1.0.0,0.45
C10485,1,High-Spend Transactor,0.2025,3.2724,True,1.0.0,0.575
C10486,1,High-Spend Transactor,0.1316,4.1956,False,1.0.0,0.575
C10487,2,Revolving Borrower,0.535,3.2465,True,1.0.0,0.475
C10488,1,High-Spend Transactor,0.3493,4.0243,True,1.0.0,0.575
C10489,2,Revolving Borrower,0.0969,4.331,False,1.0.0,0.45
C10490,0,Cash-Advance Reliant,0.7051,1.7654,True,1.0.0,0.45
C10491,1,High-Spend Transactor,0.1405,3.6679,False,1.0.0,0.575
C10492,0,Cash-Advance Reliant,0.7393,1.5905,True,1.0.0,0.45
C10493,1,High-Spend Transactor,0.2783,4.0687,True,1.0.0,0.575
C10494,1,High-Spend Transactor,0.1676,4.0649,True,1.0.0,0.575
C10495,2,Revolving Borrower,0.7078,1.6726,True,1.0.0,0.475
C10497,1,High-Spend Transactor,0.2858,4.7332,True,1.0.0,0.575
C10498,0,Cash-Advance Reliant,0.7398,1.5816,True,1.0.0,0.45
C10501,1,High-Spend Transactor,0.245,3.9517,True,1.0.0,0.575
C10502,1,High-Spend Transactor,0.5119,3.2042,True,1.0.0,0.575
C10503,1,High-Spend Transactor,0.3651,3.4032,True,1.0.0,0.575
C10504,0,Cash-Advance Reliant,0.3611,4.8785,True,1.0.0,0.45
C10505,0,Cash-Advance Reliant,0.737,1.7271,True,1.0.0,0.45
C10506,1,High-Spend Transactor,0.3994,3.225,True,1.0.0,0.575
C10507,1,High-Spend Transactor,0.2371,4.8306,True,1.0.0,0.575
C10508,0,Cash-Advance Reliant,0.6477,2.1523,True,1.0.0,0.45
C10509,1,High-Spend Transactor,0.2822,4.2244,True,1.0.0,0.575
C10510,2,Revolving Borrower,0.0666,3.8856,False,1.0.0,0.425
C10511,1,High-Spend Transactor,0.432,3.4182,True,1.0.0,0.575
C10512,2,Revolving Borrower,0.5826,2.5674,True,1.0.0,0.475
C10513,0,Cash-Advance Reliant,0.4805,3.243,True,1.0.0,0.45
C10514,1,High-Spend Transactor,0.1788,4.991,True,1.0.0,0.575
C10515,2,Revolving Borrower,0.5058,1.9711,True,1.0.0,0.475
C10516,2,Revolving Borrower,0.7085,1.483,True,1.0.0,0.475
C10517,2,Revolving Borrower,0.073,4.4292,False,1.0.0,0.425
C10518,0,Cash-Advance Reliant,0.8126,1.1144,True,1.0.0,0.45
C10519,0,Cash-Advance Reliant,0.7308,1.6339,True,1.0.0,0.45
C10520,1,High-Spend Transactor,0.5274,2.966,True,1.0.0,0.575
C10521,1,High-Spend Transactor,0.1099,3.9823,False,1.0.0,0.575
C10522,2,Revolving Borrower,0.2611,2.6503,True,1.0.0,0.475
C10523,2,Revolving Borrower,0.1306,6.7411,False,1.0.0,0.475
C10524,1,High-Spend Transactor,0.4016,3.5112,True,1.0.0,0.575
C10525,1,High-Spend Transactor,0.379,2.7094,True,1.0.0,0.575
C10526,1,High-Spend Transactor,0.5069,3.0723,True,1.0.0,0.575
C10527,1,High-Spend Transactor,0.5737,2.7067,True,1.0.0,0.575
C10528,1,High-Spend Transactor,0.201,4.1065,True,1.0.0,0.575
C10529,1,High-Spend Transactor,0.0397,6.7475,False,1.0.0,0.55
C10530,0,Cash-Advance Reliant,0.6871,1.9052,True,1.0.0,0.45
C10532,2,Revolving Borrower,0.6607,1.978,True,1.0.0,0.475
C10533,1,High-Spend Transactor,0.5534,2.8313,True,1.0.0,0.575
C10534,1,High-Spend Transactor,0.0715,6.0566,False,1.0.0,0.575
C10535,2,Revolving Borrower,0.3187,3.4168,True,1.0.0,0.45
C10536,2,Revolving Borrower,0.6502,2.0839,True,1.0.0,0.475
C10537,1,High-Spend Transactor,0.2521,3.8873,True,1.0.0,0.575
C10538,1,High-Spend Transactor,0.4477,3.1174,True,1.0.0,0.575
C10539,0,Cash-Advance Reliant,0.8252,1.0646,True,1.0.0,0.45
C10540,0,Cash-Advance Reliant,0.281,6.4358,True,1.0.0,0.45
C10542,1,High-Spend Transactor,0.4572,3.4077,True,1.0.0,0.575
C10543,1,High-Spend Transactor,0.0849,5.2107,False,1.0.0,0.575
C10544,2,Revolving Borrower,0.3107,3.8276,True,1.0.0,0.45
C10545,2,Revolving Borrower,0.0133,4.6499,False,1.0.0,0.275
C10546,0,Cash-Advance Reliant,0.8362,1.0137,True,1.0.0,0.45
C10547,1,High-Spend Transactor,0.6278,1.8024,True,1.0.0,0.575
C10548,1,High-Spend Transactor,0.0455,4.4414,False,1.0.0,0.55
C10549,0,Cash-Advance Reliant,0.724,1.7338,True,1.0.0,0.45
C10550,2,Revolving Borrower,0.1775,3.7278,True,1.0.0,0.45
C10551,2,Revolving Borrower,0.2696,3.5648,True,1.0.0,0.475
C10552,1,High-Spend Transactor,0.6777,1.6923,True,1.0.0,0.575
C10553,2,Revolving Borrower,0.3789,3.4569,True,1.0.0,0.475
C10554,1,High-Spend Transactor,0.5564,2.5817,True,1.0.0,0.575
C10555,2,Revolving Borrower,0.513,2.3561,True,1.0.0,0.475
C10556,1,High-Spend Transactor,0.4687,2.5813,True,1.0.0,0.575
C10557,2,Revolving Borrower,0.78,1.0586,True,1.0.0,0.475
C10558,1,High-Spend Transactor,0.0784,4.4297,False,1.0.0,0.55
C10559,1,High-Spend Transactor,0.302,4.7622,True,1.0.0,0.575
C10560,1,High-Spend Transactor,0.1093,4.4552,False,1.0.0,0.55
C10561,2,Revolving Borrower,0.4422,3.3574,True,1.0.0,0.475
C10562,1,High-Spend Transactor,0.4073,3.9291,True,1.0.0,0.575
C10563,2,Revolving Borrower,0.5649,3.1167,True,1.0.0,0.475
C10564,2,Revolving Borrower,0.3912,3.0282,True,1.0.0,0.475
C10565,1,High-Spend Transactor,0.5122,3.0267,True,1.0.0,0.575
C10566,0,Cash-Advance Reliant,0.2984,2.7829,True,1.0.0,0.45
C10567,1,High-Spend Transactor,0.3998,3.7907,True,1.0.0,0.575
C10568,1,High-Spend Transactor,0.1652,5.2125,True,1.0.0,0.575
C10569,1,High-Spend Transactor,0.034,4.4625,False,1.0.0,0.55
C10570,1,High-Spend Transactor,0.2114,5.0427,True,1.0.0,0.575
C10571,1,High-Spend Transactor,0.3687,3.206,True,1.0.0,0.575
C10572,1,High-Spend Transactor,0.2484,4.6595,True,1.0.0,0.575
C10573,2,Revolving Borrower,0.1975,4.5865,True,1.0.0,0.475
C10574,2,Revolving Borrower,0.2219,6.8329,True,1.0.0,0.475
C10575,2,Revolving Borrower,0.5072,3.5145,True,1.0.0,0.475
C10576,2,Revolving Borrower,0.1562,4.2859,True,1.0.0,0.45
C10577,2,Revolving Borrower,0.4803,2.9028,True,1.0.0,0.475
C10578,2,Revolving Borrower,0.2407,4.6678,True,1.0.0,0.475
C10579,1,High-Spend Transactor,0.5327,2.4757,True,1.0.0,0.575
C10580,0,Cash-Advance Reliant,0.7098,1.7309,True,1.0.0,0.45
C10581,2,Revolving Borrower,0.6012,2.1453,True,1.0.0,0.475
C10582,0,Cash-Advance Reliant,0.6311,2.2029,True,1.0.0,0.45
C10583,0,Cash-Advance Reliant,0.2261,3.1224,True,1.0.0,0.45
C10584,1,High-Spend Transactor,0.1386,5.4214,False,1.0.0,0.575
C10585,0,Cash-Advance Reliant,0.7837,1.314,True,1.0.0,0.45
C10586,1,High-Spend Transactor,0.1201,5.5194,False,1.0.0,0.575
C10587,1,High-Spend Transactor,0.1275,5.4573,False,1.0.0,0.575
C10588,0,Cash-Advance Reliant,0.7829,1.3401,True,1.0.0,0.45
C10589,1,High-Spend Transactor,0.1142,4.9067,False,1.0.0,0.575
C10590,1,High-Spend Transactor,0.4639,3.3311,True,1.0.0,0.575
C10591,1,High-Spend Transactor,0.0275,5.8142,False,1.0.0,0.55
C10592,1,High-Spend Transactor,0.571,2.6333,True,1.0.0,0.575
C10593,2,Revolving Borrower,0.3612,3.2909,True,1.0.0,0.475
C10594,1,High-Spend Transactor,0.2134,3.8586,True,1.0.0,0.575
C10595,0,Cash-Advance Reliant,0.5525,2.8863,True,1.0.0,0.45
C10596,0,Cash-Advance Reliant,0.7517,1.4675,True,1.0.0,0.45
C10597,1,High-Spend Transactor,0.1622,7.4066,True,1.0.0,0.575
C10598,2,Revolving Borrower,0.0024,5.5211,False,1.0.0,0.15
C10599,1,High-Spend Transactor,0.5088,2.46,True,1.0.0,0.575
C10600,0,Cash-Advance Reliant,0.5498,2.7575,True,1.0.0,0.45
C10601,2,Revolving Borrower,0.587,2.4504,True,1.0.0,0.475
C10602,1,High-Spend Transactor,0.2295,3.81,True,1.0.0,0.575
C10603,1,High-Spend Transactor,0.3981,3.5797,True,1.0.0,0.575
C10604,0,Cash-Advance Reliant,0.6859,1.8692,True,1.0.0,0.45
C10605,1,High-Spend Transactor,0.3203,3.9321,True,1.0.0,0.575
C10606,0,Cash-Advance Reliant,0.5564,2.6409,True,1.0.0,0.45
C10607,0,Cash-Advance Reliant,0.645,2.1577,True,1.0.0,0.45
C10608,1,High-Spend Transactor,0.0419,5.4597,False,1.0.0,0.55
C10609,2,Revolving Borrower,0.4172,4.4158,True,1.0.0,0.475
C10610,1,High-Spend Transactor,0.2167,4.9907,True,1.0.0,0.575
C10611,1,High-Spend Transactor,0.0366,6.7247,False,1.0.0,0.55
C10612,1,High-Spend Transactor,0.6414,2.082,True,1.0.0,0.575
C10613,2,Revolving Borrower,0.6,2.592,True,1.0.0,0.475
C10615,1,High-Spend Transactor,0.286,3.0382,True,1.0.0,0.575
C10616,2,Revolving Borrower,0.0843,5.659,False,1.0.0,0.475
C10617,1,High-Spend Transactor,0.2191,3.8213,True,1.0.0,0.575
C10618,0,Cash-Advance Reliant,0.7438,1.4979,True,1.0.0,0.45
C10619,2,Revolving Borrower,0.2918,3.146,True,1.0.0,0.475
C10620,1,High-Spend Transactor,0.5145,3.2851,True,1.0.0,0.575
C10621,2,Revolving Borrower,0.0685,4.8092,False,1.0.0,0.45
C10622,1,High-Spend Transactor,0.0259,4.2044,False,1.0.0,0.55
C10623,2,Revolving Borrower,0.1979,3.3281,True,1.0.0,0.475
C10624,1,High-Spend Transactor,0.1538,4.0667,True,1.0.0,0.575
C10625,2,Revolving Borrower,0.3684,3.1212,True,1.0.0,0.45
C10626,0,Cash-Advance Reliant,0.7344,1.6376,True,1.0.0,0.45
C10627,0,Cash-Advance Reliant,0.5524,2.7643,True,1.0.0,0.45
C10628,1,High-Spend Transactor,0.6643,1.4967,True,1.0.0,0.575
C10629,1,High-Spend Transactor,0.2045,3.798,True,1.0.0,0.575
C10630,1,High-Spend Transactor,0.3592,4.0699,True,1.0.0,0.575
C10631,2,Revolving Borrower,0.1963,4.0913,True,1.0.0,0.45
C10632,1,High-Spend Transactor,0.5072,3.1075,True,1.0.0,0.575
C10633,2,Revolving Borrower,0.3254,3.4576,True,1.0.0,0.475
C10634,1,High-Spend Transactor,0.3714,2.7287,True,1.0.0,0.575
C10635,2,Revolving Borrower,0.4806,4.1043,True,1.0.0,0.475
C10636,0,Cash-Advance Reliant,0.1561,3.8046,True,1.0.0,0.45
C10637,1,High-Spend Transactor,0.5235,2.6585,True,1.0.0,0.575
C10638,2,Revolving Borrower,0.603,2.5562,True,1.0.0,0.475
C10639,0,Cash-Advance Reliant,0.5692,2.12,True,1.0.0,0.45
C10640,0,Cash-Advance Reliant,0.5081,3.059,True,1.0.0,0.45
C10641,1,High-Spend Transactor,0.1827,5.1654,True,1.0.0,0.575
C10642,2,Revolving Borrower,0.4079,2.9943,True,1.0.0,0.475
C10643,1,High-Spend Transactor,0.4932,3.4086,True,1.0.0,0.575
C10644,1,High-Spend Transactor,0.0378,4.8656,False,1.0.0,0.55
C10645,1,High-Spend Transactor,0.1442,5.2125,False,1.0.0,0.575
C10646,0,Cash-Advance Reliant,0.3519,4.3737,True,1.0.0,0.45
C10647,2,Revolving Borrower,0.4173,4.18,True,1.0.0,0.475
C10648,1,High-Spend Transactor,0.7044,1.7231,True,1.0.0,0.575
C10649,1,High-Spend Transactor,0.0257,5.3081,False,1.0.0,0.55
C10650,1,High-Spend Transactor,0.1214,4.2479,False,1.0.0,0.575
C10651,1,High-Spend Transactor,0.391,3.2518,True,1.0.0,0.6
C10652,2,Revolving Borrower,0.549,1.6059,True,1.0.0,0.475
C10653,2,Revolving Borrower,0.5008,3.1305,True,1.0.0,0.475
C10654,1,High-Spend Transactor,0.2123,4.8269,True,1.0.0,0.575
C10655,1,High-Spend Transactor,0.5073,2.6936,True,1.0.0,0.575
C10656,0,Cash-Advance Reliant,0.7965,1.1881,True,1.0.0,0.45
C10657,1,High-Spend Transactor,0.3773,4.1359,True,1.0.0,0.575
C10658,2,Revolving Borrower,0.6042,2.3532,True,1.0.0,0.475
C10659,2,Revolving Borrower,0.4866,3.7456,True,1.0.0,0.475
C10660,1,High-Spend Transactor,0.6115,2.2018,True,1.0.0,0.575
C10661,0,Cash-Advance Reliant,0.7945,1.2509,True,1.0.0,0.45
C10662,0,Cash-Advance Reliant,0.6356,2.1985,True,1.0.0,0.45
C10663,0,Cash-Advance Reliant,0.5746,2.6428,True,1.0.0,0.45
C10665,1,High-Spend Transactor,0.4399,3.0296,True,1.0.0,0.575
C10666,1,High-Spend Transactor,0.3981,3.2288,True,1.0.0,0.575
C10667,0,Cash-Advance Reliant,0.6688,1.9945,True,1.0.0,0.45
C10668,1,High-Spend Transactor,0.3023,4.0736,True,1.0.0,0.575
C10669,2,Revolving Borrower,0.1387,5.4601,False,1.0.0,0.475
C10670,2,Revolving Borrower,0.3111,4.4918,True,1.0.0,0.475
C10671,1,High-Spend Transactor,0.1002,6.1795,False,1.0.0,0.575
C10672,2,Revolving Borrower,0.2189,3.4709,True,1.0.0,0.45
C10673,1,High-Spend Transactor,0.0296,4.375,False,1.0.0,0.55
C10674,2,Revolving Borrower,0.2644,4.1444,True,1.0.0,0.475
C10675,0,Cash-Advance Reliant,0.5454,3.02,True,1.0.0,0.45
C10676,2,Revolving Borrower,0.2963,4.2018,True,1.0.0,0.475
C10677,2,Revolving Borrower,0.6087,2.1823,True,1.0.0,0.475
C10678,2,Revolving Borrower,0.1043,5.2151,False,1.0.0,0.475
C10679,1,High-Spend Transactor,0.4831,3.3257,True,1.0.0,0.575
C10680,0,Cash-Advance Reliant,0.2248,6.8552,True,1.0.0,0.45
C10681,2,Revolving Borrower,0.3244,4.0672,True,1.0.0,0.475
C10682,1,High-Spend Transactor,0.3483,3.8411,True,1.0.0,0.575
C10683,1,High-Spend Transactor,0.4067,3.9703,True,1.0.0,0.575
C10684,2,Revolving Borrower,0.436,4.159,True,1.0.0,0.475
C10685,1,High-Spend Transactor,0.5145,3.4259,True,1.0.0,0.575
C10686,1,High-Spend Transactor,0.2891,2.9506,True,1.0.0,0.575
C10688,1,High-Spend Transactor,0.2678,4.3569,True,1.0.0,0.575
C10689,2,Revolving Borrower,0.2276,3.7809,True,1.0.0,0.475
C10690,0,Cash-Advance Reliant,0.4856,2.1969,True,1.0.0,0.45
C10691,1,High-Spend Transactor,0.1706,3.4976,True,1.0.0,0.575
C10692,1,High-Spend Transactor,0.5351,2.8409,True,1.0.0,0.575
C10693,1,High-Spend Transactor,0.0916,5.291,False,1.0.0,0.575
C10694,1,High-Spend Transactor,0.1482,7.3975,False,1.0.0,0.575
C10695,1,High-Spend Transactor,0.3076,4.019,True,1.0.0,0.575
C10696,2,Revolving Borrower,0.4055,4.5386,True,1.0.0,0.475
C10697,2,Revolving Borrower,0.1816,3.0985,True,1.0.0,0.45
C10698,0,Cash-Advance Reliant,0.7276,1.6522,True,1.0.0,0.45
C10699,1,High-Spend Transactor,0.4139,2.8227,True,1.0.0,0.575
C10700,2,Revolving Borrower,0.116,3.8577,False,1.0.0,0.475
C10701,0,Cash-Advance Reliant,0.6596,2.0484,True,1.0.0,0.45
C10702,1,High-Spend Transactor,0.5163,2.3703,True,1.0.0,0.575
C10703,0,Cash-Advance Reliant,0.6013,2.3979,True,1.0.0,0.45
C10704,2,Revolving Borrower,0.0893,4.5858,False,1.0.0,0.475
C10705,1,High-Spend Transactor,0.1809,4.8413,True,1.0.0,0.575
C10706,0,Cash-Advance Reliant,0.1385,4.0417,False,1.0.0,0.45
C10707,1,High-Spend Transactor,0.2942,4.7062,True,1.0.0,0.575
C10708,2,Revolving Borrower,0.1517,3.9127,True,1.0.0,0.45
C10709,2,Revolving Borrower,0.6812,1.6577,True,1.0.0,0.475
C10710,1,High-Spend Transactor,0.4173,2.9426,True,1.0.0,0.575
C10711,2,Revolving Borrower,0.4917,3.0076,True,1.0.0,0.475
C10712,0,Cash-Advance Reliant,0.6999,1.8204,True,1.0.0,0.45
C10713,1,High-Spend Transactor,0.4768,3.0433,True,1.0.0,0.575
C10714,1,High-Spend Transactor,0.3572,3.2253,True,1.0.0,0.575
C10715,1,High-Spend Transactor,0.2448,2.9374,True,1.0.0,0.575
C10716,2,Revolving Borrower,0.0034,4.8426,False,1.0.0,0.2
C10717,1,High-Spend Transactor,0.2674,4.3546,True,1.0.0,0.575
C10718,1,High-Spend Transactor,0.3491,3.5835,True,1.0.0,0.575
C10719,2,Revolving Borrower,0.2311,4.7103,True,1.0.0,0.475
C10720,1,High-Spend Transactor,0.3939,3.166,True,1.0.0,0.575
C10721,2,Revolving Borrower,0.5265,1.8327,True,1.0.0,0.475
C10722,1,High-Spend Transactor,0.5039,2.0111,True,1.0.0,0.575
C10723,2,Revolving Borrower,0.1084,3.9006,False,1.0.0,0.45
C10724,1,High-Spend Transactor,0.0349,5.5323,False,1.0.0,0.525
C10725,1,High-Spend Transactor,0.3277,3.8991,True,1.0.0,0.575
C10726,1,High-Spend Transactor,0.4755,2.3206,True,1.0.0,0.575
C10727,0,Cash-Advance Reliant,0.7437,1.528,True,1.0.0,0.45
C10728,0,Cash-Advance Reliant,0.6939,1.9652,True,1.0.0,0.45
C10729,0,Cash-Advance Reliant,0.7341,1.6088,True,1.0.0,0.45
C10730,1,High-Spend Transactor,0.1449,4.2869,False,1.0.0,0.575
C10731,1,High-Spend Transactor,0.3035,3.2033,True,1.0.0,0.575
C10732,1,High-Spend Transactor,0.3947,3.0652,True,1.0.0,0.575
C10733,0,Cash-Advance Reliant,0.3037,3.2798,True,1.0.0,0.45
C10734,0,Cash-Advance Reliant,0.7353,1.5661,True,1.0.0,0.45
C10735,2,Revolving Borrower,0.3596,5.0882,True,1.0.0,0.475
C10736,2,Revolving Borrower,0.3279,4.5776,True,1.0.0,0.475
C10737,0,Cash-Advance Reliant,0.5773,2.568,True,1.0.0,0.45
C10738,2,Revolving Borrower,0.0998,3.7327,False,1.0.0,0.475
C10739,1,High-Spend Transactor,0.2575,4.4107,True,1.0.0,0.575
C10740,1,High-Spend Transactor,0.5493,2.5973,True,1.0.0,0.575
C10741,1,High-Spend Transactor,0.2307,4.6387,True,1.0.0,0.575
C10742,2,Revolving Borrower,0.5669,2.5318,True,1.0.0,0.475
C10743,0,Cash-Advance Reliant,0.5221,2.948,True,1.0.0,0.45
C10744,1,High-Spend Transactor,0.2068,4.1221,True,1.0.0,0.575
C10745,2,Revolving Borrower,0.5278,2.0478,True,1.0.0,0.475
C10746,1,High-Spend Transactor,0.2699,4.2424,True,1.0.0,0.575
C10747,2,Revolving Borrower,0.7779,1.0771,True,1.0.0,0.475
C10748,0,Cash-Advance Reliant,0.6585,2.0251,True,1.0.0,0.45
C10749,0,Cash-Advance Reliant,0.4258,2.7899,True,1.0.0,0.45
C10750,2,Revolving Borrower,0.2641,3.8017,True,1.0.0,0.45
C10751,0,Cash-Advance Reliant,0.5236,3.2535,True,1.0.0,0.45
C10752,1,High-Spend Transactor,0.2061,4.1342,True,1.0.0,0.575
C10753,2,Revolving Borrower,0.4915,3.4376,True,1.0.0,0.475
C10754,0,Cash-Advance Reliant,0.7609,1.4212,True,1.0.0,0.45
C10755,1,High-Spend Transactor,0.1046,4.1412,False,1.0.0,0.55
C10756,1,High-Spend Transactor,0.5134,2.6046,True,1.0.0,0.575
C10757,1,High-Spend Transactor,0.4647,2.5944,True,1.0.0,0.575
C10758,0,Cash-Advance Reliant,0.7073,1.7027,True,1.0.0,0.45
C10759,0,Cash-Advance Reliant,0.7353,1.5943,True,1.0.0,0.45
C10760,1,High-Spend Transactor,0.2462,4.5004,True,1.0.0,0.575
C10761,2,Revolving Borrower,0.6681,1.8682,True,1.0.0,0.475
C10762,0,Cash-Advance Reliant,0.5296,2.9252,True,1.0.0,0.45
C10763,1,High-Spend Transactor,0.2833,5.0732,True,1.0.0,0.575
C10764,1,High-Spend Transactor,0.4415,3.327,True,1.0.0,0.575
C10765,1,High-Spend Transactor,0.2543,3.5281,True,1.0.0,0.575
C10766,0,Cash-Advance Reliant,0.5363,2.7913,True,1.0.0,0.45
C10767,0,Cash-Advance Reliant,0.4108,4.5641,True,1.0.0,0.45
C10768,1,High-Spend Transactor,0.4796,3.147,True,1.0.0,0.575
C10769,0,Cash-Advance Reliant,0.8575,0.8698,True,1.0.0,0.45
C10770,2,Revolving Borrower,0.5203,2.7347,True,1.0.0,0.475
C10771,0,Cash-Advance Reliant,0.6971,1.9326,True,1.0.0,0.45
C10772,1,High-Spend Transactor,0.2035,4.0359,True,1.0.0,0.575
C10773,1,High-Spend Transactor,0.3142,3.4674,True,1.0.0,0.575
C10774,1,High-Spend Transactor,0.2848,3.592,True,1.0.0,0.575
C10775,2,Revolving Borrower,0.5123,2.6169,True,1.0.0,0.475
C10776,1,High-Spend Transactor,0.2233,3.4365,True,1.0.0,0.575
C10777,2,Revolving Borrower,0.4201,3.7155,True,1.0.0,0.475
C10779,1,High-Spend Transactor,0.1595,3.6954,True,1.0.0,0.575
C10780,2,Revolving Borrower,0.2453,3.3697,True,1.0.0,0.45
C10781,0,Cash-Advance Reliant,0.6137,2.5044,True,1.0.0,0.45
C10782,2,Revolving Borrower,0.0146,3.6207,False,1.0.0,0.55
C10783,0,Cash-Advance Reliant,0.4877,3.1796,True,1.0.0,0.45
C10784,2,Revolving Borrower,0.5017,2.9947,True,1.0.0,0.475
C10785,0,Cash-Advance Reliant,0.5901,2.5017,True,1.0.0,0.45
C10786,2,Revolving Borrower,0.369,2.4912,True,1.0.0,0.475
C10787,1,High-Spend Transactor,0.2275,3.4677,True,1.0.0,0.575
C10788,0,Cash-Advance Reliant,0.6468,2.1126,True,1.0.0,0.45
C10789,1,High-Spend Transactor,0.5039,3.3076,True,1.0.0,0.575
C10790,2,Revolving Borrower,0.6192,1.9897,True,1.0.0,0.475
C10791,0,Cash-Advance Reliant,0.6194,2.3043,True,1.0.0,0.45
C10792,1,High-Spend Transactor,0.4302,3.4266,True,1.0.0,0.575
C10793,0,Cash-Advance Reliant,0.6636,2.0974,True,1.0.0,0.45
C10794,1,High-Spend Transactor,0.4118,3.6842,True,1.0.0,0.575
C10795,0,Cash-Advance Reliant,0.6875,1.9914,True,1.0.0,0.45
C10796,2,Revolving Borrower,0.0208,4.4001,False,1.0.0,0.475
C10797,2,Revolving Borrower,0.5773,2.4944,True,1.0.0,0.475
C10798,1,High-Spend Transactor,0.2684,3.9487,True,1.0.0,0.575
C10799,1,High-Spend Transactor,0.2644,4.3089,True,1.0.0,0.575
C10800,2,Revolving Borrower,0.3034,3.2682,True,1.0.0,0.475
C10801,1,High-Spend Transactor,0.1985,5.433,True,1.0.0,0.575
C10803,1,High-Spend Transactor,0.3965,2.7127,True,1.0.0,0.575
C10804,1,High-Spend Transactor,0.4618,2.3151,True,1.0.0,0.575
C10805,2,Revolving Borrower,0.3098,4.8312,True,1.0.0,0.475
C10806,2,Revolving Borrower,0.3111,3.3048,True,1.0.0,0.475
C10807,0,Cash-Advance Reliant,0.6748,1.9826,True,1.0.0,0.45
C10808,2,Revolving Borrower,0.5254,2.9245,True,1.0.0,0.475
C10809,0,Cash-Advance Reliant,0.4246,3.6197,True,1.0.0,0.45
C10810,0,Cash-Advance Reliant,0.5917,2.8173,True,1.0.0,0.45
C10811,2,Revolving Borrower,0.2468,5.7489,True,1.0.0,0.475
C10812,2,Revolving Borrower,0.2545,3.232,True,1.0.0,0.475
C10813,1,High-Spend Transactor,0.5616,2.8077,True,1.0.0,0.575
C10814,1,High-Spend Transactor,0.4947,3.2113,True,1.0.0,0.575
C10815,0,Cash-Advance Reliant,0.6031,2.4487,True,1.0.0,0.45
C10816,0,Cash-Advance Reliant,0.2564,3.8266,True,1.0.0,0.45
C10817,0,Cash-Advance Reliant,0.3912,4.6609,True,1.0.0,0.45
C10818,0,Cash-Advance Reliant,0.4312,3.7284,True,1.0.0,0.45
C10819,1,High-Spend Transactor,0.3983,2.4374,True,1.0.0,0.575
C10820,1,High-Spend Transactor,0.5329,3.0011,True,1.0.0,0.575
C10821,0,Cash-Advance Reliant,0.2096,3.1884,True,1.0.0,0.45
C10822,2,Revolving Borrower,0.0219,3.4687,False,1.0.0,0.475
C10823,1,High-Spend Transactor,0.2648,4.4216,True,1.0.0,0.575
C10824,1,High-Spend Transactor,0.4462,2.8715,True,1.0.0,0.575
C10825,0,Cash-Advance Reliant,0.3171,5.9954,True,1.0.0,0.45
C10826,1,High-Spend Transactor,0.4784,3.075,True,1.0.0,0.575
C10827,1,High-Spend Transactor,0.2347,3.5154,True,1.0.0,0.575
C10828,1,High-Spend Transactor,0.5411,3.0426,True,1.0.0,0.575
C10829,0,Cash-Advance Reliant,0.4965,3.2632,True,1.0.0,0.45
C10830,2,Revolving Borrower,0.131,5.0988,False,1.0.0,0.475
C10831,0,Cash-Advance Reliant,0.4626,3.6296,True,1.0.0,0.45
C10832,0,Cash-Advance Reliant,0.6827,1.8642,True,1.0.0,0.45
C10833,1,High-Spend Transactor,0.6881,1.5372,True,1.0.0,0.575
C10834,0,Cash-Advance Reliant,0.3503,5.3252,True,1.0.0,0.45
C10835,1,High-Spend Transactor,0.2427,3.5553,True,1.0.0,0.575
C10836,1,High-Spend Transactor,0.4287,3.1243,True,1.0.0,0.575
C10837,1,High-Spend Transactor,0.6588,1.7917,True,1.0.0,0.575
C10838,2,Revolving Borrower,0.622,2.1701,True,1.0.0,0.475
C10839,2,Revolving Borrower,0.4602,2.8444,True,1.0.0,0.475
C10840,1,High-Spend Transactor,0.1922,4.1216,True,1.0.0,0.575
C10841,2,Revolving Borrower,0.0094,3.7444,False,1.0.0,0.525
C10843,0,Cash-Advance Reliant,0.3296,2.6678,True,1.0.0,0.45
C10844,1,High-Spend Transactor,0.4138,3.9333,True,1.0.0,0.575
C10845,2,Revolving Borrower,0.3872,3.0871,True,1.0.0,0.475
C10846,1,High-Spend Transactor,0.1508,4.133,True,1.0.0,0.575
C10847,0,Cash-Advance Reliant,0.8802,0.7129,True,1.0.0,0.45
C10848,1,High-Spend Transactor,0.2277,5.8626,True,1.0.0,0.575
C10849,0,Cash-Advance Reliant,0.5322,3.0567,True,1.0.0,0.45
C10850,0,Cash-Advance Reliant,0.7373,1.7202,True,1.0.0,0.45
C10852,1,High-Spend Transactor,0.6006,1.8347,True,1.0.0,0.575
C10853,1,High-Spend Transactor,0.4155,2.9712,True,1.0.0,0.575
C10854,1,High-Spend Transactor,0.268,3.6834,True,1.0.0,0.575
C10855,1,High-Spend Transactor,0.2668,4.5826,True,1.0.0,0.575
C10856,0,Cash-Advance Reliant,0.2255,3.24,True,1.0.0,0.45
C10857,2,Revolving Borrower,0.6559,1.9386,True,1.0.0,0.475
C10858,1,High-Spend Transactor,0.5561,1.88,True,1.0.0,0.575
C10859,1,High-Spend Transactor,0.6106,1.9095,True,1.0.0,0.6
C10860,2,Revolving Borrower,0.0624,3.8941,False,1.0.0,0.425
C10861,0,Cash-Advance Reliant,0.6694,1.9723,True,1.0.0,0.45
C10862,0,Cash-Advance Reliant,0.6887,1.9625,True,1.0.0,0.45
C10863,0,Cash-Advance Reliant,0.8442,0.9389,True,1.0.0,0.45
C10864,1,High-Spend Transactor,0.2398,5.5288,True,1.0.0,0.575
C10865,2,Revolving Borrower,0.6542,1.5722,True,1.0.0,0.475
C10866,2,Revolving Borrower,0.7471,1.1676,True,1.0.0,0.475
C10867,1,High-Spend Transactor,0.429,2.8111,True,1.0.0,0.6
C10868,1,High-Spend Transactor,0.5178,2.8367,True,1.0.0,0.575
C10869,1,High-Spend Transactor,0.6,2.1284,True,1.0.0,0.575
C10870,0,Cash-Advance Reliant,0.858,0.8586,True,1.0.0,0.45
C10871,1,High-Spend Transactor,0.2208,5.6544,True,1.0.0,0.575
C10872,0,Cash-Advance Reliant,0.6841,1.9531,True,1.0.0,0.45
C10873,2,Revolving Borrower,0.4488,4.4088,True,1.0.0,0.475
C10874,2,Revolving Borrower,0.6672,1.8208,True,1.0.0,0.475
C10875,2,Revolving Borrower,0.5083,3.0728,True,1.0.0,0.475
C10876,0,Cash-Advance Reliant,0.7187,1.6622,True,1.0.0,0.45
C10877,1,High-Spend Transactor,0.1924,6.0482,True,1.0.0,0.575
C10878,1,High-Spend Transactor,0.5484,2.7464,True,1.0.0,0.575
C10879,0,Cash-Advance Reliant,0.6496,2.0905,True,1.0.0,0.45
C10880,1,High-Spend Transactor,0.3748,3.7839,True,1.0.0,0.575
C10881,1,High-Spend Transactor,0.1633,4.3693,True,1.0.0,0.575
C10882,2,Revolving Borrower,0.5766,2.7987,True,1.0.0,0.475
C10883,0,Cash-Advance Reliant,0.1548,5.4001,True,1.0.0,0.45
C10884,0,Cash-Advance Reliant,0.4829,3.1843,True,1.0.0,0.45
C10885,2,Revolving Borrower,0.3192,5.8551,True,1.0.0,0.475
C10886,0,Cash-Advance Reliant,0.1537,3.1737,True,1.0.0,0.45
C10887,2,Revolving Borrower,0.5639,2.9144,True,1.0.0,0.475
C10888,2,Revolving Borrower,0.3977,2.7325,True,1.0.0,0.475
C10889,0,Cash-Advance Reliant,0.3861,3.1788,True,1.0.0,0.45
C10890,1,High-Spend Transactor,0.2107,5.7469,True,1.0.0,0.575
C10891,1,High-Spend Transactor,0.2581,6.6216,True,1.0.0,0.575
C10892,1,High-Spend Transactor,0.307,4.2679,True,1.0.0,0.575
C10893,1,High-Spend Transactor,0.2947,2.9302,True,1.0.0,0.575
C10894,2,Revolving Borrower,0.6448,1.7786,True,1.0.0,0.475
C10895,2,Revolving Borrower,0.4463,2.6561,True,1.0.0,0.475
C10896,0,Cash-Advance Reliant,0.7405,1.5498,True,1.0.0,0.45
C10897,2,Revolving Borrower,0.4365,3.2934,True,1.0.0,0.475
C10898,2,Revolving Borrower,0.0642,6.378,False,1.0.0,0.45
C10899,2,Revolving Borrower,0.1566,5.4178,True,1.0.0,0.475
C10900,0,Cash-Advance Reliant,0.6657,2.1436,True,1.0.0,0.45
C10901,2,Revolving Borrower,0.3356,3.6899,True,1.0.0,0.475
C10902,1,High-Spend Transactor,0.0913,4.2075,False,1.0.0,0.55
C10903,0,Cash-Advance Reliant,0.7529,1.5296,True,1.0.0,0.45
C10904,0,Cash-Advance Reliant,0.7455,1.5694,True,1.0.0,0.45
C10905,1,High-Spend Transactor,0.2617,3.3535,True,1.0.0,0.575
C10906,0,Cash-Advance Reliant,0.0149,6.1178,False,1.0.0,0.375
C10907,1,High-Spend Transactor,0.5562,2.6976,True,1.0.0,0.575
C10908,0,Cash-Advance Reliant,0.0524,7.0511,False,1.0.0,0.45
C10909,0,Cash-Advance Reliant,0.0575,6.0745,False,1.0.0,0.45
C10910,0,Cash-Advance Reliant,0.5691,3.018,True,1.0.0,0.45
C10911,0,Cash-Advance Reliant,0.1907,3.4003,True,1.0.0,0.45
C10912,1,High-Spend Transactor,0.5262,2.937,True,1.0.0,0.575
C10913,2,Revolving Borrower,0.394,2.9745,True,1.0.0,0.475
C10914,0,Cash-Advance Reliant,0.3029,4.7427,True,1.0.0,0.45
C10915,1,High-Spend Transactor,0.3745,3.2262,True,1.0.0,0.575
C10916,2,Revolving Borrower,0.8057,0.8784,True,1.0.0,0.475
C10917,2,Revolving Borrower,0.1203,5.2596,False,1.0.0,0.475
C10918,1,High-Spend Transactor,0.3918,3.3818,True,1.0.0,0.575
C10919,2,Revolving Borrower,0.5368,2.123,True,1.0.0,0.475
C10920,1,High-Spend Transactor,0.3064,3.9677,True,1.0.0,0.575
C10921,1,High-Spend Transactor,0.2269,3.1099,True,1.0.0,0.575
C10922,1,High-Spend Transactor,0.0931,6.5591,False,1.0.0,0.575
C10923,0,Cash-Advance Reliant,0.2838,6.3438,True,1.0.0,0.45
C10924,2,Revolving Borrower,0.4751,2.549,True,1.0.0,0.475
C10925,1,High-Spend Transactor,0.4547,2.7327,True,1.0.0,0.575
C10926,1,High-Spend Transactor,0.3814,3.4549,True,1.0.0,0.575
C10927,1,High-Spend Transactor,0.2783,3.7545,True,1.0.0,0.575
C10928,1,High-Spend Transactor,0.4898,3.07,True,1.0.0,0.575
C10929,2,Revolving Borrower,0.316,3.0718,True,1.0.0,0.45
C10930,1,High-Spend Transactor,0.5129,2.9209,True,1.0.0,0.575
C10931,0,Cash-Advance Reliant,0.6592,2.1267,True,1.0.0,0.45
C10932,2,Revolving Borrower,0.0767,3.7329,False,1.0.0,0.45
C10933,2,Revolving Borrower,0.6623,2.1531,True,1.0.0,0.475
C10934,0,Cash-Advance Reliant,0.465,3.2783,True,1.0.0,0.45
C10935,0,Cash-Advance Reliant,0.6046,2.5503,True,1.0.0,0.45
C10936,1,High-Spend Transactor,0.2296,5.8112,True,1.0.0,0.575
C10937,2,Revolving Borrower,0.3369,2.9646,True,1.0.0,0.475
C10939,1,High-Spend Transactor,0.2714,3.8885,True,1.0.0,0.575
C10940,1,High-Spend Transactor,0.2935,3.5951,True,1.0.0,0.575
C10941,2,Revolving Borrower,0.3696,3.0175,True,1.0.0,0.45
C10942,0,Cash-Advance Reliant,0.7048,1.7407,True,1.0.0,0.45
C10943,1,High-Spend Transactor,0.5633,2.8716,True,1.0.0,0.575
C10944,1,High-Spend Transactor,0.4924,3.2094,True,1.0.0,0.575
C10945,1,High-Spend Transactor,0.4252,2.4923,True,1.0.0,0.575
C10946,1,High-Spend Transactor,0.5003,3.477,True,1.0.0,0.575
C10947,1,High-Spend Transactor,0.1438,4.4664,False,1.0.0,0.575
C10949,2,Revolving Borrower,0.0429,5.1513,False,1.0.0,0.4
C10950,1,High-Spend Transactor,0.355,3.4564,True,1.0.0,0.575
C10951,1,High-Spend Transactor,0.3491,4.714,True,1.0.0,0.575
C10952,2,Revolving Borrower,0.1653,4.549,True,1.0.0,0.475
C10953,1,High-Spend Transactor,0.1482,6.7366,False,1.0.0,0.575
C10954,1,High-Spend Transactor,0.1237,4.1773,False,1.0.0,0.575
C10955,0,Cash-Advance Reliant,0.4417,3.4938,True,1.0.0,0.45
C10956,1,High-Spend Transactor,0.2495,5.5181,True,1.0.0,0.575
C10957,0,Cash-Advance Reliant,0.375,4.7997,True,1.0.0,0.45
C10958,1,High-Spend Transactor,0.53,2.8029,True,1.0.0,0.575
C10959,1,High-Spend Transactor,0.3904,3.4484,True,1.0.0,0.575
C10960,1,High-Spend Transactor,0.3464,2.9957,True,1.0.0,0.575
C10961,0,Cash-Advance Reliant,0.6028,2.4126,True,1.0.0,0.45
C10962,1,High-Spend Transactor,0.0669,4.7749,False,1.0.0,0.575
C10963,0,Cash-Advance Reliant,0.5596,2.8456,True,1.0.0,0.45
C10965,2,Revolving Borrower,0.1704,5.2326,True,1.0.0,0.475
C10966,2,Revolving Borrower,0.6788,1.74,True,1.0.0,0.475
C10967,0,Cash-Advance Reliant,0.3267,5.4911,True,1.0.0,0.45
C10968,1,High-Spend Transactor,0.1515,3.7907,True,1.0.0,0.575
C10969,1,High-Spend Transactor,0.3446,3.4177,True,1.0.0,0.575
C10970,1,High-Spend Transactor,0.4058,2.4874,True,1.0.0,0.575
C10971,0,Cash-Advance Reliant,0.7357,1.5285,True,1.0.0,0.45
C10972,1,High-Spend Transactor,0.1988,4.6719,True,1.0.0,0.575
C10973,2,Revolving Borrower,0.3216,3.9423,True,1.0.0,0.475
C10974,1,High-Spend Transactor,0.5092,2.883,True,1.0.0,0.575
C10975,1,High-Spend Transactor,0.0557,6.5009,False,1.0.0,0.55
C10976,0,Cash-Advance Reliant,0.6764,1.9477,True,1.0.0,0.45
C10977,2,Revolving Borrower,0.4218,3.3699,True,1.0.0,0.475
C10978,1,High-Spend Transactor,0.5737,1.8612,True,1.0.0,0.575
C10979,0,Cash-Advance Reliant,0.0968,3.5235,False,1.0.0,0.45
C10980,1,High-Spend Transactor,0.3365,4.6846,True,1.0.0,0.575
C10981,1,High-Spend Transactor,0.517,3.1031,True,1.0.0,0.575
C10982,1,High-Spend Transactor,0.0318,7.5276,False,1.0.0,0.575
C10983,1,High-Spend Transactor,0.2424,3.8734,True,1.0.0,0.575
C10984,1,High-Spend Transactor,0.2234,5.7317,True,1.0.0,0.575
C10985,1,High-Spend Transactor,0.1101,4.2577,False,1.0.0,0.575
C10986,1,High-Spend Transactor,0.2405,3.8121,True,1.0.0,0.575
C10987,1,High-Spend Transactor,0.2747,3.9029,True,1.0.0,0.575
C10988,2,Revolving Borrower,0.702,1.6838,True,1.0.0,0.475
C10989,1,High-Spend Transactor,0.4314,3.9922,True,1.0.0,0.575
C10990,0,Cash-Advance Reliant,0.5457,3.1931,True,1.0.0,0.45
C10991,1,High-Spend Transactor,0.193,6.1896,True,1.0.0,0.575
C10992,1,High-Spend Transactor,0.4336,3.3739,True,1.0.0,0.575
C10993,0,Cash-Advance Reliant,0.752,1.5216,True,1.0.0,0.45
C10994,2,Revolving Borrower,0.346,3.5448,True,1.0.0,0.475
C10995,2,Revolving Borrower,0.4497,2.8735,True,1.0.0,0.475
C10996,0,Cash-Advance Reliant,0.6205,2.215,True,1.0.0,0.45
C10997,1,High-Spend Transactor,0.2889,3.5735,True,1.0.0,0.575
C10998,1,High-Spend Transactor,0.4825,3.2307,True,1.0.0,0.575
C10999,1,High-Spend Transactor,0.1952,3.7923,True,1.0.0,0.575
C11000,2,Revolving Borrower,0.6529,1.8124,True,1.0.0,0.475
C11001,1,High-Spend Transactor,0.3988,3.403,True,1.0.0,0.6
C11002,2,Revolving Borrower,0.5118,2.1111,True,1.0.0,0.475
C11003,2,Revolving Borrower,0.0421,6.3009,False,1.0.0,0.45
C11004,1,High-Spend Transactor,0.0335,6.6638,False,1.0.0,0.55
C11005,1,High-Spend Transactor,0.1286,6.103,False,1.0.0,0.575
C11006,0,Cash-Advance Reliant,0.3656,2.6979,True,1.0.0,0.45
C11007,2,Revolving Borrower,0.7201,1.5996,True,1.0.0,0.475
C11008,1,High-Spend Transactor,0.0543,5.3901,False,1.0.0,0.55
C11009,1,High-Spend Transactor,0.3765,3.6925,True,1.0.0,0.6
C11010,1,High-Spend Transactor,0.1944,5.5403,True,1.0.0,0.575
C11011,2,Revolving Borrower,0.4282,2.8583,True,1.0.0,0.475
C11012,0,Cash-Advance Reliant,0.0587,7.1799,False,1.0.0,0.45
C11013,1,High-Spend Transactor,0.2061,3.5386,True,1.0.0,0.575
C11014,1,High-Spend Transactor,0.5583,2.6296,True,1.0.0,0.575
C11015,1,High-Spend Transactor,0.306,3.2954,True,1.0.0,0.575
C11016,1,High-Spend Transactor,0.2959,4.166,True,1.0.0,0.575
C11017,0,Cash-Advance Reliant,0.4223,2.3491,True,1.0.0,0.45
C11018,2,Revolving Borrower,0.2429,3.6939,True,1.0.0,0.45
C11019,2,Revolving Borrower,0.1895,5.5211,True,1.0.0,0.475
C11020,1,High-Spend Transactor,0.3532,3.5635,True,1.0.0,0.575
C11021,0,Cash-Advance Reliant,0.1821,4.2307,True,1.0.0,0.45
C11022,1,High-Spend Transactor,0.4721,2.9601,True,1.0.0,0.6
C11023,0,Cash-Advance Reliant,0.6016,2.3851,True,1.0.0,0.45
C11024,1,High-Spend Transactor,0.2647,3.2698,True,1.0.0,0.575
C11025,2,Revolving Borrower,0.2191,3.1111,True,1.0.0,0.475
C11026,0,Cash-Advance Reliant,0.6121,2.4947,True,1.0.0,0.45
C11027,1,High-Spend Transactor,0.2933,3.042,True,1.0.0,0.575
C11028,2,Revolving Borrower,0.4794,3.2479,True,1.0.0,0.475
C11029,1,High-Spend Transactor,0.3085,3.634,True,1.0.0,0.575
C11030,1,High-Spend Transactor,0.4799,3.4264,True,1.0.0,0.575
C11031,0,Cash-Advance Reliant,0.6967,1.8817,True,1.0.0,0.45
C11032,2,Revolving Borrower,0.3157,3.4778,True,1.0.0,0.475
C11033,1,High-Spend Transactor,0.1844,3.8029,True,1.0.0,0.575
C11034,1,High-Spend Transactor,0.3187,3.762,True,1.0.0,0.575
C11035,1,High-Spend Transactor,0.215,5.3158,True,1.0.0,0.575
C11036,1,High-Spend Transactor,0.3055,4.0193,True,1.0.0,0.575
C11038,0,Cash-Advance Reliant,0.0423,3.1219,False,1.0.0,0.3
C11039,0,Cash-Advance Reliant,0.6675,2.12,True,1.0.0,0.45
C11040,1,High-Spend Transactor,0.3354,3.9971,True,1.0.0,0.575
C11041,1,High-Spend Transactor,0.5321,2.8762,True,1.0.0,0.575
C11042,2,Revolving Borrower,0.6296,2.402,True,1.0.0,0.475
C11043,1,High-Spend Transactor,0.474,3.1085,True,1.0.0,0.575
C11044,0,Cash-Advance Reliant,0.2749,6.6548,True,1.0.0,0.45
C11045,1,High-Spend Transactor,0.2876,3.4039,True,1.0.0,0.575
C11046,2,Revolving Borrower,0.5824,2.0038,True,1.0.0,0.475
C11047,2,Revolving Borrower,0.4599,3.8552,True,1.0.0,0.475
C11048,0,Cash-Advance Reliant,0.6305,2.3303,True,1.0.0,0.45
C11049,1,High-Spend Transactor,0.4135,3.1876,True,1.0.0,0.575
C11050,1,High-Spend Transactor,0.1769,5.8708,True,1.0.0,0.575
C11051,0,Cash-Advance Reliant,0.4795,3.5284,True,1.0.0,0.45
C11052,0,Cash-Advance Reliant,0.6132,2.6358,True,1.0.0,0.45
C11053,1,High-Spend Transactor,0.4605,2.4734,True,1.0.0,0.575
C11054,1,High-Spend Transactor,0.3956,3.5221,True,1.0.0,0.6
C11055,1,High-Spend Transactor,0.0291,4.7954,False,1.0.0,0.575
C11056,1,High-Spend Transactor,0.3634,3.8861,True,1.0.0,0.575
C11057,1,High-Spend Transactor,0.7092,1.3131,True,1.0.0,0.575
C11058,1,High-Spend Transactor,0.6771,1.6507,True,1.0.0,0.575
C11059,0,Cash-Advance Reliant,0.0515,3.4334,False,1.0.0,0.4
C11060,1,High-Spend Transactor,0.5635,2.3424,True,1.0.0,0.575
C11061,0,Cash-Advance Reliant,0.4016,2.8664,True,1.0.0,0.45
C11062,0,Cash-Advance Reliant,0.2468,4.0527,True,1.0.0,0.45
C11063,1,High-Spend Transactor,0.2798,4.1774,True,1.0.0,0.575
C11064,0,Cash-Advance Reliant,0.5133,2.9378,True,1.0.0,0.45
C11065,0,Cash-Advance Reliant,0.6305,2.2304,True,1.0.0,0.45
C11066,1,High-Spend Transactor,0.3588,3.7171,True,1.0.0,0.575
C11067,0,Cash-Advance Reliant,0.002,6.2547,False,1.0.0,0.3
C11068,2,Revolving Borrower,0.6675,1.9885,True,1.0.0,0.475
C11069,0,Cash-Advance Reliant,0.492,3.3101,True,1.0.0,0.45
C11070,2,Revolving Borrower,0.1679,3.6764,True,1.0.0,0.45
C11071,0,Cash-Advance Reliant,0.2216,3.2931,True,1.0.0,0.45
C11072,0,Cash-Advance Reliant,0.5708,2.6444,True,1.0.0,0.45
C11073,1,High-Spend Transactor,0.5653,1.9984,True,1.0.0,0.575
C11074,0,Cash-Advance Reliant,0.2096,5.6456,True,1.0.0,0.45
C11075,1,High-Spend Transactor,0.499,2.9038,True,1.0.0,0.575
C11076,0,Cash-Advance Reliant,0.3477,4.5743,True,1.0.0,0.45
C11077,0,Cash-Advance Reliant,0.0094,6.3484,False,1.0.0,0.225
C11078,1,High-Spend Transactor,0.5372,2.6233,True,1.0.0,0.575
C11079,0,Cash-Advance Reliant,0.6525,2.2132,True,1.0.0,0.45
C11080,1,High-Spend Transactor,0.2483,5.7101,True,1.0.0,0.575
C11081,1,High-Spend Transactor,0.3787,4.0374,True,1.0.0,0.575
C11082,2,Revolving Borrower,0.3908,2.7522,True,1.0.0,0.475
C11083,2,Revolving Borrower,0.1089,3.7949,False,1.0.0,0.45
C11084,0,Cash-Advance Reliant,0.764,1.466,True,1.0.0,0.45
C11085,2,Revolving Borrower,0.4816,2.9283,True,1.0.0,0.475
C11086,1,High-Spend Transactor,0.2883,3.7971,True,1.0.0,0.575
C11087,1,High-Spend Transactor,0.6027,2.373,True,1.0.0,0.575
C11088,2,Revolving Borrower,0.4772,3.1588,True,1.0.0,0.475
C11089,1,High-Spend Transactor,0.6463,1.7208,True,1.0.0,0.575
C11090,1,High-Spend Transactor,0.5622,2.6052,True,1.0.0,0.575
C11091,1,High-Spend Transactor,0.5578,2.7391,True,1.0.0,0.575
C11092,1,High-Spend Transactor,0.2534,5.9472,True,1.0.0,0.575
C11093,1,High-Spend Transactor,0.4359,3.2095,True,1.0.0,0.575
C11094,2,Revolving Borrower,0.4355,4.7397,True,1.0.0,0.475
C11095,0,Cash-Advance Reliant,0.6449,2.2718,True,1.0.0,0.45
C11096,1,High-Spend Transactor,0.271,4.6258,True,1.0.0,0.575
C11097,2,Revolving Borrower,0.074,3.2752,False,1.0.0,0.45
C11098,2,Revolving Borrower,0.509,2.7888,True,1.0.0,0.475
C11099,0,Cash-Advance Reliant,0.3543,2.9301,True,1.0.0,0.45
C11100,1,High-Spend Transactor,0.1517,4.503,True,1.0.0,0.575
C11101,1,High-Spend Transactor,0.3504,4.1658,True,1.0.0,0.575
C11102,2,Revolving Borrower,0.1545,3.025,True,1.0.0,0.45
C11103,2,Revolving Borrower,0.2794,2.7839,True,1.0.0,0.45
C11104,1,High-Spend Transactor,0.1013,4.6193,False,1.0.0,0.575
C11105,2,Revolving Borrower,0.137,4.5278,False,1.0.0,0.475
C11106,1,High-Spend Transactor,0.5129,3.0131,True,1.0.0,0.575
C11107,0,Cash-Advance Reliant,0.6157,2.5746,True,1.0.0,0.45
C11108,1,High-Spend Transactor,0.3396,3.7392,True,1.0.0,0.575
C11109,1,High-Spend Transactor,0.4288,3.7922,True,1.0.0,0.575
C11110,0,Cash-Advance Reliant,0.7279,1.8022,True,1.0.0,0.45
C11111,0,Cash-Advance Reliant,0.6701,1.9594,True,1.0.0,0.45
C11112,1,High-Spend Transactor,0.3999,3.8504,True,1.0.0,0.575
C11113,1,High-Spend Transactor,0.5839,2.1103,True,1.0.0,0.575
C11114,2,Revolving Borrower,0.6496,1.6852,True,1.0.0,0.475
C11115,1,High-Spend Transactor,0.4688,3.2969,True,1.0.0,0.575
C11116,1,High-Spend Transactor,0.5748,1.9382,True,1.0.0,0.6
C11117,0,Cash-Advance Reliant,0.7643,1.3996,True,1.0.0,0.45
C11118,0,Cash-Advance Reliant,0.2246,6.3982,True,1.0.0,0.45
C11119,1,High-Spend Transactor,0.5852,2.1769,True,1.0.0,0.575
C11120,1,High-Spend Transactor,0.5703,2.7067,True,1.0.0,0.575
C11121,0,Cash-Advance Reliant,0.3712,4.8453,True,1.0.0,0.45
C11122,2,Revolving Borrower,0.3629,2.8962,True,1.0.0,0.475
C11123,0,Cash-Advance Reliant,0.7814,1.2891,True,1.0.0,0.45
C11124,2,Revolving Borrower,0.7025,1.7165,True,1.0.0,0.475
C11125,1,High-Spend Transactor,0.5915,2.4159,True,1.0.0,0.575
C11126,2,Revolving Borrower,0.3914,3.0601,True,1.0.0,0.475
C11128,1,High-Spend Transactor,0.4693,3.6029,True,1.0.0,0.575
C11129,2,Revolving Borrower,0.7435,1.1985,True,1.0.0,0.475
C11130,0,Cash-Advance Reliant,0.7952,1.2398,True,1.0.0,0.45
C11131,2,Revolving Borrower,0.4831,2.7016,True,1.0.0,0.475
C11132,2,Revolving Borrower,0.1762,3.5047,True,1.0.0,0.45
C11133,1,High-Spend Transactor,0.3943,3.912,True,1.0.0,0.575
C11134,2,Revolving Borrower,0.4386,3.0533,True,1.0.0,0.475
C11135,1,High-Spend Transactor,0.1525,6.3462,True,1.0.0,0.575
C11136,2,Revolving Borrower,0.3358,3.3385,True,1.0.0,0.45
C11137,1,High-Spend Transactor,0.7062,1.6725,True,1.0.0,0.575
C11138,1,High-Spend Transactor,0.5118,2.8415,True,1.0.0,0.575
C11139,1,High-Spend Transactor,0.1556,3.4668,True,1.0.0,0.575
C11140,0,Cash-Advance Reliant,0.3362,2.7842,True,1.0.0,0.45
C11141,1,High-Spend Transactor,0.4068,3.1027,True,1.0.0,0.575
C11142,2,Revolving Borrower,0.2454,2.8803,True,1.0.0,0.475
C11143,2,Revolving Borrower,0.1222,4.0885,False,1.0.0,0.475
C11145,0,Cash-Advance Reliant,0.6035,2.3327,True,1.0.0,0.45
C11146,1,High-Spend Transactor,0.1172,4.2387,False,1.0.0,0.575
C11148,0,Cash-Advance Reliant,0.6108,2.3309,True,1.0.0,0.45
C11149,1,High-Spend Transactor,0.3571,3.5262,True,1.0.0,0.575
C11150,1,High-Spend Transactor,0.6257,1.9274,True,1.0.0,0.575
C11151,0,Cash-Advance Reliant,0.7483,1.4835,True,1.0.0,0.45
C11152,2,Revolving Borrower,0.3563,3.6402,True,1.0.0,0.475
C11153,1,High-Spend Transactor,0.4156,3.1819,True,1.0.0,0.575
C11154,1,High-Spend Transactor,0.4983,3.1316,True,1.0.0,0.575
C11155,1,High-Spend Transactor,0.4481,3.866,True,1.0.0,0.575
C11156,1,High-Spend Transactor,0.3923,3.7145,True,1.0.0,0.575
C11157,0,Cash-Advance Reliant,0.7348,1.6009,True,1.0.0,0.45
C11158,0,Cash-Advance Reliant,0.6151,2.3505,True,1.0.0,0.45
C11159,1,High-Spend Transactor,0.439,2.921,True,1.0.0,0.575
C11161,1,High-Spend Transactor,0.0982,6.83,False,1.0.0,0.575
C11162,2,Revolving Borrower,0.1849,3.3512,True,1.0.0,0.475
C11163,0,Cash-Advance Reliant,0.3389,2.7808,True,1.0.0,0.45
C11164,1,High-Spend Transactor,0.1679,3.8271,True,1.0.0,0.575
C11165,2,Revolving Borrower,0.232,4.3924,True,1.0.0,0.475
C11166,1,High-Spend Transactor,0.356,3.939,True,1.0.0,0.575
C11167,1,High-Spend Transactor,0.5242,2.9537,True,1.0.0,0.575
C11169,1,High-Spend Transactor,0.3008,3.6343,True,1.0.0,0.575
C11170,0,Cash-Advance Reliant,0.1026,5.724,False,1.0.0,0.45
C11171,1,High-Spend Transactor,0.1334,7.3011,False,1.0.0,0.575
C11172,0,Cash-Advance Reliant,0.7512,1.5423,True,1.0.0,0.45
C11173,0,Cash-Advance Reliant,0.4123,4.4334,True,1.0.0,0.45
C11174,0,Cash-Advance Reliant,0.7316,1.5687,True,1.0.0,0.45
C11175,2,Revolving Borrower,0.7921,1.0593,True,1.0.0,0.475
C11176,0,Cash-Advance Reliant,0.7568,1.508,True,1.0.0,0.45
C11177,1,High-Spend Transactor,0.2985,3.7205,True,1.0.0,0.575
C11178,1,High-Spend Transactor,0.2784,2.9899,True,1.0.0,0.575
C11179,2,Revolving Borrower,0.318,3.2923,True,1.0.0,0.475
C11180,0,Cash-Advance Reliant,0.0517,3.5328,False,1.0.0,0.375
C11181,0,Cash-Advance Reliant,0.7121,1.7332,True,1.0.0,0.45
C11182,1,High-Spend Transactor,0.4698,2.2202,True,1.0.0,0.575
C11184,0,Cash-Advance Reliant,0.7457,1.4766,True,1.0.0,0.45
C11185,1,High-Spend Transactor,0.4322,3.5148,True,1.0.0,0.575
C11186,0,Cash-Advance Reliant,0.5375,2.8053,True,1.0.0,0.45
C11187,1,High-Spend Transactor,0.1408,4.5938,False,1.0.0,0.575
C11188,2,Revolving Borrower,0.2527,3.424,True,1.0.0,0.45
C11189,1,High-Spend Transactor,0.1584,4.302,True,1.0.0,0.575
C11190,2,Revolving Borrower,0.6544,1.9897,True,1.0.0,0.475
C11192,1,High-Spend Transactor,0.1964,4.9481,True,1.0.0,0.575
C11193,1,High-Spend Transactor,0.3757,2.8466,True,1.0.0,0.575
C11195,2,Revolving Borrower,0.1973,3.0709,True,1.0.0,0.475
C11196,1,High-Spend Transactor,0.5578,2.7641,True,1.0.0,0.575
C11197,1,High-Spend Transactor,0.0565,4.7961,False,1.0.0,0.55
C11198,1,High-Spend Transactor,0.1961,5.7976,True,1.0.0,0.575
C11199,1,High-Spend Transactor,0.4635,3.0859,True,1.0.0,0.575
C11200,1,High-Spend Transactor,0.4145,3.8097,True,1.0.0,0.575
C11201,1,High-Spend Transactor,0.5033,2.8046,True,1.0.0,0.575
C11202,1,High-Spend Transactor,0.5109,2.7797,True,1.0.0,0.575
C11203,1,High-Spend Transactor,0.5248,3.268,True,1.0.0,0.575
C11204,2,Revolving Borrower,0.1265,3.6697,False,1.0.0,0.475
C11205,2,Revolving Borrower,0.1312,3.3191,False,1.0.0,0.45
C11206,0,Cash-Advance Reliant,0.5596,2.6854,True,1.0.0,0.45
C11207,1,High-Spend Transactor,0.5714,2.7483,True,1.0.0,0.575
C11208,1,High-Spend Transactor,0.5765,2.5584,True,1.0.0,0.575
C11209,1,High-Spend Transactor,0.2557,4.8311,True,1.0.0,0.575
C11210,2,Revolving Borrower,0.2513,4.04,True,1.0.0,0.475
C11211,2,Revolving Borrower,0.4053,2.3734,True,1.0.0,0.475
C11212,1,High-Spend Transactor,0.5027,2.5755,True,1.0.0,0.6
C11213,0,Cash-Advance Reliant,0.6693,2.1446,True,1.0.0,0.45
C11214,2,Revolving Borrower,0.2964,2.8147,True,1.0.0,0.45
C11215,0,Cash-Advance Reliant,0.7259,1.6894,True,1.0.0,0.45
C11216,1,High-Spend Transactor,0.3782,3.358,True,1.0.0,0.6
C11217,1,High-Spend Transactor,0.3986,3.7655,True,1.0.0,0.575
C11219,0,Cash-Advance Reliant,0.6565,2.0715,True,1.0.0,0.45
C11220,1,High-Spend Transactor,0.3814,3.4002,True,1.0.0,0.575
C11221,1,High-Spend Transactor,0.5346,2.8167,True,1.0.0,0.575
C11222,0,Cash-Advance Reliant,0.8224,1.039,True,1.0.0,0.45
C11223,2,Revolving Borrower,0.1694,3.7072,True,1.0.0,0.45
C11224,0,Cash-Advance Reliant,0.6436,2.1824,True,1.0.0,0.45
C11225,2,Revolving Borrower,0.093,4.0421,False,1.0.0,0.45
C11226,0,Cash-Advance Reliant,0.4599,3.6561,True,1.0.0,0.45
C11227,1,High-Spend Transactor,0.07,3.8238,False,1.0.0,0.575
C11228,1,High-Spend Transactor,0.5901,2.2391,True,1.0.0,0.575
C11229,1,High-Spend Transactor,0.491,3.3819,True,1.0.0,0.575
C11230,2,Revolving Borrower,0.1324,3.3812,False,1.0.0,0.475
C11231,1,High-Spend Transactor,0.3064,2.7177,True,1.0.0,0.575
C11232,0,Cash-Advance Reliant,0.2653,6.3672,True,1.0.0,0.45
C11233,0,Cash-Advance Reliant,0.2717,6.4395,True,1.0.0,0.45
C11234,1,High-Spend Transactor,0.0547,6.752,False,1.0.0,0.55
C11235,0,Cash-Advance Reliant,0.5002,3.4274,True,1.0.0,0.45
C11236,2,Revolving Borrower,0.083,4.5608,False,1.0.0,0.475
C11237,2,Revolving Borrower,0.3182,4.5916,True,1.0.0,0.475
C11238,1,High-Spend Transactor,0.4064,3.1182,True,1.0.0,0.575
C11239,2,Revolving Borrower,0.3543,3.9583,True,1.0.0,0.475
C11240,1,High-Spend Transactor,0.5655,2.6047,True,1.0.0,0.575
C11241,1,High-Spend Transactor,0.5061,2.2595,True,1.0.0,0.575
C11242,1,High-Spend Transactor,0.5822,2.2129,True,1.0.0,0.575
C11243,1,High-Spend Transactor,0.3446,3.2519,True,1.0.0,0.575
C11244,1,High-Spend Transactor,0.2552,3.1674,True,1.0.0,0.575
C11245,1,High-Spend Transactor,0.5238,2.907,True,1.0.0,0.575
C11246,1,High-Spend Transactor,0.0434,4.1252,False,1.0.0,0.55
C11247,1,High-Spend Transactor,0.3624,4.1951,True,1.0.0,0.575
C11248,1,High-Spend Transactor,0.3607,4.2617,True,1.0.0,0.575
C11249,1,High-Spend Transactor,0.5416,2.4066,True,1.0.0,0.575
C11250,2,Revolving Borrower,0.2039,3.5208,True,1.0.0,0.475
C11251,1,High-Spend Transactor,0.2372,3.935,True,1.0.0,0.575
C11252,2,Revolving Borrower,0.4114,2.7697,True,1.0.0,0.475
C11253,1,High-Spend Transactor,0.304,4.7859,True,1.0.0,0.575
C11254,1,High-Spend Transactor,0.3176,4.1714,True,1.0.0,0.575
C11255,0,Cash-Advance Reliant,0.5255,2.9047,True,1.0.0,0.45
C11256,1,High-Spend Transactor,0.4102,3.2577,True,1.0.0,0.575
C11257,1,High-Spend Transactor,0.4124,3.2152,True,1.0.0,0.575
C11258,2,Revolving Borrower,0.503,2.3216,True,1.0.0,0.475
C11259,1,High-Spend Transactor,0.3549,5.0029,True,1.0.0,0.575
C11260,2,Revolving Borrower,0.5274,2.9299,True,1.0.0,0.475
C11261,0,Cash-Advance Reliant,0.4623,3.4388,True,1.0.0,0.45
C11262,1,High-Spend Transactor,0.2067,4.9227,True,1.0.0,0.575
C11263,1,High-Spend Transactor,0.5111,3.2298,True,1.0.0,0.575
C11264,1,High-Spend Transactor,0.5351,2.7707,True,1.0.0,0.575
C11265,1,High-Spend Transactor,0.4807,2.9385,True,1.0.0,0.575
C11266,0,Cash-Advance Reliant,0.3686,4.4964,True,1.0.0,0.45
C11267,1,High-Spend Transactor,0.4968,3.5853,True,1.0.0,0.575
C11268,1,High-Spend Transactor,0.4341,3.4983,True,1.0.0,0.575
C11269,2,Revolving Borrower,0.4796,3.2657,True,1.0.0,0.475
C11270,1,High-Spend Transactor,0.3142,3.8995,True,1.0.0,0.575
C11271,2,Revolving Borrower,0.4296,2.7918,True,1.0.0,0.475
C11272,1,High-Spend Transactor,0.1844,7.2938,True,1.0.0,0.575
C11273,0,Cash-Advance Reliant,0.564,2.6423,True,1.0.0,0.45
C11274,1,High-Spend Transactor,0.3095,3.571,True,1.0.0,0.575
C11275,0,Cash-Advance Reliant,0.4953,3.4756,True,1.0.0,0.45
C11276,2,Revolving Borrower,0.7477,1.2445,True,1.0.0,0.475
C11277,1,High-Spend Transactor,0.6633,1.937,True,1.0.0,0.575
C11278,1,High-Spend Transactor,0.4716,3.2767,True,1.0.0,0.575
C11279,1,High-Spend Transactor,0.2316,4.5558,True,1.0.0,0.575
C11280,0,Cash-Advance Reliant,0.6886,1.8403,True,1.0.0,0.45
C11281,1,High-Spend Transactor,0.2812,4.67,True,1.0.0,0.575
C11282,1,High-Spend Transactor,0.1873,4.2875,True,1.0.0,0.575
C11283,0,Cash-Advance Reliant,0.6833,1.9724,True,1.0.0,0.45
C11284,1,High-Spend Transactor,0.337,3.6736,True,1.0.0,0.575
C11285,1,High-Spend Transactor,0.3828,2.7446,True,1.0.0,0.575
C11286,2,Revolving Borrower,0.5884,2.5341,True,1.0.0,0.475
C11287,1,High-Spend Transactor,0.3166,3.5836,True,1.0.0,0.575
C11288,0,Cash-Advance Reliant,0.5998,2.4112,True,1.0.0,0.45
C11289,0,Cash-Advance Reliant,0.7934,1.2544,True,1.0.0,0.45
C11290,1,High-Spend Transactor,0.5381,3.0876,True,1.0.0,0.575
C11291,1,High-Spend Transactor,0.4094,2.8495,True,1.0.0,0.575
C11292,1,High-Spend Transactor,0.4176,2.5329,True,1.0.0,0.575
C11293,2,Revolving Borrower,0.5896,2.7146,True,1.0.0,0.475
C11294,1,High-Spend Transactor,0.6196,2.2558,True,1.0.0,0.575
C11295,0,Cash-Advance Reliant,0.0751,4.7959,False,1.0.0,0.45
C11296,1,High-Spend Transactor,0.3075,3.7741,True,1.0.0,0.575
C11297,1,High-Spend Transactor,0.3904,4.2829,True,1.0.0,0.575
C11298,0,Cash-Advance Reliant,0.7986,1.264,True,1.0.0,0.45
C11299,2,Revolving Borrower,0.533,2.9408,True,1.0.0,0.475
C11300,1,High-Spend Transactor,0.0046,7.4785,False,1.0.0,0.475
C11301,2,Revolving Borrower,0.1122,3.8238,False,1.0.0,0.475
C11302,1,High-Spend Transactor,0.1785,4.2559,True,1.0.0,0.575
C11303,0,Cash-Advance Reliant,0.7691,1.3518,True,1.0.0,0.45
C11304,1,High-Spend Transactor,0.2577,4.9009,True,1.0.0,0.575
C11305,0,Cash-Advance Reliant,0.7404,1.5609,True,1.0.0,0.45
C11306,1,High-Spend Transactor,0.1008,4.7867,False,1.0.0,0.575
C11307,1,High-Spend Transactor,0.2498,4.6308,True,1.0.0,0.575
C11308,2,Revolving Borrower,0.4824,3.2099,True,1.0.0,0.475
C11309,1,High-Spend Transactor,0.5252,3.0932,True,1.0.0,0.575
C11310,2,Revolving Borrower,0.0196,5.9288,False,1.0.0,0.45
C11311,0,Cash-Advance Reliant,0.3543,2.838,True,1.0.0,0.45
C11312,1,High-Spend Transactor,0.356,4.457,True,1.0.0,0.575
C11313,1,High-Spend Transactor,0.1296,3.9055,False,1.0.0,0.575
C11314,1,High-Spend Transactor,0.5514,2.751,True,1.0.0,0.575
C11315,1,High-Spend Transactor,0.3965,3.3276,True,1.0.0,0.575
C11316,1,High-Spend Transactor,0.4479,3.8538,True,1.0.0,0.575
C11317,1,High-Spend Transactor,0.3101,2.8302,True,1.0.0,0.575
C11318,1,High-Spend Transactor,0.2457,3.2131,True,1.0.0,0.575
C11319,1,High-Spend Transactor,0.2742,3.8981,True,1.0.0,0.575
C11320,1,High-Spend Transactor,0.6842,1.7023,True,1.0.0,0.575
C11321,1,High-Spend Transactor,0.1808,3.4785,True,1.0.0,0.575
C11322,0,Cash-Advance Reliant,0.7818,1.2852,True,1.0.0,0.45
C11323,1,High-Spend Transactor,0.4139,3.7697,True,1.0.0,0.575
C11324,1,High-Spend Transactor,0.8356,0.7987,True,1.0.0,0.575
C11325,1,High-Spend Transactor,0.3287,4.973,True,1.0.0,0.575
C11326,2,Revolving Borrower,0.2366,3.7637,True,1.0.0,0.45
C11327,1,High-Spend Transactor,0.3467,2.9076,True,1.0.0,0.575
C11328,1,High-Spend Transactor,0.3911,3.9183,True,1.0.0,0.575
C11329,1,High-Spend Transactor,0.6284,1.7928,True,1.0.0,0.575
C11330,2,Revolving Borrower,0.105,4.7515,False,1.0.0,0.475
C11331,1,High-Spend Transactor,0.2616,4.5421,True,1.0.0,0.575
C11332,1,High-Spend Transactor,0.0165,4.3337,False,1.0.0,0.55
C11334,2,Revolving Borrower,0.3344,3.1725,True,1.0.0,0.475
C11335,1,High-Spend Transactor,0.1206,3.9603,False,1.0.0,0.55
C11336,1,High-Spend Transactor,0.0918,4.4473,False,1.0.0,0.575
C11337,1,High-Spend Transactor,0.4507,2.973,True,1.0.0,0.6
C11338,2,Revolving Borrower,0.4946,2.7659,True,1.0.0,0.475
C11339,2,Revolving Borrower,0.3163,3.1693,True,1.0.0,0.475
C11340,1,High-Spend Transactor,0.3947,3.8873,True,1.0.0,0.575
C11341,1,High-Spend Transactor,0.3057,3.4228,True,1.0.0,0.575
C11342,2,Revolving Borrower,0.0254,4.1911,False,1.0.0,0.3
C11343,1,High-Spend Transactor,0.0403,4.7005,False,1.0.0,0.55
C11344,1,High-Spend Transactor,0.4502,3.0367,True,1.0.0,0.575
C11345,2,Revolving Borrower,0.718,1.6855,True,1.0.0,0.475
C11346,1,High-Spend Transactor,0.4101,3.9156,True,1.0.0,0.575
C11347,1,High-Spend Transactor,0.1987,5.031,True,1.0.0,0.575
C11348,0,Cash-Advance Reliant,0.6599,2.1565,True,1.0.0,0.45
C11349,1,High-Spend Transactor,0.2856,4.4011,True,1.0.0,0.575
C11350,2,Revolving Borrower,0.549,2.9034,True,1.0.0,0.475
C11351,1,High-Spend Transactor,0.1164,5.117,False,1.0.0,0.575
C11352,0,Cash-Advance Reliant,0.5441,2.8198,True,1.0.0,0.45
C11353,1,High-Spend Transactor,0.3085,4.008,True,1.0.0,0.575
C11354,1,High-Spend Transactor,0.5337,2.684,True,1.0.0,0.575
C11355,0,Cash-Advance Reliant,0.5962,2.6315,True,1.0.0,0.45
C11356,2,Revolving Borrower,0.5872,2.2386,True,1.0.0,0.475
C11357,1,High-Spend Transactor,0.4392,3.6044,True,1.0.0,0.575
C11358,0,Cash-Advance Reliant,0.3905,3.0077,True,1.0.0,0.45
C11359,1,High-Spend Transactor,0.2271,3.3823,True,1.0.0,0.575
C11360,0,Cash-Advance Reliant,0.7358,1.5866,True,1.0.0,0.45
C11361,1,High-Spend Transactor,0.2783,3.0922,True,1.0.0,0.575
C11362,1,High-Spend Transactor,0.2722,3.3099,True,1.0.0,0.575
C11363,2,Revolving Borrower,0.3278,3.6889,True,1.0.0,0.475
C11364,2,Revolving Borrower,0.6344,1.7317,True,1.0.0,0.475
C11365,0,Cash-Advance Reliant,0.7517,1.4944,True,1.0.0,0.45
C11366,1,High-Spend Transactor,0.3577,3.1516,True,1.0.0,0.575
C11367,1,High-Spend Transactor,0.3631,3.5659,True,1.0.0,0.575
C11368,2,Revolving Borrower,0.503,2.8768,True,1.0.0,0.475
C11369,1,High-Spend Transactor,0.5114,3.192,True,1.0.0,0.575
C11370,1,High-Spend Transactor,0.1784,3.6524,True,1.0.0,0.575
C11371,1,High-Spend Transactor,0.47,2.3157,True,1.0.0,0.575
C11372,0,Cash-Advance Reliant,0.7778,1.3096,True,1.0.0,0.45
C11373,0,Cash-Advance Reliant,0.6819,1.9393,True,1.0.0,0.45
C11374,1,High-Spend Transactor,0.6572,1.6531,True,1.0.0,0.575
C11375,2,Revolving Borrower,0.0974,3.7923,False,1.0.0,0.45
C11376,1,High-Spend Transactor,0.4286,2.8781,True,1.0.0,0.575
C11377,0,Cash-Advance Reliant,0.529,2.9278,True,1.0.0,0.45
C11378,2,Revolving Borrower,0.1213,4.0036,False,1.0.0,0.45
C11379,1,High-Spend Transactor,0.2325,6.9586,True,1.0.0,0.575
C11380,2,Revolving Borrower,0.3422,3.6886,True,1.0.0,0.475
C11381,0,Cash-Advance Reliant,0.666,2.0161,True,1.0.0,0.45
C11382,1,High-Spend Transactor,0.5171,3.412,True,1.0.0,0.575
C11383,2,Revolving Borrower,0.0387,4.3904,False,1.0.0,0.35
C11384,1,High-Spend Transactor,0.497,3.0994,True,1.0.0,0.575
C11385,1,High-Spend Transactor,0.4277,3.5546,True,1.0.0,0.575
C11386,2,Revolving Borrower,0.1042,3.8653,False,1.0.0,0.45
C11387,2,Revolving Borrower,0.0226,4.581,False,1.0.0,0.275
C11388,1,High-Spend Transactor,0.458,2.7158,True,1.0.0,0.575
C11389,1,High-Spend Transactor,0.4604,3.3147,True,1.0.0,0.575
C11390,0,Cash-Advance Reliant,0.6186,2.2819,True,1.0.0,0.45
C11391,2,Revolving Borrower,0.4548,2.1912,True,1.0.0,0.475
C11392,1,High-Spend Transactor,0.6551,1.8018,True,1.0.0,0.575
C11394,0,Cash-Advance Reliant,0.4382,3.8828,True,1.0.0,0.45
C11395,2,Revolving Borrower,0.4024,3.526,True,1.0.0,0.475
C11396,2,Revolving Borrower,0.6142,2.5005,True,1.0.0,0.475
C11397,1,High-Spend Transactor,0.0756,5.3785,False,1.0.0,0.575
C11398,1,High-Spend Transactor,0.6604,1.9744,True,1.0.0,0.575
C11399,1,High-Spend Transactor,0.4018,3.8341,True,1.0.0,0.575
C11400,1,High-Spend Transactor,0.5417,3.1237,True,1.0.0,0.575
C11401,2,Revolving Borrower,0.2831,3.8787,True,1.0.0,0.475
C11402,2,Revolving Borrower,0.2982,4.1556,True,1.0.0,0.475
C11403,2,Revolving Borrower,0.7033,1.6425,True,1.0.0,0.475
C11404,1,High-Spend Transactor,0.4483,3.0225,True,1.0.0,0.6
C11405,0,Cash-Advance Reliant,0.5007,3.0947,True,1.0.0,0.45
C11406,1,High-Spend Transactor,0.3245,3.0339,True,1.0.0,0.575
C11407,2,Revolving Borrower,0.143,4.0291,False,1.0.0,0.475
C11408,1,High-Spend Transactor,0.2479,3.6758,True,1.0.0,0.575
C11409,1,High-Spend Transactor,0.5511,2.9122,True,1.0.0,0.575
C11410,0,Cash-Advance Reliant,0.6874,1.9697,True,1.0.0,0.45
C11411,0,Cash-Advance Reliant,0.5801,2.54,True,1.0.0,0.45
C11412,1,High-Spend Transactor,0.3462,3.2839,True,1.0.0,0.6
C11413,2,Revolving Borrower,0.3836,3.6102,True,1.0.0,0.475
C11414,1,High-Spend Transactor,0.3867,2.7022,True,1.0.0,0.575
C11415,1,High-Spend Transactor,0.3612,3.5335,True,1.0.0,0.575
C11416,1,High-Spend Transactor,0.4596,3.0295,True,1.0.0,0.575
C11417,2,Revolving Borrower,0.4865,2.2323,True,1.0.0,0.475
C11418,1,High-Spend Transactor,0.4581,2.5623,True,1.0.0,0.575
C11419,1,High-Spend Transactor,0.0682,5.2251,False,1.0.0,0.525
C11420,2,Revolving Borrower,0.1934,3.4037,True,1.0.0,0.475
C11421,1,High-Spend Transactor,0.4137,3.7818,True,1.0.0,0.575
C11422,1,High-Spend Transactor,0.1954,3.8972,True,1.0.0,0.575
C11423,1,High-Spend Transactor,0.4294,3.6915,True,1.0.0,0.575
C11424,0,Cash-Advance Reliant,0.6742,1.9546,True,1.0.0,0.45
C11425,1,High-Spend Transactor,0.4184,2.887,True,1.0.0,0.575
C11426,1,High-Spend Transactor,0.4971,2.9983,True,1.0.0,0.575
C11427,1,High-Spend Transactor,0.5015,2.3532,True,1.0.0,0.6
C11428,2,Revolving Borrower,0.5829,1.998,True,1.0.0,0.475
C11429,0,Cash-Advance Reliant,0.0918,3.2921,False,1.0.0,0.45
C11430,1,High-Spend Transactor,0.3746,3.3951,True,1.0.0,0.575
C11431,0,Cash-Advance Reliant,0.3088,5.3023,True,1.0.0,0.45
C11432,1,High-Spend Transactor,0.0464,5.2492,False,1.0.0,0.575
C11433,0,Cash-Advance Reliant,0.1048,3.8748,False,1.0.0,0.45
C11434,1,High-Spend Transactor,0.4399,3.2393,True,1.0.0,0.575
C11435,0,Cash-Advance Reliant,0.7058,1.7973,True,1.0.0,0.45
C11436,1,High-Spend Transactor,0.5406,2.9082,True,1.0.0,0.575
C11437,0,Cash-Advance Reliant,0.8153,1.1158,True,1.0.0,0.45
C11438,2,Revolving Borrower,0.1466,3.9006,False,1.0.0,0.475
C11439,0,Cash-Advance Reliant,0.6797,1.923,True,1.0.0,0.45
C11440,1,High-Spend Transactor,0.456,2.5083,True,1.0.0,0.575
C11441,1,High-Spend Transactor,0.5379,2.1156,True,1.0.0,0.575
C11442,1,High-Spend Transactor,0.6075,1.7804,True,1.0.0,0.575
C11443,0,Cash-Advance Reliant,0.7861,1.2867,True,1.0.0,0.45
C11444,1,High-Spend Transactor,0.7179,1.4783,True,1.0.0,0.575
C11445,1,High-Spend Transactor,0.2611,4.3328,True,1.0.0,0.575
C11446,2,Revolving Borrower,0.2837,3.1546,True,1.0.0,0.45
C11447,1,High-Spend Transactor,0.0828,4.4308,False,1.0.0,0.575
C11448,0,Cash-Advance Reliant,0.7153,1.8048,True,1.0.0,0.45
C11449,1,High-Spend Transactor,0.0942,4.3073,False,1.0.0,0.55
C11450,1,High-Spend Transactor,0.5571,2.7437,True,1.0.0,0.575
C11451,1,High-Spend Transactor,0.3831,4.0767,True,1.0.0,0.575
C11452,1,High-Spend Transactor,0.3565,3.6684,True,1.0.0,0.575
C11453,0,Cash-Advance Reliant,0.7822,1.3204,True,1.0.0,0.45
C11454,1,High-Spend Transactor,0.5194,3.0559,True,1.0.0,0.575
C11455,1,High-Spend Transactor,0.7883,0.9956,True,1.0.0,0.575
C11456,0,Cash-Advance Reliant,0.5215,2.9619,True,1.0.0,0.45
C11457,2,Revolving Borrower,0.4844,2.9965,True,1.0.0,0.475
C11458,1,High-Spend Transactor,0.1383,5.5556,False,1.0.0,0.575
C11459,2,Revolving Borrower,0.2723,3.1598,True,1.0.0,0.475
C11460,1,High-Spend Transactor,0.0838,4.0563,False,1.0.0,0.575
C11461,1,High-Spend Transactor,0.4908,2.2987,True,1.0.0,0.575
C11463,2,Revolving Borrower,0.4996,3.1649,True,1.0.0,0.475
C11464,1,High-Spend Transactor,0.3806,4.0835,True,1.0.0,0.575
C11466,2,Revolving Borrower,0.423,2.9633,True,1.0.0,0.475
C11467,0,Cash-Advance Reliant,0.175,6.2827,True,1.0.0,0.45
C11468,1,High-Spend Transactor,0.344,3.9977,True,1.0.0,0.575
C11469,1,High-Spend Transactor,0.6584,1.97,True,1.0.0,0.575
C11470,1,High-Spend Transactor,0.1922,4.1093,True,1.0.0,0.575
C11471,1,High-Spend Transactor,0.1755,5.0577,True,1.0.0,0.575
C11472,2,Revolving Borrower,0.4746,3.7185,True,1.0.0,0.475
C11473,1,High-Spend Transactor,0.3098,4.0428,True,1.0.0,0.575
C11474,0,Cash-Advance Reliant,0.6618,2.1141,True,1.0.0,0.45
C11475,1,High-Spend Transactor,0.3167,3.2566,True,1.0.0,0.575
C11476,0,Cash-Advance Reliant,0.7182,1.7371,True,1.0.0,0.45
C11477,0,Cash-Advance Reliant,0.1894,3.864,True,1.0.0,0.45
C11478,1,High-Spend Transactor,0.1345,5.1419,False,1.0.0,0.575
C11479,1,High-Spend Transactor,0.524,2.7157,True,1.0.0,0.575
C11480,1,High-Spend Transactor,0.4752,2.928,True,1.0.0,0.6
C11481,1,High-Spend Transactor,0.2346,4.9441,True,1.0.0,0.575
C11482,2,Revolving Borrower,0.5373,2.9264,True,1.0.0,0.475
C11483,2,Revolving Borrower,0.155,3.7297,True,1.0.0,0.45
C11484,1,High-Spend Transactor,0.3015,2.8669,True,1.0.0,0.575
C11485,1,High-Spend Transactor,0.6525,1.771,True,1.0.0,0.575
C11486,1,High-Spend Transactor,0.485,2.3654,True,1.0.0,0.575
C11487,1,High-Spend Transactor,0.2867,3.509,True,1.0.0,0.575
C11488,2,Revolving Borrower,0.7417,1.278,True,1.0.0,0.475
C11489,1,High-Spend Transactor,0.5533,2.7873,True,1.0.0,0.575
C11490,2,Revolving Borrower,0.1424,3.7705,False,1.0.0,0.45
C11491,1,High-Spend Transactor,0.2263,3.6387,True,1.0.0,0.575
C11492,1,High-Spend Transactor,0.2223,4.6048,True,1.0.0,0.575
C11493,1,High-Spend Transactor,0.756,0.9833,True,1.0.0,0.575
C11494,1,High-Spend Transactor,0.5898,2.0198,True,1.0.0,0.575
C11495,2,Revolving Borrower,0.0572,6.3655,False,1.0.0,0.475
C11496,1,High-Spend Transactor,0.6811,1.8693,True,1.0.0,0.575
C11497,0,Cash-Advance Reliant,0.2603,2.7686,True,1.0.0,0.45
C11498,0,Cash-Advance Reliant,0.4323,3.6475,True,1.0.0,0.45
C11499,0,Cash-Advance Reliant,0.5024,3.0196,True,1.0.0,0.45
C11500,1,High-Spend Transactor,0.3362,3.322,True,1.0.0,0.6
C11501,2,Revolving Borrower,0.3736,3.3394,True,1.0.0,0.475
C11502,1,High-Spend Transactor,0.1937,4.5249,True,1.0.0,0.575
C11503,1,High-Spend Transactor,0.531,2.831,True,1.0.0,0.575
C11504,1,High-Spend Transactor,0.2024,4.4235,True,1.0.0,0.575
C11505,1,High-Spend Transactor,0.3917,3.81,True,1.0.0,0.575
C11506,1,High-Spend Transactor,0.3402,4.5294,True,1.0.0,0.575
C11507,1,High-Spend Transactor,0.325,2.8946,True,1.0.0,0.575
C11508,1,High-Spend Transactor,0.4377,3.1704,True,1.0.0,0.6
C11509,0,Cash-Advance Reliant,0.0212,3.8418,False,1.0.0,0.35
C11510,0,Cash-Advance Reliant,0.5737,2.6254,True,1.0.0,0.45
C11511,1,High-Spend Transactor,0.2459,4.4583,True,1.0.0,0.575
C11512,0,Cash-Advance Reliant,0.1348,3.386,False,1.0.0,0.45
C11513,1,High-Spend Transactor,0.1562,4.082,True,1.0.0,0.575
C11514,1,High-Spend Transactor,0.0292,4.6038,False,1.0.0,0.575
C11515,2,Revolving Borrower,0.4538,2.673,True,1.0.0,0.475
C11516,1,High-Spend Transactor,0.1815,3.7353,True,1.0.0,0.6
C11517,0,Cash-Advance Reliant,0.6,2.5442,True,1.0.0,0.45
C11518,1,High-Spend Transactor,0.389,4.0142,True,1.0.0,0.575
C11519,1,High-Spend Transactor,0.3409,3.7946,True,1.0.0,0.575
C11520,1,High-Spend Transactor,0.4922,3.3756,True,1.0.0,0.575
C11522,1,High-Spend Transactor,0.4435,3.0909,True,1.0.0,0.575
C11523,1,High-Spend Transactor,0.2608,3.2491,True,1.0.0,0.575
C11524,0,Cash-Advance Reliant,0.6797,1.9686,True,1.0.0,0.45
C11526,1,High-Spend Transactor,0.2653,3.6109,True,1.0.0,0.575
C11527,1,High-Spend Transactor,0.2216,3.6038,True,1.0.0,0.575
C11528,2,Revolving Borrower,0.4853,2.7505,True,1.0.0,0.475
C11529,1,High-Spend Transactor,0.3641,4.2296,True,1.0.0,0.575
C11530,1,High-Spend Transactor,0.1626,4.7219,True,1.0.0,0.575
C11531,0,Cash-Advance Reliant,0.7772,1.3169,True,1.0.0,0.45
C11532,2,Revolving Borrower,0.4573,2.6227,True,1.0.0,0.475
C11533,1,High-Spend Transactor,0.2057,3.9032,True,1.0.0,0.575
C11534,1,High-Spend Transactor,0.146,3.5082,False,1.0.0,0.575
C11536,0,Cash-Advance Reliant,0.6475,2.0663,True,1.0.0,0.45
C11537,2,Revolving Borrower,0.4862,3.1468,True,1.0.0,0.475
C11538,2,Revolving Borrower,0.6441,2.2442,True,1.0.0,0.475
C11539,1,High-Spend Transactor,0.4019,2.7143,True,1.0.0,0.575
C11540,0,Cash-Advance Reliant,0.644,2.1387,True,1.0.0,0.45
C11541,1,High-Spend Transactor,0.1631,4.8087,True,1.0.0,0.575
C11542,0,Cash-Advance Reliant,0.5258,2.8828,True,1.0.0,0.45
C11543,2,Revolving Borrower,0.4806,2.2988,True,1.0.0,0.475
C11544,2,Revolving Borrower,0.4008,2.9041,True,1.0.0,0.475
C11545,1,High-Spend Transactor,0.5131,2.7068,True,1.0.0,0.575
C11546,1,High-Spend Transactor,0.2001,4.5331,True,1.0.0,0.575
C11547,1,High-Spend Transactor,0.4392,3.1404,True,1.0.0,0.575
C11548,1,High-Spend Transactor,0.4861,2.7192,True,1.0.0,0.6
C11549,1,High-Spend Transactor,0.1226,3.9073,False,1.0.0,0.55
C11550,2,Revolving Borrower,0.2026,2.9688,True,1.0.0,0.475
C11551,1,High-Spend Transactor,0.4004,3.7509,True,1.0.0,0.575
C11552,1,High-Spend Transactor,0.4621,3.2586,True,1.0.0,0.575
C11553,1,High-Spend Transactor,0.5745,1.8847,True,1.0.0,0.575
C11554,1,High-Spend Transactor,0.1042,4.0117,False,1.0.0,0.525
C11555,0,Cash-Advance Reliant,0.6036,2.3962,True,1.0.0,0.45
C11556,0,Cash-Advance Reliant,0.5136,3.0097,True,1.0.0,0.45
C11557,0,Cash-Advance Reliant,0.7287,1.6228,True,1.0.0,0.45
C11558,1,High-Spend Transactor,0.5695,2.6336,True,1.0.0,0.575
C11559,0,Cash-Advance Reliant,0.8302,1.0276,True,1.0.0,0.45
C11560,1,High-Spend Transactor,0.4432,3.6256,True,1.0.0,0.575
C11561,2,Revolving Borrower,0.5592,2.4936,True,1.0.0,0.475
C11562,1,High-Spend Transactor,0.5566,1.8067,True,1.0.0,0.575
C11563,0,Cash-Advance Reliant,0.1176,3.0005,False,1.0.0,0.45
C11564,2,Revolving Borrower,0.5331,2.4927,True,1.0.0,0.475
C11565,1,High-Spend Transactor,0.333,4.2677,True,1.0.0,0.575
C11566,1,High-Spend Transactor,0.0182,4.9394,False,1.0.0,0.55
C11567,2,Revolving Borrower,0.4875,2.8219,True,1.0.0,0.475
C11568,0,Cash-Advance Reliant,0.1811,3.3791,True,1.0.0,0.45
C11569,0,Cash-Advance Reliant,0.5624,2.6843,True,1.0.0,0.45
C11570,1,High-Spend Transactor,0.4694,3.0054,True,1.0.0,0.575
C11571,2,Revolving Borrower,0.4462,2.9619,True,1.0.0,0.475
C11572,1,High-Spend Transactor,0.277,4.0161,True,1.0.0,0.6
C11573,2,Revolving Borrower,0.0671,4.7103,False,1.0.0,0.475
C11574,1,High-Spend Transactor,0.4628,2.9124,True,1.0.0,0.6
C11575,1,High-Spend Transactor,0.4864,2.7486,True,1.0.0,0.6
C11576,2,Revolving Borrower,0.2395,3.4878,True,1.0.0,0.45
C11577,1,High-Spend Transactor,0.3807,3.1234,True,1.0.0,0.575
C11578,2,Revolving Borrower,0.5265,2.6971,True,1.0.0,0.475
C11579,0,Cash-Advance Reliant,0.6922,1.8721,True,1.0.0,0.45
C11580,0,Cash-Advance Reliant,0.6848,1.9317,True,1.0.0,0.45
C11581,1,High-Spend Transactor,0.4182,3.9352,True,1.0.0,0.575
C11582,2,Revolving Borrower,0.531,2.2506,True,1.0.0,0.475
C11583,2,Revolving Borrower,0.5936,2.7333,True,1.0.0,0.475
C11585,1,High-Spend Transactor,0.2654,3.414,True,1.0.0,0.575
C11586,1,High-Spend Transactor,0.4963,2.9793,True,1.0.0,0.575
C11587,0,Cash-Advance Reliant,0.2277,3.1676,True,1.0.0,0.45
C11588,0,Cash-Advance Reliant,0.6003,2.4105,True,1.0.0,0.45
C11589,2,Revolving Borrower,0.4372,2.6855,True,1.0.0,0.475
C11590,1,High-Spend Transactor,0.2748,6.2067,True,1.0.0,0.575
C11591,2,Revolving Borrower,0.285,3.3121,True,1.0.0,0.475
C11592,0,Cash-Advance Reliant,0.6401,2.1307,True,1.0.0,0.45
C11593,2,Revolving Borrower,0.4875,2.5044,True,1.0.0,0.475
C11594,0,Cash-Advance Reliant,0.7151,1.8003,True,1.0.0,0.45
C11595,1,High-Spend Transactor,0.4381,3.7015,True,1.0.0,0.575
C11596,1,High-Spend Transactor,0.4259,3.7662,True,1.0.0,0.575
C11597,2,Revolving Borrower,0.5609,2.2877,True,1.0.0,0.475
C11598,0,Cash-Advance Reliant,0.2048,3.3568,True,1.0.0,0.45
C11599,0,Cash-Advance Reliant,0.5403,2.8382,True,1.0.0,0.45
C11600,1,High-Spend Transactor,0.1364,4.2851,False,1.0.0,0.575
C11601,2,Revolving Borrower,0.2408,3.5976,True,1.0.0,0.475
C11602,1,High-Spend Transactor,0.2279,3.4238,True,1.0.0,0.575
C11603,2,Revolving Borrower,0.5367,2.8607,True,1.0.0,0.475
C11604,1,High-Spend Transactor,0.1607,3.9878,True,1.0.0,0.575
C11605,1,High-Spend Transactor,0.6654,1.9272,True,1.0.0,0.575
C11606,1,High-Spend Transactor,0.5494,2.8229,True,1.0.0,0.575
C11607,1,High-Spend Transactor,0.598,1.7176,True,1.0.0,0.575
C11608,1,High-Spend Transactor,0.2066,4.3578,True,1.0.0,0.575
C11609,1,High-Spend Transactor,0.5208,2.8056,True,1.0.0,0.575
C11610,0,Cash-Advance Reliant,0.663,2.0613,True,1.0.0,0.45
C11611,1,High-Spend Transactor,0.3502,3.4487,True,1.0.0,0.575
C11612,2,Revolving Borrower,0.2219,5.8134,True,1.0.0,0.475
C11613,1,High-Spend Transactor,0.3737,3.0932,True,1.0.0,0.575
C11614,0,Cash-Advance Reliant,0.5267,2.9018,True,1.0.0,0.45
C11615,2,Revolving Borrower,0.3347,3.1279,True,1.0.0,0.475
C11616,1,High-Spend Transactor,0.4659,3.3749,True,1.0.0,0.575
C11617,1,High-Spend Transactor,0.428,3.6719,True,1.0.0,0.575
C11618,1,High-Spend Transactor,0.7368,1.3012,True,1.0.0,0.575
C11619,1,High-Spend Transactor,0.3201,4.0942,True,1.0.0,0.575
C11621,1,High-Spend Transactor,0.5261,2.4727,True,1.0.0,0.6
C11622,2,Revolving Borrower,0.3393,4.887,True,1.0.0,0.475
C11623,1,High-Spend Transactor,0.0574,3.3968,False,1.0.0,0.6
C11624,0,Cash-Advance Reliant,0.3472,5.3069,True,1.0.0,0.45
C11625,1,High-Spend Transactor,0.2029,4.55,True,1.0.0,0.575
C11626,2,Revolving Borrower,0.3176,3.1833,True,1.0.0,0.475
C11627,1,High-Spend Transactor,0.3654,4.5359,True,1.0.0,0.575
C11628,2,Revolving Borrower,0.6558,1.921,True,1.0.0,0.475
C11629,0,Cash-Advance Reliant,0.1201,3.6362,False,1.0.0,0.45
C11630,2,Revolving Borrower,0.6343,2.0647,True,1.0.0,0.475
C11631,2,Revolving Borrower,0.4718,2.8741,True,1.0.0,0.475
C11632,1,High-Spend Transactor,0.2371,3.1765,True,1.0.0,0.575
C11633,0,Cash-Advance Reliant,0.1829,6.5686,True,1.0.0,0.45
C11634,1,High-Spend Transactor,0.2935,4.2426,True,1.0.0,0.575
C11635,1,High-Spend Transactor,0.13,5.6197,False,1.0.0,0.575
C11636,1,High-Spend Transactor,0.1447,4.4611,False,1.0.0,0.575
C11637,1,High-Spend Transactor,0.5149,2.2892,True,1.0.0,0.575
C11638,2,Revolving Borrower,0.0952,6.3918,False,1.0.0,0.475
C11639,1,High-Spend Transactor,0.6544,1.7854,True,1.0.0,0.575
C11640,0,Cash-Advance Reliant,0.0206,4.5043,False,1.0.0,0.375
C11641,1,High-Spend Transactor,0.2947,4.4013,True,1.0.0,0.575
C11642,1,High-Spend Transactor,0.6095,1.9995,True,1.0.0,0.575
C11643,1,High-Spend Transactor,0.5108,2.9297,True,1.0.0,0.575
C11644,1,High-Spend Transactor,0.5253,3.2996,True,1.0.0,0.575
C11645,1,High-Spend Transactor,0.2994,5.5168,True,1.0.0,0.575
C11646,1,High-Spend Transactor,0.5872,2.4215,True,1.0.0,0.575
C11647,1,High-Spend Transactor,0.2914,3.2532,True,1.0.0,0.575
C11648,1,High-Spend Transactor,0.1889,3.313,True,1.0.0,0.575
C11649,2,Revolving Borrower,0.49,2.1841,True,1.0.0,0.475
C11650,1,High-Spend Transactor,0.4464,2.6209,True,1.0.0,0.575
C11651,1,High-Spend Transactor,0.5293,2.9015,True,1.0.0,0.575
C11652,0,Cash-Advance Reliant,0.6779,2.0402,True,1.0.0,0.45
C11653,0,Cash-Advance Reliant,0.7039,1.8156,True,1.0.0,0.45
C11654,1,High-Spend Transactor,0.3978,2.6166,True,1.0.0,0.575
C11655,0,Cash-Advance Reliant,0.4127,2.4948,True,1.0.0,0.45
C11656,1,High-Spend Transactor,0.2042,3.681,True,1.0.0,0.575
C11657,1,High-Spend Transactor,0.0077,7.4049,False,1.0.0,0.525
C11658,2,Revolving Borrower,0.4448,3.0791,True,1.0.0,0.475
C11659,1,High-Spend Transactor,0.5545,2.8679,True,1.0.0,0.575
C11660,2,Revolving Borrower,0.334,3.6313,True,1.0.0,0.475
C11661,2,Revolving Borrower,0.0478,3.7874,False,1.0.0,0.425
C11662,1,High-Spend Transactor,0.2994,4.5125,True,1.0.0,0.6
C11663,1,High-Spend Transactor,0.0335,4.2461,False,1.0.0,0.55
C11664,1,High-Spend Transactor,0.4806,3.7502,True,1.0.0,0.575
C11666,2,Revolving Borrower,0.2853,3.2306,True,1.0.0,0.45
C11667,1,High-Spend Transactor,0.2555,3.5176,True,1.0.0,0.575
C11668,1,High-Spend Transactor,0.3915,2.9388,True,1.0.0,0.575
C11669,1,High-Spend Transactor,0.2062,4.3393,True,1.0.0,0.575
C11670,1,High-Spend Transactor,0.2461,4.5302,True,1.0.0,0.575
C11671,1,High-Spend Transactor,0.165,4.1134,True,1.0.0,0.575
C11672,2,Revolving Borrower,0.0798,5.04,False,1.0.0,0.475
C11673,1,High-Spend Transactor,0.5179,2.7541,True,1.0.0,0.575
C11674,1,High-Spend Transactor,0.6234,1.8739,True,1.0.0,0.575
C11675,0,Cash-Advance Reliant,0.2584,6.704,True,1.0.0,0.45
C11676,2,Revolving Borrower,0.7555,1.1488,True,1.0.0,0.475
C11677,2,Revolving Borrower,0.3851,2.4019,True,1.0.0,0.475
C11678,2,Revolving Borrower,0.5805,2.7446,True,1.0.0,0.475
C11679,1,High-Spend Transactor,0.1764,4.0592,True,1.0.0,0.575
C11680,0,Cash-Advance Reliant,0.0231,4.0312,False,1.0.0,0.35
C11681,0,Cash-Advance Reliant,0.8695,0.8061,True,1.0.0,0.45
C11682,1,High-Spend Transactor,0.5585,2.3809,True,1.0.0,0.575
C11683,0,Cash-Advance Reliant,0.6523,2.0925,True,1.0.0,0.45
C11684,1,High-Spend Transactor,0.1522,4.5228,True,1.0.0,0.575
C11685,2,Revolving Borrower,0.546,3.2402,True,1.0.0,0.475
C11686,1,High-Spend Transactor,0.4014,4.0941,True,1.0.0,0.575
C11687,0,Cash-Advance Reliant,0.584,2.6567,True,1.0.0,0.45
C11688,1,High-Spend Transactor,0.6164,2.2671,True,1.0.0,0.575
C11689,1,High-Spend Transactor,0.2178,4.1587,True,1.0.0,0.575
C11690,0,Cash-Advance Reliant,0.7851,1.3165,True,1.0.0,0.45
C11691,1,High-Spend Transactor,0.0714,4.1153,False,1.0.0,0.525
C11692,1,High-Spend Transactor,0.3313,4.1256,True,1.0.0,0.6
C11693,1,High-Spend Transactor,0.2012,3.7153,True,1.0.0,0.575
C11694,0,Cash-Advance Reliant,0.8324,1.0109,True,1.0.0,0.45
C11695,1,High-Spend Transactor,0.0058,6.6079,False,1.0.0,0.45
C11696,1,High-Spend Transactor,0.0777,4.115,False,1.0.0,0.575
C11697,0,Cash-Advance Reliant,0.7141,1.7723,True,1.0.0,0.45
C11698,1,High-Spend Transactor,0.5266,2.4267,True,1.0.0,0.6
C11699,1,High-Spend Transactor,0.4589,2.3566,True,1.0.0,0.575
C11700,0,Cash-Advance Reliant,0.6442,2.1493,True,1.0.0,0.45
C11701,1,High-Spend Transactor,0.201,3.3749,True,1.0.0,0.575
C11702,0,Cash-Advance Reliant,0.6132,2.3574,True,1.0.0,0.45
C11703,1,High-Spend Transactor,0.3552,3.6278,True,1.0.0,0.575
C11704,1,High-Spend Transactor,0.1909,3.8156,True,1.0.0,0.575
C11705,0,Cash-Advance Reliant,0.2624,6.337,True,1.0.0,0.45
C11706,2,Revolving Borrower,0.7767,1.0803,True,1.0.0,0.475
C11707,2,Revolving Borrower,0.3754,3.5113,True,1.0.0,0.475
C11708,2,Revolving Borrower,0.0047,4.5122,False,1.0.0,0.2
C11709,1,High-Spend Transactor,0.0344,4.5135,False,1.0.0,0.55
C11710,2,Revolving Borrower,0.6702,1.8951,True,1.0.0,0.475
C11711,2,Revolving Borrower,0.165,4.5412,True,1.0.0,0.45
C11712,1,High-Spend Transactor,0.685,1.7069,True,1.0.0,0.575
C11713,0,Cash-Advance Reliant,0.7603,1.4314,True,1.0.0,0.45
C11714,0,Cash-Advance Reliant,0.0554,3.6343,False,1.0.0,0.35
C11715,2,Revolving Borrower,0.5507,2.9901,True,1.0.0,0.475
C11716,0,Cash-Advance Reliant,0.4338,2.6259,True,1.0.0,0.45
C11717,1,High-Spend Transactor,0.2811,4.2855,True,1.0.0,0.575
C11718,1,High-Spend Transactor,0.6882,1.6152,True,1.0.0,0.575
C11719,0,Cash-Advance Reliant,0.7475,1.5323,True,1.0.0,0.45
C11720,1,High-Spend Transactor,0.5125,2.9404,True,1.0.0,0.575
C11721,2,Revolving Borrower,0.0125,4.9848,False,1.0.0,0.2
C11722,2,Revolving Borrower,0.2371,2.8032,True,1.0.0,0.475
C11723,1,High-Spend Transactor,0.4968,2.7957,True,1.0.0,0.575
C11724,1,High-Spend Transactor,0.0276,4.0147,False,1.0.0,0.55
C11725,1,High-Spend Transactor,0.2843,3.4767,True,1.0.0,0.575
C11726,1,High-Spend Transactor,0.4299,3.4234,True,1.0.0,0.575
C11728,1,High-Spend Transactor,0.4609,3.325,True,1.0.0,0.575
C11729,1,High-Spend Transactor,0.4507,3.0063,True,1.0.0,0.6
C11730,2,Revolving Borrower,0.5879,2.2298,True,1.0.0,0.475
C11731,2,Revolving Borrower,0.0732,4.4173,False,1.0.0,0.45
C11732,1,High-Spend Transactor,0.5091,3.2681,True,1.0.0,0.575
C11733,1,High-Spend Transactor,0.3899,3.5159,True,1.0.0,0.6
C11734,0,Cash-Advance Reliant,0.6299,2.4218,True,1.0.0,0.45
C11735,0,Cash-Advance Reliant,0.2081,3.528,True,1.0.0,0.45
C11736,1,High-Spend Transactor,0.4531,2.7802,True,1.0.0,0.575
C11737,0,Cash-Advance Reliant,0.7624,1.4891,True,1.0.0,0.45
C11738,0,Cash-Advance Reliant,0.4638,3.6114,True,1.0.0,0.45
C11739,2,Revolving Borrower,0.5832,1.8902,True,1.0.0,0.475
C11740,1,High-Spend Transactor,0.5646,2.4104,True,1.0.0,0.575
C11741,0,Cash-Advance Reliant,0.6496,2.142,True,1.0.0,0.45
C11742,1,High-Spend Transactor,0.5277,2.9121,True,1.0.0,0.575
C11743,0,Cash-Advance Reliant,0.6767,1.9341,True,1.0.0,0.45
C11744,0,Cash-Advance Reliant,0.5971,2.4119,True,1.0.0,0.45
C11745,2,Revolving Borrower,0.66,2.1364,True,1.0.0,0.475
C11746,1,High-Spend Transactor,0.5167,2.9583,True,1.0.0,0.575
C11747,1,High-Spend Transactor,0.419,3.4155,True,1.0.0,0.575
C11749,2,Revolving Borrower,0.0416,3.5252,False,1.0.0,0.475
C11750,1,High-Spend Transactor,0.5197,3.3101,True,1.0.0,0.575
C11751,2,Revolving Borrower,0.3901,2.2564,True,1.0.0,0.475
C11752,1,High-Spend Transactor,0.1726,4.2082,True,1.0.0,0.575
C11753,2,Revolving Borrower,0.0721,5.3899,False,1.0.0,0.475
C11754,2,Revolving Borrower,0.7587,1.1815,True,1.0.0,0.475
C11755,2,Revolving Borrower,0.412,3.284,True,1.0.0,0.475
C11756,0,Cash-Advance Reliant,0.6009,2.4196,True,1.0.0,0.45
C11757,0,Cash-Advance Reliant,0.7287,1.6265,True,1.0.0,0.45
C11758,1,High-Spend Transactor,0.1079,4.0945,False,1.0.0,0.525
C11759,1,High-Spend Transactor,0.3568,2.8424,True,1.0.0,0.575
C11760,1,High-Spend Transactor,0.0428,4.5094,False,1.0.0,0.55
C11761,0,Cash-Advance Reliant,0.7499,1.4772,True,1.0.0,0.45
C11762,0,Cash-Advance Reliant,0.5443,2.8399,True,1.0.0,0.45
C11763,1,High-Spend Transactor,0.3317,3.7653,True,1.0.0,0.575
C11764,1,High-Spend Transactor,0.2565,3.0821,True,1.0.0,0.575
C11765,1,High-Spend Transactor,0.2083,4.7093,True,1.0.0,0.575
C11766,2,Revolving Borrower,0.4147,4.1731,True,1.0.0,0.475
C11767,1,High-Spend Transactor,0.4697,3.1091,True,1.0.0,0.575
C11768,0,Cash-Advance Reliant,0.6809,1.9481,True,1.0.0,0.45
C11769,0,Cash-Advance Reliant,0.3894,4.2531,True,1.0.0,0.45
C11770,2,Revolving Borrower,0.5007,3.0727,True,1.0.0,0.475
C11771,1,High-Spend Transactor,0.651,1.8051,True,1.0.0,0.575
C11773,2,Revolving Borrower,0.3867,2.8992,True,1.0.0,0.475
C11774,1,High-Spend Transactor,0.3155,4.3982,True,1.0.0,0.6
C11775,0,Cash-Advance Reliant,0.7,1.7819,True,1.0.0,0.45
C11776,1,High-Spend Transactor,0.3773,3.5441,True,1.0.0,0.575
C11777,2,Revolving Borrower,0.022,4.8718,False,1.0.0,0.35
C11778,1,High-Spend Transactor,0.0768,4.4112,False,1.0.0,0.525
C11779,2,Revolving Borrower,0.4334,3.1781,True,1.0.0,0.475
C11780,1,High-Spend Transactor,0.4973,3.0908,True,1.0.0,0.575
C11781,0,Cash-Advance Reliant,0.8171,1.0921,True,1.0.0,0.45
C11782,0,Cash-Advance Reliant,0.2319,6.9155,True,1.0.0,0.45
C11784,1,High-Spend Transactor,0.3071,4.2125,True,1.0.0,0.575
C11785,1,High-Spend Transactor,0.4797,2.4594,True,1.0.0,0.575
C11786,1,High-Spend Transactor,0.2965,3.9735,True,1.0.0,0.575
C11787,2,Revolving Borrower,0.1155,4.7076,False,1.0.0,0.475
C11788,0,Cash-Advance Reliant,0.7958,1.2468,True,1.0.0,0.45
C11789,1,High-Spend Transactor,0.2687,4.0137,True,1.0.0,0.575
C11790,2,Revolving Borrower,0.2893,3.0822,True,1.0.0,0.475
C11791,0,Cash-Advance Reliant,0.4463,3.8891,True,1.0.0,0.45
C11792,1,High-Spend Transactor,0.5482,2.3886,True,1.0.0,0.575
C11794,0,Cash-Advance Reliant,0.7337,1.602,True,1.0.0,0.45
C11795,2,Revolving Borrower,0.3937,3.4115,True,1.0.0,0.475
C11796,1,High-Spend Transactor,0.3155,3.8361,True,1.0.0,0.575
C11797,1,High-Spend Transactor,0.3993,3.0521,True,1.0.0,0.575
C11798,2,Revolving Borrower,0.3074,3.5082,True,1.0.0,0.475
C11799,0,Cash-Advance Reliant,0.7103,1.7158,True,1.0.0,0.45
C11800,2,Revolving Borrower,0.5524,2.9645,True,1.0.0,0.475
C11801,1,High-Spend Transactor,0.4232,3.2235,True,1.0.0,0.6
C11802,1,High-Spend Transactor,0.3858,3.9324,True,1.0.0,0.575
C11803,1,High-Spend Transactor,0.5674,2.2524,True,1.0.0,0.6
C11804,1,High-Spend Transactor,0.382,3.2112,True,1.0.0,0.575
C11805,1,High-Spend Transactor,0.1177,4.3982,False,1.0.0,0.575
C11806,1,High-Spend Transactor,0.3798,3.4808,True,1.0.0,0.575
C11807,1,High-Spend Transactor,0.4881,3.4683,True,1.0.0,0.575
C11808,2,Revolving Borrower,0.3775,3.3909,True,1.0.0,0.475
C11809,0,Cash-Advance Reliant,0.2748,6.3716,True,1.0.0,0.45
C11810,1,High-Spend Transactor,0.105,4.2446,False,1.0.0,0.575
C11811,2,Revolving Borrower,0.0139,4.3547,False,1.0.0,0.4
C11813,1,High-Spend Transactor,0.3007,4.1473,True,1.0.0,0.575
C11814,1,High-Spend Transactor,0.1301,5.7033,False,1.0.0,0.575
C11815,2,Revolving Borrower,0.4127,3.106,True,1.0.0,0.475
C11816,2,Revolving Borrower,0.5375,2.7442,True,1.0.0,0.475
C11817,1,High-Spend Transactor,0.3431,3.1529,True,1.0.0,0.575
C11818,1,High-Spend Transactor,0.2792,3.6644,True,1.0.0,0.575
C11819,2,Revolving Borrower,0.3994,4.511,True,1.0.0,0.475
C11820,0,Cash-Advance Reliant,0.421,3.694,True,1.0.0,0.45
C11821,1,High-Spend Transactor,0.5072,3.2967,True,1.0.0,0.575
C11822,2,Revolving Borrower,0.6492,2.0004,True,1.0.0,0.475
C11823,1,High-Spend Transactor,0.2317,3.475,True,1.0.0,0.575
C11824,1,High-Spend Transactor,0.4679,2.9341,True,1.0.0,0.6
C11825,1,High-Spend Transactor,0.101,6.0927,False,1.0.0,0.575
C11826,0,Cash-Advance Reliant,0.0077,5.1827,False,1.0.0,0.375
C11827,2,Revolving Borrower,0.086,5.0652,False,1.0.0,0.475
C11828,1,High-Spend Transactor,0.1415,4.0643,False,1.0.0,0.575
C11829,2,Revolving Borrower,0.629,1.9595,True,1.0.0,0.475
C11830,1,High-Spend Transactor,0.5134,2.2457,True,1.0.0,0.575
C11831,1,High-Spend Transactor,0.3593,2.8277,True,1.0.0,0.575
C11832,2,Revolving Borrower,0.1001,4.6896,False,1.0.0,0.475
C11833,1,High-Spend Transactor,0.5389,2.767,True,1.0.0,0.575
C11834,0,Cash-Advance Reliant,0.7102,1.8112,True,1.0.0,0.45
C11835,1,High-Spend Transactor,0.0871,4.079,False,1.0.0,0.55
C11836,0,Cash-Advance Reliant,0.8248,1.0466,True,1.0.0,0.45
C11837,0,Cash-Advance Reliant,0.6356,2.202,True,1.0.0,0.45
C11838,0,Cash-Advance Reliant,0.4743,3.2641,True,1.0.0,0.45
C11839,0,Cash-Advance Reliant,0.373,4.4507,True,1.0.0,0.45
C11840,2,Revolving Borrower,0.4897,2.0285,True,1.0.0,0.475
C11841,2,Revolving Borrower,0.4327,4.0782,True,1.0.0,0.475
C11842,1,High-Spend Transactor,0.4183,3.4501,True,1.0.0,0.6
C11843,0,Cash-Advance Reliant,0.7685,1.4134,True,1.0.0,0.45
C11844,2,Revolving Borrower,0.0863,4.7962,False,1.0.0,0.475
C11845,2,Revolving Borrower,0.0993,3.3998,False,1.0.0,0.45
C11846,0,Cash-Advance Reliant,0.8487,0.9076,True,1.0.0,0.45
C11847,2,Revolving Borrower,0.3037,3.4333,True,1.0.0,0.45
C11848,2,Revolving Borrower,0.4453,2.8961,True,1.0.0,0.475
C11849,0,Cash-Advance Reliant,0.7079,1.7673,True,1.0.0,0.45
C11850,1,High-Spend Transactor,0.2473,4.0316,True,1.0.0,0.575
C11851,1,High-Spend Transactor,0.3677,3.5768,True,1.0.0,0.575
C11852,1,High-Spend Transactor,0.1943,3.4122,True,1.0.0,0.575
C11853,1,High-Spend Transactor,0.4068,3.8589,True,1.0.0,0.575
C11854,1,High-Spend Transactor,0.1104,4.3827,False,1.0.0,0.575
C11855,0,Cash-Advance Reliant,0.5505,2.7517,True,1.0.0,0.45
C11856,1,High-Spend Transactor,0.2391,3.5939,True,1.0.0,0.575
C11857,2,Revolving Borrower,0.0314,4.4195,False,1.0.0,0.325
C11858,0,Cash-Advance Reliant,0.5754,1.9631,True,1.0.0,0.45
C11859,0,Cash-Advance Reliant,0.6521,2.0404,True,1.0.0,0.45
C11860,0,Cash-Advance Reliant,0.7247,1.7167,True,1.0.0,0.45
C11861,0,Cash-Advance Reliant,0.5666,2.6564,True,1.0.0,0.45
C11862,0,Cash-Advance Reliant,0.7629,1.4453,True,1.0.0,0.45
C11863,1,High-Spend Transactor,0.1562,4.4218,True,1.0.0,0.575
C11864,0,Cash-Advance Reliant,0.0083,4.7961,False,1.0.0,0.35
C11865,1,High-Spend Transactor,0.1564,4.0096,True,1.0.0,0.575
C11866,1,High-Spend Transactor,0.6269,1.8935,True,1.0.0,0.575
C11867,1,High-Spend Transactor,0.2012,4.3653,True,1.0.0,0.575
C11868,2,Revolving Borrower,0.3507,2.7031,True,1.0.0,0.45
C11869,1,High-Spend Transactor,0.4427,2.7484,True,1.0.0,0.575
C11870,0,Cash-Advance Reliant,0.5966,2.4385,True,1.0.0,0.45
C11871,0,Cash-Advance Reliant,0.4762,3.2821,True,1.0.0,0.45
C11872,1,High-Spend Transactor,0.3511,3.6029,True,1.0.0,0.575
C11873,2,Revolving Borrower,0.5037,2.4693,True,1.0.0,0.475
C11874,1,High-Spend Transactor,0.4969,2.7452,True,1.0.0,0.575
C11875,1,High-Spend Transactor,0.1742,3.7059,True,1.0.0,0.575
C11876,0,Cash-Advance Reliant,0.2999,2.8889,True,1.0.0,0.45
C11877,2,Revolving Borrower,0.4857,3.7888,True,1.0.0,0.475
C11878,0,Cash-Advance Reliant,0.7186,1.688,True,1.0.0,0.45
C11879,0,Cash-Advance Reliant,0.2312,6.515,True,1.0.0,0.45
C11880,1,High-Spend Transactor,0.2133,3.3396,True,1.0.0,0.575
C11881,1,High-Spend Transactor,0.5776,2.2847,True,1.0.0,0.575
C11882,2,Revolving Borrower,0.385,3.071,True,1.0.0,0.475
C11883,1,High-Spend Transactor,0.4401,2.7612,True,1.0.0,0.575
C11884,1,High-Spend Transactor,0.0422,4.4257,False,1.0.0,0.55
C11885,0,Cash-Advance Reliant,0.7016,1.9839,True,1.0.0,0.45
C11886,2,Revolving Borrower,0.0257,3.746,False,1.0.0,0.325
C11887,1,High-Spend Transactor,0.0525,4.1477,False,1.0.0,0.55
C11888,1,High-Spend Transactor,0.5136,2.5604,True,1.0.0,0.575
C11889,2,Revolving Borrower,0.6114,2.2527,True,1.0.0,0.475
C11890,1,High-Spend Transactor,0.4204,3.6546,True,1.0.0,0.575
C11892,0,Cash-Advance Reliant,0.6771,1.9409,True,1.0.0,0.45
C11893,0,Cash-Advance Reliant,0.0459,4.0276,False,1.0.0,0.425
C11894,1,High-Spend Transactor,0.5255,3.1648,True,1.0.0,0.575
C11895,1,High-Spend Transactor,0.5762,2.34,True,1.0.0,0.575
C11896,2,Revolving Borrower,0.4154,3.3558,True,1.0.0,0.475
C11897,1,High-Spend Transactor,0.0745,4.5704,False,1.0.0,0.55
C11898,1,High-Spend Transactor,0.5185,2.5875,True,1.0.0,0.575
C11899,1,High-Spend Transactor,0.6108,2.2872,True,1.0.0,0.575
C11900,1,High-Spend Transactor,0.1719,4.7646,True,1.0.0,0.575
C11901,2,Revolving Borrower,0.4807,2.5826,True,1.0.0,0.475
C11902,2,Revolving Borrower,0.3561,3.4321,True,1.0.0,0.475
C11903,2,Revolving Borrower,0.0066,4.5756,False,1.0.0,0.175
C11904,1,High-Spend Transactor,0.3126,5.3941,True,1.0.0,0.575
C11905,1,High-Spend Transactor,0.0559,4.7605,False,1.0.0,0.55
C11906,2,Revolving Borrower,0.5485,2.717,True,1.0.0,0.475
C11907,0,Cash-Advance Reliant,0.4492,3.9579,True,1.0.0,0.45
C11908,1,High-Spend Transactor,0.8271,0.847,True,1.0.0,0.575
C11909,1,High-Spend Transactor,0.556,2.4547,True,1.0.0,0.575
C11910,1,High-Spend Transactor,0.5026,2.6382,True,1.0.0,0.575
C11911,1,High-Spend Transactor,0.1702,4.3196,True,1.0.0,0.575
C11912,2,Revolving Borrower,0.4214,4.3178,True,1.0.0,0.475
C11913,2,Revolving Borrower,0.5127,2.5235,True,1.0.0,0.475
C11914,0,Cash-Advance Reliant,0.2544,2.8943,True,1.0.0,0.45
C11915,0,Cash-Advance Reliant,0.1976,3.2064,True,1.0.0,0.45
C11916,1,High-Spend Transactor,0.6724,1.4756,True,1.0.0,0.575
C11917,0,Cash-Advance Reliant,0.7609,1.4008,True,1.0.0,0.45
C11918,2,Revolving Borrower,0.4125,2.6808,True,1.0.0,0.475
C11919,0,Cash-Advance Reliant,0.5854,2.5353,True,1.0.0,0.45
C11920,1,High-Spend Transactor,0.2179,3.1052,True,1.0.0,0.575
C11921,1,High-Spend Transactor,0.5138,2.6192,True,1.0.0,0.575
C11922,1,High-Spend Transactor,0.4216,3.4522,True,1.0.0,0.575
C11924,2,Revolving Borrower,0.3282,3.2914,True,1.0.0,0.475
C11925,1,High-Spend Transactor,0.5318,3.0491,True,1.0.0,0.575
C11926,2,Revolving Borrower,0.6476,2.1207,True,1.0.0,0.475
C11927,1,High-Spend Transactor,0.5568,2.4137,True,1.0.0,0.575
C11928,0,Cash-Advance Reliant,0.7294,1.7033,True,1.0.0,0.45
C11929,2,Revolving Borrower,0.5542,2.7085,True,1.0.0,0.475
C11930,1,High-Spend Transactor,0.5478,2.9098,True,1.0.0,0.575
C11931,0,Cash-Advance Reliant,0.6837,1.998,True,1.0.0,0.45
C11932,1,High-Spend Transactor,0.105,4.6333,False,1.0.0,0.575
C11933,1,High-Spend Transactor,0.4151,3.4676,True,1.0.0,0.575
C11934,0,Cash-Advance Reliant,0.6564,2.1143,True,1.0.0,0.45
C11935,1,High-Spend Transactor,0.6632,1.838,True,1.0.0,0.575
C11936,0,Cash-Advance Reliant,0.8287,1.0316,True,1.0.0,0.45
C11937,1,High-Spend Transactor,0.3526,3.06,True,1.0.0,0.575
C11938,1,High-Spend Transactor,0.5628,2.4425,True,1.0.0,0.575
C11939,0,Cash-Advance Reliant,0.6473,2.3244,True,1.0.0,0.45
C11940,1,High-Spend Transactor,0.5166,2.867,True,1.0.0,0.575
C11941,1,High-Spend Transactor,0.5519,2.9475,True,1.0.0,0.575
C11942,1,High-Spend Transactor,0.3243,3.0092,True,1.0.0,0.575
C11943,2,Revolving Borrower,0.7134,1.7103,True,1.0.0,0.475
C11944,1,High-Spend Transactor,0.3118,3.8655,True,1.0.0,0.575
C11945,0,Cash-Advance Reliant,0.194,3.1301,True,1.0.0,0.45
C11946,1,High-Spend Transactor,0.5595,2.0723,True,1.0.0,0.6
C11947,1,High-Spend Transactor,0.2213,3.4812,True,1.0.0,0.575
C11948,0,Cash-Advance Reliant,0.4236,4.1137,True,1.0.0,0.45
C11949,1,High-Spend Transactor,0.3753,4.091,True,1.0.0,0.575
C11950,1,High-Spend Transactor,0.7025,1.4262,True,1.0.0,0.575
C11951,1,High-Spend Transactor,0.5451,2.8178,True,1.0.0,0.575
C11952,0,Cash-Advance Reliant,0.6141,2.5594,True,1.0.0,0.45
C11953,1,High-Spend Transactor,0.4206,4.033,True,1.0.0,0.575
C11954,1,High-Spend Transactor,0.2979,3.4674,True,1.0.0,0.575
C11955,1,High-Spend Transactor,0.1187,4.0103,False,1.0.0,0.55
C11956,0,Cash-Advance Reliant,0.5823,1.787,True,1.0.0,0.45
C11957,0,Cash-Advance Reliant,0.6668,2.0893,True,1.0.0,0.45
C11958,2,Revolving Borrower,0.2683,4.1245,True,1.0.0,0.475
C11959,2,Revolving Borrower,0.0783,3.594,False,1.0.0,0.475
C11960,1,High-Spend Transactor,0.6058,2.2248,True,1.0.0,0.575
C11961,1,High-Spend Transactor,0.3336,3.6107,True,1.0.0,0.575
C11962,1,High-Spend Transactor,0.4884,3.352,True,1.0.0,0.575
C11963,0,Cash-Advance Reliant,0.7227,1.6139,True,1.0.0,0.45
C11964,1,High-Spend Transactor,0.1486,3.7114,False,1.0.0,0.575
C11965,2,Revolving Borrower,0.4554,3.2666,True,1.0.0,0.475
C11966,0,Cash-Advance Reliant,0.5368,2.85,True,1.0.0,0.45
C11967,0,Cash-Advance Reliant,0.5157,2.9725,True,1.0.0,0.45
C11968,1,High-Spend Transactor,0.4395,2.8685,True,1.0.0,0.575
C11969,2,Revolving Borrower,0.3599,2.6471,True,1.0.0,0.45
C11970,1,High-Spend Transactor,0.5115,2.8539,True,1.0.0,0.575
C11971,2,Revolving Borrower,0.4624,3.2119,True,1.0.0,0.475
C11972,1,High-Spend Transactor,0.3682,2.7902,True,1.0.0,0.575
C11973,1,High-Spend Transactor,0.5192,2.154,True,1.0.0,0.575
C11974,2,Revolving Borrower,0.0742,5.1304,False,1.0.0,0.475
C11975,2,Revolving Borrower,0.4464,3.3924,True,1.0.0,0.475
C11976,1,High-Spend Transactor,0.6751,1.6855,True,1.0.0,0.575
C11977,2,Revolving Borrower,0.5945,2.2734,True,1.0.0,0.475
C11978,0,Cash-Advance Reliant,0.7814,1.3023,True,1.0.0,0.45
C11979,2,Revolving Borrower,0.6134,2.2277,True,1.0.0,0.475
C11980,1,High-Spend Transactor,0.3601,2.8941,True,1.0.0,0.575
C11981,0,Cash-Advance Reliant,0.6078,2.3847,True,1.0.0,0.45
C11982,0,Cash-Advance Reliant,0.4306,3.6467,True,1.0.0,0.45
C11983,2,Revolving Borrower,0.5651,2.3604,True,1.0.0,0.475
C11984,2,Revolving Borrower,0.4903,2.155,True,1.0.0,0.475
C11985,2,Revolving Borrower,0.3426,3.7317,True,1.0.0,0.475
C11986,0,Cash-Advance Reliant,0.5268,2.912,True,1.0.0,0.45
C11987,0,Cash-Advance Reliant,0.1487,3.5628,False,1.0.0,0.45
C11988,1,High-Spend Transactor,0.5482,2.7798,True,1.0.0,0.575
C11989,2,Revolving Borrower,0.0119,5.3864,False,1.0.0,0.475
C11990,0,Cash-Advance Reliant,0.7368,1.6313,True,1.0.0,0.45
C11991,1,High-Spend Transactor,0.7106,1.3476,True,1.0.0,0.575
C11992,2,Revolving Borrower,0.6663,1.9296,True,1.0.0,0.475
C11993,1,High-Spend Transactor,0.3497,3.2623,True,1.0.0,0.575
C11994,0,Cash-Advance Reliant,0.743,1.5748,True,1.0.0,0.45
C11995,0,Cash-Advance Reliant,0.6789,2.0519,True,1.0.0,0.45
C11996,0,Cash-Advance Reliant,0.8151,1.0894,True,1.0.0,0.45
C11997,0,Cash-Advance Reliant,0.5482,2.9944,True,1.0.0,0.45
C11998,2,Revolving Borrower,0.554,3.0061,True,1.0.0,0.475
C11999,0,Cash-Advance Reliant,0.6676,2.0271,True,1.0.0,0.45
C12000,0,Cash-Advance Reliant,0.5484,3.0069,True,1.0.0,0.45
C12001,1,High-Spend Transactor,0.6083,2.0738,True,1.0.0,0.575
C12002,2,Revolving Borrower,0.0119,4.8799,False,1.0.0,0.525
C12004,0,Cash-Advance Reliant,0.0104,5.4217,False,1.0.0,0.4
C12005,0,Cash-Advance Reliant,0.0058,5.4747,False,1.0.0,0.325
C12006,2,Revolving Borrower,0.4364,4.4221,True,1.0.0,0.475
C12007,2,Revolving Borrower,0.5899,2.566,True,1.0.0,0.475
C12008,1,High-Spend Transactor,0.2237,3.9312,True,1.0.0,0.575
C12009,1,High-Spend Transactor,0.5409,2.0051,True,1.0.0,0.575
C12010,1,High-Spend Transactor,0.5192,3.3071,True,1.0.0,0.575
C12011,1,High-Spend Transactor,0.5015,2.7106,True,1.0.0,0.6
C12012,2,Revolving Borrower,0.6421,1.9583,True,1.0.0,0.475
C12013,0,Cash-Advance Reliant,0.6582,2.1042,True,1.0.0,0.45
C12014,0,Cash-Advance Reliant,0.6272,2.2894,True,1.0.0,0.45
C12015,1,High-Spend Transactor,0.3063,3.007,True,1.0.0,0.575
C12016,1,High-Spend Transactor,0.1186,4.3735,False,1.0.0,0.575
C12017,2,Revolving Borrower,0.6103,2.2679,True,1.0.0,0.475
C12018,0,Cash-Advance Reliant,0.4749,2.9808,True,1.0.0,0.45
C12019,1,High-Spend Transactor,0.4313,3.3098,True,1.0.0,0.575
C12020,2,Revolving Borrower,0.6387,2.2357,True,1.0.0,0.475
C12021,1,High-Spend Transactor,0.1655,4.5556,True,1.0.0,0.575
C12022,1,High-Spend Transactor,0.029,4.0566,False,1.0.0,0.55
C12023,1,High-Spend Transactor,0.8001,0.9502,True,1.0.0,0.575
C12024,1,High-Spend Transactor,0.0609,4.9686,False,1.0.0,0.55
C12025,0,Cash-Advance Reliant,0.4129,2.7396,True,1.0.0,0.45
C12026,2,Revolving Borrower,0.3784,3.419,True,1.0.0,0.475
C12027,1,High-Spend Transactor,0.4894,2.7421,True,1.0.0,0.575
C12028,0,Cash-Advance Reliant,0.6462,2.2731,True,1.0.0,0.45
C12029,0,Cash-Advance Reliant,0.8279,1.0157,True,1.0.0,0.45
C12030,1,High-Spend Transactor,0.5282,2.8542,True,1.0.0,0.575
C12031,1,High-Spend Transactor,0.2165,3.761,True,1.0.0,0.575
C12032,0,Cash-Advance Reliant,0.3328,3.7568,True,1.0.0,0.45
C12033,1,High-Spend Transactor,0.508,3.2633,True,1.0.0,0.575
C12034,0,Cash-Advance Reliant,0.6112,2.4223,True,1.0.0,0.45
C12035,2,Revolving Borrower,0.3975,2.6227,True,1.0.0,0.475
C12036,1,High-Spend Transactor,0.3406,2.8388,True,1.0.0,0.575
C12037,0,Cash-Advance Reliant,0.818,1.1308,True,1.0.0,0.45
C12038,1,High-Spend Transactor,0.5194,2.5181,True,1.0.0,0.575
C12039,2,Revolving Borrower,0.252,3.6052,True,1.0.0,0.475
C12040,1,High-Spend Transactor,0.7159,1.4924,True,1.0.0,0.575
C12041,1,High-Spend Transactor,0.3977,5.2882,True,1.0.0,0.575
C12042,1,High-Spend Transactor,0.3996,3.0487,True,1.0.0,0.575
C12043,0,Cash-Advance Reliant,0.4093,2.6074,True,1.0.0,0.45
C12044,1,High-Spend Transactor,0.1967,4.1806,True,1.0.0,0.575
C12045,1,High-Spend Transactor,0.6574,1.8661,True,1.0.0,0.575
C12046,2,Revolving Borrower,0.5201,3.5729,True,1.0.0,0.475
C12047,0,Cash-Advance Reliant,0.6918,1.8199,True,1.0.0,0.45
C12048,1,High-Spend Transactor,0.5176,2.8583,True,1.0.0,0.575
C12049,2,Revolving Borrower,0.0642,4.4644,False,1.0.0,0.475
C12050,0,Cash-Advance Reliant,0.7966,1.2186,True,1.0.0,0.45
C12051,0,Cash-Advance Reliant,0.4416,3.4702,True,1.0.0,0.45
C12052,1,High-Spend Transactor,0.1139,4.6761,False,1.0.0,0.575
C12053,1,High-Spend Transactor,0.1358,4.2591,False,1.0.0,0.575
C12054,1,High-Spend Transactor,0.0864,5.7385,False,1.0.0,0.575
C12055,0,Cash-Advance Reliant,0.3331,2.7189,True,1.0.0,0.45
C12056,1,High-Spend Transactor,0.0423,4.8341,False,1.0.0,0.525
C12057,0,Cash-Advance Reliant,0.1258,3.4316,False,1.0.0,0.45
C12058,1,High-Spend Transactor,0.2426,4.621,True,1.0.0,0.575
C12059,1,High-Spend Transactor,0.0075,4.828,False,1.0.0,0.525
C12060,2,Revolving Borrower,0.614,1.8404,True,1.0.0,0.475
C12061,0,Cash-Advance Reliant,0.7096,1.8074,True,1.0.0,0.45
C12062,1,High-Spend Transactor,0.7147,1.5795,True,1.0.0,0.575
C12063,0,Cash-Advance Reliant,0.3996,4.2752,True,1.0.0,0.45
C12064,0,Cash-Advance Reliant,0.529,2.8861,True,1.0.0,0.45
C12065,0,Cash-Advance Reliant,0.7257,1.6784,True,1.0.0,0.45
C12066,0,Cash-Advance Reliant,0.5098,3.0756,True,1.0.0,0.45
C12067,1,High-Spend Transactor,0.4296,2.4559,True,1.0.0,0.575
C12068,1,High-Spend Transactor,0.2959,3.9225,True,1.0.0,0.6
C12069,1,High-Spend Transactor,0.025,4.9912,False,1.0.0,0.55
C12070,2,Revolving Borrower,0.1831,3.6547,True,1.0.0,0.475
C12071,0,Cash-Advance Reliant,0.6908,1.9352,True,1.0.0,0.45
C12072,1,High-Spend Transactor,0.5037,2.29,True,1.0.0,0.575
C12073,2,Revolving Borrower,0.4903,2.4713,True,1.0.0,0.475
C12074,1,High-Spend Transactor,0.4935,2.5501,True,1.0.0,0.575
C12075,1,High-Spend Transactor,0.4144,2.8081,True,1.0.0,0.575
C12076,1,High-Spend Transactor,0.302,3.0452,True,1.0.0,0.575
C12077,0,Cash-Advance Reliant,0.5367,2.8328,True,1.0.0,0.45
C12078,2,Revolving Borrower,0.0305,5.4777,False,1.0.0,0.325
C12079,2,Revolving Borrower,0.5399,2.3947,True,1.0.0,0.475
C12080,1,High-Spend Transactor,0.3214,4.3339,True,1.0.0,0.575
C12081,2,Revolving Borrower,0.6175,2.0172,True,1.0.0,0.475
C12082,0,Cash-Advance Reliant,0.773,1.356,True,1.0.0,0.45
C12083,2,Revolving Borrower,0.3211,3.8201,True,1.0.0,0.475
C12084,1,High-Spend Transactor,0.4867,2.4836,True,1.0.0,0.575
C12085,1,High-Spend Transactor,0.3189,3.2903,True,1.0.0,0.575
C12086,2,Revolving Borrower,0.4446,3.1076,True,1.0.0,0.475
C12087,1,High-Spend Transactor,0.2056,4.8429,True,1.0.0,0.575
C12088,1,High-Spend Transactor,0.0403,5.141,False,1.0.0,0.55
C12089,1,High-Spend Transactor,0.1583,6.5197,True,1.0.0,0.575
C12090,1,High-Spend Transactor,0.1756,6.4387,True,1.0.0,0.575
C12091,2,Revolving Borrower,0.5353,2.6765,True,1.0.0,0.475
C12092,1,High-Spend Transactor,0.31,4.2205,True,1.0.0,0.575
C12093,1,High-Spend Transactor,0.6033,1.9933,True,1.0.0,0.575
C12094,1,High-Spend Transactor,0.4651,2.5682,True,1.0.0,0.575
C12095,2,Revolving Borrower,0.4192,2.7522,True,1.0.0,0.475
C12096,1,High-Spend Transactor,0.5676,2.3481,True,1.0.0,0.575
C12097,2,Revolving Borrower,0.5835,2.2978,True,1.0.0,0.475
C12098,0,Cash-Advance Reliant,0.8431,0.9502,True,1.0.0,0.45
C12099,0,Cash-Advance Reliant,0.6736,1.9409,True,1.0.0,0.45
C12100,2,Revolving Borrower,0.5144,2.1048,True,1.0.0,0.475
C12101,0,Cash-Advance Reliant,0.5283,2.9453,True,1.0.0,0.45
C12102,0,Cash-Advance Reliant,0.2998,3.2359,True,1.0.0,0.45
C12103,2,Revolving Borrower,0.6104,2.2691,True,1.0.0,0.475
C12104,1,High-Spend Transactor,0.3248,3.6438,True,1.0.0,0.575
C12105,1,High-Spend Transactor,0.2569,3.9128,True,1.0.0,0.6
C12107,0,Cash-Advance Reliant,0.4156,2.3944,True,1.0.0,0.45
C12108,0,Cash-Advance Reliant,0.5861,2.1832,True,1.0.0,0.45
C12109,2,Revolving Borrower,0.2114,3.1175,True,1.0.0,0.45
C12110,2,Revolving Borrower,0.4738,3.7241,True,1.0.0,0.475
C12111,1,High-Spend Transactor,0.3717,3.6017,True,1.0.0,0.575
C12112,2,Revolving Borrower,0.031,3.7144,False,1.0.0,0.475
C12113,0,Cash-Advance Reliant,0.6821,2.0066,True,1.0.0,0.45
C12114,0,Cash-Advance Reliant,0.6546,2.0119,True,1.0.0,0.45
C12115,2,Revolving Borrower,0.0836,5.1797,False,1.0.0,0.475
C12116,1,High-Spend Transactor,0.4553,4.0664,True,1.0.0,0.575
C12117,1,High-Spend Transactor,0.2383,3.4118,True,1.0.0,0.575
C12118,1,High-Spend Transactor,0.0661,4.54,False,1.0.0,0.55
C12119,1,High-Spend Transactor,0.0815,4.387,False,1.0.0,0.55
C12120,0,Cash-Advance Reliant,0.794,1.3015,True,1.0.0,0.45
C12121,1,High-Spend Transactor,0.4631,2.312,True,1.0.0,0.575
C12122,0,Cash-Advance Reliant,0.2305,3.0352,True,1.0.0,0.45
C12124,1,High-Spend Transactor,0.139,4.0145,False,1.0.0,0.575
C12125,1,High-Spend Transactor,0.0196,7.7325,False,1.0.0,0.575
C12127,0,Cash-Advance Reliant,0.5151,3.2614,True,1.0.0,0.45
C12128,0,Cash-Advance Reliant,0.7137,1.7799,True,1.0.0,0.45
C12129,0,Cash-Advance Reliant,0.0399,4.8176,False,1.0.0,0.45
C12130,1,High-Spend Transactor,0.2226,4.1255,True,1.0.0,0.575
C12131,0,Cash-Advance Reliant,0.0766,3.6838,False,1.0.0,0.45
C12132,1,High-Spend Transactor,0.2858,3.5794,True,1.0.0,0.575
C12133,1,High-Spend Transactor,0.4384,3.2342,True,1.0.0,0.575
C12134,1,High-Spend Transactor,0.2631,4.921,True,1.0.0,0.575
C12135,1,High-Spend Transactor,0.0682,2.8736,False,1.0.0,0.575
C12136,0,Cash-Advance Reliant,0.6236,2.291,True,1.0.0,0.45
C12137,1,High-Spend Transactor,0.2537,3.8197,True,1.0.0,0.575
C12138,2,Revolving Borrower,0.3013,3.1611,True,1.0.0,0.45
C12139,1,High-Spend Transactor,0.4175,3.6124,True,1.0.0,0.575
C12140,2,Revolving Borrower,0.3822,3.5436,True,1.0.0,0.475
C12141,0,Cash-Advance Reliant,0.5821,2.4113,True,1.0.0,0.45
C12142,1,High-Spend Transactor,0.557,2.7331,True,1.0.0,0.575
C12143,1,High-Spend Transactor,0.0281,4.8739,False,1.0.0,0.55
C12144,1,High-Spend Transactor,0.3149,3.5614,True,1.0.0,0.575
C12145,2,Revolving Borrower,0.5392,3.0946,True,1.0.0,0.475
C12146,2,Revolving Borrower,0.5826,2.4495,True,1.0.0,0.475
C12147,1,High-Spend Transactor,0.2846,3.0164,True,1.0.0,0.575
C12148,1,High-Spend Transactor,0.1883,3.6305,True,1.0.0,0.575
C12149,0,Cash-Advance Reliant,0.6894,1.9157,True,1.0.0,0.45
C12150,1,High-Spend Transactor,0.3325,3.019,True,1.0.0,0.575
C12151,1,High-Spend Transactor,0.2732,3.9763,True,1.0.0,0.575
C12152,2,Revolving Borrower,0.7259,1.5149,True,1.0.0,0.475
C12153,2,Revolving Borrower,0.5763,2.1642,True,1.0.0,0.475
C12154,2,Revolving Borrower,0.0896,4.845,False,1.0.0,0.475
C12155,0,Cash-Advance Reliant,0.7695,1.3888,True,1.0.0,0.45
C12156,2,Revolving Borrower,0.23,3.6255,True,1.0.0,0.45
C12157,0,Cash-Advance Reliant,0.4011,4.5112,True,1.0.0,0.45
C12158,2,Revolving Borrower,0.5223,3.4501,True,1.0.0,0.475
C12159,1,High-Spend Transactor,0.2785,4.0233,True,1.0.0,0.575
C12160,1,High-Spend Transactor,0.4623,2.9791,True,1.0.0,0.6
C12161,2,Revolving Borrower,0.5365,2.8738,True,1.0.0,0.475
C12162,0,Cash-Advance Reliant,0.5271,3.1739,True,1.0.0,0.45
C12163,0,Cash-Advance Reliant,0.5508,3.2223,True,1.0.0,0.45
C12164,1,High-Spend Transactor,0.1878,4.6258,True,1.0.0,0.575
C12165,1,High-Spend Transactor,0.5758,2.739,True,1.0.0,0.575
C12166,0,Cash-Advance Reliant,0.7874,1.2479,True,1.0.0,0.45
C12167,0,Cash-Advance Reliant,0.3391,4.4886,True,1.0.0,0.45
C12168,1,High-Spend Transactor,0.5429,2.84,True,1.0.0,0.575
C12169,1,High-Spend Transactor,0.4488,2.4684,True,1.0.0,0.575
C12170,1,High-Spend Transactor,0.2861,3.7127,True,1.0.0,0.575
C12171,0,Cash-Advance Reliant,0.7715,1.3687,True,1.0.0,0.45
C12172,0,Cash-Advance Reliant,0.7003,1.7728,True,1.0.0,0.45
C12173,1,High-Spend Transactor,0.5399,2.4795,True,1.0.0,0.575
C12174,0,Cash-Advance Reliant,0.7634,1.4355,True,1.0.0,0.45
C12175,1,High-Spend Transactor,0.4017,3.2706,True,1.0.0,0.575
C12176,1,High-Spend Transactor,0.585,2.0872,True,1.0.0,0.575
C12177,0,Cash-Advance Reliant,0.7406,1.5762,True,1.0.0,0.45
C12178,1,High-Spend Transactor,0.2952,3.1514,True,1.0.0,0.575
C12179,1,High-Spend Transactor,0.2743,3.8703,True,1.0.0,0.575
C12180,2,Revolving Borrower,0.4534,2.9732,True,1.0.0,0.475
C12181,1,High-Spend Transactor,0.3864,2.9261,True,1.0.0,0.575
C12182,1,High-Spend Transactor,0.5545,2.3323,True,1.0.0,0.575
C12183,0,Cash-Advance Reliant,0.6703,2.078,True,1.0.0,0.45
C12184,0,Cash-Advance Reliant,0.8054,1.1512,True,1.0.0,0.45
C12185,0,Cash-Advance Reliant,0.8443,0.9442,True,1.0.0,0.45
C12186,0,Cash-Advance Reliant,0.6919,1.8395,True,1.0.0,0.45
C12187,0,Cash-Advance Reliant,0.8512,0.8893,True,1.0.0,0.45
C12188,1,High-Spend Transactor,0.4582,2.5712,True,1.0.0,0.575
C12189,0,Cash-Advance Reliant,0.2898,2.8725,True,1.0.0,0.45
C12190,1,High-Spend Transactor,0.1284,3.6215,False,1.0.0,0.575
C12191,1,High-Spend Transactor,0.4069,3.368,True,1.0.0,0.6
C12192,1,High-Spend Transactor,0.7149,1.615,True,1.0.0,0.575
C12194,1,High-Spend Transactor,0.45,2.687,True,1.0.0,0.6
C12195,1,High-Spend Transactor,0.5485,2.6939,True,1.0.0,0.575
C12196,1,High-Spend Transactor,0.2922,4.2039,True,1.0.0,0.575
C12197,2,Revolving Borrower,0.0162,3.0127,False,1.0.0,0.475
C12198,0,Cash-Advance Reliant,0.5361,2.8525,True,1.0.0,0.45
C12199,1,High-Spend Transactor,0.3301,3.8826,True,1.0.0,0.575
C12200,1,High-Spend Transactor,0.2246,4.11,True,1.0.0,0.575
C12201,1,High-Spend Transactor,0.4547,3.5233,True,1.0.0,0.575
C12202,1,High-Spend Transactor,0.5677,2.2839,True,1.0.0,0.575
C12203,1,High-Spend Transactor,0.4812,2.9009,True,1.0.0,0.575
C12204,1,High-Spend Transactor,0.383,3.6278,True,1.0.0,0.575
C12205,1,High-Spend Transactor,0.3061,2.9879,True,1.0.0,0.575
C12206,0,Cash-Advance Reliant,0.6881,1.8937,True,1.0.0,0.45
C12207,1,High-Spend Transactor,0.1599,3.6623,True,1.0.0,0.575
C12208,2,Revolving Borrower,0.0201,5.1671,False,1.0.0,0.325
C12209,1,High-Spend Transactor,0.1657,7.3362,True,1.0.0,0.575
C12210,2,Revolving Borrower,0.0099,5.4048,False,1.0.0,0.2
C12211,1,High-Spend Transactor,0.7006,1.6263,True,1.0.0,0.575
C12212,2,Revolving Borrower,0.1118,3.814,False,1.0.0,0.45
C12213,1,High-Spend Transactor,0.248,4.2022,True,1.0.0,0.575
C12214,2,Revolving Borrower,0.5612,1.6524,True,1.0.0,0.475
C12215,0,Cash-Advance Reliant,0.75,1.494,True,1.0.0,0.45
C12216,0,Cash-Advance Reliant,0.7808,1.31,True,1.0.0,0.45
C12217,1,High-Spend Transactor,0.3755,3.5215,True,1.0.0,0.575
C12218,1,High-Spend Transactor,0.5387,3.145,True,1.0.0,0.575
C12219,2,Revolving Borrower,0.5422,3.1484,True,1.0.0,0.475
C12220,2,Revolving Borrower,0.6046,2.1869,True,1.0.0,0.475
C12221,1,High-Spend Transactor,0.4574,3.0789,True,1.0.0,0.575
C12222,0,Cash-Advance Reliant,0.6984,1.8181,True,1.0.0,0.45
C12223,0,Cash-Advance Reliant,0.7086,1.7518,True,1.0.0,0.45
C12224,1,High-Spend Transactor,0.2935,3.1185,True,1.0.0,0.575
C12225,1,High-Spend Transactor,0.337,2.9877,True,1.0.0,0.575
C12226,2,Revolving Borrower,0.3572,4.7365,True,1.0.0,0.475
C12227,1,High-Spend Transactor,0.4122,4.2023,True,1.0.0,0.575
C12228,1,High-Spend Transactor,0.5197,2.0526,True,1.0.0,0.575
C12229,1,High-Spend Transactor,0.4265,3.508,True,1.0.0,0.575
C12230,0,Cash-Advance Reliant,0.3862,2.8527,True,1.0.0,0.45
C12231,1,High-Spend Transactor,0.3203,3.1756,True,1.0.0,0.575
C12232,1,High-Spend Transactor,0.378,3.1195,True,1.0.0,0.6
C12233,0,Cash-Advance Reliant,0.7401,1.592,True,1.0.0,0.45
C12234,0,Cash-Advance Reliant,0.7747,1.327,True,1.0.0,0.45
C12235,1,High-Spend Transactor,0.5834,2.5524,True,1.0.0,0.575
C12236,1,High-Spend Transactor,0.3341,3.2798,True,1.0.0,0.575
C12237,1,High-Spend Transactor,0.2014,7.1607,True,1.0.0,0.575
C12238,0,Cash-Advance Reliant,0.6324,2.2857,True,1.0.0,0.45
C12239,1,High-Spend Transactor,0.5152,2.5035,True,1.0.0,0.575
C12240,0,Cash-Advance Reliant,0.6809,2.0177,True,1.0.0,0.45
C12241,0,Cash-Advance Reliant,0.6451,2.353,True,1.0.0,0.45
C12242,1,High-Spend Transactor,0.6157,2.0148,True,1.0.0,0.575
C12243,1,High-Spend Transactor,0.5047,3.578,True,1.0.0,0.575
C12244,1,High-Spend Transactor,0.3813,3.4924,True,1.0.0,0.575
C12246,1,High-Spend Transactor,0.2559,6.6671,True,1.0.0,0.575
C12247,2,Revolving Borrower,0.307,3.09,True,1.0.0,0.45
C12248,0,Cash-Advance Reliant,0.8003,1.1956,True,1.0.0,0.45
C12249,0,Cash-Advance Reliant,0.0748,3.3314,False,1.0.0,0.425
C12250,1,High-Spend Transactor,0.0488,3.793,False,1.0.0,0.55
C12251,2,Revolving Borrower,0.4427,2.9388,True,1.0.0,0.475
C12252,0,Cash-Advance Reliant,0.7304,1.6149,True,1.0.0,0.45
C12253,1,High-Spend Transactor,0.2546,3.1778,True,1.0.0,0.575
C12254,1,High-Spend Transactor,0.4237,3.5741,True,1.0.0,0.575
C12255,1,High-Spend Transactor,0.3501,3.3005,True,1.0.0,0.575
C12256,1,High-Spend Transactor,0.3819,3.381,True,1.0.0,0.575
C12257,0,Cash-Advance Reliant,0.6475,2.0963,True,1.0.0,0.45
C12258,0,Cash-Advance Reliant,0.7766,1.3099,True,1.0.0,0.45
C12260,0,Cash-Advance Reliant,0.6975,1.9036,True,1.0.0,0.45
C12261,0,Cash-Advance Reliant,0.742,1.548,True,1.0.0,0.45
C12262,0,Cash-Advance Reliant,0.2762,2.6854,True,1.0.0,0.45
C12263,0,Cash-Advance Reliant,0.6687,1.757,True,1.0.0,0.45
C12264,1,High-Spend Transactor,0.6787,1.7467,True,1.0.0,0.575
C12265,0,Cash-Advance Reliant,0.6924,1.8196,True,1.0.0,0.45
C12266,1,High-Spend Transactor,0.1472,4.4344,False,1.0.0,0.575
C12267,0,Cash-Advance Reliant,0.2847,3.5158,True,1.0.0,0.45
C12268,1,High-Spend Transactor,0.4403,3.5494,True,1.0.0,0.575
C12269,0,Cash-Advance Reliant,0.7524,1.4736,True,1.0.0,0.45
C12270,1,High-Spend Transactor,0.655,2.0333,True,1.0.0,0.575
C12271,0,Cash-Advance Reliant,0.1457,3.2504,False,1.0.0,0.45
C12272,1,High-Spend Transactor,0.2821,3.1402,True,1.0.0,0.575
C12273,2,Revolving Borrower,0.4688,2.9946,True,1.0.0,0.475
C12274,1,High-Spend Transactor,0.0544,4.3555,False,1.0.0,0.55
C12275,2,Revolving Borrower,0.4009,3.0946,True,1.0.0,0.475
C12276,1,High-Spend Transactor,0.5697,2.7228,True,1.0.0,0.575
C12277,2,Revolving Borrower,0.2282,4.4477,True,1.0.0,0.475
C12278,1,High-Spend Transactor,0.5515,2.7677,True,1.0.0,0.575
C12279,0,Cash-Advance Reliant,0.1964,3.5915,True,1.0.0,0.45
C12280,0,Cash-Advance Reliant,0.8122,1.1416,True,1.0.0,0.45
C12281,2,Revolving Borrower,0.5733,2.9012,True,1.0.0,0.475
C12282,1,High-Spend Transactor,0.2805,3.8127,True,1.0.0,0.575
C12283,1,High-Spend Transactor,0.1073,4.6297,False,1.0.0,0.575
C12284,0,Cash-Advance Reliant,0.6086,2.3637,True,1.0.0,0.45
C12285,1,High-Spend Transactor,0.3436,4.253,True,1.0.0,0.575
C12286,1,High-Spend Transactor,0.2869,4.2497,True,1.0.0,0.575
C12287,1,High-Spend Transactor,0.399,2.9687,True,1.0.0,0.575
C12288,1,High-Spend Transactor,0.2766,3.5077,True,1.0.0,0.575
C12289,1,High-Spend Transactor,0.2686,3.2696,True,1.0.0,0.575
C12291,0,Cash-Advance Reliant,0.0244,4.7243,False,1.0.0,0.425
C12292,1,High-Spend Transactor,0.4495,3.0181,True,1.0.0,0.575
C12293,1,High-Spend Transactor,0.1651,7.2406,True,1.0.0,0.575
C12294,0,Cash-Advance Reliant,0.7652,1.4257,True,1.0.0,0.45
C12295,1,High-Spend Transactor,0.362,3.4159,True,1.0.0,0.575
C12296,2,Revolving Borrower,0.5012,2.5873,True,1.0.0,0.475
C12297,0,Cash-Advance Reliant,0.7014,1.879,True,1.0.0,0.45
C12298,1,High-Spend Transactor,0.3759,4.1933,True,1.0.0,0.575
C12299,0,Cash-Advance Reliant,0.5685,2.9363,True,1.0.0,0.45
C12300,1,High-Spend Transactor,0.5761,2.3064,True,1.0.0,0.575
C12301,1,High-Spend Transactor,0.4958,3.564,True,1.0.0,0.575
C12302,2,Revolving Borrower,0.6702,1.982,True,1.0.0,0.475
C12303,1,High-Spend Transactor,0.5796,2.6566,True,1.0.0,0.575
C12304,0,Cash-Advance Reliant,0.7355,1.6134,True,1.0.0,0.45
C12305,2,Revolving Borrower,0.4942,2.7404,True,1.0.0,0.475
C12306,1,High-Spend Transactor,0.143,3.7335,False,1.0.0,0.575
C12307,0,Cash-Advance Reliant,0.565,2.935,True,1.0.0,0.45
C12308,1,High-Spend Transactor,0.4893,2.9446,True,1.0.0,0.575
C12309,2,Revolving Borrower,0.4542,2.5946,True,1.0.0,0.475
C12310,0,Cash-Advance Reliant,0.369,4.1724,True,1.0.0,0.45
C12311,1,High-Spend Transactor,0.5154,2.5541,True,1.0.0,0.6
C12312,1,High-Spend Transactor,0.1069,4.5942,False,1.0.0,0.575
C12313,1,High-Spend Transactor,0.4295,3.7219,True,1.0.0,0.575
C12314,2,Revolving Borrower,0.618,1.9856,True,1.0.0,0.475
C12315,1,High-Spend Transactor,0.4829,3.1526,True,1.0.0,0.575
C12316,0,Cash-Advance Reliant,0.6345,2.2184,True,1.0.0,0.45
C12317,0,Cash-Advance Reliant,0.1094,3.4041,False,1.0.0,0.45
C12318,0,Cash-Advance Reliant,0.7824,1.3026,True,1.0.0,0.45
C12319,2,Revolving Borrower,0.4614,2.9879,True,1.0.0,0.475
C12320,1,High-Spend Transactor,0.2782,3.5228,True,1.0.0,0.575
C12321,1,High-Spend Transactor,0.322,4.7004,True,1.0.0,0.575
C12322,1,High-Spend Transactor,0.5826,2.0753,True,1.0.0,0.575
C12323,1,High-Spend Transactor,0.2217,3.531,True,1.0.0,0.575
C12324,2,Revolving Borrower,0.6264,1.6699,True,1.0.0,0.475
C12325,1,High-Spend Transactor,0.0899,4.0728,False,1.0.0,0.55
C12326,1,High-Spend Transactor,0.3369,3.0589,True,1.0.0,0.575
C12327,1,High-Spend Transactor,0.2274,3.845,True,1.0.0,0.575
C12329,2,Revolving Borrower,0.5525,2.299,True,1.0.0,0.475
C12330,1,High-Spend Transactor,0.2243,4.683,True,1.0.0,0.575
C12331,1,High-Spend Transactor,0.2308,4.4573,True,1.0.0,0.575
C12332,1,High-Spend Transactor,0.1384,5.708,False,1.0.0,0.575
C12333,1,High-Spend Transactor,0.581,2.4675,True,1.0.0,0.575
C12334,0,Cash-Advance Reliant,0.1879,3.6181,True,1.0.0,0.45
C12335,0,Cash-Advance Reliant,0.3423,3.241,True,1.0.0,0.45
C12336,1,High-Spend Transactor,0.1995,4.6379,True,1.0.0,0.575
C12337,2,Revolving Borrower,0.2674,3.674,True,1.0.0,0.45
C12338,2,Revolving Borrower,0.4986,3.2269,True,1.0.0,0.475
C12339,1,High-Spend Transactor,0.1891,4.706,True,1.0.0,0.575
C12340,1,High-Spend Transactor,0.4161,2.6076,True,1.0.0,0.575
C12341,1,High-Spend Transactor,0.4584,3.5216,True,1.0.0,0.575
C12342,2,Revolving Borrower,0.5331,2.0649,True,1.0.0,0.475
C12343,1,High-Spend Transactor,0.6222,1.8196,True,1.0.0,0.6
C12344,0,Cash-Advance Reliant,0.67,2.0884,True,1.0.0,0.45
C12345,1,High-Spend Transactor,0.5859,2.2857,True,1.0.0,0.575
C12346,1,High-Spend Transactor,0.4512,3.5107,True,1.0.0,0.575
C12347,2,Revolving Borrower,0.4559,4.1903,True,1.0.0,0.475
C12348,2,Revolving Borrower,0.5331,1.9584,True,1.0.0,0.475
C12349,2,Revolving Borrower,0.3206,2.9684,True,1.0.0,0.45
C12350,1,High-Spend Transactor,0.5417,2.8055,True,1.0.0,0.575
C12351,1,High-Spend Transactor,0.1624,4.1407,True,1.0.0,0.575
C12352,0,Cash-Advance Reliant,0.2826,4.2995,True,1.0.0,0.45
C12353,1,High-Spend Transactor,0.2258,4.11,True,1.0.0,0.575
C12354,1,High-Spend Transactor,0.2167,4.0434,True,1.0.0,0.575
C12355,1,High-Spend Transactor,0.377,3.4713,True,1.0.0,0.575
C12356,1,High-Spend Transactor,0.1636,3.7801,True,1.0.0,0.575
C12357,1,High-Spend Transactor,0.3939,3.0008,True,1.0.0,0.575
C12358,1,High-Spend Transactor,0.1837,4.1397,True,1.0.0,0.575
C12359,2,Revolving Borrower,0.6078,2.6188,True,1.0.0,0.475
C12360,1,High-Spend Transactor,0.3969,3.8827,True,1.0.0,0.575
C12361,1,High-Spend Transactor,0.4764,3.0638,True,1.0.0,0.575
C12362,1,High-Spend Transactor,0.4904,2.5441,True,1.0.0,0.575
C12363,0,Cash-Advance Reliant,0.6919,1.9332,True,1.0.0,0.45
C12364,1,High-Spend Transactor,0.3051,3.5079,True,1.0.0,0.575
C12365,1,High-Spend Transactor,0.3993,3.538,True,1.0.0,0.575
C12366,1,High-Spend Transactor,0.0593,4.7381,False,1.0.0,0.575
C12367,2,Revolving Borrower,0.5624,2.8183,True,1.0.0,0.475
C12368,1,High-Spend Transactor,0.2833,4.3802,True,1.0.0,0.575
C12369,2,Revolving Borrower,0.367,2.6689,True,1.0.0,0.45
C12370,0,Cash-Advance Reliant,0.6684,2.1806,True,1.0.0,0.45
C12371,0,Cash-Advance Reliant,0.8148,1.1101,True,1.0.0,0.45
C12372,1,High-Spend Transactor,0.4979,2.4,True,1.0.0,0.575
C12373,0,Cash-Advance Reliant,0.6833,1.8975,True,1.0.0,0.45
C12374,1,High-Spend Transactor,0.3251,3.5477,True,1.0.0,0.575
C12375,0,Cash-Advance Reliant,0.6802,2.0862,True,1.0.0,0.45
C12376,0,Cash-Advance Reliant,0.5833,2.7006,True,1.0.0,0.45
C12377,0,Cash-Advance Reliant,0.603,2.4152,True,1.0.0,0.45
C12378,1,High-Spend Transactor,0.1679,7.488,True,1.0.0,0.575
C12381,1,High-Spend Transactor,0.5586,2.8997,True,1.0.0,0.575
C12382,1,High-Spend Transactor,0.122,3.8853,False,1.0.0,0.575
C12383,1,High-Spend Transactor,0.1318,3.81,False,1.0.0,0.575
C12384,1,High-Spend Transactor,0.1502,5.1231,True,1.0.0,0.575
C12385,2,Revolving Borrower,0.6514,1.875,True,1.0.0,0.475
C12386,0,Cash-Advance Reliant,0.7336,1.623,True,1.0.0,0.45
C12387,1,High-Spend Transactor,0.5664,2.0405,True,1.0.0,0.575
C12388,1,High-Spend Transactor,0.0776,4.1665,False,1.0.0,0.575
C12389,2,Revolving Borrower,0.2915,3.8014,True,1.0.0,0.475
C12390,1,High-Spend Transactor,0.6777,1.732,True,1.0.0,0.575
C12391,2,Revolving Borrower,0.6189,1.6762,True,1.0.0,0.475
C12392,0,Cash-Advance Reliant,0.664,2.1781,True,1.0.0,0.45
C12393,0,Cash-Advance Reliant,0.7109,1.8225,True,1.0.0,0.45
C12394,1,High-Spend Transactor,0.4956,3.613,True,1.0.0,0.575
C12395,0,Cash-Advance Reliant,0.0401,3.8434,False,1.0.0,0.375
C12396,0,Cash-Advance Reliant,0.3201,5.0478,True,1.0.0,0.45
C12397,0,Cash-Advance Reliant,0.0536,3.7413,False,1.0.0,0.425
C12398,1,High-Spend Transactor,0.5194,2.9657,True,1.0.0,0.575
C12399,1,High-Spend Transactor,0.3038,4.5763,True,1.0.0,0.575
C12400,1,High-Spend Transactor,0.3583,2.8882,True,1.0.0,0.575
C12401,1,High-Spend Transactor,0.2983,3.6826,True,1.0.0,0.575
C12402,0,Cash-Advance Reliant,0.5082,3.0102,True,1.0.0,0.45
C12403,2,Revolving Borrower,0.5569,1.9308,True,1.0.0,0.475
C12404,2,Revolving Borrower,0.0322,4.0138,False,1.0.0,0.35
C12405,1,High-Spend Transactor,0.0045,4.4883,False,1.0.0,0.425
C12406,1,High-Spend Transactor,0.5026,3.1954,True,1.0.0,0.575
C12407,1,High-Spend Transactor,0.3865,3.6665,True,1.0.0,0.575
C12408,0,Cash-Advance Reliant,0.3309,2.7405,True,1.0.0,0.45
C12409,2,Revolving Borrower,0.0642,3.9362,False,1.0.0,0.45
C12410,2,Revolving Borrower,0.5883,2.7162,True,1.0.0,0.475
C12411,1,High-Spend Transactor,0.0416,4.9415,False,1.0.0,0.55
C12412,2,Revolving Borrower,0.4991,2.9682,True,1.0.0,0.475
C12413,2,Revolving Borrower,0.2523,3.5907,True,1.0.0,0.45
C12414,1,High-Spend Transactor,0.2985,2.879,True,1.0.0,0.575
C12415,2,Revolving Borrower,0.3209,3.6514,True,1.0.0,0.475
C12416,0,Cash-Advance Reliant,0.5298,2.9267,True,1.0.0,0.45
C12417,0,Cash-Advance Reliant,0.6741,2.102,True,1.0.0,0.45
C12418,2,Revolving Borrower,0.0157,4.5232,False,1.0.0,0.275
C12419,1,High-Spend Transactor,0.6064,2.2036,True,1.0.0,0.575
C12420,1,High-Spend Transactor,0.1797,4.3938,True,1.0.0,0.575
C12421,0,Cash-Advance Reliant,0.6654,1.9636,True,1.0.0,0.45
C12422,2,Revolving Borrower,0.309,3.658,True,1.0.0,0.475
C12423,1,High-Spend Transactor,0.3358,3.0136,True,1.0.0,0.575
C12424,2,Revolving Borrower,0.8091,0.974,True,1.0.0,0.475
C12425,0,Cash-Advance Reliant,0.6573,2.0287,True,1.0.0,0.45
C12426,0,Cash-Advance Reliant,0.7209,1.7205,True,1.0.0,0.45
C12427,1,High-Spend Transactor,0.2058,3.2815,True,1.0.0,0.575
C12428,2,Revolving Borrower,0.2466,2.8749,True,1.0.0,0.475
C12429,1,High-Spend Transactor,0.3974,3.2425,True,1.0.0,0.575
C12430,1,High-Spend Transactor,0.5275,2.8046,True,1.0.0,0.575
C12431,2,Revolving Borrower,0.2281,3.2229,True,1.0.0,0.45
C12432,1,High-Spend Transactor,0.3715,2.9503,True,1.0.0,0.575
C12433,2,Revolving Borrower,0.427,2.955,True,1.0.0,0.475
C12434,2,Revolving Borrower,0.4423,3.7804,True,1.0.0,0.475
C12435,1,High-Spend Transactor,0.3877,3.3838,True,1.0.0,0.575
C12436,1,High-Spend Transactor,0.1663,5.2979,True,1.0.0,0.575
C12437,2,Revolving Borrower,0.6761,1.6079,True,1.0.0,0.475
C12438,0,Cash-Advance Reliant,0.7095,1.7062,True,1.0.0,0.45
C12439,0,Cash-Advance Reliant,0.3191,5.2355,True,1.0.0,0.45
C12440,1,High-Spend Transactor,0.7543,1.2521,True,1.0.0,0.575
C12441,1,High-Spend Transactor,0.5008,3.0722,True,1.0.0,0.575
C12442,1,High-Spend Transactor,0.3215,2.9063,True,1.0.0,0.575
C12443,0,Cash-Advance Reliant,0.6145,2.4019,True,1.0.0,0.45
C12444,1,High-Spend Transactor,0.3889,4.1308,True,1.0.0,0.575
C12445,1,High-Spend Transactor,0.5091,3.1544,True,1.0.0,0.575
C12446,2,Revolving Borrower,0.0812,5.1388,False,1.0.0,0.475
C12447,2,Revolving Borrower,0.345,3.7536,True,1.0.0,0.475
C12448,0,Cash-Advance Reliant,0.6958,1.8846,True,1.0.0,0.45
C12449,1,High-Spend Transactor,0.6887,1.5509,True,1.0.0,0.575
C12450,0,Cash-Advance Reliant,0.6175,2.5636,True,1.0.0,0.45
C12451,0,Cash-Advance Reliant,0.7091,1.7172,True,1.0.0,0.45
C12452,1,High-Spend Transactor,0.4705,3.362,True,1.0.0,0.575
C12453,1,High-Spend Transactor,0.4932,3.6466,True,1.0.0,0.575
C12454,1,High-Spend Transactor,0.6103,2.1361,True,1.0.0,0.575
C12455,2,Revolving Borrower,0.6204,2.0182,True,1.0.0,0.475
C12456,2,Revolving Borrower,0.7504,1.4044,True,1.0.0,0.475
C12457,1,High-Spend Transactor,0.3598,3.6011,True,1.0.0,0.575
C12458,0,Cash-Advance Reliant,0.6957,1.8671,True,1.0.0,0.45
C12459,1,High-Spend Transactor,0.125,3.7628,False,1.0.0,0.575
C12460,2,Revolving Borrower,0.0138,4.6164,False,1.0.0,0.525
C12461,2,Revolving Borrower,0.3801,3.4815,True,1.0.0,0.475
C12462,0,Cash-Advance Reliant,0.5368,2.8048,True,1.0.0,0.45
C12463,1,High-Spend Transactor,0.3739,3.6168,True,1.0.0,0.575
C12464,2,Revolving Borrower,0.4781,3.2418,True,1.0.0,0.475
C12465,2,Revolving Borrower,0.7098,1.7534,True,1.0.0,0.475
C12466,0,Cash-Advance Reliant,0.7348,1.5932,True,1.0.0,0.45
C12467,2,Revolving Borrower,0.0551,3.6589,False,1.0.0,0.45
C12468,1,High-Spend Transactor,0.3781,3.305,True,1.0.0,0.575
C12469,0,Cash-Advance Reliant,0.7846,1.3213,True,1.0.0,0.45
C12470,0,Cash-Advance Reliant,0.7271,1.6309,True,1.0.0,0.45
C12471,1,High-Spend Transactor,0.2555,4.3509,True,1.0.0,0.575
C12472,0,Cash-Advance Reliant,0.1949,3.172,True,1.0.0,0.45
C12473,1,High-Spend Transactor,0.0453,4.9372,False,1.0.0,0.55
C12474,2,Revolving Borrower,0.0914,4.9157,False,1.0.0,0.475
C12475,1,High-Spend Transactor,0.6325,2.0515,True,1.0.0,0.575
C12476,2,Revolving Borrower,0.5543,2.9433,True,1.0.0,0.475
C12477,1,High-Spend Transactor,0.0887,5.3204,False,1.0.0,0.575
C12478,1,High-Spend Transactor,0.4871,3.4489,True,1.0.0,0.575
C12479,1,High-Spend Transactor,0.3217,3.7315,True,1.0.0,0.575
C12480,1,High-Spend Transactor,0.2846,4.1733,True,1.0.0,0.575
C12481,2,Revolving Borrower,0.4803,3.023,True,1.0.0,0.475
C12482,1,High-Spend Transactor,0.2501,6.7087,True,1.0.0,0.575
C12483,1,High-Spend Transactor,0.5897,1.7172,True,1.0.0,0.575
C12484,1,High-Spend Transactor,0.4411,3.6503,True,1.0.0,0.575
C12485,0,Cash-Advance Reliant,0.3912,2.6593,True,1.0.0,0.45
C12486,0,Cash-Advance Reliant,0.7281,1.6117,True,1.0.0,0.45
C12487,1,High-Spend Transactor,0.2716,4.2312,True,1.0.0,0.575
C12488,1,High-Spend Transactor,0.5001,3.1102,True,1.0.0,0.575
C12489,2,Revolving Borrower,0.4952,3.0951,True,1.0.0,0.475
C12490,1,High-Spend Transactor,0.5447,2.9271,True,1.0.0,0.575
C12491,1,High-Spend Transactor,0.6278,1.8744,True,1.0.0,0.575
C12492,1,High-Spend Transactor,0.6847,1.5991,True,1.0.0,0.575
C12493,2,Revolving Borrower,0.4102,2.485,True,1.0.0,0.475
C12494,1,High-Spend Transactor,0.4793,2.7936,True,1.0.0,0.6
C12495,2,Revolving Borrower,0.4893,3.0188,True,1.0.0,0.475
C12497,0,Cash-Advance Reliant,0.4794,3.5179,True,1.0.0,0.45
C12498,0,Cash-Advance Reliant,0.7829,1.2863,True,1.0.0,0.45
C12499,2,Revolving Borrower,0.4286,2.7089,True,1.0.0,0.475
C12500,0,Cash-Advance Reliant,0.79,1.2082,True,1.0.0,0.45
C12501,2,Revolving Borrower,0.4449,2.7739,True,1.0.0,0.475
C12502,1,High-Spend Transactor,0.5255,2.9233,True,1.0.0,0.575
C12503,0,Cash-Advance Reliant,0.5709,2.7055,True,1.0.0,0.45
C12504,0,Cash-Advance Reliant,0.364,3.0031,True,1.0.0,0.45
C12505,1,High-Spend Transactor,0.2847,4.084,True,1.0.0,0.575
C12506,2,Revolving Borrower,0.2662,3.6401,True,1.0.0,0.45
C12507,1,High-Spend Transactor,0.2183,3.2912,True,1.0.0,0.575
C12508,1,High-Spend Transactor,0.4314,2.4777,True,1.0.0,0.575
C12509,1,High-Spend Transactor,0.4576,3.5923,True,1.0.0,0.575
C12510,1,High-Spend Transactor,0.2349,3.8525,True,1.0.0,0.575
C12511,2,Revolving Borrower,0.5867,1.893,True,1.0.0,0.475
C12512,1,High-Spend Transactor,0.4364,3.9925,True,1.0.0,0.575
C12513,0,Cash-Advance Reliant,0.5792,2.5564,True,1.0.0,0.45
C12514,1,High-Spend Transactor,0.5695,2.2845,True,1.0.0,0.575
C12515,2,Revolving Borrower,0.5805,2.8554,True,1.0.0,0.475
C12516,2,Revolving Borrower,0.751,1.4118,True,1.0.0,0.475
C12517,1,High-Spend Transactor,0.4081,3.3858,True,1.0.0,0.6
C12518,1,High-Spend Transactor,0.5114,2.6299,True,1.0.0,0.575
C12519,1,High-Spend Transactor,0.4277,2.5427,True,1.0.0,0.575
C12520,2,Revolving Borrower,0.6448,2.3246,True,1.0.0,0.475
C12521,0,Cash-Advance Reliant,0.5208,3.0923,True,1.0.0,0.45
C12522,0,Cash-Advance Reliant,0.489,3.1452,True,1.0.0,0.45
C12523,0,Cash-Advance Reliant,0.7226,1.6159,True,1.0.0,0.45
C12524,0,Cash-Advance Reliant,0.4167,2.7479,True,1.0.0,0.45
C12525,0,Cash-Advance Reliant,0.6666,2.1948,True,1.0.0,0.45
C12526,1,High-Spend Transactor,0.555,2.8909,True,1.0.0,0.575
C12527,1,High-Spend Transactor,0.2047,3.8154,True,1.0.0,0.575
C12528,0,Cash-Advance Reliant,0.3438,4.3301,True,1.0.0,0.45
C12529,0,Cash-Advance Reliant,0.1636,4.6842,True,1.0.0,0.45
C12530,1,High-Spend Transactor,0.4321,3.5358,True,1.0.0,0.575
C12531,2,Revolving Borrower,0.3099,3.2328,True,1.0.0,0.475
C12532,1,High-Spend Transactor,0.4395,3.8582,True,1.0.0,0.575
C12533,1,High-Spend Transactor,0.5311,2.8769,True,1.0.0,0.575
C12534,2,Revolving Borrower,0.323,2.5924,True,1.0.0,0.475
C12535,1,High-Spend Transactor,0.2552,3.9313,True,1.0.0,0.575
C12536,0,Cash-Advance Reliant,0.6257,2.4304,True,1.0.0,0.45
C12537,0,Cash-Advance Reliant,0.144,5.2174,False,1.0.0,0.45
C12538,1,High-Spend Transactor,0.3759,3.2672,True,1.0.0,0.575
C12539,0,Cash-Advance Reliant,0.658,2.0383,True,1.0.0,0.45
C12540,2,Revolving Borrower,0.356,2.6452,True,1.0.0,0.475
C12541,2,Revolving Borrower,0.5596,2.7857,True,1.0.0,0.475
C12542,1,High-Spend Transactor,0.2948,4.3076,True,1.0.0,0.575
C12543,2,Revolving Borrower,0.5124,2.9764,True,1.0.0,0.475
C12544,2,Revolving Borrower,0.5215,2.6341,True,1.0.0,0.475
C12545,1,High-Spend Transactor,0.1802,4.3528,True,1.0.0,0.575
C12546,1,High-Spend Transactor,0.2962,2.9696,True,1.0.0,0.575
C12547,2,Revolving Borrower,0.5811,2.8221,True,1.0.0,0.475
C12548,2,Revolving Borrower,0.4249,2.9053,True,1.0.0,0.475
C12549,2,Revolving Borrower,0.4087,3.7362,True,1.0.0,0.475
C12550,1,High-Spend Transactor,0.3936,3.8843,True,1.0.0,0.575
C12551,1,High-Spend Transactor,0.0546,4.284,False,1.0.0,0.55
C12552,1,High-Spend Transactor,0.4873,2.4025,True,1.0.0,0.575
C12553,1,High-Spend Transactor,0.4195,4.3336,True,1.0.0,0.575
C12554,1,High-Spend Transactor,0.0507,3.7098,False,1.0.0,0.575
C12555,1,High-Spend Transactor,0.3818,2.7593,True,1.0.0,0.575
C12556,2,Revolving Borrower,0.3097,2.4568,True,1.0.0,0.475
C12557,2,Revolving Borrower,0.3933,2.842,True,1.0.0,0.475
C12558,1,High-Spend Transactor,0.4585,3.2789,True,1.0.0,0.575
C12559,1,High-Spend Transactor,0.0414,4.542,False,1.0.0,0.55
C12560,1,High-Spend Transactor,0.1689,4.2791,True,1.0.0,0.575
C12561,0,Cash-Advance Reliant,0.7703,1.334,True,1.0.0,0.45
C12562,0,Cash-Advance Reliant,0.6446,2.131,True,1.0.0,0.45
C12563,0,Cash-Advance Reliant,0.8254,1.0212,True,1.0.0,0.45
C12564,0,Cash-Advance Reliant,0.4916,3.1205,True,1.0.0,0.45
C12565,2,Revolving Borrower,0.2872,4.2254,True,1.0.0,0.475
C12566,1,High-Spend Transactor,0.5086,2.147,True,1.0.0,0.575
C12567,1,High-Spend Transactor,0.1914,5.7847,True,1.0.0,0.575
C12568,0,Cash-Advance Reliant,0.7797,1.2887,True,1.0.0,0.45
C12569,2,Revolving Borrower,0.612,1.7851,True,1.0.0,0.475
C12570,0,Cash-Advance Reliant,0.4132,4.2451,True,1.0.0,0.45
C12571,1,High-Spend Transactor,0.1843,4.0516,True,1.0.0,0.575
C12572,1,High-Spend Transactor,0.3456,3.7461,True,1.0.0,0.575
C12573,2,Revolving Borrower,0.5641,2.446,True,1.0.0,0.475
C12574,1,High-Spend Transactor,0.2548,4.6449,True,1.0.0,0.575
C12575,1,High-Spend Transactor,0.5247,3.1459,True,1.0.0,0.575
C12576,2,Revolving Borrower,0.4221,3.1363,True,1.0.0,0.475
C12577,1,High-Spend Transactor,0.3693,3.5106,True,1.0.0,0.575
C12578,0,Cash-Advance Reliant,0.6881,1.9802,True,1.0.0,0.45
C12579,0,Cash-Advance Reliant,0.7103,1.9386,True,1.0.0,0.45
C12580,1,High-Spend Transactor,0.059,4.3639,False,1.0.0,0.55
C12581,0,Cash-Advance Reliant,0.7063,1.8416,True,1.0.0,0.45
C12582,1,High-Spend Transactor,0.524,2.8845,True,1.0.0,0.575
C12583,1,High-Spend Transactor,0.3098,5.3073,True,1.0.0,0.575
C12584,1,High-Spend Transactor,0.2109,6.8046,True,1.0.0,0.575
C12585,2,Revolving Borrower,0.2197,3.4365,True,1.0.0,0.45
C12586,2,Revolving Borrower,0.3325,2.948,True,1.0.0,0.475
C12587,0,Cash-Advance Reliant,0.5577,1.9492,True,1.0.0,0.45
C12588,0,Cash-Advance Reliant,0.5239,3.1613,True,1.0.0,0.45
C12589,2,Revolving Borrower,0.4647,3.5324,True,1.0.0,0.475
C12590,2,Revolving Borrower,0.4513,3.5236,True,1.0.0,0.475
C12591,0,Cash-Advance Reliant,0.7302,1.7097,True,1.0.0,0.45
C12592,1,High-Spend Transactor,0.4252,2.5538,True,1.0.0,0.575
C12593,0,Cash-Advance Reliant,0.6406,2.1464,True,1.0.0,0.45
C12594,1,High-Spend Transactor,0.5048,3.324,True,1.0.0,0.575
C12595,1,High-Spend Transactor,0.5463,2.915,True,1.0.0,0.575
C12596,1,High-Spend Transactor,0.0376,4.3475,False,1.0.0,0.55
C12597,1,High-Spend Transactor,0.16,5.3639,True,1.0.0,0.575
C12598,1,High-Spend Transactor,0.3624,2.8285,True,1.0.0,0.575
C12599,1,High-Spend Transactor,0.6021,2.0982,True,1.0.0,0.575
C12600,0,Cash-Advance Reliant,0.0156,3.9922,False,1.0.0,0.3
C12601,1,High-Spend Transactor,0.3627,3.6208,True,1.0.0,0.575
C12602,1,High-Spend Transactor,0.4374,3.1538,True,1.0.0,0.575
C12603,2,Revolving Borrower,0.3805,3.7485,True,1.0.0,0.475
C12604,1,High-Spend Transactor,0.5411,2.8334,True,1.0.0,0.575
C12605,0,Cash-Advance Reliant,0.6991,1.8345,True,1.0.0,0.45
C12606,0,Cash-Advance Reliant,0.8108,1.1155,True,1.0.0,0.45
C12607,0,Cash-Advance Reliant,0.4183,2.4163,True,1.0.0,0.45
C12608,1,High-Spend Transactor,0.5867,2.1845,True,1.0.0,0.575
C12609,1,High-Spend Transactor,0.4899,3.6273,True,1.0.0,0.575
C12610,1,High-Spend Transactor,0.57,2.6225,True,1.0.0,0.575
C12611,2,Revolving Borrower,0.5262,2.6079,True,1.0.0,0.475
C12612,0,Cash-Advance Reliant,0.6557,2.1759,True,1.0.0,0.45
C12613,1,High-Spend Transactor,0.4938,2.8314,True,1.0.0,0.575
C12614,0,Cash-Advance Reliant,0.6132,2.4668,True,1.0.0,0.45
C12615,0,Cash-Advance Reliant,0.7299,1.6437,True,1.0.0,0.45
C12616,0,Cash-Advance Reliant,0.7023,1.8171,True,1.0.0,0.45
C12617,1,High-Spend Transactor,0.5194,3.0846,True,1.0.0,0.575
C12618,1,High-Spend Transactor,0.1299,4.8924,False,1.0.0,0.575
C12619,1,High-Spend Transactor,0.5639,2.4091,True,1.0.0,0.575
C12620,0,Cash-Advance Reliant,0.6547,2.0646,True,1.0.0,0.45
C12621,0,Cash-Advance Reliant,0.8326,1.0037,True,1.0.0,0.45
C12622,2,Revolving Borrower,0.4387,2.6111,True,1.0.0,0.475
C12623,1,High-Spend Transactor,0.6971,1.6146,True,1.0.0,0.575
C12624,2,Revolving Borrower,0.1706,4.6648,True,1.0.0,0.475
C12625,1,High-Spend Transactor,0.3523,3.0453,True,1.0.0,0.575
C12626,0,Cash-Advance Reliant,0.7682,1.3785,True,1.0.0,0.45
C12627,1,High-Spend Transactor,0.5771,1.8858,True,1.0.0,0.575
C12628,0,Cash-Advance Reliant,0.3993,4.5756,True,1.0.0,0.45
C12629,0,Cash-Advance Reliant,0.1141,3.4255,False,1.0.0,0.45
C12630,0,Cash-Advance Reliant,0.7925,1.2571,True,1.0.0,0.45
C12631,0,Cash-Advance Reliant,0.2446,6.9804,True,1.0.0,0.45
C12632,1,High-Spend Transactor,0.5228,2.7827,True,1.0.0,0.575
C12633,1,High-Spend Transactor,0.348,3.7541,True,1.0.0,0.575
C12634,1,High-Spend Transactor,0.3566,3.6171,True,1.0.0,0.575
C12635,2,Revolving Borrower,0.5795,2.5215,True,1.0.0,0.475
C12636,0,Cash-Advance Reliant,0.7712,1.3972,True,1.0.0,0.45
C12637,0,Cash-Advance Reliant,0.7638,1.4614,True,1.0.0,0.45
C12638,0,Cash-Advance Reliant,0.7803,1.3286,True,1.0.0,0.45
C12639,0,Cash-Advance Reliant,0.7849,1.3296,True,1.0.0,0.45
C12640,2,Revolving Borrower,0.3356,2.3398,True,1.0.0,0.475
C12641,1,High-Spend Transactor,0.4426,3.0249,True,1.0.0,0.6
C12642,1,High-Spend Transactor,0.2716,2.8601,True,1.0.0,0.575
C12643,1,High-Spend Transactor,0.4232,3.8114,True,1.0.0,0.575
C12644,0,Cash-Advance Reliant,0.4801,3.5354,True,1.0.0,0.45
C12645,2,Revolving Borrower,0.6881,1.8888,True,1.0.0,0.475
C12646,0,Cash-Advance Reliant,0.814,1.1227,True,1.0.0,0.45
C12647,2,Revolving Borrower,0.4405,3.3908,True,1.0.0,0.475
C12648,2,Revolving Borrower,0.4861,3.1677,True,1.0.0,0.475
C12650,0,Cash-Advance Reliant,0.6727,2.0863,True,1.0.0,0.45
C12651,2,Revolving Borrower,0.1461,3.5931,False,1.0.0,0.45
C12652,1,High-Spend Transactor,0.3403,3.7721,True,1.0.0,0.575
C12653,2,Revolving Borrower,0.6376,2.0979,True,1.0.0,0.475
C12654,0,Cash-Advance Reliant,0.5847,2.5065,True,1.0.0,0.45
C12655,1,High-Spend Transactor,0.4361,3.5133,True,1.0.0,0.575
C12656,2,Revolving Borrower,0.5845,1.845,True,1.0.0,0.475
C12657,1,High-Spend Transactor,0.4916,3.1333,True,1.0.0,0.575
C12658,2,Revolving Borrower,0.2187,3.0556,True,1.0.0,0.475
C12659,1,High-Spend Transactor,0.6518,2.0127,True,1.0.0,0.575
C12660,0,Cash-Advance Reliant,0.5789,2.809,True,1.0.0,0.45
C12661,1,High-Spend Transactor,0.4376,3.3363,True,1.0.0,0.575
C12663,2,Revolving Borrower,0.1517,3.2315,True,1.0.0,0.45
C12664,1,High-Spend Transactor,0.5593,2.8831,True,1.0.0,0.575
C12665,1,High-Spend Transactor,0.1974,3.7218,True,1.0.0,0.575
C12666,2,Revolving Borrower,0.5373,2.0382,True,1.0.0,0.475
C12667,2,Revolving Borrower,0.6671,1.7908,True,1.0.0,0.475
C12668,1,High-Spend Transactor,0.3065,3.9927,True,1.0.0,0.575
C12669,2,Revolving Borrower,0.4166,4.342,True,1.0.0,0.475
C12670,2,Revolving Borrower,0.4346,3.1894,True,1.0.0,0.475
C12671,0,Cash-Advance Reliant,0.7124,1.7299,True,1.0.0,0.45
C12672,0,Cash-Advance Reliant,0.0293,4.6173,False,1.0.0,0.4
C12673,0,Cash-Advance Reliant,0.5858,2.5886,True,1.0.0,0.45
C12674,0,Cash-Advance Reliant,0.6506,2.1113,True,1.0.0,0.45
C12675,2,Revolving Borrower,0.3337,3.1883,True,1.0.0,0.45
C12676,1,High-Spend Transactor,0.2127,3.0776,True,1.0.0,0.575
C12677,1,High-Spend Transactor,0.5213,3.199,True,1.0.0,0.575
C12678,0,Cash-Advance Reliant,0.1716,3.027,True,1.0.0,0.45
C12679,0,Cash-Advance Reliant,0.7746,1.4244,True,1.0.0,0.45
C12680,1,High-Spend Transactor,0.3254,3.775,True,1.0.0,0.575
C12681,0,Cash-Advance Reliant,0.6351,2.1823,True,1.0.0,0.45
C12682,0,Cash-Advance Reliant,0.5715,2.6216,True,1.0.0,0.45
C12683,0,Cash-Advance Reliant,0.4379,2.4145,True,1.0.0,0.45
C12684,2,Revolving Borrower,0.0049,3.8426,False,1.0.0,0.475
C12685,1,High-Spend Transactor,0.436,2.7628,True,1.0.0,0.575
C12686,1,High-Spend Transactor,0.286,3.8565,True,1.0.0,0.575
C12687,1,High-Spend Transactor,0.4148,3.1129,True,1.0.0,0.575
C12688,2,Revolving Borrower,0.2903,3.3856,True,1.0.0,0.45
C12689,2,Revolving Borrower,0.6102,2.3425,True,1.0.0,0.475
C12690,2,Revolving Borrower,0.6771,1.6112,True,1.0.0,0.475
C12691,2,Revolving Borrower,0.1164,3.852,False,1.0.0,0.475
C12692,1,High-Spend Transactor,0.5404,2.8849,True,1.0.0,0.575
C12693,1,High-Spend Transactor,0.4427,3.3958,True,1.0.0,0.575
C12694,1,High-Spend Transactor,0.6325,2.1138,True,1.0.0,0.575
C12695,0,Cash-Advance Reliant,0.7775,1.3706,True,1.0.0,0.45
C12696,1,High-Spend Transactor,0.5242,2.9914,True,1.0.0,0.575
C12697,1,High-Spend Transactor,0.1369,7.4269,False,1.0.0,0.575
C12698,1,High-Spend Transactor,0.393,3.8395,True,1.0.0,0.575
C12699,1,High-Spend Transactor,0.7299,1.3159,True,1.0.0,0.575
C12700,1,High-Spend Transactor,0.5532,2.4868,True,1.0.0,0.575
C12701,0,Cash-Advance Reliant,0.2016,3.9508,True,1.0.0,0.45
C12702,0,Cash-Advance Reliant,0.7624,1.455,True,1.0.0,0.45
C12703,1,High-Spend Transactor,0.467,3.181,True,1.0.0,0.575
C12704,0,Cash-Advance Reliant,0.686,2.0687,True,1.0.0,0.45
C12705,1,High-Spend Transactor,0.4002,2.8876,True,1.0.0,0.575
C12706,1,High-Spend Transactor,0.2709,6.0006,True,1.0.0,0.575
C12707,0,Cash-Advance Reliant,0.0688,4.1027,False,1.0.0,0.45
C12708,2,Revolving Borrower,0.5509,2.8107,True,1.0.0,0.475
C12709,0,Cash-Advance Reliant,0.1561,3.2071,True,1.0.0,0.45
C12710,1,High-Spend Transactor,0.4034,3.2464,True,1.0.0,0.575
C12712,1,High-Spend Transactor,0.0844,4.1561,False,1.0.0,0.55
C12713,1,High-Spend Transactor,0.1184,3.1965,False,1.0.0,0.525
C12714,0,Cash-Advance Reliant,0.7405,1.6043,True,1.0.0,0.45
C12715,1,High-Spend Transactor,0.3141,3.7532,True,1.0.0,0.575
C12716,2,Revolving Borrower,0.3414,3.3606,True,1.0.0,0.475
C12717,2,Revolving Borrower,0.3795,2.3396,True,1.0.0,0.475
C12718,1,High-Spend Transactor,0.3971,2.6737,True,1.0.0,0.575
C12719,2,Revolving Borrower,0.3012,3.1142,True,1.0.0,0.45
C12720,2,Revolving Borrower,0.6791,1.9985,True,1.0.0,0.475
C12721,0,Cash-Advance Reliant,0.0191,4.8939,False,1.0.0,0.425
C12722,2,Revolving Borrower,0.3292,3.687,True,1.0.0,0.475
C12723,1,High-Spend Transactor,0.2771,3.4762,True,1.0.0,0.575
C12724,1,High-Spend Transactor,0.1568,4.7122,True,1.0.0,0.575
C12725,0,Cash-Advance Reliant,0.7777,1.2928,True,1.0.0,0.45
C12726,2,Revolving Borrower,0.475,3.052,True,1.0.0,0.475
C12727,0,Cash-Advance Reliant,0.4876,3.5921,True,1.0.0,0.45
C12728,0,Cash-Advance Reliant,0.8053,1.1807,True,1.0.0,0.45
C12729,0,Cash-Advance Reliant,0.3513,5.03,True,1.0.0,0.45
C12730,1,High-Spend Transactor,0.5314,3.1271,True,1.0.0,0.575
C12731,1,High-Spend Transactor,0.179,4.1454,True,1.0.0,0.575
C12732,1,High-Spend Transactor,0.5065,3.2288,True,1.0.0,0.575
C12733,1,High-Spend Transactor,0.3203,3.3007,True,1.0.0,0.575
C12734,0,Cash-Advance Reliant,0.5315,2.8952,True,1.0.0,0.45
C12735,1,High-Spend Transactor,0.3438,3.6026,True,1.0.0,0.575
C12736,1,High-Spend Transactor,0.6346,2.1754,True,1.0.0,0.575
C12737,0,Cash-Advance Reliant,0.5305,2.8866,True,1.0.0,0.45
C12738,0,Cash-Advance Reliant,0.6079,2.5592,True,1.0.0,0.45
C12739,1,High-Spend Transactor,0.2678,3.1608,True,1.0.0,0.575
C12740,1,High-Spend Transactor,0.0687,4.8758,False,1.0.0,0.575
C12741,2,Revolving Borrower,0.4457,2.7477,True,1.0.0,0.475
C12742,1,High-Spend Transactor,0.5392,2.7014,True,1.0.0,0.575
C12743,1,High-Spend Transactor,0.5219,2.8273,True,1.0.0,0.575
C12744,0,Cash-Advance Reliant,0.7859,1.2893,True,1.0.0,0.45
C12745,1,High-Spend Transactor,0.4845,3.0972,True,1.0.0,0.575
C12746,0,Cash-Advance Reliant,0.0215,3.9771,False,1.0.0,0.325
C12747,2,Revolving Borrower,0.3229,2.7842,True,1.0.0,0.475
C12748,1,High-Spend Transactor,0.0298,4.5293,False,1.0.0,0.55
C12749,1,High-Spend Transactor,0.0557,4.3027,False,1.0.0,0.55
C12750,0,Cash-Advance Reliant,0.6091,2.3577,True,1.0.0,0.45
C12751,2,Revolving Borrower,0.2482,2.7769,True,1.0.0,0.45
C12752,1,High-Spend Transactor,0.3805,4.219,True,1.0.0,0.575
C12753,0,Cash-Advance Reliant,0.6743,1.9397,True,1.0.0,0.45
C12754,2,Revolving Borrower,0.3193,3.5218,True,1.0.0,0.45
C12755,2,Revolving Borrower,0.1995,3.7364,True,1.0.0,0.475
C12756,1,High-Spend Transactor,0.5701,2.6664,True,1.0.0,0.575
C12757,2,Revolving Borrower,0.2934,3.8436,True,1.0.0,0.475
C12758,2,Revolving Borrower,0.2644,3.7192,True,1.0.0,0.45
C12759,0,Cash-Advance Reliant,0.7857,1.255,True,1.0.0,0.45
C12760,1,High-Spend Transactor,0.749,1.3172,True,1.0.0,0.575
C12761,2,Revolving Borrower,0.1405,3.6925,False,1.0.0,0.45
C12762,2,Revolving Borrower,0.4863,2.5189,True,1.0.0,0.475
C12763,1,High-Spend Transactor,0.7437,1.1671,True,1.0.0,0.575
C12764,1,High-Spend Transactor,0.3862,3.4451,True,1.0.0,0.575
C12765,1,High-Spend Transactor,0.3175,3.8617,True,1.0.0,0.575
C12766,1,High-Spend Transactor,0.6143,2.3756,True,1.0.0,0.575
C12767,0,Cash-Advance Reliant,0.5599,2.6935,True,1.0.0,0.45
C12768,0,Cash-Advance Reliant,0.7578,1.4768,True,1.0.0,0.45
C12769,2,Revolving Borrower,0.492,2.4687,True,1.0.0,0.475
C12770,0,Cash-Advance Reliant,0.5439,2.805,True,1.0.0,0.45
C12771,0,Cash-Advance Reliant,0.6673,2.0971,True,1.0.0,0.45
C12772,0,Cash-Advance Reliant,0.776,1.3697,True,1.0.0,0.45
C12773,2,Revolving Borrower,0.5424,3.15,True,1.0.0,0.475
C12774,2,Revolving Borrower,0.6528,2.0065,True,1.0.0,0.475
C12775,1,High-Spend Transactor,0.0789,3.8887,False,1.0.0,0.55
C12776,0,Cash-Advance Reliant,0.4165,2.6062,True,1.0.0,0.45
C12777,1,High-Spend Transactor,0.1284,5.1582,False,1.0.0,0.575
C12778,1,High-Spend Transactor,0.6348,2.0024,True,1.0.0,0.575
C12779,1,High-Spend Transactor,0.7511,1.1086,True,1.0.0,0.575
C12780,1,High-Spend Transactor,0.4287,3.6941,True,1.0.0,0.575
C12781,1,High-Spend Transactor,0.2662,6.2212,True,1.0.0,0.575
C12782,1,High-Spend Transactor,0.1519,4.66,True,1.0.0,0.55
C12783,0,Cash-Advance Reliant,0.747,1.4882,True,1.0.0,0.45
C12784,1,High-Spend Transactor,0.5583,2.251,True,1.0.0,0.575
C12786,0,Cash-Advance Reliant,0.7214,1.6912,True,1.0.0,0.45
C12787,2,Revolving Borrower,0.0746,4.7569,False,1.0.0,0.475
C12788,0,Cash-Advance Reliant,0.7863,1.2589,True,1.0.0,0.45
C12789,1,High-Spend Transactor,0.5493,2.9296,True,1.0.0,0.575
C12790,1,High-Spend Transactor,0.3586,3.7745,True,1.0.0,0.6
C12791,0,Cash-Advance Reliant,0.8538,0.8491,True,1.0.0,0.45
C12792,1,High-Spend Transactor,0.6686,1.8449,True,1.0.0,0.575
C12793,2,Revolving Borrower,0.4577,2.513,True,1.0.0,0.475
C12794,2,Revolving Borrower,0.0342,4.3685,False,1.0.0,0.45
C12795,1,High-Spend Transactor,0.4983,2.5491,True,1.0.0,0.575
C12796,1,High-Spend Transactor,0.0578,3.8532,False,1.0.0,0.55
C12797,1,High-Spend Transactor,0.5513,2.5073,True,1.0.0,0.575
C12798,0,Cash-Advance Reliant,0.5775,2.9571,True,1.0.0,0.45
C12799,1,High-Spend Transactor,0.4418,2.3361,True,1.0.0,0.575
C12800,0,Cash-Advance Reliant,0.6844,1.9433,True,1.0.0,0.45
C12801,2,Revolving Borrower,0.2604,3.7538,True,1.0.0,0.475
C12802,1,High-Spend Transactor,0.2815,2.9108,True,1.0.0,0.575
C12803,1,High-Spend Transactor,0.3647,3.8505,True,1.0.0,0.575
C12804,2,Revolving Borrower,0.2136,3.9837,True,1.0.0,0.45
C12805,0,Cash-Advance Reliant,0.8282,1.0347,True,1.0.0,0.45
C12806,2,Revolving Borrower,0.0736,5.12,False,1.0.0,0.475
C12807,2,Revolving Borrower,0.6575,1.9418,True,1.0.0,0.475
C12808,0,Cash-Advance Reliant,0.7142,1.7497,True,1.0.0,0.45
C12809,1,High-Spend Transactor,0.5077,3.327,True,1.0.0,0.575
C12810,1,High-Spend Transactor,0.118,3.4118,False,1.0.0,0.575
C12811,1,High-Spend Transactor,0.4173,3.204,True,1.0.0,0.575
C12812,1,High-Spend Transactor,0.5356,2.4581,True,1.0.0,0.575
C12813,1,High-Spend Transactor,0.6405,2.1667,True,1.0.0,0.575
C12814,0,Cash-Advance Reliant,0.5185,3.26,True,1.0.0,0.45
C12815,2,Revolving Borrower,0.5443,3.155,True,1.0.0,0.475
C12816,0,Cash-Advance Reliant,0.5263,3.2928,True,1.0.0,0.45
C12818,0,Cash-Advance Reliant,0.5443,3.0077,True,1.0.0,0.45
C12819,1,High-Spend Transactor,0.4669,2.5353,True,1.0.0,0.6
C12820,0,Cash-Advance Reliant,0.6325,2.1711,True,1.0.0,0.45
C12821,0,Cash-Advance Reliant,0.2182,3.9225,True,1.0.0,0.45
C12822,1,High-Spend Transactor,0.3429,3.5413,True,1.0.0,0.575
C12823,2,Revolving Borrower,0.6119,2.0133,True,1.0.0,0.475
C12824,2,Revolving Borrower,0.5217,2.2907,True,1.0.0,0.475
C12825,2,Revolving Borrower,0.1593,3.5158,True,1.0.0,0.45
C12826,1,High-Spend Transactor,0.2543,3.9822,True,1.0.0,0.575
C12827,1,High-Spend Transactor,0.2261,3.0891,True,1.0.0,0.575
C12828,1,High-Spend Transactor,0.4151,4.3109,True,1.0.0,0.575
C12829,1,High-Spend Transactor,0.1599,4.498,True,1.0.0,0.575
C12830,1,High-Spend Transactor,0.5312,2.1093,True,1.0.0,0.575
C12831,1,High-Spend Transactor,0.5312,2.4199,True,1.0.0,0.575
C12832,0,Cash-Advance Reliant,0.8506,0.8908,True,1.0.0,0.45
C12833,1,High-Spend Transactor,0.0408,4.6992,False,1.0.0,0.6
C12834,2,Revolving Borrower,0.2757,3.5633,True,1.0.0,0.45
C12835,0,Cash-Advance Reliant,0.5105,2.9845,True,1.0.0,0.45
C12836,1,High-Spend Transactor,0.3249,3.7506,True,1.0.0,0.575
C12837,1,High-Spend Transactor,0.0483,4.409,False,1.0.0,0.55
C12838,1,High-Spend Transactor,0.1533,3.9439,True,1.0.0,0.575
C12839,1,High-Spend Transactor,0.0917,4.0185,False,1.0.0,0.55
C12840,2,Revolving Borrower,0.5233,2.8943,True,1.0.0,0.475
C12841,0,Cash-Advance Reliant,0.7797,1.3526,True,1.0.0,0.45
C12842,2,Revolving Borrower,0.5089,3.1946,True,1.0.0,0.475
C12843,1,High-Spend Transactor,0.51,3.4303,True,1.0.0,0.575
C12844,1,High-Spend Transactor,0.4274,3.1598,True,1.0.0,0.575
C12845,0,Cash-Advance Reliant,0.159,4.9437,True,1.0.0,0.45
C12846,1,High-Spend Transactor,0.5086,2.8871,True,1.0.0,0.575
C12847,1,High-Spend Transactor,0.6802,1.7564,True,1.0.0,0.575
C12848,0,Cash-Advance Reliant,0.5513,2.9915,True,1.0.0,0.45
C12849,2,Revolving Borrower,0.518,2.3258,True,1.0.0,0.475
C12850,0,Cash-Advance Reliant,0.7593,1.4408,True,1.0.0,0.45
C12851,1,High-Spend Transactor,0.5121,3.0666,True,1.0.0,0.575
C12852,1,High-Spend Transactor,0.2199,4.0414,True,1.0.0,0.575
C12853,2,Revolving Borrower,0.0193,5.4506,False,1.0.0,0.4
C12854,1,High-Spend Transactor,0.2768,3.8492,True,1.0.0,0.575
C12855,1,High-Spend Transactor,0.4927,2.7041,True,1.0.0,0.6
C12857,1,High-Spend Transactor,0.5294,1.9599,True,1.0.0,0.575
C12858,2,Revolving Borrower,0.7406,1.4057,True,1.0.0,0.475
C12859,0,Cash-Advance Reliant,0.7385,1.5496,True,1.0.0,0.45
C12860,0,Cash-Advance Reliant,0.0706,4.3688,False,1.0.0,0.45
C12861,1,High-Spend Transactor,0.542,2.6657,True,1.0.0,0.575
C12862,2,Revolving Borrower,0.6653,1.7819,True,1.0.0,0.475
C12863,2,Revolving Borrower,0.0004,4.6692,False,1.0.0,0.15
C12864,1,High-Spend Transactor,0.2234,3.7216,True,1.0.0,0.575
C12865,0,Cash-Advance Reliant,0.3623,2.7202,True,1.0.0,0.45
C12866,1,High-Spend Transactor,0.4741,2.872,True,1.0.0,0.6
C12867,1,High-Spend Transactor,0.5292,2.9777,True,1.0.0,0.575
C12868,1,High-Spend Transactor,0.0457,5.2185,False,1.0.0,0.575
C12869,1,High-Spend Transactor,0.426,3.6751,True,1.0.0,0.575
C12871,1,High-Spend Transactor,0.4319,3.6145,True,1.0.0,0.575
C12872,1,High-Spend Transactor,0.3612,2.6672,True,1.0.0,0.575
C12873,0,Cash-Advance Reliant,0.5673,2.6639,True,1.0.0,0.45
C12874,1,High-Spend Transactor,0.4214,2.5513,True,1.0.0,0.575
C12875,0,Cash-Advance Reliant,0.6846,1.9208,True,1.0.0,0.45
C12876,1,High-Spend Transactor,0.2428,4.2816,True,1.0.0,0.575
C12877,2,Revolving Borrower,0.5181,3.32,True,1.0.0,0.475
C12878,0,Cash-Advance Reliant,0.4604,3.8928,True,1.0.0,0.45
C12879,0,Cash-Advance Reliant,0.7957,1.2148,True,1.0.0,0.45
C12880,1,High-Spend Transactor,0.4725,2.7831,True,1.0.0,0.575
C12881,2,Revolving Borrower,0.6362,1.7994,True,1.0.0,0.475
C12883,1,High-Spend Transactor,0.5333,2.4522,True,1.0.0,0.6
C12884,1,High-Spend Transactor,0.4173,3.9261,True,1.0.0,0.575
C12885,1,High-Spend Transactor,0.3001,4.2862,True,1.0.0,0.575
C12886,1,High-Spend Transactor,0.256,4.205,True,1.0.0,0.575
C12887,1,High-Spend Transactor,0.0367,5.14,False,1.0.0,0.575
C12888,1,High-Spend Transactor,0.1973,3.5201,True,1.0.0,0.575
C12889,2,Revolving Borrower,0.0674,3.4686,False,1.0.0,0.425
C12890,2,Revolving Borrower,0.3436,2.833,True,1.0.0,0.475
C12891,1,High-Spend Transactor,0.5486,2.564,True,1.0.0,0.575
C12892,2,Revolving Borrower,0.5077,2.5299,True,1.0.0,0.475
C12893,2,Revolving Borrower,0.455,3.0932,True,1.0.0,0.475
C12894,0,Cash-Advance Reliant,0.426,2.6607,True,1.0.0,0.45
C12895,2,Revolving Borrower,0.4975,2.0182,True,1.0.0,0.475
C12896,1,High-Spend Transactor,0.2793,3.7722,True,1.0.0,0.575
C12897,0,Cash-Advance Reliant,0.3881,4.0943,True,1.0.0,0.45
C12898,1,High-Spend Transactor,0.3162,3.9083,True,1.0.0,0.575
C12899,1,High-Spend Transactor,0.6738,1.8059,True,1.0.0,0.575
C12900,0,Cash-Advance Reliant,0.7096,1.8301,True,1.0.0,0.45
C12901,1,High-Spend Transactor,0.3244,3.6209,True,1.0.0,0.575
C12902,0,Cash-Advance Reliant,0.6913,1.8279,True,1.0.0,0.45
C12903,1,High-Spend Transactor,0.5065,3.5061,True,1.0.0,0.575
C12904,1,High-Spend Transactor,0.1759,4.5364,True,1.0.0,0.575
C12905,2,Revolving Borrower,0.1283,6.1925,False,1.0.0,0.475
C12906,0,Cash-Advance Reliant,0.7475,1.5023,True,1.0.0,0.45
C12907,0,Cash-Advance Reliant,0.6495,2.2409,True,1.0.0,0.45
C12908,2,Revolving Borrower,0.3647,2.933,True,1.0.0,0.475
C12909,2,Revolving Borrower,0.3841,2.2256,True,1.0.0,0.475
C12910,0,Cash-Advance Reliant,0.6249,2.2306,True,1.0.0,0.45
C12911,0,Cash-Advance Reliant,0.646,2.2106,True,1.0.0,0.45
C12912,0,Cash-Advance Reliant,0.7326,1.6179,True,1.0.0,0.45
C12913,2,Revolving Borrower,0.0316,3.2668,False,1.0.0,0.5
C12914,2,Revolving Borrower,0.4495,2.9843,True,1.0.0,0.475
C12915,1,High-Spend Transactor,0.3048,4.1662,True,1.0.0,0.575
C12916,2,Revolving Borrower,0.0404,5.0008,False,1.0.0,0.375
C12917,1,High-Spend Transactor,0.4385,2.5681,True,1.0.0,0.575
C12918,0,Cash-Advance Reliant,0.4931,3.505,True,1.0.0,0.45
C12919,1,High-Spend Transactor,0.3071,3.8132,True,1.0.0,0.575
C12920,0,Cash-Advance Reliant,0.7798,1.3882,True,1.0.0,0.45
C12921,2,Revolving Borrower,0.0734,4.1869,False,1.0.0,0.45
C12922,0,Cash-Advance Reliant,0.097,3.6485,False,1.0.0,0.45
C12923,0,Cash-Advance Reliant,0.1117,4.2925,False,1.0.0,0.45
C12924,1,High-Spend Transactor,0.4856,3.6976,True,1.0.0,0.575
C12925,1,High-Spend Transactor,0.4709,2.8118,True,1.0.0,0.6
C12926,1,High-Spend Transactor,0.2023,4.1376,True,1.0.0,0.575
C12927,0,Cash-Advance Reliant,0.6551,2.1861,True,1.0.0,0.45
C12928,0,Cash-Advance Reliant,0.7574,1.5238,True,1.0.0,0.45
C12929,1,High-Spend Transactor,0.4993,2.7222,True,1.0.0,0.6
C12930,1,High-Spend Transactor,0.5412,2.9097,True,1.0.0,0.575
C12931,1,High-Spend Transactor,0.5035,2.746,True,1.0.0,0.575
C12932,1,High-Spend Transactor,0.7088,1.6651,True,1.0.0,0.575
C12933,0,Cash-Advance Reliant,0.7401,1.5599,True,1.0.0,0.45
C12934,2,Revolving Borrower,0.6541,2.0797,True,1.0.0,0.475
C12935,1,High-Spend Transactor,0.5589,2.6765,True,1.0.0,0.575
C12936,1,High-Spend Transactor,0.1351,3.6697,False,1.0.0,0.575
C12937,1,High-Spend Transactor,0.5104,3.3966,True,1.0.0,0.575
C12938,1,High-Spend Transactor,0.4854,3.1375,True,1.0.0,0.575
C12939,0,Cash-Advance Reliant,0.8062,1.1694,True,1.0.0,0.45
C12941,2,Revolving Borrower,0.4511,2.7292,True,1.0.0,0.475
C12943,2,Revolving Borrower,0.2492,4.454,True,1.0.0,0.475
C12944,2,Revolving Borrower,0.2888,2.938,True,1.0.0,0.45
C12945,0,Cash-Advance Reliant,0.6601,2.1742,True,1.0.0,0.45
C12946,0,Cash-Advance Reliant,0.5529,2.6916,True,1.0.0,0.45
C12947,1,High-Spend Transactor,0.5182,3.0957,True,1.0.0,0.575
C12948,1,High-Spend Transactor,0.3748,2.7052,True,1.0.0,0.575
C12949,0,Cash-Advance Reliant,0.7659,1.3659,True,1.0.0,0.45
C12950,2,Revolving Borrower,0.5283,1.6642,True,1.0.0,0.475
C12951,0,Cash-Advance Reliant,0.5916,2.4849,True,1.0.0,0.45
C12952,1,High-Spend Transactor,0.3778,3.5296,True,1.0.0,0.575
C12953,0,Cash-Advance Reliant,0.5923,2.4741,True,1.0.0,0.45
C12954,2,Revolving Borrower,0.5197,3.3289,True,1.0.0,0.475
C12955,1,High-Spend Transactor,0.2982,3.0042,True,1.0.0,0.575
C12956,2,Revolving Borrower,0.3349,3.5335,True,1.0.0,0.475
C12957,1,High-Spend Transactor,0.1972,3.44,True,1.0.0,0.575
C12958,0,Cash-Advance Reliant,0.3092,3.202,True,1.0.0,0.45
C12959,2,Revolving Borrower,0.5411,2.1749,True,1.0.0,0.475
C12960,1,High-Spend Transactor,0.612,1.6998,True,1.0.0,0.575
C12961,1,High-Spend Transactor,0.4863,2.9344,True,1.0.0,0.575
C12962,2,Revolving Borrower,0.0844,4.4986,False,1.0.0,0.475
C12963,1,High-Spend Transactor,0.2874,3.8606,True,1.0.0,0.575
C12964,1,High-Spend Transactor,0.2903,3.6516,True,1.0.0,0.575
C12965,1,High-Spend Transactor,0.3702,3.3626,True,1.0.0,0.575
C12966,1,High-Spend Transactor,0.2775,4.2787,True,1.0.0,0.575
C12967,0,Cash-Advance Reliant,0.281,5.6589,True,1.0.0,0.45
C12968,0,Cash-Advance Reliant,0.741,1.5102,True,1.0.0,0.45
C12969,1,High-Spend Transactor,0.6433,1.5972,True,1.0.0,0.6
C12970,2,Revolving Borrower,0.3743,2.5915,True,1.0.0,0.45
C12971,0,Cash-Advance Reliant,0.6521,2.0989,True,1.0.0,0.45
C12972,0,Cash-Advance Reliant,0.5003,3.0294,True,1.0.0,0.45
C12973,0,Cash-Advance Reliant,0.6678,2.0927,True,1.0.0,0.45
C12974,1,High-Spend Transactor,0.0205,5.165,False,1.0.0,0.575
C12975,2,Revolving Borrower,0.2396,3.865,True,1.0.0,0.475
C12976,1,High-Spend Transactor,0.5201,2.6744,True,1.0.0,0.575
C12977,1,High-Spend Transactor,0.7557,1.2086,True,1.0.0,0.575
C12978,0,Cash-Advance Reliant,0.2854,3.0301,True,1.0.0,0.45
C12979,1,High-Spend Transactor,0.452,3.6953,True,1.0.0,0.575
C12980,0,Cash-Advance Reliant,0.6213,2.4658,True,1.0.0,0.45
C12981,2,Revolving Borrower,0.5562,2.379,True,1.0.0,0.475
C12982,0,Cash-Advance Reliant,0.0701,4.2409,False,1.0.0,0.45
C12983,1,High-Spend Transactor,0.5513,2.5403,True,1.0.0,0.575
C12984,1,High-Spend Transactor,0.3511,2.9442,True,1.0.0,0.575
C12985,1,High-Spend Transactor,0.5447,2.9896,True,1.0.0,0.575
C12986,1,High-Spend Transactor,0.5789,2.5671,True,1.0.0,0.575
C12987,1,High-Spend Transactor,0.4244,2.8469,True,1.0.0,0.575
C12988,2,Revolving Borrower,0.5441,2.9346,True,1.0.0,0.475
C12989,2,Revolving Borrower,0.2484,3.0016,True,1.0.0,0.475
C12990,1,High-Spend Transactor,0.4401,3.6436,True,1.0.0,0.575
C12991,1,High-Spend Transactor,0.5218,2.1938,True,1.0.0,0.575
C12992,0,Cash-Advance Reliant,0.2618,3.2766,True,1.0.0,0.45
C12993,1,High-Spend Transactor,0.1382,4.4624,False,1.0.0,0.575
C12994,1,High-Spend Transactor,0.4332,3.6347,True,1.0.0,0.575
C12995,0,Cash-Advance Reliant,0.1244,3.1711,False,1.0.0,0.45
C12996,1,High-Spend Transactor,0.2812,5.1661,True,1.0.0,0.575
C12997,1,High-Spend Transactor,0.1886,3.845,True,1.0.0,0.575
C12998,1,High-Spend Transactor,0.5028,2.7318,True,1.0.0,0.575
C12999,0,Cash-Advance Reliant,0.3004,5.2501,True,1.0.0,0.45
C13000,1,High-Spend Transactor,0.3942,3.0003,True,1.0.0,0.575
C13001,1,High-Spend Transactor,0.5765,2.231,True,1.0.0,0.575
C13002,2,Revolving Borrower,0.5732,2.6187,True,1.0.0,0.475
C13004,1,High-Spend Transactor,0.5501,2.9499,True,1.0.0,0.575
C13005,1,High-Spend Transactor,0.2571,3.7099,True,1.0.0,0.575
C13006,1,High-Spend Transactor,0.3586,3.1512,True,1.0.0,0.575
C13007,0,Cash-Advance Reliant,0.7117,1.688,True,1.0.0,0.45
C13008,0,Cash-Advance Reliant,0.4999,3.0673,True,1.0.0,0.45
C13009,1,High-Spend Transactor,0.195,5.9042,True,1.0.0,0.575
C13011,1,High-Spend Transactor,0.4093,3.7794,True,1.0.0,0.575
C13012,0,Cash-Advance Reliant,0.7781,1.3062,True,1.0.0,0.45
C13013,2,Revolving Borrower,0.409,2.5153,True,1.0.0,0.475
C13014,0,Cash-Advance Reliant,0.7055,1.8077,True,1.0.0,0.45
C13015,0,Cash-Advance Reliant,0.7684,1.4204,True,1.0.0,0.45
C13016,1,High-Spend Transactor,0.509,3.0798,True,1.0.0,0.575
C13017,1,High-Spend Transactor,0.1766,4.143,True,1.0.0,0.575
C13018,1,High-Spend Transactor,0.5107,2.9797,True,1.0.0,0.575
C13019,0,Cash-Advance Reliant,0.7239,1.7047,True,1.0.0,0.45
C13020,2,Revolving Borrower,0.2092,3.6734,True,1.0.0,0.475
C13021,0,Cash-Advance Reliant,0.7743,1.3528,True,1.0.0,0.45
C13022,0,Cash-Advance Reliant,0.6967,1.9049,True,1.0.0,0.45
C13023,0,Cash-Advance Reliant,0.4172,3.6984,True,1.0.0,0.45
C13024,0,Cash-Advance Reliant,0.6173,2.3185,True,1.0.0,0.45
C13025,0,Cash-Advance Reliant,0.7932,1.3113,True,1.0.0,0.45
C13026,1,High-Spend Transactor,0.5464,2.8886,True,1.0.0,0.575
C13027,0,Cash-Advance Reliant,0.5695,2.6847,True,1.0.0,0.45
C13028,0,Cash-Advance Reliant,0.733,1.6604,True,1.0.0,0.45
C13029,0,Cash-Advance Reliant,0.7182,1.7368,True,1.0.0,0.45
C13031,1,High-Spend Transactor,0.4696,3.73,True,1.0.0,0.575
C13032,0,Cash-Advance Reliant,0.2982,2.8754,True,1.0.0,0.45
C13033,0,Cash-Advance Reliant,0.6033,2.5542,True,1.0.0,0.45
C13034,0,Cash-Advance Reliant,0.6034,2.4172,True,1.0.0,0.45
C13035,1,High-Spend Transactor,0.4798,2.4928,True,1.0.0,0.6
C13036,2,Revolving Borrower,0.3212,3.5578,True,1.0.0,0.475
C13037,1,High-Spend Transactor,0.1722,4.1767,True,1.0.0,0.575
C13038,1,High-Spend Transactor,0.4493,3.1491,True,1.0.0,0.575
C13039,1,High-Spend Transactor,0.2662,4.8265,True,1.0.0,0.575
C13040,2,Revolving Borrower,0.029,3.5748,False,1.0.0,0.475
C13041,0,Cash-Advance Reliant,0.8269,1.0481,True,1.0.0,0.45
C13042,0,Cash-Advance Reliant,0.709,1.7925,True,1.0.0,0.45
C13043,0,Cash-Advance Reliant,0.7069,1.7548,True,1.0.0,0.45
C13044,1,High-Spend Transactor,0.1878,3.724,True,1.0.0,0.575
C13045,1,High-Spend Transactor,0.5192,2.9889,True,1.0.0,0.575
C13046,1,High-Spend Transactor,0.55,2.6177,True,1.0.0,0.575
C13047,0,Cash-Advance Reliant,0.727,1.6235,True,1.0.0,0.45
C13048,2,Revolving Borrower,0.5603,2.8618,True,1.0.0,0.475
C13049,0,Cash-Advance Reliant,0.6677,1.9913,True,1.0.0,0.45
C13050,0,Cash-Advance Reliant,0.6784,2.0631,True,1.0.0,0.45
C13051,0,Cash-Advance Reliant,0.5512,2.7531,True,1.0.0,0.45
C13052,2,Revolving Borrower,0.4282,2.8258,True,1.0.0,0.475
C13053,0,Cash-Advance Reliant,0.514,3.0141,True,1.0.0,0.45
C13054,1,High-Spend Transactor,0.6283,2.2226,True,1.0.0,0.575
C13056,0,Cash-Advance Reliant,0.3125,2.8004,True,1.0.0,0.45
C13057,1,High-Spend Transactor,0.3501,4.3767,True,1.0.0,0.575
C13058,2,Revolving Borrower,0.063,6.1783,False,1.0.0,0.475
C13059,1,High-Spend Transactor,0.1484,4.1301,False,1.0.0,0.575
C13060,1,High-Spend Transactor,0.4728,2.8509,True,1.0.0,0.575
C13061,0,Cash-Advance Reliant,0.0858,3.4214,False,1.0.0,0.45
C13062,1,High-Spend Transactor,0.1277,4.6634,False,1.0.0,0.575
C13063,1,High-Spend Transactor,0.3349,2.8341,True,1.0.0,0.575
C13064,2,Revolving Borrower,0.5282,2.8961,True,1.0.0,0.475
C13065,2,Revolving Borrower,0.3758,2.5327,True,1.0.0,0.475
C13066,1,High-Spend Transactor,0.4651,3.2604,True,1.0.0,0.575
C13067,2,Revolving Borrower,0.5085,2.3184,True,1.0.0,0.475
C13068,0,Cash-Advance Reliant,0.7977,1.1895,True,1.0.0,0.45
C13069,1,High-Spend Transactor,0.4844,3.2839,True,1.0.0,0.575
C13070,1,High-Spend Transactor,0.1055,3.9976,False,1.0.0,0.575
C13071,2,Revolving Borrower,0.3612,3.5071,True,1.0.0,0.475
C13072,1,High-Spend Transactor,0.4281,3.5616,True,1.0.0,0.575
C13073,1,High-Spend Transactor,0.2077,3.9447,True,1.0.0,0.575
C13074,1,High-Spend Transactor,0.7859,1.0251,True,1.0.0,0.575
C13076,2,Revolving Borrower,0.4322,2.5629,True,1.0.0,0.475
C13077,1,High-Spend Transactor,0.2303,4.6007,True,1.0.0,0.575
C13078,0,Cash-Advance Reliant,0.7651,1.405,True,1.0.0,0.45
C13079,1,High-Spend Transactor,0.532,3.0921,True,1.0.0,0.575
C13080,0,Cash-Advance Reliant,0.3087,4.3824,True,1.0.0,0.45
C13081,0,Cash-Advance Reliant,0.7022,1.7412,True,1.0.0,0.45
C13082,1,High-Spend Transactor,0.5253,2.6232,True,1.0.0,0.575
C13083,0,Cash-Advance Reliant,0.8048,1.1546,True,1.0.0,0.45
C13084,0,Cash-Advance Reliant,0.1966,3.2359,True,1.0.0,0.45
C13085,1,High-Spend Transactor,0.3708,2.7881,True,1.0.0,0.575
C13086,1,High-Spend Transactor,0.6254,1.7273,True,1.0.0,0.6
C13087,1,High-Spend Transactor,0.5076,2.0312,True,1.0.0,0.575
C13088,1,High-Spend Transactor,0.4362,3.5365,True,1.0.0,0.575
C13089,2,Revolving Borrower,0.667,1.4682,True,1.0.0,0.475
C13090,0,Cash-Advance Reliant,0.356,4.8758,True,1.0.0,0.45
C13091,0,Cash-Advance Reliant,0.3521,4.8714,True,1.0.0,0.45
C13092,2,Revolving Borrower,0.3192,3.3691,True,1.0.0,0.475
C13093,1,High-Spend Transactor,0.5198,2.8062,True,1.0.0,0.575
C13094,1,High-Spend Transactor,0.2992,3.5953,True,1.0.0,0.575
C13095,1,High-Spend Transactor,0.1268,3.6575,False,1.0.0,0.55
C13096,1,High-Spend Transactor,0.3599,3.4327,True,1.0.0,0.575
C13097,2,Revolving Borrower,0.5318,2.7352,True,1.0.0,0.475
C13098,2,Revolving Borrower,0.0565,4.3146,False,1.0.0,0.475
C13099,1,High-Spend Transactor,0.2932,3.8876,True,1.0.0,0.575
C13100,1,High-Spend Transactor,0.3347,3.1614,True,1.0.0,0.575
C13101,0,Cash-Advance Reliant,0.7579,1.4986,True,1.0.0,0.45
C13102,1,High-Spend Transactor,0.422,3.2603,True,1.0.0,0.6
C13103,2,Revolving Borrower,0.744,1.4306,True,1.0.0,0.475
C13104,1,High-Spend Transactor,0.1832,4.1012,True,1.0.0,0.575
C13105,1,High-Spend Transactor,0.4694,2.7114,True,1.0.0,0.575
C13106,1,High-Spend Transactor,0.4989,2.0577,True,1.0.0,0.575
C13107,1,High-Spend Transactor,0.0841,3.0295,False,1.0.0,0.575
C13108,2,Revolving Borrower,0.3629,2.5992,True,1.0.0,0.475
C13109,1,High-Spend Transactor,0.2881,3.1485,True,1.0.0,0.575
C13110,1,High-Spend Transactor,0.4831,3.0133,True,1.0.0,0.575
C13111,1,High-Spend Transactor,0.2254,4.3366,True,1.0.0,0.575
C13112,2,Revolving Borrower,0.6077,1.8869,True,1.0.0,0.475
C13113,2,Revolving Borrower,0.4671,3.296,True,1.0.0,0.475
C13114,1,High-Spend Transactor,0.5245,2.8856,True,1.0.0,0.575
C13115,2,Revolving Borrower,0.2797,3.6764,True,1.0.0,0.475
C13116,0,Cash-Advance Reliant,0.6926,1.8159,True,1.0.0,0.45
C13117,1,High-Spend Transactor,0.5587,2.6669,True,1.0.0,0.575
C13118,1,High-Spend Transactor,0.5411,3.0632,True,1.0.0,0.575
C13119,1,High-Spend Transactor,0.2633,3.8464,True,1.0.0,0.575
C13120,1,High-Spend Transactor,0.2435,4.0398,True,1.0.0,0.575
C13121,2,Revolving Borrower,0.3765,3.462,True,1.0.0,0.475
C13122,0,Cash-Advance Reliant,0.6929,1.9084,True,1.0.0,0.45
C13123,0,Cash-Advance Reliant,0.7526,1.6234,True,1.0.0,0.45
C13124,2,Revolving Borrower,0.1826,3.2337,True,1.0.0,0.45
C13125,2,Revolving Borrower,0.4477,2.6638,True,1.0.0,0.475
C13126,0,Cash-Advance Reliant,0.6969,1.9062,True,1.0.0,0.45
C13127,0,Cash-Advance Reliant,0.719,1.6899,True,1.0.0,0.45
C13128,0,Cash-Advance Reliant,0.4761,3.1879,True,1.0.0,0.45
C13129,0,Cash-Advance Reliant,0.7202,1.7768,True,1.0.0,0.45
C13130,1,High-Spend Transactor,0.4309,3.03,True,1.0.0,0.575
C13131,2,Revolving Borrower,0.4279,3.1375,True,1.0.0,0.475
C13132,0,Cash-Advance Reliant,0.7551,1.513,True,1.0.0,0.45
C13133,1,High-Spend Transactor,0.3717,3.8196,True,1.0.0,0.575
C13134,2,Revolving Borrower,0.5979,2.6175,True,1.0.0,0.475
C13135,0,Cash-Advance Reliant,0.2101,3.1877,True,1.0.0,0.45
C13136,1,High-Spend Transactor,0.6593,1.5019,True,1.0.0,0.575
C13137,0,Cash-Advance Reliant,0.2631,2.8031,True,1.0.0,0.45
C13138,2,Revolving Borrower,0.1864,4.7504,True,1.0.0,0.475
C13139,1,High-Spend Transactor,0.2124,4.1547,True,1.0.0,0.575
C13140,2,Revolving Borrower,0.4776,3.0184,True,1.0.0,0.475
C13141,1,High-Spend Transactor,0.7965,1.0831,True,1.0.0,0.575
C13142,1,High-Spend Transactor,0.544,2.6733,True,1.0.0,0.575
C13143,1,High-Spend Transactor,0.4894,2.2653,True,1.0.0,0.575
C13144,1,High-Spend Transactor,0.0036,4.4434,False,1.0.0,0.425
C13145,1,High-Spend Transactor,0.5006,3.0382,True,1.0.0,0.575
C13146,1,High-Spend Transactor,0.4546,2.8583,True,1.0.0,0.575
C13147,2,Revolving Borrower,0.2039,3.1172,True,1.0.0,0.475
C13148,1,High-Spend Transactor,0.3112,2.9518,True,1.0.0,0.575
C13149,0,Cash-Advance Reliant,0.8686,0.791,True,1.0.0,0.45
C13150,1,High-Spend Transactor,0.2782,3.4227,True,1.0.0,0.575
C13151,2,Revolving Borrower,0.3561,3.2287,True,1.0.0,0.475
C13152,2,Revolving Borrower,0.2513,2.9889,True,1.0.0,0.45
C13153,1,High-Spend Transactor,0.524,2.6944,True,1.0.0,0.575
C13154,0,Cash-Advance Reliant,0.1875,2.8671,True,1.0.0,0.45
C13155,1,High-Spend Transactor,0.1634,6.8761,True,1.0.0,0.575
C13156,0,Cash-Advance Reliant,0.8188,1.0924,True,1.0.0,0.45
C13157,0,Cash-Advance Reliant,0.1862,3.2853,True,1.0.0,0.45
C13158,1,High-Spend Transactor,0.4697,2.3798,True,1.0.0,0.575
C13159,1,High-Spend Transactor,0.2147,6.7962,True,1.0.0,0.575
C13160,0,Cash-Advance Reliant,0.6262,2.3944,True,1.0.0,0.45
C13161,1,High-Spend Transactor,0.5989,2.4001,True,1.0.0,0.575
C13162,1,High-Spend Transactor,0.4356,2.5217,True,1.0.0,0.575
C13163,2,Revolving Borrower,0.6345,1.9442,True,1.0.0,0.475
C13164,1,High-Spend Transactor,0.3256,3.545,True,1.0.0,0.575
C13165,0,Cash-Advance Reliant,0.7834,1.3831,True,1.0.0,0.45
C13166,0,Cash-Advance Reliant,0.7831,1.3484,True,1.0.0,0.45
C13167,0,Cash-Advance Reliant,0.6607,2.1636,True,1.0.0,0.45
C13168,1,High-Spend Transactor,0.5424,2.8137,True,1.0.0,0.575
C13169,2,Revolving Borrower,0.7314,1.5698,True,1.0.0,0.475
C13170,1,High-Spend Transactor,0.3107,2.9696,True,1.0.0,0.575
C13171,2,Revolving Borrower,0.5094,2.5817,True,1.0.0,0.475
C13172,2,Revolving Borrower,0.7078,1.6413,True,1.0.0,0.475
C13173,0,Cash-Advance Reliant,0.6544,2.1461,True,1.0.0,0.45
C13174,1,High-Spend Transactor,0.6223,2.3564,True,1.0.0,0.575
C13175,0,Cash-Advance Reliant,0.0012,5.1276,False,1.0.0,0.425
C13176,1,High-Spend Transactor,0.0806,4.7649,False,1.0.0,0.575
C13178,1,High-Spend Transactor,0.1473,3.7018,False,1.0.0,0.575
C13179,0,Cash-Advance Reliant,0.4831,3.1773,True,1.0.0,0.45
C13180,1,High-Spend Transactor,0.2296,3.8071,True,1.0.0,0.575
C13181,1,High-Spend Transactor,0.165,4.3486,True,1.0.0,0.575
C13182,1,High-Spend Transactor,0.4368,3.7447,True,1.0.0,0.575
C13183,2,Revolving Borrower,0.352,4.5009,True,1.0.0,0.475
C13184,0,Cash-Advance Reliant,0.2334,2.8621,True,1.0.0,0.45
C13185,0,Cash-Advance Reliant,0.6736,2.1194,True,1.0.0,0.45
C13186,2,Revolving Borrower,0.3358,3.232,True,1.0.0,0.475
C13187,1,High-Spend Transactor,0.2582,4.0462,True,1.0.0,0.575
C13188,1,High-Spend Transactor,0.0285,3.9896,False,1.0.0,0.6
C13189,0,Cash-Advance Reliant,0.6568,2.0718,True,1.0.0,0.45
C13190,2,Revolving Borrower,0.729,1.3716,True,1.0.0,0.475
C13191,1,High-Spend Transactor,0.5215,2.7282,True,1.0.0,0.575
C13192,0,Cash-Advance Reliant,0.8228,1.0681,True,1.0.0,0.45
C13193,2,Revolving Borrower,0.3399,3.3811,True,1.0.0,0.475
C13194,0,Cash-Advance Reliant,0.6407,2.1805,True,1.0.0,0.45
C13195,1,High-Spend Transactor,0.1796,5.0013,True,1.0.0,0.575
C13196,2,Revolving Borrower,0.5261,1.9986,True,1.0.0,0.475
C13197,0,Cash-Advance Reliant,0.7512,1.5389,True,1.0.0,0.45
C13198,1,High-Spend Transactor,0.3411,2.787,True,1.0.0,0.575
C13199,2,Revolving Borrower,0.6594,2.0993,True,1.0.0,0.475
C13200,1,High-Spend Transactor,0.2722,4.4732,True,1.0.0,0.575
C13201,1,High-Spend Transactor,0.4381,3.4041,True,1.0.0,0.575
C13202,2,Revolving Borrower,0.5227,2.2604,True,1.0.0,0.475
C13203,0,Cash-Advance Reliant,0.7071,1.858,True,1.0.0,0.45
C13204,0,Cash-Advance Reliant,0.7508,1.5735,True,1.0.0,0.45
C13205,0,Cash-Advance Reliant,0.0758,3.5574,False,1.0.0,0.425
C13206,2,Revolving Borrower,0.5035,1.9404,True,1.0.0,0.475
C13207,1,High-Spend Transactor,0.4064,2.9025,True,1.0.0,0.575
C13208,2,Revolving Borrower,0.5148,3.3375,True,1.0.0,0.475
C13209,1,High-Spend Transactor,0.168,6.6122,True,1.0.0,0.575
C13210,0,Cash-Advance Reliant,0.6026,2.434,True,1.0.0,0.45
C13211,2,Revolving Borrower,0.5098,2.6194,True,1.0.0,0.475
C13212,2,Revolving Borrower,0.1258,2.3766,False,1.0.0,0.475
C13213,2,Revolving Borrower,0.3485,4.5197,True,1.0.0,0.475
C13214,1,High-Spend Transactor,0.5699,2.6164,True,1.0.0,0.575
C13215,0,Cash-Advance Reliant,0.4372,2.5526,True,1.0.0,0.45
C13216,1,High-Spend Transactor,0.535,2.8217,True,1.0.0,0.575
C13217,0,Cash-Advance Reliant,0.7092,1.7407,True,1.0.0,0.45
C13218,1,High-Spend Transactor,0.4422,3.3596,True,1.0.0,0.575
C13219,0,Cash-Advance Reliant,0.051,3.7162,False,1.0.0,0.425
C13220,1,High-Spend Transactor,0.3407,3.3611,True,1.0.0,0.575
C13221,1,High-Spend Transactor,0.1397,4.2495,False,1.0.0,0.575
C13222,1,High-Spend Transactor,0.5678,1.9135,True,1.0.0,0.575
C13223,0,Cash-Advance Reliant,0.2647,3.8809,True,1.0.0,0.45
C13224,1,High-Spend Transactor,0.3784,3.1008,True,1.0.0,0.575
C13225,2,Revolving Borrower,0.0623,3.9883,False,1.0.0,0.425
C13226,0,Cash-Advance Reliant,0.4361,2.3417,True,1.0.0,0.45
C13227,1,High-Spend Transactor,0.5622,2.8733,True,1.0.0,0.575
C13228,1,High-Spend Transactor,0.5449,2.8538,True,1.0.0,0.575
C13229,2,Revolving Borrower,0.4848,3.2365,True,1.0.0,0.475
C13230,1,High-Spend Transactor,0.3995,3.3579,True,1.0.0,0.575
C13231,0,Cash-Advance Reliant,0.5864,2.4399,True,1.0.0,0.45
C13232,2,Revolving Borrower,0.3074,2.7068,True,1.0.0,0.475
C13233,1,High-Spend Transactor,0.5942,1.8779,True,1.0.0,0.575
C13234,1,High-Spend Transactor,0.7156,1.289,True,1.0.0,0.575
C13235,1,High-Spend Transactor,0.0256,5.4937,False,1.0.0,0.55
C13236,1,High-Spend Transactor,0.2048,3.5514,True,1.0.0,0.575
C13237,1,High-Spend Transactor,0.5268,2.3877,True,1.0.0,0.575
C13238,1,High-Spend Transactor,0.0693,4.7761,False,1.0.0,0.575
C13239,2,Revolving Borrower,0.4214,3.2114,True,1.0.0,0.475
C13240,1,High-Spend Transactor,0.6156,1.8317,True,1.0.0,0.575
C13241,1,High-Spend Transactor,0.3127,3.8839,True,1.0.0,0.575
C13242,0,Cash-Advance Reliant,0.3215,2.9239,True,1.0.0,0.45
C13243,0,Cash-Advance Reliant,0.1713,3.552,True,1.0.0,0.45
C13244,1,High-Spend Transactor,0.2838,3.3412,True,1.0.0,0.575
C13245,2,Revolving Borrower,0.2065,3.8612,True,1.0.0,0.45
C13246,1,High-Spend Transactor,0.1818,3.5482,True,1.0.0,0.575
C13247,2,Revolving Borrower,0.7033,1.5999,True,1.0.0,0.475
C13248,2,Revolving Borrower,0.7161,1.6165,True,1.0.0,0.475
C13249,2,Revolving Borrower,0.4912,3.1009,True,1.0.0,0.475
C13250,1,High-Spend Transactor,0.4199,3.2748,True,1.0.0,0.6
C13251,1,High-Spend Transactor,0.8731,0.6154,True,1.0.0,0.575
C13252,1,High-Spend Transactor,0.0467,4.377,False,1.0.0,0.575
C13253,0,Cash-Advance Reliant,0.7947,1.3071,True,1.0.0,0.45
C13254,1,High-Spend Transactor,0.3115,3.6098,True,1.0.0,0.575
C13255,0,Cash-Advance Reliant,0.5864,2.5011,True,1.0.0,0.45
C13257,2,Revolving Borrower,0.369,3.0885,True,1.0.0,0.475
C13258,0,Cash-Advance Reliant,0.8773,0.7345,True,1.0.0,0.45
C13259,1,High-Spend Transactor,0.1932,5.4089,True,1.0.0,0.575
C13260,1,High-Spend Transactor,0.188,4.4539,True,1.0.0,0.575
C13261,1,High-Spend Transactor,0.5641,2.6512,True,1.0.0,0.575
C13262,2,Revolving Borrower,0.4762,3.2409,True,1.0.0,0.475
C13263,1,High-Spend Transactor,0.5782,2.3214,True,1.0.0,0.575
C13264,1,High-Spend Transactor,0.4401,3.1744,True,1.0.0,0.575
C13265,0,Cash-Advance Reliant,0.7591,1.427,True,1.0.0,0.45
C13266,1,High-Spend Transactor,0.4541,3.7396,True,1.0.0,0.575
C13267,1,High-Spend Transactor,0.2451,3.5074,True,1.0.0,0.575
C13268,1,High-Spend Transactor,0.2904,3.1453,True,1.0.0,0.575
C13269,0,Cash-Advance Reliant,0.6409,2.152,True,1.0.0,0.45
C13270,2,Revolving Borrower,0.3421,3.0869,True,1.0.0,0.475
C13271,2,Revolving Borrower,0.5139,3.0127,True,1.0.0,0.475
C13272,2,Revolving Borrower,0.3582,4.9172,True,1.0.0,0.475
C13273,0,Cash-Advance Reliant,0.5234,2.2508,True,1.0.0,0.45
C13275,0,Cash-Advance Reliant,0.7459,1.5741,True,1.0.0,0.45
C13276,0,Cash-Advance Reliant,0.6693,2.0988,True,1.0.0,0.45
C13277,1,High-Spend Transactor,0.0946,4.3246,False,1.0.0,0.55
C13278,0,Cash-Advance Reliant,0.7688,1.4012,True,1.0.0,0.45
C13279,1,High-Spend Transactor,0.1499,7.0703,False,1.0.0,0.575
C13280,1,High-Spend Transactor,0.5722,2.4447,True,1.0.0,0.575
C13282,1,High-Spend Transactor,0.4726,3.0233,True,1.0.0,0.575
C13283,2,Revolving Borrower,0.3374,3.425,True,1.0.0,0.475
C13284,1,High-Spend Transactor,0.5127,2.3444,True,1.0.0,0.575
C13285,0,Cash-Advance Reliant,0.8492,0.905,True,1.0.0,0.45
C13286,2,Revolving Borrower,0.1469,3.5051,False,1.0.0,0.45
C13287,1,High-Spend Transactor,0.2452,4.0268,True,1.0.0,0.575
C13288,1,High-Spend Transactor,0.2666,4.2828,True,1.0.0,0.575
C13289,1,High-Spend Transactor,0.5671,2.5383,True,1.0.0,0.575
C13290,0,Cash-Advance Reliant,0.5174,2.989,True,1.0.0,0.45
C13291,0,Cash-Advance Reliant,0.7975,1.2223,True,1.0.0,0.45
C13292,1,High-Spend Transactor,0.4033,3.0726,True,1.0.0,0.575
C13293,2,Revolving Borrower,0.5379,2.5432,True,1.0.0,0.475
C13294,0,Cash-Advance Reliant,0.7077,1.8167,True,1.0.0,0.45
C13295,0,Cash-Advance Reliant,0.7608,1.3827,True,1.0.0,0.45
C13296,1,High-Spend Transactor,0.2867,4.2023,True,1.0.0,0.575
C13297,2,Revolving Borrower,0.7308,1.567,True,1.0.0,0.475
C13298,1,High-Spend Transactor,0.5785,2.485,True,1.0.0,0.575
C13299,0,Cash-Advance Reliant,0.4887,3.384,True,1.0.0,0.45
C13300,2,Revolving Borrower,0.6861,1.4295,True,1.0.0,0.475
C13301,1,High-Spend Transactor,0.24,4.831,True,1.0.0,0.575
C13302,1,High-Spend Transactor,0.4041,3.9154,True,1.0.0,0.575
C13303,0,Cash-Advance Reliant,0.48,3.2373,True,1.0.0,0.45
C13304,2,Revolving Borrower,0.0386,3.4995,False,1.0.0,0.4
C13305,2,Revolving Borrower,0.5103,2.836,True,1.0.0,0.475
C13306,1,High-Spend Transactor,0.0961,4.5338,False,1.0.0,0.575
C13307,1,High-Spend Transactor,0.2645,4.0429,True,1.0.0,0.575
C13308,0,Cash-Advance Reliant,0.4159,2.7923,True,1.0.0,0.45
C13309,0,Cash-Advance Reliant,0.7759,1.3042,True,1.0.0,0.45
C13310,1,High-Spend Transactor,0.1928,4.0621,True,1.0.0,0.575
C13312,0,Cash-Advance Reliant,0.2203,3.0412,True,1.0.0,0.45
C13313,0,Cash-Advance Reliant,0.5981,2.4425,True,1.0.0,0.45
C13314,2,Revolving Borrower,0.2073,3.331,True,1.0.0,0.45
C13315,0,Cash-Advance Reliant,0.4504,3.7824,True,1.0.0,0.45
C13316,0,Cash-Advance Reliant,0.8016,1.2293,True,1.0.0,0.45
C13317,1,High-Spend Transactor,0.2253,4.8379,True,1.0.0,0.575
C13318,1,High-Spend Transactor,0.3982,3.7187,True,1.0.0,0.575
C13319,2,Revolving Borrower,0.0696,5.663,False,1.0.0,0.45
C13320,1,High-Spend Transactor,0.4209,3.3397,True,1.0.0,0.575
C13321,2,Revolving Borrower,0.4172,3.4488,True,1.0.0,0.475
C13322,2,Revolving Borrower,0.1294,4.1727,False,1.0.0,0.475
C13323,1,High-Spend Transactor,0.241,3.7783,True,1.0.0,0.575
C13324,1,High-Spend Transactor,0.6862,1.6961,True,1.0.0,0.575
C13325,1,High-Spend Transactor,0.356,2.1396,True,1.0.0,0.575
C13326,2,Revolving Borrower,0.3125,3.9345,True,1.0.0,0.475
C13327,1,High-Spend Transactor,0.2185,3.789,True,1.0.0,0.575
C13328,1,High-Spend Transactor,0.4822,2.2438,True,1.0.0,0.575
C13329,1,High-Spend Transactor,0.1788,6.6434,True,1.0.0,0.575
C13330,1,High-Spend Transactor,0.4201,3.6129,True,1.0.0,0.575
C13331,1,High-Spend Transactor,0.5933,2.4295,True,1.0.0,0.575
C13332,1,High-Spend Transactor,0.2211,3.1224,True,1.0.0,0.575
C13333,1,High-Spend Transactor,0.3965,2.6093,True,1.0.0,0.575
C13334,1,High-Spend Transactor,0.3308,3.8917,True,1.0.0,0.575
C13335,1,High-Spend Transactor,0.4248,3.0328,True,1.0.0,0.575
C13336,0,Cash-Advance Reliant,0.2497,2.8636,True,1.0.0,0.45
C13337,0,Cash-Advance Reliant,0.6646,2.0129,True,1.0.0,0.45
C13338,1,High-Spend Transactor,0.3923,3.7,True,1.0.0,0.575
C13339,0,Cash-Advance Reliant,0.2434,3.0246,True,1.0.0,0.45
C13340,1,High-Spend Transactor,0.3267,3.0776,True,1.0.0,0.575
C13341,1,High-Spend Transactor,0.3389,4.3094,True,1.0.0,0.575
C13342,2,Revolving Borrower,0.3335,3.5183,True,1.0.0,0.475
C13343,1,High-Spend Transactor,0.4619,3.5766,True,1.0.0,0.575
C13344,0,Cash-Advance Reliant,0.4865,2.22,True,1.0.0,0.45
C13345,1,High-Spend Transactor,0.3814,3.5035,True,1.0.0,0.575
C13346,0,Cash-Advance Reliant,0.8747,0.765,True,1.0.0,0.45
C13347,0,Cash-Advance Reliant,0.659,2.1189,True,1.0.0,0.45
C13348,1,High-Spend Transactor,0.5773,2.6454,True,1.0.0,0.575
C13349,1,High-Spend Transactor,0.5169,2.74,True,1.0.0,0.575
C13350,1,High-Spend Transactor,0.5681,2.3702,True,1.0.0,0.575
C13351,0,Cash-Advance Reliant,0.6209,2.3205,True,1.0.0,0.45
C13352,1,High-Spend Transactor,0.5334,3.0203,True,1.0.0,0.575
C13353,0,Cash-Advance Reliant,0.5822,2.5467,True,1.0.0,0.45
C13354,2,Revolving Borrower,0.1314,5.1266,False,1.0.0,0.475
C13355,0,Cash-Advance Reliant,0.4672,3.3192,True,1.0.0,0.45
C13356,0,Cash-Advance Reliant,0.6786,1.9006,True,1.0.0,0.45
C13357,1,High-Spend Transactor,0.5717,2.7208,True,1.0.0,0.575
C13358,0,Cash-Advance Reliant,0.5257,2.9387,True,1.0.0,0.45
C13359,0,Cash-Advance Reliant,0.622,2.2705,True,1.0.0,0.45
C13360,1,High-Spend Transactor,0.4044,3.6165,True,1.0.0,0.575
C13361,2,Revolving Borrower,0.0725,4.9949,False,1.0.0,0.475
C13362,0,Cash-Advance Reliant,0.7519,1.5372,True,1.0.0,0.45
C13363,2,Revolving Borrower,0.6336,2.3291,True,1.0.0,0.475
C13364,2,Revolving Borrower,0.5078,3.4535,True,1.0.0,0.475
C13365,0,Cash-Advance Reliant,0.5535,2.6726,True,1.0.0,0.45
C13366,1,High-Spend Transactor,0.1965,4.5916,True,1.0.0,0.575
C13367,2,Revolving Borrower,0.4221,3.2823,True,1.0.0,0.475
C13368,0,Cash-Advance Reliant,0.0605,3.8221,False,1.0.0,0.425
C13369,2,Revolving Borrower,0.4809,3.2029,True,1.0.0,0.475
C13370,1,High-Spend Transactor,0.5336,3.0289,True,1.0.0,0.575
C13371,2,Revolving Borrower,0.6323,2.1459,True,1.0.0,0.475
C13372,1,High-Spend Transactor,0.5058,2.608,True,1.0.0,0.6
C13373,0,Cash-Advance Reliant,0.749,1.5595,True,1.0.0,0.45
C13374,2,Revolving Borrower,0.2712,3.5574,True,1.0.0,0.45
C13375,1,High-Spend Transactor,0.4542,2.7585,True,1.0.0,0.575
C13376,2,Revolving Borrower,0.361,3.985,True,1.0.0,0.475
C13377,0,Cash-Advance Reliant,0.0345,3.3392,False,1.0.0,0.325
C13378,1,High-Spend Transactor,0.4991,2.9096,True,1.0.0,0.575
C13379,1,High-Spend Transactor,0.2487,3.7193,True,1.0.0,0.575
C13380,1,High-Spend Transactor,0.1133,5.2583,False,1.0.0,0.575
C13381,1,High-Spend Transactor,0.1917,4.961,True,1.0.0,0.575
C13382,1,High-Spend Transactor,0.442,2.8994,True,1.0.0,0.575
C13383,0,Cash-Advance Reliant,0.7106,1.7412,True,1.0.0,0.45
C13384,0,Cash-Advance Reliant,0.3957,2.563,True,1.0.0,0.45
C13385,2,Revolving Borrower,0.2223,3.9221,True,1.0.0,0.45
C13386,1,High-Spend Transactor,0.133,3.9039,False,1.0.0,0.575
C13387,0,Cash-Advance Reliant,0.7661,1.4418,True,1.0.0,0.45
C13388,1,High-Spend Transactor,0.0587,4.6932,False,1.0.0,0.525
C13389,1,High-Spend Transactor,0.2814,3.8795,True,1.0.0,0.575
C13390,0,Cash-Advance Reliant,0.0523,7.061,False,1.0.0,0.45
C13391,0,Cash-Advance Reliant,0.2854,6.5631,True,1.0.0,0.45
C13392,0,Cash-Advance Reliant,0.6551,2.0488,True,1.0.0,0.45
C13393,1,High-Spend Transactor,0.2674,3.5196,True,1.0.0,0.575
C13394,0,Cash-Advance Reliant,0.5165,2.1848,True,1.0.0,0.45
C13395,1,High-Spend Transactor,0.4005,3.1127,True,1.0.0,0.575
C13396,2,Revolving Borrower,0.5526,2.3637,True,1.0.0,0.475
C13397,1,High-Spend Transactor,0.2067,4.9125,True,1.0.0,0.575
C13398,1,High-Spend Transactor,0.3925,3.6277,True,1.0.0,0.575
C13399,0,Cash-Advance Reliant,0.7148,1.7214,True,1.0.0,0.45
C13400,1,High-Spend Transactor,0.4656,3.5733,True,1.0.0,0.575
C13401,2,Revolving Borrower,0.1604,4.7445,True,1.0.0,0.475
C13402,2,Revolving Borrower,0.5952,2.1317,True,1.0.0,0.475
C13403,1,High-Spend Transactor,0.729,1.5353,True,1.0.0,0.575
C13404,2,Revolving Borrower,0.2384,3.3143,True,1.0.0,0.475
C13405,0,Cash-Advance Reliant,0.6422,2.2767,True,1.0.0,0.45
C13406,1,High-Spend Transactor,0.5005,3.0425,True,1.0.0,0.575
C13407,2,Revolving Borrower,0.2375,4.4983,True,1.0.0,0.475
C13408,2,Revolving Borrower,0.3466,4.1871,True,1.0.0,0.475
C13409,1,High-Spend Transactor,0.4144,3.4872,True,1.0.0,0.575
C13410,2,Revolving Borrower,0.5594,1.6937,True,1.0.0,0.475
C13411,2,Revolving Borrower,0.1037,3.4554,False,1.0.0,0.475
C13412,1,High-Spend Transactor,0.4153,3.7166,True,1.0.0,0.575
C13413,0,Cash-Advance Reliant,0.344,3.4097,True,1.0.0,0.45
C13414,1,High-Spend Transactor,0.2553,3.6619,True,1.0.0,0.575
C13416,0,Cash-Advance Reliant,0.6145,2.3103,True,1.0.0,0.45
C13417,1,High-Spend Transactor,0.3831,3.426,True,1.0.0,0.575
C13418,1,High-Spend Transactor,0.4151,3.3546,True,1.0.0,0.575
C13419,1,High-Spend Transactor,0.3697,3.5156,True,1.0.0,0.575
C13420,1,High-Spend Transactor,0.426,2.6128,True,1.0.0,0.575
C13421,1,High-Spend Transactor,0.3356,2.8626,True,1.0.0,0.575
C13422,1,High-Spend Transactor,0.4882,2.5161,True,1.0.0,0.575
C13423,0,Cash-Advance Reliant,0.217,2.9634,True,1.0.0,0.45
C13424,0,Cash-Advance Reliant,0.381,2.5993,True,1.0.0,0.45
C13425,1,High-Spend Transactor,0.3556,2.7864,True,1.0.0,0.575
C13426,0,Cash-Advance Reliant,0.5811,2.5545,True,1.0.0,0.45
C13427,1,High-Spend Transactor,0.5335,2.6581,True,1.0.0,0.575
C13428,0,Cash-Advance Reliant,0.7783,1.3271,True,1.0.0,0.45
C13429,2,Revolving Borrower,0.4555,2.9285,True,1.0.0,0.475
C13430,2,Revolving Borrower,0.5351,2.0358,True,1.0.0,0.475
C13431,1,High-Spend Transactor,0.2347,4.5935,True,1.0.0,0.575
C13432,0,Cash-Advance Reliant,0.7607,1.4643,True,1.0.0,0.45
C13433,1,High-Spend Transactor,0.1995,3.9033,True,1.0.0,0.575
C13434,0,Cash-Advance Reliant,0.707,1.7614,True,1.0.0,0.45
C13435,2,Revolving Borrower,0.298,3.0835,True,1.0.0,0.45
C13436,0,Cash-Advance Reliant,0.8669,0.7977,True,1.0.0,0.45
C13437,1,High-Spend Transactor,0.6526,1.7517,True,1.0.0,0.575
C13439,0,Cash-Advance Reliant,0.6547,1.6014,True,1.0.0,0.45
C13440,1,High-Spend Transactor,0.6649,1.8899,True,1.0.0,0.575
C13441,0,Cash-Advance Reliant,0.7097,1.798,True,1.0.0,0.45
C13442,2,Revolving Borrower,0.6207,2.4635,True,1.0.0,0.475
C13443,1,High-Spend Transactor,0.3498,3.1427,True,1.0.0,0.575
C13444,2,Revolving Borrower,0.6709,2.0326,True,1.0.0,0.475
C13445,0,Cash-Advance Reliant,0.2908,5.0527,True,1.0.0,0.45
C13446,2,Revolving Borrower,0.239,3.0324,True,1.0.0,0.475
C13447,0,Cash-Advance Reliant,0.5808,2.5638,True,1.0.0,0.45
C13448,2,Revolving Borrower,0.4912,3.0445,True,1.0.0,0.475
C13449,2,Revolving Borrower,0.3034,4.1721,True,1.0.0,0.475
C13450,2,Revolving Borrower,0.5328,2.5251,True,1.0.0,0.475
C13451,0,Cash-Advance Reliant,0.7183,1.757,True,1.0.0,0.45
C13452,2,Revolving Borrower,0.5077,3.2919,True,1.0.0,0.475
C13453,1,High-Spend Transactor,0.1994,3.4966,True,1.0.0,0.575
C13454,1,High-Spend Transactor,0.3384,2.7642,True,1.0.0,0.575
C13455,0,Cash-Advance Reliant,0.7761,1.2932,True,1.0.0,0.45
C13456,0,Cash-Advance Reliant,0.5774,2.5776,True,1.0.0,0.45
C13457,2,Revolving Borrower,0.7199,1.4571,True,1.0.0,0.475
C13458,1,High-Spend Transactor,0.4266,4.1115,True,1.0.0,0.575
C13459,1,High-Spend Transactor,0.4232,3.3288,True,1.0.0,0.575
C13460,2,Revolving Borrower,0.6326,1.9548,True,1.0.0,0.475
C13461,0,Cash-Advance Reliant,0.7101,1.7764,True,1.0.0,0.45
C13462,2,Revolving Borrower,0.5163,2.6103,True,1.0.0,0.475
C13463,2,Revolving Borrower,0.4771,2.2598,True,1.0.0,0.475
C13464,1,High-Spend Transactor,0.4521,3.1335,True,1.0.0,0.575
C13465,1,High-Spend Transactor,0.4348,2.5005,True,1.0.0,0.575
C13466,1,High-Spend Transactor,0.4642,2.594,True,1.0.0,0.575
C13467,1,High-Spend Transactor,0.4729,2.4777,True,1.0.0,0.6
C13468,1,High-Spend Transactor,0.1754,3.6555,True,1.0.0,0.575
C13469,2,Revolving Borrower,0.0181,3.6433,False,1.0.0,0.55
C13470,1,High-Spend Transactor,0.4312,3.5219,True,1.0.0,0.575
C13471,0,Cash-Advance Reliant,0.0755,3.4028,False,1.0.0,0.45
C13472,1,High-Spend Transactor,0.3049,4.1484,True,1.0.0,0.575
C13473,1,High-Spend Transactor,0.2972,2.9924,True,1.0.0,0.575
C13474,1,High-Spend Transactor,0.5963,2.2711,True,1.0.0,0.575
C13475,2,Revolving Borrower,0.7285,1.6227,True,1.0.0,0.475
C13476,0,Cash-Advance Reliant,0.81,1.1275,True,1.0.0,0.45
C13478,1,High-Spend Transactor,0.2503,4.0787,True,1.0.0,0.575
C13479,2,Revolving Borrower,0.1227,4.7596,False,1.0.0,0.475
C13480,1,High-Spend Transactor,0.5947,2.0324,True,1.0.0,0.575
C13481,1,High-Spend Transactor,0.4027,4.4051,True,1.0.0,0.575
C13482,0,Cash-Advance Reliant,0.7537,1.5352,True,1.0.0,0.45
C13483,2,Revolving Borrower,0.3678,2.6984,True,1.0.0,0.475
C13484,1,High-Spend Transactor,0.1669,3.4364,True,1.0.0,0.575
C13485,1,High-Spend Transactor,0.2653,3.548,True,1.0.0,0.575
C13486,1,High-Spend Transactor,0.4245,3.6969,True,1.0.0,0.575
C13487,0,Cash-Advance Reliant,0.6417,2.1947,True,1.0.0,0.45
C13488,1,High-Spend Transactor,0.5228,2.0856,True,1.0.0,0.575
C13489,1,High-Spend Transactor,0.4074,2.5853,True,1.0.0,0.575
C13490,2,Revolving Borrower,0.4685,3.1394,True,1.0.0,0.475
C13491,1,High-Spend Transactor,0.5117,3.0134,True,1.0.0,0.575
C13492,1,High-Spend Transactor,0.2368,4.2778,True,1.0.0,0.575
C13493,1,High-Spend Transactor,0.1497,3.8326,False,1.0.0,0.575
C13494,0,Cash-Advance Reliant,0.7009,1.7828,True,1.0.0,0.45
C13495,2,Revolving Borrower,0.6101,2.5774,True,1.0.0,0.475
C13496,1,High-Spend Transactor,0.4924,3.0143,True,1.0.0,0.575
C13497,0,Cash-Advance Reliant,0.6588,2.0726,True,1.0.0,0.45
C13498,0,Cash-Advance Reliant,0.8023,1.2014,True,1.0.0,0.45
C13499,1,High-Spend Transactor,0.5857,1.9023,True,1.0.0,0.575
C13500,1,High-Spend Transactor,0.5803,2.2361,True,1.0.0,0.575
C13501,2,Revolving Borrower,0.1113,5.0172,False,1.0.0,0.475
C13502,1,High-Spend Transactor,0.1683,4.4206,True,1.0.0,0.575
C13503,1,High-Spend Transactor,0.3649,4.0967,True,1.0.0,0.575
C13504,1,High-Spend Transactor,0.5565,2.3652,True,1.0.0,0.575
C13505,1,High-Spend Transactor,0.1887,3.4581,True,1.0.0,0.575
C13506,2,Revolving Borrower,0.2847,3.6729,True,1.0.0,0.45
C13507,1,High-Spend Transactor,0.4892,2.8299,True,1.0.0,0.575
C13508,1,High-Spend Transactor,0.3528,3.0366,True,1.0.0,0.575
C13509,0,Cash-Advance Reliant,0.6655,2.16,True,1.0.0,0.45
C13510,2,Revolving Borrower,0.6548,1.8063,True,1.0.0,0.475
C13511,0,Cash-Advance Reliant,0.5517,2.7253,True,1.0.0,0.45
C13512,1,High-Spend Transactor,0.3904,3.3183,True,1.0.0,0.575
C13513,0,Cash-Advance Reliant,0.554,2.9402,True,1.0.0,0.45
C13514,1,High-Spend Transactor,0.438,3.3397,True,1.0.0,0.575
C13515,1,High-Spend Transactor,0.3067,3.8249,True,1.0.0,0.6
C13516,1,High-Spend Transactor,0.5419,2.8767,True,1.0.0,0.575
C13517,0,Cash-Advance Reliant,0.5912,2.421,True,1.0.0,0.45
C13518,1,High-Spend Transactor,0.5469,2.8084,True,1.0.0,0.575
C13519,0,Cash-Advance Reliant,0.7528,1.4847,True,1.0.0,0.45
C13520,1,High-Spend Transactor,0.3725,3.8153,True,1.0.0,0.6
C13521,0,Cash-Advance Reliant,0.6264,2.4435,True,1.0.0,0.45
C13522,1,High-Spend Transactor,0.5536,2.5153,True,1.0.0,0.575
C13523,0,Cash-Advance Reliant,0.8082,1.1607,True,1.0.0,0.45
C13524,1,High-Spend Transactor,0.0841,4.081,False,1.0.0,0.55
C13525,1,High-Spend Transactor,0.4592,3.2496,True,1.0.0,0.575
C13526,1,High-Spend Transactor,0.5898,2.5506,True,1.0.0,0.575
C13527,0,Cash-Advance Reliant,0.2414,3.7208,True,1.0.0,0.45
C13528,0,Cash-Advance Reliant,0.7584,1.4594,True,1.0.0,0.45
C13529,0,Cash-Advance Reliant,0.6913,1.9112,True,1.0.0,0.45
C13530,1,High-Spend Transactor,0.5492,2.9836,True,1.0.0,0.575
C13531,1,High-Spend Transactor,0.3959,3.7518,True,1.0.0,0.575
C13532,1,High-Spend Transactor,0.4639,2.499,True,1.0.0,0.575
C13533,1,High-Spend Transactor,0.2543,5.3401,True,1.0.0,0.575
C13534,2,Revolving Borrower,0.3127,2.9019,True,1.0.0,0.475
C13535,1,High-Spend Transactor,0.7123,1.4896,True,1.0.0,0.575
C13536,1,High-Spend Transactor,0.5799,2.3652,True,1.0.0,0.575
C13537,2,Revolving Borrower,0.6,2.6227,True,1.0.0,0.475
C13538,2,Revolving Borrower,0.529,1.9643,True,1.0.0,0.475
C13539,1,High-Spend Transactor,0.2221,3.4859,True,1.0.0,0.575
C13540,2,Revolving Borrower,0.3178,3.6848,True,1.0.0,0.475
C13541,1,High-Spend Transactor,0.4449,3.4763,True,1.0.0,0.575
C13542,0,Cash-Advance Reliant,0.7057,1.7132,True,1.0.0,0.45
C13543,1,High-Spend Transactor,0.4895,2.9089,True,1.0.0,0.575
C13544,1,High-Spend Transactor,0.5132,3.251,True,1.0.0,0.575
C13545,0,Cash-Advance Reliant,0.6903,1.8745,True,1.0.0,0.45
C13546,1,High-Spend Transactor,0.2406,4.0543,True,1.0.0,0.575
C13547,0,Cash-Advance Reliant,0.7368,1.5764,True,1.0.0,0.45
C13548,1,High-Spend Transactor,0.4431,2.8261,True,1.0.0,0.6
C13549,1,High-Spend Transactor,0.0796,4.5495,False,1.0.0,0.55
C13550,0,Cash-Advance Reliant,0.7945,1.2225,True,1.0.0,0.45
C13551,1,High-Spend Transactor,0.3785,3.0947,True,1.0.0,0.575
C13552,1,High-Spend Transactor,0.3225,3.4731,True,1.0.0,0.575
C13553,1,High-Spend Transactor,0.5557,2.6834,True,1.0.0,0.575
C13554,0,Cash-Advance Reliant,0.7078,1.8012,True,1.0.0,0.45
C13555,0,Cash-Advance Reliant,0.7427,1.5723,True,1.0.0,0.45
C13556,1,High-Spend Transactor,0.2326,7.0374,True,1.0.0,0.575
C13557,1,High-Spend Transactor,0.3167,3.0796,True,1.0.0,0.575
C13558,0,Cash-Advance Reliant,0.6824,1.9331,True,1.0.0,0.45
C13559,2,Revolving Borrower,0.2387,4.0345,True,1.0.0,0.475
C13560,1,High-Spend Transactor,0.4985,3.1055,True,1.0.0,0.575
C13561,1,High-Spend Transactor,0.1502,4.8163,True,1.0.0,0.575
C13562,1,High-Spend Transactor,0.4884,3.0988,True,1.0.0,0.575
C13563,1,High-Spend Transactor,0.7518,1.3175,True,1.0.0,0.575
C13564,1,High-Spend Transactor,0.1699,3.8894,True,1.0.0,0.575
C13565,0,Cash-Advance Reliant,0.773,1.3507,True,1.0.0,0.45
C13566,0,Cash-Advance Reliant,0.4996,3.4808,True,1.0.0,0.45
C13567,2,Revolving Borrower,0.2905,3.4589,True,1.0.0,0.45
C13568,1,High-Spend Transactor,0.5357,3.1013,True,1.0.0,0.575
C13569,0,Cash-Advance Reliant,0.5707,2.7424,True,1.0.0,0.45
C13570,0,Cash-Advance Reliant,0.7093,1.7751,True,1.0.0,0.45
C13571,0,Cash-Advance Reliant,0.6453,2.0913,True,1.0.0,0.45
C13572,2,Revolving Borrower,0.3666,2.8472,True,1.0.0,0.475
C13573,2,Revolving Borrower,0.1853,4.6257,True,1.0.0,0.475
C13574,0,Cash-Advance Reliant,0.7463,1.531,True,1.0.0,0.45
C13575,0,Cash-Advance Reliant,0.3388,2.8289,True,1.0.0,0.45
C13576,1,High-Spend Transactor,0.2336,3.72,True,1.0.0,0.575
C13577,1,High-Spend Transactor,0.3264,4.1876,True,1.0.0,0.575
C13578,0,Cash-Advance Reliant,0.6968,1.8591,True,1.0.0,0.45
C13579,0,Cash-Advance Reliant,0.7411,1.5408,True,1.0.0,0.45
C13580,0,Cash-Advance Reliant,0.7158,1.7559,True,1.0.0,0.45
C13581,2,Revolving Borrower,0.4254,3.3501,True,1.0.0,0.475
C13582,1,High-Spend Transactor,0.4307,2.5579,True,1.0.0,0.575
C13583,1,High-Spend Transactor,0.4613,2.9717,True,1.0.0,0.575
C13584,1,High-Spend Transactor,0.3644,3.5481,True,1.0.0,0.575
C13585,1,High-Spend Transactor,0.4659,3.4752,True,1.0.0,0.575
C13586,1,High-Spend Transactor,0.2237,3.9642,True,1.0.0,0.575
C13587,2,Revolving Borrower,0.0609,3.6781,False,1.0.0,0.45
C13588,2,Revolving Borrower,0.0849,5.346,False,1.0.0,0.475
C13589,1,High-Spend Transactor,0.2288,3.3203,True,1.0.0,0.575
C13591,2,Revolving Borrower,0.1101,4.6291,False,1.0.0,0.475
C13592,0,Cash-Advance Reliant,0.627,2.4583,True,1.0.0,0.45
C13593,1,High-Spend Transactor,0.0731,4.3042,False,1.0.0,0.55
C13594,0,Cash-Advance Reliant,0.6651,2.0004,True,1.0.0,0.45
C13596,0,Cash-Advance Reliant,0.6563,2.082,True,1.0.0,0.45
C13597,1,High-Spend Transactor,0.3049,2.8596,True,1.0.0,0.575
C13598,2,Revolving Borrower,0.4429,3.7571,True,1.0.0,0.475
C13599,0,Cash-Advance Reliant,0.1323,3.1155,False,1.0.0,0.45
C13600,0,Cash-Advance Reliant,0.4851,3.2251,True,1.0.0,0.45
C13601,0,Cash-Advance Reliant,0.7183,1.7612,True,1.0.0,0.45
C13602,1,High-Spend Transactor,0.3585,3.5639,True,1.0.0,0.575
C13603,1,High-Spend Transactor,0.1806,4.2331,True,1.0.0,0.575
C13604,2,Revolving Borrower,0.389,3.0506,True,1.0.0,0.475
C13605,1,High-Spend Transactor,0.5386,2.5614,True,1.0.0,0.575
C13606,0,Cash-Advance Reliant,0.3726,4.9314,True,1.0.0,0.45
C13607,0,Cash-Advance Reliant,0.8332,1.0189,True,1.0.0,0.45
C13608,1,High-Spend Transactor,0.3389,2.8026,True,1.0.0,0.575
C13610,2,Revolving Borrower,0.0714,5.048,False,1.0.0,0.475
C13611,1,High-Spend Transactor,0.641,1.8093,True,1.0.0,0.575
C13612,1,High-Spend Transactor,0.1129,4.4999,False,1.0.0,0.575
C13613,1,High-Spend Transactor,0.4207,3.2085,True,1.0.0,0.575
C13614,2,Revolving Borrower,0.5333,2.6746,True,1.0.0,0.475
C13615,0,Cash-Advance Reliant,0.3674,4.6975,True,1.0.0,0.45
C13616,2,Revolving Borrower,0.7878,1.0715,True,1.0.0,0.475
C13617,0,Cash-Advance Reliant,0.8275,1.0359,True,1.0.0,0.45
C13618,1,High-Spend Transactor,0.5048,3.2736,True,1.0.0,0.575
C13619,0,Cash-Advance Reliant,0.5854,2.6762,True,1.0.0,0.45
C13620,1,High-Spend Transactor,0.1643,4.7701,True,1.0.0,0.575
C13621,1,High-Spend Transactor,0.3439,3.7587,True,1.0.0,0.575
C13622,1,High-Spend Transactor,0.1406,4.1507,False,1.0.0,0.575
C13623,0,Cash-Advance Reliant,0.6914,1.9318,True,1.0.0,0.45
C13624,1,High-Spend Transactor,0.5016,3.3827,True,1.0.0,0.575
C13625,1,High-Spend Transactor,0.5153,2.7095,True,1.0.0,0.575
C13626,2,Revolving Borrower,0.6979,1.3884,True,1.0.0,0.475
C13627,1,High-Spend Transactor,0.0793,3.9805,False,1.0.0,0.55
C13628,0,Cash-Advance Reliant,0.745,1.5284,True,1.0.0,0.45
C13629,2,Revolving Borrower,0.268,3.2486,True,1.0.0,0.45
C13630,2,Revolving Borrower,0.2493,4.8903,True,1.0.0,0.475
C13631,1,High-Spend Transactor,0.2653,3.0988,True,1.0.0,0.575
C13632,0,Cash-Advance Reliant,0.5878,2.5156,True,1.0.0,0.45
C13633,0,Cash-Advance Reliant,0.3047,3.0362,True,1.0.0,0.45
C13634,0,Cash-Advance Reliant,0.4927,3.7831,True,1.0.0,0.45
C13635,0,Cash-Advance Reliant,0.5589,2.7808,True,1.0.0,0.45
C13636,2,Revolving Borrower,0.697,1.7985,True,1.0.0,0.475
C13637,1,High-Spend Transactor,0.2109,3.5953,True,1.0.0,0.575
C13638,1,High-Spend Transactor,0.5248,2.6378,True,1.0.0,0.575
C13639,0,Cash-Advance Reliant,0.2493,3.0856,True,1.0.0,0.45
C13640,1,High-Spend Transactor,0.4178,3.3991,True,1.0.0,0.575
C13641,1,High-Spend Transactor,0.5315,2.2484,True,1.0.0,0.575
C13642,1,High-Spend Transactor,0.5677,1.9407,True,1.0.0,0.575
C13643,2,Revolving Borrower,0.2998,3.3248,True,1.0.0,0.475
C13644,1,High-Spend Transactor,0.0622,4.9007,False,1.0.0,0.55
C13645,0,Cash-Advance Reliant,0.7081,1.7129,True,1.0.0,0.45
C13646,0,Cash-Advance Reliant,0.7166,1.8923,True,1.0.0,0.45
C13647,0,Cash-Advance Reliant,0.4647,3.3494,True,1.0.0,0.45
C13648,0,Cash-Advance Reliant,0.6921,1.8331,True,1.0.0,0.45
C13649,0,Cash-Advance Reliant,0.6687,2.0295,True,1.0.0,0.45
C13650,1,High-Spend Transactor,0.4706,3.1669,True,1.0.0,0.575
C13651,1,High-Spend Transactor,0.1572,4.1194,True,1.0.0,0.575
C13652,0,Cash-Advance Reliant,0.5829,2.5405,True,1.0.0,0.45
C13653,2,Revolving Borrower,0.03,5.0451,False,1.0.0,0.3
C13654,2,Revolving Borrower,0.3202,3.5385,True,1.0.0,0.475
C13655,0,Cash-Advance Reliant,0.1262,5.0434,False,1.0.0,0.45
C13656,0,Cash-Advance Reliant,0.5968,2.4212,True,1.0.0,0.45
C13657,1,High-Spend Transactor,0.5163,2.7775,True,1.0.0,0.575
C13658,2,Revolving Borrower,0.3373,2.904,True,1.0.0,0.475
C13659,1,High-Spend Transactor,0.3483,3.3107,True,1.0.0,0.575
C13660,0,Cash-Advance Reliant,0.4863,3.2804,True,1.0.0,0.45
C13661,2,Revolving Borrower,0.6079,1.8464,True,1.0.0,0.475
C13662,2,Revolving Borrower,0.6117,2.1165,True,1.0.0,0.475
C13663,0,Cash-Advance Reliant,0.2882,5.565,True,1.0.0,0.45
C13664,1,High-Spend Transactor,0.4596,3.1482,True,1.0.0,0.575
C13665,0,Cash-Advance Reliant,0.7387,1.5609,True,1.0.0,0.45
C13666,2,Revolving Borrower,0.4464,2.6812,True,1.0.0,0.475
C13668,2,Revolving Borrower,0.2184,4.0238,True,1.0.0,0.45
C13669,1,High-Spend Transactor,0.1994,4.0729,True,1.0.0,0.575
C13670,2,Revolving Borrower,0.566,2.9989,True,1.0.0,0.475
C13671,2,Revolving Borrower,0.6094,2.3082,True,1.0.0,0.475
C13672,0,Cash-Advance Reliant,0.4699,3.2759,True,1.0.0,0.45
C13673,0,Cash-Advance Reliant,0.6833,1.8469,True,1.0.0,0.45
C13674,1,High-Spend Transactor,0.4547,3.0743,True,1.0.0,0.575
C13675,0,Cash-Advance Reliant,0.5884,2.5262,True,1.0.0,0.45
C13676,0,Cash-Advance Reliant,0.8844,0.6962,True,1.0.0,0.45
C13677,1,High-Spend Transactor,0.1754,4.2405,True,1.0.0,0.575
C13678,2,Revolving Borrower,0.0696,3.1035,False,1.0.0,0.475
C13679,2,Revolving Borrower,0.5926,1.9808,True,1.0.0,0.475
C13680,1,High-Spend Transactor,0.5098,3.0119,True,1.0.0,0.575
C13681,1,High-Spend Transactor,0.5107,3.34,True,1.0.0,0.575
C13682,1,High-Spend Transactor,0.4655,2.6742,True,1.0.0,0.575
C13683,1,High-Spend Transactor,0.3283,4.0431,True,1.0.0,0.6
C13684,1,High-Spend Transactor,0.0629,6.4838,False,1.0.0,0.575
C13685,2,Revolving Borrower,0.5793,2.4901,True,1.0.0,0.475
C13686,1,High-Spend Transactor,0.4123,3.4151,True,1.0.0,0.6
C13687,0,Cash-Advance Reliant,0.62,2.4365,True,1.0.0,0.45
C13688,1,High-Spend Transactor,0.5557,2.7793,True,1.0.0,0.575
C13689,0,Cash-Advance Reliant,0.5321,3.0822,True,1.0.0,0.45
C13690,1,High-Spend Transactor,0.62,1.6161,True,1.0.0,0.575
C13691,1,High-Spend Transactor,0.2287,4.9047,True,1.0.0,0.575
C13692,0,Cash-Advance Reliant,0.6773,2.0138,True,1.0.0,0.45
C13693,0,Cash-Advance Reliant,0.6339,2.1273,True,1.0.0,0.45
C13694,2,Revolving Borrower,0.6197,2.0782,True,1.0.0,0.475
C13695,0,Cash-Advance Reliant,0.6056,2.69,True,1.0.0,0.45
C13696,1,High-Spend Transactor,0.6599,1.914,True,1.0.0,0.575
C13697,0,Cash-Advance Reliant,0.3103,5.9318,True,1.0.0,0.45
C13698,2,Revolving Borrower,0.5469,1.9826,True,1.0.0,0.475
C13699,0,Cash-Advance Reliant,0.6307,2.4108,True,1.0.0,0.45
C13701,0,Cash-Advance Reliant,0.2756,4.3352,True,1.0.0,0.45
C13702,1,High-Spend Transactor,0.4756,3.5047,True,1.0.0,0.575
C13703,2,Revolving Borrower,0.0539,3.7189,False,1.0.0,0.475
C13704,1,High-Spend Transactor,0.5203,3.0662,True,1.0.0,0.575
C13705,1,High-Spend Transactor,0.5495,2.9389,True,1.0.0,0.575
C13706,2,Revolving Borrower,0.2034,4.6232,True,1.0.0,0.475
C13707,0,Cash-Advance Reliant,0.723,1.7186,True,1.0.0,0.45
C13708,0,Cash-Advance Reliant,0.6562,2.2003,True,1.0.0,0.45
C13709,2,Revolving Borrower,0.5144,2.6036,True,1.0.0,0.475
C13710,1,High-Spend Transactor,0.5147,2.6866,True,1.0.0,0.575
C13711,1,High-Spend Transactor,0.083,4.3316,False,1.0.0,0.55
C13712,2,Revolving Borrower,0.0185,4.0048,False,1.0.0,0.5
C13713,1,High-Spend Transactor,0.6561,1.7578,True,1.0.0,0.575
C13714,1,High-Spend Transactor,0.4956,2.2809,True,1.0.0,0.6
C13715,1,High-Spend Transactor,0.5119,3.1216,True,1.0.0,0.575
C13717,2,Revolving Borrower,0.7143,1.5663,True,1.0.0,0.475
C13718,1,High-Spend Transactor,0.2001,4.2791,True,1.0.0,0.575
C13719,1,High-Spend Transactor,0.5086,2.7911,True,1.0.0,0.575
C13720,0,Cash-Advance Reliant,0.1713,3.0658,True,1.0.0,0.45
C13721,1,High-Spend Transactor,0.2369,5.8215,True,1.0.0,0.575
C13722,1,High-Spend Transactor,0.3833,3.2706,True,1.0.0,0.575
C13723,1,High-Spend Transactor,0.5037,2.5988,True,1.0.0,0.575
C13724,1,High-Spend Transactor,0.2572,4.0139,True,1.0.0,0.575
C13725,2,Revolving Borrower,0.6514,1.6147,True,1.0.0,0.475
C13726,2,Revolving Borrower,0.5875,2.4152,True,1.0.0,0.475
C13727,2,Revolving Borrower,0.442,3.3138,True,1.0.0,0.475
C13728,1,High-Spend Transactor,0.411,4.234,True,1.0.0,0.575
C13729,1,High-Spend Transactor,0.5138,3.2809,True,1.0.0,0.575
C13730,1,High-Spend Transactor,0.444,3.4355,True,1.0.0,0.575
C13731,0,Cash-Advance Reliant,0.8002,1.1978,True,1.0.0,0.45
C13732,0,Cash-Advance Reliant,0.6623,2.0283,True,1.0.0,0.45
C13733,1,High-Spend Transactor,0.657,2.035,True,1.0.0,0.575
C13734,1,High-Spend Transactor,0.3297,3.259,True,1.0.0,0.575
C13735,1,High-Spend Transactor,0.7253,1.5878,True,1.0.0,0.575
C13736,1,High-Spend Transactor,0.2319,4.6573,True,1.0.0,0.575
C13737,2,Revolving Borrower,0.2012,3.7213,True,1.0.0,0.45
C13738,1,High-Spend Transactor,0.3641,3.7192,True,1.0.0,0.575
C13739,1,High-Spend Transactor,0.4632,3.1804,True,1.0.0,0.575
C13740,2,Revolving Borrower,0.4446,3.0471,True,1.0.0,0.475
C13741,2,Revolving Borrower,0.4827,3.7315,True,1.0.0,0.475
C13742,0,Cash-Advance Reliant,0.672,1.9863,True,1.0.0,0.45
C13743,0,Cash-Advance Reliant,0.544,3.032,True,1.0.0,0.45
C13744,0,Cash-Advance Reliant,0.4609,3.3557,True,1.0.0,0.45
C13745,2,Revolving Borrower,0.3166,2.727,True,1.0.0,0.475
C13746,2,Revolving Borrower,0.4007,3.5247,True,1.0.0,0.475
C13747,2,Revolving Borrower,0.6602,2.0557,True,1.0.0,0.475
C13748,0,Cash-Advance Reliant,0.5874,2.3991,True,1.0.0,0.45
C13749,1,High-Spend Transactor,0.2848,3.819,True,1.0.0,0.575
C13750,2,Revolving Borrower,0.0616,3.2904,False,1.0.0,0.425
C13751,0,Cash-Advance Reliant,0.7699,1.4695,True,1.0.0,0.45
C13752,0,Cash-Advance Reliant,0.6901,1.9478,True,1.0.0,0.45
C13753,1,High-Spend Transactor,0.1921,3.5388,True,1.0.0,0.575
C13754,2,Revolving Borrower,0.0745,6.0013,False,1.0.0,0.45
C13755,2,Revolving Borrower,0.0727,6.125,False,1.0.0,0.475
C13756,0,Cash-Advance Reliant,0.0459,3.2615,False,1.0.0,0.375
C13757,0,Cash-Advance Reliant,0.7075,1.8268,True,1.0.0,0.45
C13758,1,High-Spend Transactor,0.1183,4.4103,False,1.0.0,0.575
C13759,0,Cash-Advance Reliant,0.6933,1.8499,True,1.0.0,0.45
C13760,1,High-Spend Transactor,0.2955,3.4431,True,1.0.0,0.575
C13761,1,High-Spend Transactor,0.3251,3.2268,True,1.0.0,0.575
C13762,1,High-Spend Transactor,0.3377,3.8233,True,1.0.0,0.6
C13763,1,High-Spend Transactor,0.5532,2.9031,True,1.0.0,0.575
C13764,2,Revolving Borrower,0.5154,2.6727,True,1.0.0,0.475
C13765,1,High-Spend Transactor,0.3623,4.0226,True,1.0.0,0.575
C13767,1,High-Spend Transactor,0.4929,2.3528,True,1.0.0,0.575
C13768,2,Revolving Borrower,0.375,3.4533,True,1.0.0,0.475
C13769,1,High-Spend Transactor,0.609,2.5054,True,1.0.0,0.575
C13770,0,Cash-Advance Reliant,0.5764,2.5875,True,1.0.0,0.45
C13771,1,High-Spend Transactor,0.2265,4.0609,True,1.0.0,0.575
C13772,2,Revolving Borrower,0.6603,1.7959,True,1.0.0,0.475
C13773,2,Revolving Borrower,0.0169,4.9668,False,1.0.0,0.225
C13774,1,High-Spend Transactor,0.4265,3.6522,True,1.0.0,0.575
C13775,2,Revolving Borrower,0.4813,2.4296,True,1.0.0,0.475
C13776,0,Cash-Advance Reliant,0.76,1.4588,True,1.0.0,0.45
C13777,1,High-Spend Transactor,0.5504,2.5781,True,1.0.0,0.575
C13778,1,High-Spend Transactor,0.6043,1.7291,True,1.0.0,0.575
C13779,1,High-Spend Transactor,0.2189,4.338,True,1.0.0,0.575
C13780,1,High-Spend Transactor,0.2091,4.1754,True,1.0.0,0.575
C13781,2,Revolving Borrower,0.269,3.4108,True,1.0.0,0.45
C13782,1,High-Spend Transactor,0.4672,3.4467,True,1.0.0,0.575
C13783,0,Cash-Advance Reliant,0.6065,2.4681,True,1.0.0,0.45
C13784,1,High-Spend Transactor,0.4374,2.6187,True,1.0.0,0.575
C13785,0,Cash-Advance Reliant,0.6808,1.9439,True,1.0.0,0.45
C13786,2,Revolving Borrower,0.2316,2.6299,True,1.0.0,0.475
C13787,0,Cash-Advance Reliant,0.2957,6.3319,True,1.0.0,0.45
C13788,1,High-Spend Transactor,0.3054,3.9804,True,1.0.0,0.575
C13789,1,High-Spend Transactor,0.3238,3.9235,True,1.0.0,0.575
C13790,0,Cash-Advance Reliant,0.6836,2.0006,True,1.0.0,0.45
C13791,2,Revolving Borrower,0.4962,2.9716,True,1.0.0,0.475
C13792,1,High-Spend Transactor,0.1243,4.2352,False,1.0.0,0.575
C13793,1,High-Spend Transactor,0.1424,4.1437,False,1.0.0,0.575
C13794,2,Revolving Borrower,0.3255,2.8298,True,1.0.0,0.475
C13795,2,Revolving Borrower,0.0566,4.885,False,1.0.0,0.475
C13796,1,High-Spend Transactor,0.4636,2.9085,True,1.0.0,0.6
C13797,1,High-Spend Transactor,0.5212,3.0875,True,1.0.0,0.575
C13798,1,High-Spend Transactor,0.5004,2.1997,True,1.0.0,0.575
C13799,2,Revolving Borrower,0.0814,5.0192,False,1.0.0,0.475
C13800,2,Revolving Borrower,0.2618,6.1079,True,1.0.0,0.475
C13801,1,High-Spend Transactor,0.2068,4.286,True,1.0.0,0.575
C13802,2,Revolving Borrower,0.1716,6.2723,True,1.0.0,0.475
C13803,1,High-Spend Transactor,0.5709,2.5534,True,1.0.0,0.575
C13804,0,Cash-Advance Reliant,0.7536,1.467,True,1.0.0,0.45
C13805,1,High-Spend Transactor,0.4776,3.2687,True,1.0.0,0.575
C13806,2,Revolving Borrower,0.6026,2.2002,True,1.0.0,0.475
C13807,0,Cash-Advance Reliant,0.1109,4.0568,False,1.0.0,0.45
C13809,1,High-Spend Transactor,0.4416,3.2287,True,1.0.0,0.575
C13810,1,High-Spend Transactor,0.4372,2.8354,True,1.0.0,0.575
C13811,0,Cash-Advance Reliant,0.7345,1.5926,True,1.0.0,0.45
C13812,1,High-Spend Transactor,0.4056,2.8791,True,1.0.0,0.575
C13813,1,High-Spend Transactor,0.1879,3.7091,True,1.0.0,0.575
C13814,2,Revolving Borrower,0.3162,3.5953,True,1.0.0,0.475
C13815,1,High-Spend Transactor,0.7183,1.529,True,1.0.0,0.575
C13816,2,Revolving Borrower,0.0254,4.9922,False,1.0.0,0.375
C13817,2,Revolving Borrower,0.5267,3.1154,True,1.0.0,0.475
C13819,1,High-Spend Transactor,0.2451,3.9161,True,1.0.0,0.575
C13820,1,High-Spend Transactor,0.5277,2.6388,True,1.0.0,0.575
C13821,1,High-Spend Transactor,0.1497,4.2212,False,1.0.0,0.575
C13822,0,Cash-Advance Reliant,0.6555,2.0414,True,1.0.0,0.45
C13823,1,High-Spend Transactor,0.4478,3.5281,True,1.0.0,0.575
C13824,2,Revolving Borrower,0.6029,2.1658,True,1.0.0,0.475
C13825,1,High-Spend Transactor,0.0132,5.5386,False,1.0.0,0.525
C13826,0,Cash-Advance Reliant,0.0727,3.2875,False,1.0.0,0.425
C13827,2,Revolving Borrower,0.6384,2.1817,True,1.0.0,0.475
C13828,0,Cash-Advance Reliant,0.8094,1.1399,True,1.0.0,0.45
C13829,0,Cash-Advance Reliant,0.7939,1.2698,True,1.0.0,0.45
C13830,0,Cash-Advance Reliant,0.637,2.2191,True,1.0.0,0.45
C13831,1,High-Spend Transactor,0.5076,2.6472,True,1.0.0,0.6
C13832,1,High-Spend Transactor,0.4961,3.1022,True,1.0.0,0.575
C13833,1,High-Spend Transactor,0.3836,3.9585,True,1.0.0,0.575
C13834,1,High-Spend Transactor,0.3753,3.9351,True,1.0.0,0.575
C13835,1,High-Spend Transactor,0.2612,3.5838,True,1.0.0,0.575
C13836,1,High-Spend Transactor,0.5002,2.4105,True,1.0.0,0.575
C13837,0,Cash-Advance Reliant,0.7106,1.8259,True,1.0.0,0.45
C13838,1,High-Spend Transactor,0.1371,4.5232,False,1.0.0,0.575
C13839,2,Revolving Borrower,0.438,3.9589,True,1.0.0,0.475
C13840,2,Revolving Borrower,0.4897,2.7742,True,1.0.0,0.475
C13841,0,Cash-Advance Reliant,0.6867,1.8319,True,1.0.0,0.45
C13842,0,Cash-Advance Reliant,0.5729,2.6642,True,1.0.0,0.45
C13843,2,Revolving Borrower,0.0472,3.8656,False,1.0.0,0.425
C13844,1,High-Spend Transactor,0.4176,3.5225,True,1.0.0,0.575
C13845,0,Cash-Advance Reliant,0.287,3.5132,True,1.0.0,0.45
C13846,1,High-Spend Transactor,0.6556,1.6058,True,1.0.0,0.575
C13847,2,Revolving Borrower,0.4779,2.3208,True,1.0.0,0.475
C13848,1,High-Spend Transactor,0.4479,2.7679,True,1.0.0,0.575
C13849,1,High-Spend Transactor,0.5173,2.8792,True,1.0.0,0.575
C13850,2,Revolving Borrower,0.4724,3.4987,True,1.0.0,0.475
C13851,1,High-Spend Transactor,0.5237,2.6106,True,1.0.0,0.575
C13852,1,High-Spend Transactor,0.2159,4.0295,True,1.0.0,0.575
C13853,1,High-Spend Transactor,0.0684,5.2514,False,1.0.0,0.575
C13855,1,High-Spend Transactor,0.2366,6.857,True,1.0.0,0.575
C13856,2,Revolving Borrower,0.3912,3.0035,True,1.0.0,0.475
C13857,1,High-Spend Transactor,0.2131,3.7688,True,1.0.0,0.575
C13858,2,Revolving Borrower,0.2883,3.9765,True,1.0.0,0.475
C13859,0,Cash-Advance Reliant,0.0289,3.6402,False,1.0.0,0.35
C13860,2,Revolving Borrower,0.6529,2.2262,True,1.0.0,0.475
C13861,2,Revolving Borrower,0.3579,2.2345,True,1.0.0,0.475
C13862,2,Revolving Borrower,0.2816,4.5218,True,1.0.0,0.475
C13863,1,High-Spend Transactor,0.4384,2.7288,True,1.0.0,0.575
C13864,1,High-Spend Transactor,0.3835,2.9469,True,1.0.0,0.575
C13865,2,Revolving Borrower,0.664,2.1991,True,1.0.0,0.475
C13866,0,Cash-Advance Reliant,0.0479,4.5453,False,1.0.0,0.45
C13867,0,Cash-Advance Reliant,0.6804,1.9066,True,1.0.0,0.45
C13868,1,High-Spend Transactor,0.6439,1.9072,True,1.0.0,0.575
C13869,0,Cash-Advance Reliant,0.7124,1.719,True,1.0.0,0.45
C13870,1,High-Spend Transactor,0.4689,3.0126,True,1.0.0,0.575
C13871,2,Revolving Borrower,0.1692,3.8264,True,1.0.0,0.475
C13872,2,Revolving Borrower,0.3945,2.8021,True,1.0.0,0.475
C13873,0,Cash-Advance Reliant,0.667,1.9779,True,1.0.0,0.45
C13874,0,Cash-Advance Reliant,0.6882,1.859,True,1.0.0,0.45
C13875,1,High-Spend Transactor,0.1666,5.9741,True,1.0.0,0.575
C13876,0,Cash-Advance Reliant,0.3946,4.6515,True,1.0.0,0.45
C13877,2,Revolving Borrower,0.3958,3.3834,True,1.0.0,0.475
C13878,0,Cash-Advance Reliant,0.5283,2.9426,True,1.0.0,0.45
C13879,0,Cash-Advance Reliant,0.5569,3.2332,True,1.0.0,0.45
C13881,1,High-Spend Transactor,0.3668,3.5057,True,1.0.0,0.575
C13882,1,High-Spend Transactor,0.4685,2.5204,True,1.0.0,0.575
C13883,2,Revolving Borrower,0.5993,2.1735,True,1.0.0,0.475
C13884,0,Cash-Advance Reliant,0.6169,2.3168,True,1.0.0,0.45
C13885,1,High-Spend Transactor,0.8055,0.8583,True,1.0.0,0.575
C13886,1,High-Spend Transactor,0.3965,3.8314,True,1.0.0,0.575
C13887,1,High-Spend Transactor,0.8098,0.9075,True,1.0.0,0.575
C13888,0,Cash-Advance Reliant,0.7596,1.4763,True,1.0.0,0.45
C13889,0,Cash-Advance Reliant,0.8208,1.0757,True,1.0.0,0.45
C13890,1,High-Spend Transactor,0.2075,5.5289,True,1.0.0,0.575
C13891,1,High-Spend Transactor,0.2061,4.8786,True,1.0.0,0.575
C13892,0,Cash-Advance Reliant,0.3161,2.6907,True,1.0.0,0.45
C13893,2,Revolving Borrower,0.6593,1.9421,True,1.0.0,0.475
C13894,1,High-Spend Transactor,0.4977,2.8675,True,1.0.0,0.575
C13895,1,High-Spend Transactor,0.0946,6.6401,False,1.0.0,0.575
C13896,2,Revolving Borrower,0.0071,5.8259,False,1.0.0,0.175
C13897,1,High-Spend Transactor,0.3536,2.9201,True,1.0.0,0.575
C13898,2,Revolving Borrower,0.4045,3.2005,True,1.0.0,0.475
C13899,1,High-Spend Transactor,0.1243,4.4795,False,1.0.0,0.575
C13900,0,Cash-Advance Reliant,0.1062,3.6537,False,1.0.0,0.45
C13901,1,High-Spend Transactor,0.444,3.5602,True,1.0.0,0.575
C13902,1,High-Spend Transactor,0.3808,3.6731,True,1.0.0,0.6
C13903,1,High-Spend Transactor,0.2235,4.1347,True,1.0.0,0.575
C13904,2,Revolving Borrower,0.5608,2.337,True,1.0.0,0.475
C13905,1,High-Spend Transactor,0.3958,3.4906,True,1.0.0,0.575
C13906,1,High-Spend Transactor,0.5248,3.155,True,1.0.0,0.575
C13907,1,High-Spend Transactor,0.1798,7.2582,True,1.0.0,0.575
C13908,2,Revolving Borrower,0.5852,2.6947,True,1.0.0,0.475
C13909,1,High-Spend Transactor,0.5544,2.7077,True,1.0.0,0.575
C13910,0,Cash-Advance Reliant,0.1356,3.1978,False,1.0.0,0.45
C13911,1,High-Spend Transactor,0.3677,2.9046,True,1.0.0,0.575
C13912,0,Cash-Advance Reliant,0.5789,2.5414,True,1.0.0,0.45
C13913,1,High-Spend Transactor,0.3645,3.9973,True,1.0.0,0.575
C13914,2,Revolving Borrower,0.4471,4.8844,True,1.0.0,0.475
C13915,1,High-Spend Transactor,0.185,4.0143,True,1.0.0,0.575
C13916,1,High-Spend Transactor,0.267,6.5034,True,1.0.0,0.575
C13917,1,High-Spend Transactor,0.5193,2.9675,True,1.0.0,0.575
C13918,0,Cash-Advance Reliant,0.6879,1.9464,True,1.0.0,0.45
C13919,0,Cash-Advance Reliant,0.1147,3.1466,False,1.0.0,0.45
C13920,2,Revolving Borrower,0.398,3.049,True,1.0.0,0.475
C13921,2,Revolving Borrower,0.5172,2.766,True,1.0.0,0.475
C13922,0,Cash-Advance Reliant,0.6594,2.096,True,1.0.0,0.45
C13923,1,High-Spend Transactor,0.5004,3.3739,True,1.0.0,0.575
C13924,1,High-Spend Transactor,0.5313,2.3612,True,1.0.0,0.575
C13925,0,Cash-Advance Reliant,0.6377,2.236,True,1.0.0,0.45
C13926,0,Cash-Advance Reliant,0.7344,1.5977,True,1.0.0,0.45
C13927,1,High-Spend Transactor,0.3675,3.1308,True,1.0.0,0.6
C13928,1,High-Spend Transactor,0.4667,3.1434,True,1.0.0,0.575
C13929,0,Cash-Advance Reliant,0.3347,2.8166,True,1.0.0,0.45
C13930,0,Cash-Advance Reliant,0.6427,2.1612,True,1.0.0,0.45
C13931,1,High-Spend Transactor,0.4762,2.7037,True,1.0.0,0.575
C13932,1,High-Spend Transactor,0.5357,3.107,True,1.0.0,0.575
C13933,2,Revolving Borrower,0.1944,3.2418,True,1.0.0,0.45
C13934,0,Cash-Advance Reliant,0.8338,0.9849,True,1.0.0,0.45
C13935,1,High-Spend Transactor,0.488,3.513,True,1.0.0,0.575
C13936,2,Revolving Borrower,0.465,2.2871,True,1.0.0,0.475
C13937,0,Cash-Advance Reliant,0.6635,1.9956,True,1.0.0,0.45
C13938,1,High-Spend Transactor,0.2293,4.3848,True,1.0.0,0.575
C13939,0,Cash-Advance Reliant,0.7222,1.7034,True,1.0.0,0.45
C13940,1,High-Spend Transactor,0.5764,2.3377,True,1.0.0,0.575
C13941,1,High-Spend Transactor,0.1428,4.3782,False,1.0.0,0.575
C13942,0,Cash-Advance Reliant,0.6698,2.1097,True,1.0.0,0.45
C13943,2,Revolving Borrower,0.4059,2.8701,True,1.0.0,0.475
C13944,1,High-Spend Transactor,0.2035,4.995,True,1.0.0,0.575
C13945,2,Revolving Borrower,0.0744,3.8239,False,1.0.0,0.425
C13946,1,High-Spend Transactor,0.543,2.7748,True,1.0.0,0.575
C13947,0,Cash-Advance Reliant,0.3224,2.5742,True,1.0.0,0.45
C13948,0,Cash-Advance Reliant,0.5288,2.9003,True,1.0.0,0.45
C13949,1,High-Spend Transactor,0.1955,3.9544,True,1.0.0,0.575
C13950,1,High-Spend Transactor,0.3145,3.5348,True,1.0.0,0.575
C13951,1,High-Spend Transactor,0.504,2.2232,True,1.0.0,0.575
C13952,1,High-Spend Transactor,0.1955,6.8201,True,1.0.0,0.575
C13953,0,Cash-Advance Reliant,0.5725,2.8471,True,1.0.0,0.45
C13954,1,High-Spend Transactor,0.332,3.131,True,1.0.0,0.575
C13955,1,High-Spend Transactor,0.3892,3.2152,True,1.0.0,0.6
C13956,2,Revolving Borrower,0.3954,3.2598,True,1.0.0,0.475
C13957,1,High-Spend Transactor,0.3129,3.8173,True,1.0.0,0.575
C13958,2,Revolving Borrower,0.5042,1.9852,True,1.0.0,0.475
C13959,1,High-Spend Transactor,0.2902,4.5472,True,1.0.0,0.6
C13960,1,High-Spend Transactor,0.275,5.1765,True,1.0.0,0.575
C13961,1,High-Spend Transactor,0.6393,1.8374,True,1.0.0,0.575
C13962,1,High-Spend Transactor,0.6378,1.9146,True,1.0.0,0.575
C13964,2,Revolving Borrower,0.4984,2.6934,True,1.0.0,0.475
C13965,1,High-Spend Transactor,0.6909,1.7097,True,1.0.0,0.575
C13966,1,High-Spend Transactor,0.351,3.7321,True,1.0.0,0.575
C13967,0,Cash-Advance Reliant,0.6895,1.8433,True,1.0.0,0.45
C13968,2,Revolving Borrower,0.5589,2.104,True,1.0.0,0.475
C13969,2,Revolving Borrower,0.0636,3.2611,False,1.0.0,0.425
C13970,1,High-Spend Transactor,0.3951,3.82,True,1.0.0,0.575
C13971,2,Revolving Borrower,0.5308,2.4525,True,1.0.0,0.475
C13972,1,High-Spend Transactor,0.0609,4.7374,False,1.0.0,0.55
C13973,1,High-Spend Transactor,0.5203,2.7463,True,1.0.0,0.575
C13974,1,High-Spend Transactor,0.3969,3.382,True,1.0.0,0.575
C13975,1,High-Spend Transactor,0.5519,2.4692,True,1.0.0,0.575
C13977,0,Cash-Advance Reliant,0.7942,1.2427,True,1.0.0,0.45
C13978,1,High-Spend Transactor,0.0954,3.889,False,1.0.0,0.525
C13979,1,High-Spend Transactor,0.2289,3.9528,True,1.0.0,0.575
C13980,1,High-Spend Transactor,0.4725,3.0294,True,1.0.0,0.575
C13981,0,Cash-Advance Reliant,0.5925,2.4811,True,1.0.0,0.45
C13982,1,High-Spend Transactor,0.5423,2.4554,True,1.0.0,0.575
C13983,1,High-Spend Transactor,0.2593,6.3916,True,1.0.0,0.575
C13984,0,Cash-Advance Reliant,0.8113,1.1221,True,1.0.0,0.45
C13985,2,Revolving Borrower,0.5811,2.4497,True,1.0.0,0.475
C13986,0,Cash-Advance Reliant,0.7115,1.7256,True,1.0.0,0.45
C13987,1,High-Spend Transactor,0.4226,3.2303,True,1.0.0,0.575
C13988,1,High-Spend Transactor,0.1676,5.248,True,1.0.0,0.575
C13989,1,High-Spend Transactor,0.2717,4.0453,True,1.0.0,0.575
C13990,0,Cash-Advance Reliant,0.84,0.8944,True,1.0.0,0.45
C13991,1,High-Spend Transactor,0.4105,2.8524,True,1.0.0,0.6
C13992,2,Revolving Borrower,0.3905,2.694,True,1.0.0,0.475
C13993,1,High-Spend Transactor,0.0439,4.756,False,1.0.0,0.55
C13994,2,Revolving Borrower,0.4132,3.3672,True,1.0.0,0.475
C13995,1,High-Spend Transactor,0.111,4.0266,False,1.0.0,0.525
C13996,2,Revolving Borrower,0.6384,2.0063,True,1.0.0,0.475
C13997,1,High-Spend Transactor,0.2483,4.4024,True,1.0.0,0.575
C13998,1,High-Spend Transactor,0.2325,3.6593,True,1.0.0,0.575
C13999,0,Cash-Advance Reliant,0.6688,2.0454,True,1.0.0,0.45
C14000,2,Revolving Borrower,0.4827,2.5082,True,1.0.0,0.475
C14001,0,Cash-Advance Reliant,0.707,1.8535,True,1.0.0,0.45
C14002,1,High-Spend Transactor,0.4536,3.0149,True,1.0.0,0.575
C14003,1,High-Spend Transactor,0.5852,2.6381,True,1.0.0,0.575
C14004,0,Cash-Advance Reliant,0.5589,2.9503,True,1.0.0,0.45
C14005,0,Cash-Advance Reliant,0.5149,2.2481,True,1.0.0,0.45
C14006,0,Cash-Advance Reliant,0.044,3.4682,False,1.0.0,0.4
C14007,1,High-Spend Transactor,0.4343,2.4229,True,1.0.0,0.575
C14008,1,High-Spend Transactor,0.4271,3.8257,True,1.0.0,0.575
C14009,1,High-Spend Transactor,0.5603,2.6753,True,1.0.0,0.575
C14010,1,High-Spend Transactor,0.1183,4.5057,False,1.0.0,0.575
C14011,2,Revolving Borrower,0.6337,1.7008,True,1.0.0,0.475
C14012,1,High-Spend Transactor,0.1836,6.8898,True,1.0.0,0.575
C14013,0,Cash-Advance Reliant,0.8488,0.9048,True,1.0.0,0.45
C14014,0,Cash-Advance Reliant,0.546,2.9033,True,1.0.0,0.45
C14015,2,Revolving Borrower,0.0069,5.1131,False,1.0.0,0.175
C14016,0,Cash-Advance Reliant,0.5746,2.615,True,1.0.0,0.45
C14017,0,Cash-Advance Reliant,0.2721,6.319,True,1.0.0,0.45
C14018,2,Revolving Borrower,0.0323,5.1988,False,1.0.0,0.45
C14019,0,Cash-Advance Reliant,0.6771,1.9816,True,1.0.0,0.45
C14020,1,High-Spend Transactor,0.2251,4.8213,True,1.0.0,0.575
C14021,0,Cash-Advance Reliant,0.7176,1.7897,True,1.0.0,0.45
C14022,0,Cash-Advance Reliant,0.7576,1.4854,True,1.0.0,0.45
C14023,1,High-Spend Transactor,0.3705,4.1252,True,1.0.0,0.575
C14024,1,High-Spend Transactor,0.4853,3.2504,True,1.0.0,0.575
C14026,1,High-Spend Transactor,0.725,1.5639,True,1.0.0,0.575
C14027,1,High-Spend Transactor,0.5036,2.8365,True,1.0.0,0.575
C14028,2,Revolving Borrower,0.4033,3.1555,True,1.0.0,0.475
C14029,1,High-Spend Transactor,0.4898,2.9383,True,1.0.0,0.575
C14030,1,High-Spend Transactor,0.4118,3.3941,True,1.0.0,0.575
C14031,1,High-Spend Transactor,0.1879,3.529,True,1.0.0,0.575
C14032,0,Cash-Advance Reliant,0.4908,3.158,True,1.0.0,0.45
C14033,2,Revolving Borrower,0.4999,3.1445,True,1.0.0,0.475
C14034,0,Cash-Advance Reliant,0.7625,1.4199,True,1.0.0,0.45
C14035,1,High-Spend Transactor,0.048,3.6123,False,1.0.0,0.6
C14036,0,Cash-Advance Reliant,0.5077,3.0702,True,1.0.0,0.45
C14037,1,High-Spend Transactor,0.1906,3.4037,True,1.0.0,0.575
C14038,1,High-Spend Transactor,0.5735,2.5781,True,1.0.0,0.575
C14039,1,High-Spend Transactor,0.4244,2.7197,True,1.0.0,0.6
C14040,2,Revolving Borrower,0.522,2.1739,True,1.0.0,0.475
C14041,0,Cash-Advance Reliant,0.4885,3.1258,True,1.0.0,0.45
C14042,0,Cash-Advance Reliant,0.5566,2.2001,True,1.0.0,0.45
C14043,2,Revolving Borrower,0.6225,1.9863,True,1.0.0,0.475
C14044,2,Revolving Borrower,0.0551,4.7483,False,1.0.0,0.5
C14045,0,Cash-Advance Reliant,0.798,1.223,True,1.0.0,0.45
C14046,1,High-Spend Transactor,0.044,4.2945,False,1.0.0,0.55
C14047,2,Revolving Borrower,0.0848,4.3627,False,1.0.0,0.45
C14048,1,High-Spend Transactor,0.0101,6.9526,False,1.0.0,0.525
C14049,1,High-Spend Transactor,0.5588,2.6411,True,1.0.0,0.575
C14050,2,Revolving Borrower,0.438,3.909,True,1.0.0,0.475
C14051,0,Cash-Advance Reliant,0.7313,1.6214,True,1.0.0,0.45
C14052,0,Cash-Advance Reliant,0.2429,3.1592,True,1.0.0,0.45
C14053,0,Cash-Advance Reliant,0.5679,2.8181,True,1.0.0,0.45
C14054,1,High-Spend Transactor,0.4739,3.4319,True,1.0.0,0.575
C14055,2,Revolving Borrower,0.5104,3.6975,True,1.0.0,0.475
C14056,0,Cash-Advance Reliant,0.683,1.8824,True,1.0.0,0.45
C14057,1,High-Spend Transactor,0.5739,2.2364,True,1.0.0,0.575
C14058,1,High-Spend Transactor,0.5031,3.4141,True,1.0.0,0.575
C14059,1,High-Spend Transactor,0.2204,4.7611,True,1.0.0,0.575
C14060,0,Cash-Advance Reliant,0.6475,2.2446,True,1.0.0,0.45
C14061,1,High-Spend Transactor,0.5791,2.6725,True,1.0.0,0.575
C14062,1,High-Spend Transactor,0.4506,3.5913,True,1.0.0,0.575
C14063,0,Cash-Advance Reliant,0.6453,2.3897,True,1.0.0,0.45
C14064,1,High-Spend Transactor,0.3563,4.3276,True,1.0.0,0.575
C14065,1,High-Spend Transactor,0.3237,3.8282,True,1.0.0,0.575
C14066,1,High-Spend Transactor,0.1746,5.1314,True,1.0.0,0.575
C14067,2,Revolving Borrower,0.0117,4.8336,False,1.0.0,0.175
C14068,1,High-Spend Transactor,0.5277,3.1555,True,1.0.0,0.575
C14069,1,High-Spend Transactor,0.4415,3.0915,True,1.0.0,0.575
C14070,0,Cash-Advance Reliant,0.5148,3.2692,True,1.0.0,0.45
C14071,1,High-Spend Transactor,0.3622,2.8496,True,1.0.0,0.575
C14072,0,Cash-Advance Reliant,0.1893,3.2615,True,1.0.0,0.45
C14073,1,High-Spend Transactor,0.2326,4.8121,True,1.0.0,0.575
C14074,1,High-Spend Transactor,0.3954,2.9463,True,1.0.0,0.575
C14075,1,High-Spend Transactor,0.3683,4.1678,True,1.0.0,0.575
C14076,1,High-Spend Transactor,0.2383,3.4915,True,1.0.0,0.575
C14077,0,Cash-Advance Reliant,0.5275,2.2204,True,1.0.0,0.45
C14078,1,High-Spend Transactor,0.3454,3.2836,True,1.0.0,0.575
C14079,0,Cash-Advance Reliant,0.7484,1.4802,True,1.0.0,0.45
C14080,1,High-Spend Transactor,0.3757,3.5619,True,1.0.0,0.6
C14081,1,High-Spend Transactor,0.3858,2.9932,True,1.0.0,0.575
C14082,1,High-Spend Transactor,0.164,3.8843,True,1.0.0,0.575
C14083,2,Revolving Borrower,0.0748,3.9705,False,1.0.0,0.475
C14084,0,Cash-Advance Reliant,0.8235,1.0406,True,1.0.0,0.45
C14085,0,Cash-Advance Reliant,0.7379,1.6565,True,1.0.0,0.45
C14086,0,Cash-Advance Reliant,0.6334,2.211,True,1.0.0,0.45
C14087,1,High-Spend Transactor,0.5437,2.7448,True,1.0.0,0.575
C14088,1,High-Spend Transactor,0.6552,1.5745,True,1.0.0,0.6
C14089,1,High-Spend Transactor,0.2117,4.2233,True,1.0.0,0.575
C14090,0,Cash-Advance Reliant,0.6861,2.1038,True,1.0.0,0.45
C14091,2,Revolving Borrower,0.4968,2.7813,True,1.0.0,0.475
C14092,1,High-Spend Transactor,0.5508,2.9389,True,1.0.0,0.575
C14094,0,Cash-Advance Reliant,0.2304,5.6697,True,1.0.0,0.45
C14095,0,Cash-Advance Reliant,0.741,1.6147,True,1.0.0,0.45
C14096,2,Revolving Borrower,0.4479,3.1767,True,1.0.0,0.475
C14097,1,High-Spend Transactor,0.66,1.954,True,1.0.0,0.575
C14098,0,Cash-Advance Reliant,0.3351,5.317,True,1.0.0,0.45
C14099,1,High-Spend Transactor,0.2087,4.0758,True,1.0.0,0.575
C14100,2,Revolving Borrower,0.3075,2.7708,True,1.0.0,0.475
C14101,0,Cash-Advance Reliant,0.6761,1.8827,True,1.0.0,0.45
C14102,0,Cash-Advance Reliant,0.7938,1.2299,True,1.0.0,0.45
C14103,1,High-Spend Transactor,0.5815,2.1056,True,1.0.0,0.6
C14104,0,Cash-Advance Reliant,0.5947,2.8058,True,1.0.0,0.45
C14105,1,High-Spend Transactor,0.1741,3.9463,True,1.0.0,0.575
C14106,1,High-Spend Transactor,0.1941,4.1282,True,1.0.0,0.575
C14107,1,High-Spend Transactor,0.2908,4.7172,True,1.0.0,0.575
C14108,0,Cash-Advance Reliant,0.7335,1.6,True,1.0.0,0.45
C14109,1,High-Spend Transactor,0.2505,4.4783,True,1.0.0,0.575
C14111,1,High-Spend Transactor,0.3031,3.6447,True,1.0.0,0.575
C14112,0,Cash-Advance Reliant,0.6094,2.3525,True,1.0.0,0.45
C14113,2,Revolving Borrower,0.6733,1.7655,True,1.0.0,0.475
C14114,0,Cash-Advance Reliant,0.6144,2.349,True,1.0.0,0.45
C14115,1,High-Spend Transactor,0.234,3.404,True,1.0.0,0.575
C14116,0,Cash-Advance Reliant,0.6812,1.8758,True,1.0.0,0.45
C14117,1,High-Spend Transactor,0.4947,2.7689,True,1.0.0,0.6
C14119,0,Cash-Advance Reliant,0.616,2.3508,True,1.0.0,0.45
C14120,2,Revolving Borrower,0.5893,2.2232,True,1.0.0,0.475
C14121,1,High-Spend Transactor,0.3981,3.3453,True,1.0.0,0.6
C14122,2,Revolving Borrower,0.5039,2.2339,True,1.0.0,0.475
C14123,2,Revolving Borrower,0.3047,3.4131,True,1.0.0,0.475
C14124,1,High-Spend Transactor,0.3631,3.4188,True,1.0.0,0.575
C14125,1,High-Spend Transactor,0.0006,4.5199,False,1.0.0,0.4
C14126,2,Revolving Borrower,0.0614,5.0029,False,1.0.0,0.475
C14127,1,High-Spend Transactor,0.1536,5.7424,True,1.0.0,0.575
C14128,1,High-Spend Transactor,0.1826,3.7194,True,1.0.0,0.575
C14129,1,High-Spend Transactor,0.3983,2.6212,True,1.0.0,0.575
C14130,0,Cash-Advance Reliant,0.5059,3.0399,True,1.0.0,0.45
C14131,2,Revolving Borrower,0.1585,3.2511,True,1.0.0,0.45
C14132,2,Revolving Borrower,0.1728,3.6632,True,1.0.0,0.45
C14133,1,High-Spend Transactor,0.4231,3.0915,True,1.0.0,0.575
C14134,0,Cash-Advance Reliant,0.8403,0.9571,True,1.0.0,0.45
C14135,0,Cash-Advance Reliant,0.297,5.5028,True,1.0.0,0.45
C14136,0,Cash-Advance Reliant,0.6687,1.955,True,1.0.0,0.45
C14137,1,High-Spend Transactor,0.592,2.4026,True,1.0.0,0.575
C14138,0,Cash-Advance Reliant,0.6758,2.0486,True,1.0.0,0.45
C14139,1,High-Spend Transactor,0.3848,3.4495,True,1.0.0,0.575
C14140,0,Cash-Advance Reliant,0.544,3.08,True,1.0.0,0.45
C14141,1,High-Spend Transactor,0.4891,2.7068,True,1.0.0,0.575
C14142,0,Cash-Advance Reliant,0.3131,5.4648,True,1.0.0,0.45
C14143,1,High-Spend Transactor,0.3061,4.6388,True,1.0.0,0.575
C14144,2,Revolving Borrower,0.4096,4.1297,True,1.0.0,0.475
C14145,1,High-Spend Transactor,0.3067,3.6279,True,1.0.0,0.575
C14146,1,High-Spend Transactor,0.5566,2.4728,True,1.0.0,0.575
C14147,1,High-Spend Transactor,0.0836,4.0152,False,1.0.0,0.55
C14148,0,Cash-Advance Reliant,0.6428,2.2928,True,1.0.0,0.45
C14149,1,High-Spend Transactor,0.5588,2.8823,True,1.0.0,0.575
C14150,1,High-Spend Transactor,0.5345,2.2447,True,1.0.0,0.575
C14151,2,Revolving Borrower,0.6568,1.7113,True,1.0.0,0.475
C14152,0,Cash-Advance Reliant,0.7621,1.4185,True,1.0.0,0.45
C14153,1,High-Spend Transactor,0.4815,3.4868,True,1.0.0,0.575
C14154,0,Cash-Advance Reliant,0.617,2.3026,True,1.0.0,0.45
C14155,2,Revolving Borrower,0.4665,2.7087,True,1.0.0,0.475
C14156,1,High-Spend Transactor,0.3396,3.5,True,1.0.0,0.6
C14157,0,Cash-Advance Reliant,0.4447,3.6741,True,1.0.0,0.45
C14158,1,High-Spend Transactor,0.3899,3.7724,True,1.0.0,0.575
C14159,1,High-Spend Transactor,0.1932,4.2236,True,1.0.0,0.575
C14161,0,Cash-Advance Reliant,0.7572,1.4609,True,1.0.0,0.45
C14162,1,High-Spend Transactor,0.3713,4.0751,True,1.0.0,0.575
C14163,1,High-Spend Transactor,0.3038,3.8333,True,1.0.0,0.6
C14164,2,Revolving Borrower,0.0258,5.1505,False,1.0.0,0.4
C14165,1,High-Spend Transactor,0.4775,3.0598,True,1.0.0,0.575
C14166,1,High-Spend Transactor,0.6177,1.9922,True,1.0.0,0.575
C14167,0,Cash-Advance Reliant,0.7142,1.8015,True,1.0.0,0.45
C14168,1,High-Spend Transactor,0.3975,3.6738,True,1.0.0,0.575
C14169,1,High-Spend Transactor,0.4281,3.6124,True,1.0.0,0.575
C14170,1,High-Spend Transactor,0.2505,3.5194,True,1.0.0,0.575
C14171,2,Revolving Borrower,0.2103,5.2247,True,1.0.0,0.475
C14172,0,Cash-Advance Reliant,0.3093,4.4834,True,1.0.0,0.45
C14173,1,High-Spend Transactor,0.3046,4.1966,True,1.0.0,0.575
C14174,1,High-Spend Transactor,0.2455,3.2458,True,1.0.0,0.575
C14175,1,High-Spend Transactor,0.1835,4.2092,True,1.0.0,0.575
C14177,0,Cash-Advance Reliant,0.7713,1.4008,True,1.0.0,0.45
C14178,0,Cash-Advance Reliant,0.4701,3.2667,True,1.0.0,0.45
C14179,0,Cash-Advance Reliant,0.7391,1.5833,True,1.0.0,0.45
C14180,0,Cash-Advance Reliant,0.7692,1.4545,True,1.0.0,0.45
C14181,0,Cash-Advance Reliant,0.6829,1.8714,True,1.0.0,0.45
C14182,0,Cash-Advance Reliant,0.735,1.6693,True,1.0.0,0.45
C14183,1,High-Spend Transactor,0.4037,3.4618,True,1.0.0,0.575
C14184,1,High-Spend Transactor,0.7478,1.2734,True,1.0.0,0.575
C14185,0,Cash-Advance Reliant,0.5564,2.6915,True,1.0.0,0.45
C14186,0,Cash-Advance Reliant,0.5742,2.8655,True,1.0.0,0.45
C14187,1,High-Spend Transactor,0.3113,3.4916,True,1.0.0,0.575
C14188,1,High-Spend Transactor,0.4215,2.5946,True,1.0.0,0.575
C14189,1,High-Spend Transactor,0.5517,2.799,True,1.0.0,0.575
C14190,2,Revolving Borrower,0.6059,2.5352,True,1.0.0,0.475
C14191,1,High-Spend Transactor,0.5736,1.8435,True,1.0.0,0.575
C14192,1,High-Spend Transactor,0.3635,2.6628,True,1.0.0,0.575
C14193,0,Cash-Advance Reliant,0.8647,0.8239,True,1.0.0,0.45
C14194,1,High-Spend Transactor,0.2583,3.9151,True,1.0.0,0.575
C14195,0,Cash-Advance Reliant,0.6057,2.4804,True,1.0.0,0.45
C14196,0,Cash-Advance Reliant,0.3522,2.7811,True,1.0.0,0.45
C14197,1,High-Spend Transactor,0.2791,4.2489,True,1.0.0,0.575
C14198,1,High-Spend Transactor,0.114,7.1733,False,1.0.0,0.575
C14199,0,Cash-Advance Reliant,0.6784,2.047,True,1.0.0,0.45
C14200,0,Cash-Advance Reliant,0.7142,1.7467,True,1.0.0,0.45
C14201,1,High-Spend Transactor,0.5183,2.2204,True,1.0.0,0.575
C14202,2,Revolving Borrower,0.0724,5.4218,False,1.0.0,0.475
C14203,1,High-Spend Transactor,0.2355,3.3415,True,1.0.0,0.575
C14204,2,Revolving Borrower,0.1059,4.3413,False,1.0.0,0.475
C14205,2,Revolving Borrower,0.3295,3.7186,True,1.0.0,0.475
C14206,1,High-Spend Transactor,0.3109,3.0259,True,1.0.0,0.575
C14207,0,Cash-Advance Reliant,0.4602,3.3534,True,1.0.0,0.45
C14208,1,High-Spend Transactor,0.265,3.2675,True,1.0.0,0.575
C14209,0,Cash-Advance Reliant,0.7691,1.412,True,1.0.0,0.45
C14210,0,Cash-Advance Reliant,0.8176,1.1006,True,1.0.0,0.45
C14211,0,Cash-Advance Reliant,0.7558,1.4515,True,1.0.0,0.45
C14212,1,High-Spend Transactor,0.4178,3.3185,True,1.0.0,0.6
C14213,0,Cash-Advance Reliant,0.6275,2.2025,True,1.0.0,0.45
C14214,0,Cash-Advance Reliant,0.6665,2.1198,True,1.0.0,0.45
C14215,1,High-Spend Transactor,0.5191,2.129,True,1.0.0,0.575
C14216,0,Cash-Advance Reliant,0.5569,2.637,True,1.0.0,0.45
C14217,0,Cash-Advance Reliant,0.6968,1.8405,True,1.0.0,0.45
C14218,2,Revolving Borrower,0.0738,5.4366,False,1.0.0,0.475
C14219,0,Cash-Advance Reliant,0.5043,3.1049,True,1.0.0,0.45
C14220,1,High-Spend Transactor,0.252,3.6943,True,1.0.0,0.575
C14221,1,High-Spend Transactor,0.2889,3.5147,True,1.0.0,0.575
C14222,1,High-Spend Transactor,0.2672,3.7346,True,1.0.0,0.575
C14223,0,Cash-Advance Reliant,0.0261,5.001,False,1.0.0,0.4
C14224,1,High-Spend Transactor,0.3156,3.2994,True,1.0.0,0.575
C14225,1,High-Spend Transactor,0.426,3.0686,True,1.0.0,0.575
C14226,1,High-Spend Transactor,0.1369,4.0299,False,1.0.0,0.575
C14227,2,Revolving Borrower,0.3276,2.6964,True,1.0.0,0.475
C14228,2,Revolving Borrower,0.4774,3.4435,True,1.0.0,0.475
C14229,0,Cash-Advance Reliant,0.7232,1.7517,True,1.0.0,0.45
C14230,1,High-Spend Transactor,0.1765,4.2639,True,1.0.0,0.575
C14231,1,High-Spend Transactor,0.2546,3.4622,True,1.0.0,0.575
C14232,0,Cash-Advance Reliant,0.6908,1.9714,True,1.0.0,0.45
C14233,1,High-Spend Transactor,0.2913,4.7521,True,1.0.0,0.575
C14234,0,Cash-Advance Reliant,0.6033,2.6017,True,1.0.0,0.45
C14235,1,High-Spend Transactor,0.1129,3.8216,False,1.0.0,0.55
C14236,1,High-Spend Transactor,0.2678,4.0113,True,1.0.0,0.575
C14237,0,Cash-Advance Reliant,0.5277,3.2771,True,1.0.0,0.45
C14238,1,High-Spend Transactor,0.2985,4.1294,True,1.0.0,0.575
C14239,0,Cash-Advance Reliant,0.329,2.7875,True,1.0.0,0.45
C14240,1,High-Spend Transactor,0.3666,3.7181,True,1.0.0,0.6
C14241,0,Cash-Advance Reliant,0.607,2.3697,True,1.0.0,0.45
C14242,1,High-Spend Transactor,0.3854,3.5954,True,1.0.0,0.6
C14243,1,High-Spend Transactor,0.4628,2.9227,True,1.0.0,0.575
C14244,0,Cash-Advance Reliant,0.3689,4.1505,True,1.0.0,0.45
C14245,2,Revolving Borrower,0.1083,4.9737,False,1.0.0,0.45
C14246,1,High-Spend Transactor,0.5779,2.5819,True,1.0.0,0.575
C14247,0,Cash-Advance Reliant,0.6597,1.9823,True,1.0.0,0.45
C14248,2,Revolving Borrower,0.4195,2.6995,True,1.0.0,0.475
C14249,1,High-Spend Transactor,0.0626,4.5294,False,1.0.0,0.55
C14250,1,High-Spend Transactor,0.4631,3.4874,True,1.0.0,0.575
C14251,2,Revolving Borrower,0.3506,3.4519,True,1.0.0,0.475
C14252,1,High-Spend Transactor,0.6966,1.7348,True,1.0.0,0.575
C14253,2,Revolving Borrower,0.299,3.1459,True,1.0.0,0.45
C14254,2,Revolving Borrower,0.4877,3.0181,True,1.0.0,0.475
C14255,2,Revolving Borrower,0.4537,2.9736,True,1.0.0,0.475
C14256,2,Revolving Borrower,0.1271,5.3106,False,1.0.0,0.475
C14257,1,High-Spend Transactor,0.5428,2.0766,True,1.0.0,0.6
C14258,1,High-Spend Transactor,0.3154,3.6458,True,1.0.0,0.575
C14259,0,Cash-Advance Reliant,0.6303,2.2426,True,1.0.0,0.45
C14260,0,Cash-Advance Reliant,0.6374,2.1039,True,1.0.0,0.45
C14261,0,Cash-Advance Reliant,0.7465,1.525,True,1.0.0,0.45
C14262,1,High-Spend Transactor,0.2731,3.2203,True,1.0.0,0.575
C14263,1,High-Spend Transactor,0.5148,3.2316,True,1.0.0,0.575
C14264,0,Cash-Advance Reliant,0.1212,3.3785,False,1.0.0,0.45
C14265,1,High-Spend Transactor,0.4455,2.7658,True,1.0.0,0.575
C14266,2,Revolving Borrower,0.6901,1.7466,True,1.0.0,0.475
C14267,2,Revolving Borrower,0.1941,2.7864,True,1.0.0,0.475
C14268,1,High-Spend Transactor,0.6459,1.5115,True,1.0.0,0.575
C14269,1,High-Spend Transactor,0.523,2.9296,True,1.0.0,0.575
C14270,1,High-Spend Transactor,0.4514,3.3991,True,1.0.0,0.575
C14271,2,Revolving Borrower,0.6211,2.2781,True,1.0.0,0.475
C14272,1,High-Spend Transactor,0.5893,2.1706,True,1.0.0,0.575
C14273,1,High-Spend Transactor,0.5889,2.3923,True,1.0.0,0.575
C14274,2,Revolving Borrower,0.2391,4.2485,True,1.0.0,0.475
C14275,0,Cash-Advance Reliant,0.414,4.3058,True,1.0.0,0.45
C14276,1,High-Spend Transactor,0.522,2.8677,True,1.0.0,0.575
C14277,1,High-Spend Transactor,0.4599,2.4497,True,1.0.0,0.575
C14278,2,Revolving Borrower,0.3818,3.0545,True,1.0.0,0.475
C14279,0,Cash-Advance Reliant,0.7378,1.607,True,1.0.0,0.45
C14280,1,High-Spend Transactor,0.7139,1.4316,True,1.0.0,0.575
C14281,0,Cash-Advance Reliant,0.7726,1.4626,True,1.0.0,0.45
C14282,0,Cash-Advance Reliant,0.6995,1.9182,True,1.0.0,0.45
C14283,2,Revolving Borrower,0.25,4.3622,True,1.0.0,0.475
C14284,0,Cash-Advance Reliant,0.654,2.2157,True,1.0.0,0.45
C14285,1,High-Spend Transactor,0.2751,4.1035,True,1.0.0,0.575
C14286,1,High-Spend Transactor,0.411,2.8456,True,1.0.0,0.575
C14287,0,Cash-Advance Reliant,0.5964,2.7357,True,1.0.0,0.45
C14288,0,Cash-Advance Reliant,0.8534,0.818,True,1.0.0,0.45
C14289,1,High-Spend Transactor,0.4949,3.4665,True,1.0.0,0.575
C14290,1,High-Spend Transactor,0.4074,3.5548,True,1.0.0,0.575
C14291,0,Cash-Advance Reliant,0.3839,2.584,True,1.0.0,0.45
C14292,2,Revolving Borrower,0.4082,2.0839,True,1.0.0,0.475
C14293,1,High-Spend Transactor,0.6144,2.3418,True,1.0.0,0.575
C14294,0,Cash-Advance Reliant,0.6032,2.458,True,1.0.0,0.45
C14295,2,Revolving Borrower,0.5004,2.9815,True,1.0.0,0.475
C14297,1,High-Spend Transactor,0.4412,3.5445,True,1.0.0,0.575
C14298,2,Revolving Borrower,0.3395,4.1441,True,1.0.0,0.475
C14299,1,High-Spend Transactor,0.6524,2.0784,True,1.0.0,0.575
C14300,2,Revolving Borrower,0.0096,4.2076,False,1.0.0,0.2
C14301,1,High-Spend Transactor,0.1465,3.9678,False,1.0.0,0.575
C14302,1,High-Spend Transactor,0.5731,2.5331,True,1.0.0,0.575
C14303,1,High-Spend Transactor,0.1853,4.0966,True,1.0.0,0.575
C14304,2,Revolving Borrower,0.5693,2.1188,True,1.0.0,0.475
C14305,1,High-Spend Transactor,0.466,3.5073,True,1.0.0,0.575
C14306,1,High-Spend Transactor,0.3644,4.0569,True,1.0.0,0.575
C14307,1,High-Spend Transactor,0.521,3.1658,True,1.0.0,0.575
C14308,0,Cash-Advance Reliant,0.4257,4.0002,True,1.0.0,0.45
C14309,1,High-Spend Transactor,0.6332,1.8659,True,1.0.0,0.575
C14310,1,High-Spend Transactor,0.1842,4.4366,True,1.0.0,0.575
C14311,0,Cash-Advance Reliant,0.1026,3.8739,False,1.0.0,0.45
C14312,0,Cash-Advance Reliant,0.2525,3.2939,True,1.0.0,0.45
C14313,2,Revolving Borrower,0.5693,3.035,True,1.0.0,0.475
C14314,1,High-Spend Transactor,0.3846,3.4865,True,1.0.0,0.575
C14315,0,Cash-Advance Reliant,0.0796,3.9424,False,1.0.0,0.45
C14316,2,Revolving Borrower,0.1485,5.0496,False,1.0.0,0.475
C14317,2,Revolving Borrower,0.1305,3.7315,False,1.0.0,0.475
C14318,1,High-Spend Transactor,0.4929,3.1839,True,1.0.0,0.575
C14319,1,High-Spend Transactor,0.5149,2.892,True,1.0.0,0.575
C14320,0,Cash-Advance Reliant,0.7577,1.5083,True,1.0.0,0.45
C14322,2,Revolving Borrower,0.4904,2.5804,True,1.0.0,0.475
C14323,0,Cash-Advance Reliant,0.1876,3.1098,True,1.0.0,0.45
C14324,1,High-Spend Transactor,0.1651,5.2238,True,1.0.0,0.575
C14325,1,High-Spend Transactor,0.5955,2.2993,True,1.0.0,0.575
C14326,1,High-Spend Transactor,0.5247,2.9541,True,1.0.0,0.575
C14327,1,High-Spend Transactor,0.2987,3.8068,True,1.0.0,0.575
C14328,2,Revolving Borrower,0.4316,3.1086,True,1.0.0,0.475
C14329,1,High-Spend Transactor,0.5844,1.8684,True,1.0.0,0.575
C14330,1,High-Spend Transactor,0.0479,4.6039,False,1.0.0,0.55
C14331,1,High-Spend Transactor,0.1267,4.0021,False,1.0.0,0.575
C14332,0,Cash-Advance Reliant,0.1608,4.5681,True,1.0.0,0.45
C14333,0,Cash-Advance Reliant,0.6323,2.226,True,1.0.0,0.45
C14334,1,High-Spend Transactor,0.3381,3.8,True,1.0.0,0.575
C14335,2,Revolving Borrower,0.3559,2.286,True,1.0.0,0.45
C14336,2,Revolving Borrower,0.4263,2.6621,True,1.0.0,0.475
C14337,0,Cash-Advance Reliant,0.5904,2.7841,True,1.0.0,0.45
C14338,1,High-Spend Transactor,0.0732,6.2117,False,1.0.0,0.575
C14339,2,Revolving Borrower,0.679,1.4497,True,1.0.0,0.475
C14340,1,High-Spend Transactor,0.4727,3.672,True,1.0.0,0.575
C14341,0,Cash-Advance Reliant,0.6059,2.4081,True,1.0.0,0.45
C14342,1,High-Spend Transactor,0.4377,3.5804,True,1.0.0,0.575
C14343,1,High-Spend Transactor,0.4005,3.431,True,1.0.0,0.575
C14344,1,High-Spend Transactor,0.4528,3.5814,True,1.0.0,0.575
C14345,1,High-Spend Transactor,0.332,3.6695,True,1.0.0,0.575
C14346,2,Revolving Borrower,0.0618,3.2829,False,1.0.0,0.45
C14347,1,High-Spend Transactor,0.4667,3.1246,True,1.0.0,0.575
C14348,0,Cash-Advance Reliant,0.1594,3.1223,True,1.0.0,0.45
C14349,1,High-Spend Transactor,0.3638,4.2218,True,1.0.0,0.575
C14350,2,Revolving Borrower,0.4271,3.4174,True,1.0.0,0.475
C14351,1,High-Spend Transactor,0.1855,4.451,True,1.0.0,0.55
C14352,1,High-Spend Transactor,0.553,2.4963,True,1.0.0,0.575
C14353,2,Revolving Borrower,0.1585,4.4945,True,1.0.0,0.475
C14354,0,Cash-Advance Reliant,0.8089,1.1535,True,1.0.0,0.45
C14355,0,Cash-Advance Reliant,0.7091,1.8022,True,1.0.0,0.45
C14356,2,Revolving Borrower,0.0434,3.7328,False,1.0.0,0.425
C14357,2,Revolving Borrower,0.3467,2.7917,True,1.0.0,0.45
C14358,1,High-Spend Transactor,0.4077,3.3249,True,1.0.0,0.575
C14359,0,Cash-Advance Reliant,0.7007,1.807,True,1.0.0,0.45
C14360,0,Cash-Advance Reliant,0.4823,2.4549,True,1.0.0,0.45
C14361,1,High-Spend Transactor,0.284,3.7655,True,1.0.0,0.575
C14362,1,High-Spend Transactor,0.255,3.8998,True,1.0.0,0.575
C14363,1,High-Spend Transactor,0.2116,3.4777,True,1.0.0,0.575
C14364,1,High-Spend Transactor,0.4091,3.8914,True,1.0.0,0.575
C14365,1,High-Spend Transactor,0.5186,2.857,True,1.0.0,0.575
C14366,2,Revolving Borrower,0.5895,1.4379,True,1.0.0,0.475
C14367,0,Cash-Advance Reliant,0.531,2.8681,True,1.0.0,0.45
C14368,1,High-Spend Transactor,0.3178,3.1726,True,1.0.0,0.6
C14369,2,Revolving Borrower,0.2633,3.6505,True,1.0.0,0.475
C14370,0,Cash-Advance Reliant,0.475,3.2616,True,1.0.0,0.45
C14371,0,Cash-Advance Reliant,0.7262,1.7234,True,1.0.0,0.45
C14372,1,High-Spend Transactor,0.4784,3.4575,True,1.0.0,0.575
C14373,1,High-Spend Transactor,0.31,4.5867,True,1.0.0,0.575
C14374,2,Revolving Borrower,0.338,2.9852,True,1.0.0,0.45
C14375,1,High-Spend Transactor,0.3016,2.9777,True,1.0.0,0.575
C14376,1,High-Spend Transactor,0.6091,2.4547,True,1.0.0,0.575
C14377,1,High-Spend Transactor,0.5508,2.739,True,1.0.0,0.575
C14378,2,Revolving Borrower,0.0667,5.4096,False,1.0.0,0.475
C14379,1,High-Spend Transactor,0.5252,3.2305,True,1.0.0,0.575
C14380,1,High-Spend Transactor,0.5195,2.5942,True,1.0.0,0.575
C14381,0,Cash-Advance Reliant,0.5795,2.4833,True,1.0.0,0.45
C14382,2,Revolving Borrower,0.4686,3.0586,True,1.0.0,0.475
C14383,1,High-Spend Transactor,0.2853,3.7518,True,1.0.0,0.575
C14384,2,Revolving Borrower,0.2008,3.9447,True,1.0.0,0.475
C14385,1,High-Spend Transactor,0.6727,1.9329,True,1.0.0,0.575
C14386,0,Cash-Advance Reliant,0.616,2.4272,True,1.0.0,0.45
C14387,1,High-Spend Transactor,0.5234,2.3709,True,1.0.0,0.575
C14388,1,High-Spend Transactor,0.2376,4.0049,True,1.0.0,0.575
C14389,1,High-Spend Transactor,0.4843,2.963,True,1.0.0,0.575
C14390,1,High-Spend Transactor,0.0391,4.5355,False,1.0.0,0.55
C14391,2,Revolving Borrower,0.3878,3.4297,True,1.0.0,0.475
C14392,0,Cash-Advance Reliant,0.812,1.1765,True,1.0.0,0.45
C14393,0,Cash-Advance Reliant,0.5139,3.3352,True,1.0.0,0.45
C14394,1,High-Spend Transactor,0.0553,5.0142,False,1.0.0,0.55
C14395,1,High-Spend Transactor,0.5175,3.2916,True,1.0.0,0.575
C14396,0,Cash-Advance Reliant,0.6766,2.174,True,1.0.0,0.45
C14397,0,Cash-Advance Reliant,0.7302,1.6324,True,1.0.0,0.45
C14398,1,High-Spend Transactor,0.5286,2.8011,True,1.0.0,0.575
C14399,1,High-Spend Transactor,0.255,4.4591,True,1.0.0,0.575
C14400,1,High-Spend Transactor,0.0713,6.3132,False,1.0.0,0.575
C14401,2,Revolving Borrower,0.3334,4.1434,True,1.0.0,0.475
C14402,2,Revolving Borrower,0.6304,1.8797,True,1.0.0,0.475
C14403,1,High-Spend Transactor,0.3125,3.5728,True,1.0.0,0.575
C14404,0,Cash-Advance Reliant,0.6576,2.0643,True,1.0.0,0.45
C14405,1,High-Spend Transactor,0.1059,4.1457,False,1.0.0,0.55
C14406,1,High-Spend Transactor,0.405,2.5878,True,1.0.0,0.575
C14407,2,Revolving Borrower,0.0908,3.8301,False,1.0.0,0.475
C14408,1,High-Spend Transactor,0.5108,2.2109,True,1.0.0,0.575
C14409,1,High-Spend Transactor,0.3415,3.267,True,1.0.0,0.575
C14410,1,High-Spend Transactor,0.3634,3.16,True,1.0.0,0.575
C14411,2,Revolving Borrower,0.0042,3.8225,False,1.0.0,0.45
C14412,1,High-Spend Transactor,0.5417,2.8392,True,1.0.0,0.575
C14413,0,Cash-Advance Reliant,0.6385,2.1884,True,1.0.0,0.45
C14414,2,Revolving Borrower,0.0036,5.4385,False,1.0.0,0.125
C14415,1,High-Spend Transactor,0.0369,3.9546,False,1.0.0,0.55
C14416,1,High-Spend Transactor,0.1009,4.2954,False,1.0.0,0.575
C14417,2,Revolving Borrower,0.354,3.7251,True,1.0.0,0.475
C14418,1,High-Spend Transactor,0.5385,2.6724,True,1.0.0,0.575
C14419,2,Revolving Borrower,0.3678,3.6555,True,1.0.0,0.475
C14421,0,Cash-Advance Reliant,0.8668,0.8102,True,1.0.0,0.45
C14422,1,High-Spend Transactor,0.0818,4.5664,False,1.0.0,0.575
C14423,2,Revolving Borrower,0.5982,1.8734,True,1.0.0,0.475
C14424,0,Cash-Advance Reliant,0.4515,4.0109,True,1.0.0,0.45
C14425,1,High-Spend Transactor,0.1758,7.2949,True,1.0.0,0.575
C14426,1,High-Spend Transactor,0.1134,4.3125,False,1.0.0,0.575
C14427,1,High-Spend Transactor,0.3095,4.0831,True,1.0.0,0.575
C14428,1,High-Spend Transactor,0.4047,4.3156,True,1.0.0,0.575
C14429,1,High-Spend Transactor,0.4033,3.928,True,1.0.0,0.575
C14430,1,High-Spend Transactor,0.6672,1.8822,True,1.0.0,0.575
C14431,0,Cash-Advance Reliant,0.5463,2.7951,True,1.0.0,0.45
C14432,2,Revolving Borrower,0.6002,1.9568,True,1.0.0,0.475
C14433,0,Cash-Advance Reliant,0.8472,0.926,True,1.0.0,0.45
C14434,1,High-Spend Transactor,0.5239,2.6853,True,1.0.0,0.575
C14435,0,Cash-Advance Reliant,0.7146,1.6485,True,1.0.0,0.45
C14436,2,Revolving Borrower,0.5409,2.4375,True,1.0.0,0.475
C14437,0,Cash-Advance Reliant,0.8544,0.8828,True,1.0.0,0.45
C14439,1,High-Spend Transactor,0.0545,4.7941,False,1.0.0,0.55
C14440,2,Revolving Borrower,0.0138,4.3186,False,1.0.0,0.5
C14441,0,Cash-Advance Reliant,0.7531,1.4924,True,1.0.0,0.45
C14442,2,Revolving Borrower,0.4519,2.77,True,1.0.0,0.475
C14443,1,High-Spend Transactor,0.571,2.2979,True,1.0.0,0.575
C14444,1,High-Spend Transactor,0.5163,2.9624,True,1.0.0,0.575
C14445,0,Cash-Advance Reliant,0.6858,1.9849,True,1.0.0,0.45
C14447,1,High-Spend Transactor,0.214,4.6032,True,1.0.0,0.575
C14448,1,High-Spend Transactor,0.4623,3.424,True,1.0.0,0.575
C14449,2,Revolving Borrower,0.197,3.4385,True,1.0.0,0.45
C14450,2,Revolving Borrower,0.2796,2.9884,True,1.0.0,0.475
C14451,0,Cash-Advance Reliant,0.4243,4.0909,True,1.0.0,0.45
C14452,2,Revolving Borrower,0.1833,3.7852,True,1.0.0,0.45
C14453,0,Cash-Advance Reliant,0.2248,6.4011,True,1.0.0,0.45
C14455,2,Revolving Borrower,0.6521,1.8656,True,1.0.0,0.475
C14456,1,High-Spend Transactor,0.4265,3.6311,True,1.0.0,0.575
C14457,1,High-Spend Transactor,0.4673,3.5166,True,1.0.0,0.575
C14458,1,High-Spend Transactor,0.1273,4.3849,False,1.0.0,0.575
C14459,0,Cash-Advance Reliant,0.7213,1.6602,True,1.0.0,0.45
C14460,1,High-Spend Transactor,0.2893,4.7475,True,1.0.0,0.575
C14461,1,High-Spend Transactor,0.4514,2.4602,True,1.0.0,0.575
C14462,2,Revolving Borrower,0.3617,3.4284,True,1.0.0,0.475
C14463,1,High-Spend Transactor,0.5795,2.6504,True,1.0.0,0.575
C14464,1,High-Spend Transactor,0.41,3.8385,True,1.0.0,0.575
C14465,1,High-Spend Transactor,0.5059,2.1151,True,1.0.0,0.575
C14466,1,High-Spend Transactor,0.697,1.448,True,1.0.0,0.575
C14467,1,High-Spend Transactor,0.4421,3.8383,True,1.0.0,0.575
C14468,1,High-Spend Transactor,0.3452,2.898,True,1.0.0,0.575
C14469,0,Cash-Advance Reliant,0.6041,2.5464,True,1.0.0,0.45
C14470,2,Revolving Borrower,0.5625,3.0349,True,1.0.0,0.475
C14471,2,Revolving Borrower,0.5931,2.3486,True,1.0.0,0.475
C14472,2,Revolving Borrower,0.6386,2.1121,True,1.0.0,0.475
C14473,0,Cash-Advance Reliant,0.7501,1.4718,True,1.0.0,0.45
C14474,1,High-Spend Transactor,0.559,2.4415,True,1.0.0,0.575
C14475,1,High-Spend Transactor,0.5288,2.7432,True,1.0.0,0.575
C14476,1,High-Spend Transactor,0.5489,2.7775,True,1.0.0,0.575
C14477,1,High-Spend Transactor,0.5699,2.2226,True,1.0.0,0.575
C14478,2,Revolving Borrower,0.644,2.3087,True,1.0.0,0.475
C14479,0,Cash-Advance Reliant,0.7976,1.2088,True,1.0.0,0.45
C14480,1,High-Spend Transactor,0.3105,5.4561,True,1.0.0,0.575
C14481,0,Cash-Advance Reliant,0.8122,1.119,True,1.0.0,0.45
C14482,2,Revolving Borrower,0.4531,3.0813,True,1.0.0,0.475
C14483,0,Cash-Advance Reliant,0.7862,1.3316,True,1.0.0,0.45
C14484,0,Cash-Advance Reliant,0.7101,1.8263,True,1.0.0,0.45
C14485,0,Cash-Advance Reliant,0.6399,2.1789,True,1.0.0,0.45
C14486,1,High-Spend Transactor,0.4197,3.2794,True,1.0.0,0.6
C14487,1,High-Spend Transactor,0.2854,3.8033,True,1.0.0,0.575
C14488,1,High-Spend Transactor,0.4938,2.1073,True,1.0.0,0.575
C14489,2,Revolving Borrower,0.3198,3.4291,True,1.0.0,0.475
C14490,0,Cash-Advance Reliant,0.3771,3.9994,True,1.0.0,0.45
C14492,1,High-Spend Transactor,0.4836,3.2921,True,1.0.0,0.575
C14493,2,Revolving Borrower,0.539,2.0039,True,1.0.0,0.475
C14494,2,Revolving Borrower,0.5182,2.573,True,1.0.0,0.475
C14495,0,Cash-Advance Reliant,0.6777,2.013,True,1.0.0,0.45
C14496,1,High-Spend Transactor,0.5429,2.8109,True,1.0.0,0.575
C14497,1,High-Spend Transactor,0.3479,4.207,True,1.0.0,0.575
C14498,1,High-Spend Transactor,0.133,3.792,False,1.0.0,0.575
C14499,2,Revolving Borrower,0.0893,6.0617,False,1.0.0,0.475
C14500,0,Cash-Advance Reliant,0.8928,0.6506,True,1.0.0,0.45
C14501,1,High-Spend Transactor,0.3533,3.1067,True,1.0.0,0.575
C14502,1,High-Spend Transactor,0.4773,2.6899,True,1.0.0,0.575
C14503,0,Cash-Advance Reliant,0.3839,4.4397,True,1.0.0,0.45
C14504,1,High-Spend Transactor,0.5522,2.7375,True,1.0.0,0.575
C14505,2,Revolving Borrower,0.6091,2.5276,True,1.0.0,0.475
C14506,2,Revolving Borrower,0.613,2.0124,True,1.0.0,0.475
C14507,0,Cash-Advance Reliant,0.6842,1.9184,True,1.0.0,0.45
C14508,0,Cash-Advance Reliant,0.1562,4.7713,True,1.0.0,0.45
C14509,1,High-Spend Transactor,0.4988,3.0056,True,1.0.0,0.575
C14510,1,High-Spend Transactor,0.2224,3.4703,True,1.0.0,0.575
C14511,1,High-Spend Transactor,0.3869,2.6784,True,1.0.0,0.575
C14512,2,Revolving Borrower,0.5066,2.7994,True,1.0.0,0.475
C14513,1,High-Spend Transactor,0.2043,4.086,True,1.0.0,0.575
C14514,1,High-Spend Transactor,0.373,4.3693,True,1.0.0,0.575
C14515,2,Revolving Borrower,0.4723,2.8298,True,1.0.0,0.475
C14516,1,High-Spend Transactor,0.2809,2.8968,True,1.0.0,0.575
C14517,2,Revolving Borrower,0.8081,1.0221,True,1.0.0,0.475
C14518,1,High-Spend Transactor,0.5403,3.0595,True,1.0.0,0.575
C14519,2,Revolving Borrower,0.4685,3.193,True,1.0.0,0.475
C14520,2,Revolving Borrower,0.5633,1.9161,True,1.0.0,0.475
C14521,0,Cash-Advance Reliant,0.2841,3.2924,True,1.0.0,0.45
C14522,1,High-Spend Transactor,0.284,3.5439,True,1.0.0,0.575
C14523,0,Cash-Advance Reliant,0.6793,1.997,True,1.0.0,0.45
C14524,1,High-Spend Transactor,0.145,7.2412,False,1.0.0,0.575
C14525,0,Cash-Advance Reliant,0.7323,1.6775,True,1.0.0,0.45
C14526,1,High-Spend Transactor,0.4004,3.1884,True,1.0.0,0.575
C14527,0,Cash-Advance Reliant,0.6898,1.9592,True,1.0.0,0.45
C14528,1,High-Spend Transactor,0.3145,4.707,True,1.0.0,0.575
C14529,2,Revolving Borrower,0.4591,3.0753,True,1.0.0,0.475
C14530,1,High-Spend Transactor,0.4544,3.7453,True,1.0.0,0.575
C14531,1,High-Spend Transactor,0.1574,4.2788,True,1.0.0,0.575
C14532,1,High-Spend Transactor,0.2767,4.373,True,1.0.0,0.575
C14533,0,Cash-Advance Reliant,0.8777,0.7215,True,1.0.0,0.45
C14534,2,Revolving Borrower,0.114,3.939,False,1.0.0,0.45
C14535,0,Cash-Advance Reliant,0.7475,1.5839,True,1.0.0,0.45
C14536,0,Cash-Advance Reliant,0.3491,4.6455,True,1.0.0,0.45
C14537,0,Cash-Advance Reliant,0.2934,5.4237,True,1.0.0,0.45
C14538,2,Revolving Borrower,0.6819,1.5547,True,1.0.0,0.475
C14539,1,High-Spend Transactor,0.494,3.4946,True,1.0.0,0.575
C14540,2,Revolving Borrower,0.0805,3.256,False,1.0.0,0.425
C14541,0,Cash-Advance Reliant,0.3214,2.8497,True,1.0.0,0.45
C14542,0,Cash-Advance Reliant,0.5076,3.0661,True,1.0.0,0.45
C14543,1,High-Spend Transactor,0.4785,3.1439,True,1.0.0,0.575
C14544,1,High-Spend Transactor,0.2654,3.3275,True,1.0.0,0.575
C14545,1,High-Spend Transactor,0.378,2.7356,True,1.0.0,0.575
C14546,0,Cash-Advance Reliant,0.7428,1.6015,True,1.0.0,0.45
C14547,1,High-Spend Transactor,0.239,3.761,True,1.0.0,0.575
C14548,0,Cash-Advance Reliant,0.0799,3.6103,False,1.0.0,0.45
C14549,0,Cash-Advance Reliant,0.3966,3.8589,True,1.0.0,0.45
C14550,1,High-Spend Transactor,0.5642,2.4747,True,1.0.0,0.575
C14551,1,High-Spend Transactor,0.2046,4.9276,True,1.0.0,0.575
C14553,0,Cash-Advance Reliant,0.7592,1.4941,True,1.0.0,0.45
C14554,1,High-Spend Transactor,0.5205,2.9457,True,1.0.0,0.575
C14555,0,Cash-Advance Reliant,0.6353,2.2602,True,1.0.0,0.45
C14556,1,High-Spend Transactor,0.5558,2.3354,True,1.0.0,0.575
C14557,0,Cash-Advance Reliant,0.1079,4.0734,False,1.0.0,0.45
C14558,1,High-Spend Transactor,0.4486,2.2987,True,1.0.0,0.575
C14559,1,High-Spend Transactor,0.1897,3.9237,True,1.0.0,0.575
C14560,1,High-Spend Transactor,0.1266,4.1803,False,1.0.0,0.575
C14561,2,Revolving Borrower,0.5242,3.6528,True,1.0.0,0.475
C14562,2,Revolving Borrower,0.2653,3.7348,True,1.0.0,0.475
C14563,0,Cash-Advance Reliant,0.7352,1.5621,True,1.0.0,0.45
C14564,1,High-Spend Transactor,0.3079,3.1131,True,1.0.0,0.575
C14565,1,High-Spend Transactor,0.5086,2.7701,True,1.0.0,0.575
C14566,0,Cash-Advance Reliant,0.3472,3.1727,True,1.0.0,0.45
C14567,1,High-Spend Transactor,0.2207,3.9074,True,1.0.0,0.575
C14568,2,Revolving Borrower,0.6537,1.8466,True,1.0.0,0.475
C14569,1,High-Spend Transactor,0.2318,3.7203,True,1.0.0,0.575
C14570,1,High-Spend Transactor,0.4174,3.2585,True,1.0.0,0.575
C14571,1,High-Spend Transactor,0.3008,3.7728,True,1.0.0,0.575
C14572,1,High-Spend Transactor,0.4335,4.4874,True,1.0.0,0.575
C14573,0,Cash-Advance Reliant,0.7479,1.5221,True,1.0.0,0.45
C14574,2,Revolving Borrower,0.4132,2.9575,True,1.0.0,0.475
C14575,1,High-Spend Transactor,0.5789,2.505,True,1.0.0,0.575
C14576,0,Cash-Advance Reliant,0.8188,1.1323,True,1.0.0,0.45
C14577,0,Cash-Advance Reliant,0.6433,2.3821,True,1.0.0,0.45
C14578,0,Cash-Advance Reliant,0.5616,2.491,True,1.0.0,0.45
C14579,0,Cash-Advance Reliant,0.7089,1.8513,True,1.0.0,0.45
C14580,1,High-Spend Transactor,0.2936,4.2405,True,1.0.0,0.575
C14581,1,High-Spend Transactor,0.2931,4.0363,True,1.0.0,0.575
C14582,1,High-Spend Transactor,0.1445,4.7864,False,1.0.0,0.575
C14583,0,Cash-Advance Reliant,0.7004,1.8612,True,1.0.0,0.45
C14584,1,High-Spend Transactor,0.4709,3.0665,True,1.0.0,0.575
C14585,0,Cash-Advance Reliant,0.6823,2.0108,True,1.0.0,0.45
C14586,1,High-Spend Transactor,0.0135,6.0306,False,1.0.0,0.5
C14587,1,High-Spend Transactor,0.5017,3.24,True,1.0.0,0.575
C14588,1,High-Spend Transactor,0.1281,3.7729,False,1.0.0,0.55
C14589,1,High-Spend Transactor,0.3374,3.3952,True,1.0.0,0.575
C14590,1,High-Spend Transactor,0.3163,3.5873,True,1.0.0,0.575
C14591,1,High-Spend Transactor,0.7498,1.1467,True,1.0.0,0.575
C14592,0,Cash-Advance Reliant,0.0279,4.3054,False,1.0.0,0.35
C14593,2,Revolving Borrower,0.3394,3.7796,True,1.0.0,0.475
C14594,2,Revolving Borrower,0.307,3.3687,True,1.0.0,0.475
C14595,1,High-Spend Transactor,0.5552,2.8894,True,1.0.0,0.575
C14596,2,Revolving Borrower,0.3413,3.1648,True,1.0.0,0.475
C14597,1,High-Spend Transactor,0.5298,2.9144,True,1.0.0,0.575
C14598,0,Cash-Advance Reliant,0.0954,3.5383,False,1.0.0,0.45
C14599,1,High-Spend Transactor,0.5476,2.6361,True,1.0.0,0.575
C14600,1,High-Spend Transactor,0.223,3.1323,True,1.0.0,0.575
C14601,0,Cash-Advance Reliant,0.6141,2.3818,True,1.0.0,0.45
C14602,1,High-Spend Transactor,0.4868,2.6402,True,1.0.0,0.575
C14603,0,Cash-Advance Reliant,0.6494,2.0855,True,1.0.0,0.45
C14604,1,High-Spend Transactor,0.5115,2.6213,True,1.0.0,0.6
C14606,2,Revolving Borrower,0.4364,3.6009,True,1.0.0,0.475
C14607,1,High-Spend Transactor,0.2033,3.1648,True,1.0.0,0.575
C14608,1,High-Spend Transactor,0.4804,3.2837,True,1.0.0,0.575
C14609,0,Cash-Advance Reliant,0.7272,1.7246,True,1.0.0,0.45
C14610,0,Cash-Advance Reliant,0.7291,1.6178,True,1.0.0,0.45
C14611,2,Revolving Borrower,0.5868,2.1777,True,1.0.0,0.475
C14612,2,Revolving Borrower,0.3979,3.6221,True,1.0.0,0.475
C14613,1,High-Spend Transactor,0.3037,2.8652,True,1.0.0,0.575
C14614,0,Cash-Advance Reliant,0.481,3.2636,True,1.0.0,0.45
C14615,2,Revolving Borrower,0.7317,1.4587,True,1.0.0,0.475
C14616,1,High-Spend Transactor,0.5138,3.0804,True,1.0.0,0.575
C14617,0,Cash-Advance Reliant,0.6245,2.3661,True,1.0.0,0.45
C14618,2,Revolving Borrower,0.0057,3.5368,False,1.0.0,0.5
C14619,0,Cash-Advance Reliant,0.6548,2.1072,True,1.0.0,0.45
C14620,1,High-Spend Transactor,0.723,1.5273,True,1.0.0,0.575
C14621,0,Cash-Advance Reliant,0.7514,1.5185,True,1.0.0,0.45
C14622,1,High-Spend Transactor,0.5934,2.4216,True,1.0.0,0.575
C14623,0,Cash-Advance Reliant,0.7953,1.3075,True,1.0.0,0.45
C14624,1,High-Spend Transactor,0.3418,3.529,True,1.0.0,0.575
C14625,1,High-Spend Transactor,0.3688,3.5757,True,1.0.0,0.575
C14626,1,High-Spend Transactor,0.3386,3.5671,True,1.0.0,0.575
C14627,1,High-Spend Transactor,0.3095,3.5812,True,1.0.0,0.575
C14628,1,High-Spend Transactor,0.5327,2.9784,True,1.0.0,0.575
C14629,2,Revolving Borrower,0.3228,3.3559,True,1.0.0,0.475
C14630,2,Revolving Borrower,0.0657,5.1809,False,1.0.0,0.475
C14631,0,Cash-Advance Reliant,0.5777,2.5783,True,1.0.0,0.45
C14632,2,Revolving Borrower,0.4413,2.9961,True,1.0.0,0.475
C14633,2,Revolving Borrower,0.152,4.4667,True,1.0.0,0.475
C14634,0,Cash-Advance Reliant,0.6098,2.3114,True,1.0.0,0.45
C14635,2,Revolving Borrower,0.2004,3.4663,True,1.0.0,0.475
C14636,1,High-Spend Transactor,0.4553,3.3898,True,1.0.0,0.575
C14637,1,High-Spend Transactor,0.5341,2.7455,True,1.0.0,0.575
C14638,0,Cash-Advance Reliant,0.7451,1.5773,True,1.0.0,0.45
C14639,2,Revolving Borrower,0.4384,3.0082,True,1.0.0,0.475
C14640,2,Revolving Borrower,0.3544,5.5215,True,1.0.0,0.475
C14641,1,High-Spend Transactor,0.4718,3.0761,True,1.0.0,0.575
C14642,1,High-Spend Transactor,0.354,3.2945,True,1.0.0,0.575
C14643,1,High-Spend Transactor,0.4039,2.9945,True,1.0.0,0.575
C14644,1,High-Spend Transactor,0.4024,2.5991,True,1.0.0,0.575
C14645,0,Cash-Advance Reliant,0.197,3.1039,True,1.0.0,0.45
C14646,1,High-Spend Transactor,0.2607,4.7613,True,1.0.0,0.575
C14647,1,High-Spend Transactor,0.5086,2.9724,True,1.0.0,0.575
C14648,1,High-Spend Transactor,0.4094,4.0703,True,1.0.0,0.575
C14649,0,Cash-Advance Reliant,0.6791,1.9036,True,1.0.0,0.45
C14650,1,High-Spend Transactor,0.5449,2.9825,True,1.0.0,0.575
C14651,0,Cash-Advance Reliant,0.7082,1.8012,True,1.0.0,0.45
C14652,1,High-Spend Transactor,0.3148,3.8412,True,1.0.0,0.575
C14653,0,Cash-Advance Reliant,0.5905,2.7661,True,1.0.0,0.45
C14654,1,High-Spend Transactor,0.4466,3.3458,True,1.0.0,0.575
C14655,1,High-Spend Transactor,0.2786,3.1074,True,1.0.0,0.575
C14656,2,Revolving Borrower,0.4594,3.2956,True,1.0.0,0.475
C14657,1,High-Spend Transactor,0.047,4.39,False,1.0.0,0.55
C14658,0,Cash-Advance Reliant,0.5914,2.5852,True,1.0.0,0.45
C14659,1,High-Spend Transactor,0.5271,2.7944,True,1.0.0,0.575
C14660,1,High-Spend Transactor,0.0075,4.1598,False,1.0.0,0.5
C14661,1,High-Spend Transactor,0.4778,2.8544,True,1.0.0,0.575
C14662,1,High-Spend Transactor,0.2138,4.1251,True,1.0.0,0.575
C14663,1,High-Spend Transactor,0.5372,3.1523,True,1.0.0,0.575
C14664,1,High-Spend Transactor,0.1855,4.1839,True,1.0.0,0.575
C14665,2,Revolving Borrower,0.0632,5.5293,False,1.0.0,0.475
C14666,1,High-Spend Transactor,0.4497,2.813,True,1.0.0,0.575
C14667,1,High-Spend Transactor,0.1505,5.3671,True,1.0.0,0.575
C14668,1,High-Spend Transactor,0.4257,3.714,True,1.0.0,0.575
C14669,1,High-Spend Transactor,0.38,4.4352,True,1.0.0,0.575
C14670,1,High-Spend Transactor,0.1674,4.9821,True,1.0.0,0.575
C14672,1,High-Spend Transactor,0.495,1.8962,True,1.0.0,0.575
C14673,1,High-Spend Transactor,0.2733,3.5796,True,1.0.0,0.575
C14674,2,Revolving Borrower,0.0249,3.8317,False,1.0.0,0.5
C14675,0,Cash-Advance Reliant,0.6504,2.2297,True,1.0.0,0.45
C14676,2,Revolving Borrower,0.6582,1.8707,True,1.0.0,0.475
C14677,1,High-Spend Transactor,0.4616,3.6841,True,1.0.0,0.575
C14678,1,High-Spend Transactor,0.0481,4.8162,False,1.0.0,0.55
C14679,1,High-Spend Transactor,0.2674,4.423,True,1.0.0,0.575
C14680,1,High-Spend Transactor,0.3439,4.1649,True,1.0.0,0.575
C14681,2,Revolving Borrower,0.7917,0.9535,True,1.0.0,0.475
C14682,0,Cash-Advance Reliant,0.2951,3.3353,True,1.0.0,0.45
C14683,1,High-Spend Transactor,0.4905,2.7328,True,1.0.0,0.6
C14684,2,Revolving Borrower,0.4366,3.3107,True,1.0.0,0.475
C14685,2,Revolving Borrower,0.644,2.0943,True,1.0.0,0.475
C14686,0,Cash-Advance Reliant,0.6952,1.8035,True,1.0.0,0.45
C14687,1,High-Spend Transactor,0.4425,3.8251,True,1.0.0,0.575
C14688,2,Revolving Borrower,0.3446,3.5302,True,1.0.0,0.475
C14689,1,High-Spend Transactor,0.3765,4.0762,True,1.0.0,0.575
C14690,0,Cash-Advance Reliant,0.5433,3.2766,True,1.0.0,0.45
C14691,2,Revolving Borrower,0.2044,4.168,True,1.0.0,0.45
C14692,0,Cash-Advance Reliant,0.6469,2.1813,True,1.0.0,0.45
C14693,1,High-Spend Transactor,0.4832,3.1812,True,1.0.0,0.575
C14694,0,Cash-Advance Reliant,0.0371,3.6882,False,1.0.0,0.375
C14695,2,Revolving Borrower,0.2884,3.0183,True,1.0.0,0.45
C14696,0,Cash-Advance Reliant,0.7911,1.2527,True,1.0.0,0.45
C14697,0,Cash-Advance Reliant,0.7062,1.7725,True,1.0.0,0.45
C14698,1,High-Spend Transactor,0.5368,2.6338,True,1.0.0,0.575
C14699,1,High-Spend Transactor,0.5682,2.1461,True,1.0.0,0.6
C14700,2,Revolving Borrower,0.0746,3.7647,False,1.0.0,0.45
C14701,1,High-Spend Transactor,0.3579,3.6145,True,1.0.0,0.575
C14702,1,High-Spend Transactor,0.0814,4.3801,False,1.0.0,0.55
C14703,1,High-Spend Transactor,0.236,3.5565,True,1.0.0,0.575
C14704,1,High-Spend Transactor,0.5952,2.5773,True,1.0.0,0.575
C14705,2,Revolving Borrower,0.5552,2.29,True,1.0.0,0.475
C14706,0,Cash-Advance Reliant,0.6483,2.1258,True,1.0.0,0.45
C14707,2,Revolving Borrower,0.4056,3.9545,True,1.0.0,0.475
C14708,0,Cash-Advance Reliant,0.095,3.9036,False,1.0.0,0.45
C14709,0,Cash-Advance Reliant,0.2718,5.3606,True,1.0.0,0.45
C14710,2,Revolving Borrower,0.5513,2.9168,True,1.0.0,0.475
C14711,2,Revolving Borrower,0.6034,2.69,True,1.0.0,0.475
C14712,1,High-Spend Transactor,0.3558,3.8401,True,1.0.0,0.6
C14713,0,Cash-Advance Reliant,0.6848,1.9033,True,1.0.0,0.45
C14714,1,High-Spend Transactor,0.4137,3.4498,True,1.0.0,0.575
C14715,1,High-Spend Transactor,0.4124,4.0333,True,1.0.0,0.575
C14716,1,High-Spend Transactor,0.3816,4.0063,True,1.0.0,0.575
C14717,0,Cash-Advance Reliant,0.6819,1.9776,True,1.0.0,0.45
C14718,1,High-Spend Transactor,0.3762,4.1352,True,1.0.0,0.575
C14719,1,High-Spend Transactor,0.4644,3.1915,True,1.0.0,0.575
C14720,1,High-Spend Transactor,0.1963,4.2213,True,1.0.0,0.575
C14721,0,Cash-Advance Reliant,0.7239,1.6948,True,1.0.0,0.45
C14722,1,High-Spend Transactor,0.5543,2.9399,True,1.0.0,0.575
C14723,2,Revolving Borrower,0.1801,3.5427,True,1.0.0,0.45
C14724,2,Revolving Borrower,0.588,2.863,True,1.0.0,0.475
C14725,2,Revolving Borrower,0.2047,3.6319,True,1.0.0,0.475
C14726,0,Cash-Advance Reliant,0.0419,6.9665,False,1.0.0,0.45
C14727,2,Revolving Borrower,0.4579,1.771,True,1.0.0,0.475
C14728,0,Cash-Advance Reliant,0.4837,3.2785,True,1.0.0,0.45
C14729,1,High-Spend Transactor,0.3103,3.7853,True,1.0.0,0.575
C14730,0,Cash-Advance Reliant,0.418,2.5359,True,1.0.0,0.45
C14731,0,Cash-Advance Reliant,0.4287,4.069,True,1.0.0,0.45
C14732,1,High-Spend Transactor,0.5501,2.799,True,1.0.0,0.575
C14733,0,Cash-Advance Reliant,0.7305,1.6786,True,1.0.0,0.45
C14734,1,High-Spend Transactor,0.3709,3.7726,True,1.0.0,0.575
C14735,0,Cash-Advance Reliant,0.7105,1.7462,True,1.0.0,0.45
C14736,1,High-Spend Transactor,0.2887,3.6431,True,1.0.0,0.575
C14737,1,High-Spend Transactor,0.2741,4.0064,True,1.0.0,0.575
C14738,0,Cash-Advance Reliant,0.669,2.0488,True,1.0.0,0.45
C14739,1,High-Spend Transactor,0.5451,2.5306,True,1.0.0,0.575
C14740,1,High-Spend Transactor,0.3254,3.1291,True,1.0.0,0.575
C14741,1,High-Spend Transactor,0.3659,3.7578,True,1.0.0,0.575
C14742,1,High-Spend Transactor,0.5454,2.7382,True,1.0.0,0.575
C14743,0,Cash-Advance Reliant,0.5432,2.8353,True,1.0.0,0.45
C14744,1,High-Spend Transactor,0.0208,4.3775,False,1.0.0,0.575
C14745,0,Cash-Advance Reliant,0.5794,2.5601,True,1.0.0,0.45
C14746,1,High-Spend Transactor,0.3969,3.8588,True,1.0.0,0.575
C14747,2,Revolving Borrower,0.0248,4.6228,False,1.0.0,0.475
C14748,2,Revolving Borrower,0.2732,3.1697,True,1.0.0,0.45
C14749,0,Cash-Advance Reliant,0.6026,2.4585,True,1.0.0,0.45
C14750,0,Cash-Advance Reliant,0.0274,3.5524,False,1.0.0,0.3
C14751,1,High-Spend Transactor,0.5733,2.5802,True,1.0.0,0.575
C14752,0,Cash-Advance Reliant,0.5542,2.7133,True,1.0.0,0.45
C14753,1,High-Spend Transactor,0.3762,3.6564,True,1.0.0,0.575
C14754,1,High-Spend Transactor,0.4535,3.524,True,1.0.0,0.575
C14755,1,High-Spend Transactor,0.1471,7.1952,False,1.0.0,0.575
C14756,1,High-Spend Transactor,0.4925,2.7042,True,1.0.0,0.6
C14757,1,High-Spend Transactor,0.5124,3.2829,True,1.0.0,0.575
C14758,2,Revolving Borrower,0.3904,2.9331,True,1.0.0,0.45
C14759,1,High-Spend Transactor,0.6435,1.7989,True,1.0.0,0.575
C14760,1,High-Spend Transactor,0.6096,2.0878,True,1.0.0,0.575
C14761,0,Cash-Advance Reliant,0.6443,2.2732,True,1.0.0,0.45
C14762,1,High-Spend Transactor,0.5589,2.2734,True,1.0.0,0.575
C14763,0,Cash-Advance Reliant,0.2671,5.7558,True,1.0.0,0.45
C14764,2,Revolving Borrower,0.5197,3.2232,True,1.0.0,0.475
C14765,2,Revolving Borrower,0.0571,4.7609,False,1.0.0,0.475
C14766,0,Cash-Advance Reliant,0.568,2.5638,True,1.0.0,0.45
C14767,1,High-Spend Transactor,0.453,3.048,True,1.0.0,0.575
C14768,0,Cash-Advance Reliant,0.6491,2.1546,True,1.0.0,0.45
C14769,1,High-Spend Transactor,0.4199,2.7248,True,1.0.0,0.575
C14770,1,High-Spend Transactor,0.372,3.2866,True,1.0.0,0.575
C14771,1,High-Spend Transactor,0.0837,3.9878,False,1.0.0,0.575
C14772,0,Cash-Advance Reliant,0.6554,2.0655,True,1.0.0,0.45
C14773,0,Cash-Advance Reliant,0.7961,1.238,True,1.0.0,0.45
C14774,1,High-Spend Transactor,0.5312,2.5238,True,1.0.0,0.575
C14775,0,Cash-Advance Reliant,0.2528,6.8735,True,1.0.0,0.45
C14776,2,Revolving Borrower,0.207,3.5007,True,1.0.0,0.45
C14777,2,Revolving Borrower,0.2819,3.3921,True,1.0.0,0.475
C14778,1,High-Spend Transactor,0.2004,4.3813,True,1.0.0,0.575
C14779,0,Cash-Advance Reliant,0.4102,4.2252,True,1.0.0,0.45
C14780,0,Cash-Advance Reliant,0.7036,1.8331,True,1.0.0,0.45
C14781,1,High-Spend Transactor,0.1632,3.5607,True,1.0.0,0.575
C14783,0,Cash-Advance Reliant,0.7563,1.4547,True,1.0.0,0.45
C14784,1,High-Spend Transactor,0.3854,3.4699,True,1.0.0,0.6
C14785,0,Cash-Advance Reliant,0.4366,3.7383,True,1.0.0,0.45
C14786,1,High-Spend Transactor,0.5396,2.7715,True,1.0.0,0.575
C14787,0,Cash-Advance Reliant,0.7614,1.4191,True,1.0.0,0.45
C14788,1,High-Spend Transactor,0.2307,3.7264,True,1.0.0,0.575
C14789,1,High-Spend Transactor,0.229,3.6442,True,1.0.0,0.575
C14790,2,Revolving Borrower,0.2342,2.8697,True,1.0.0,0.45
C14791,0,Cash-Advance Reliant,0.6645,2.0158,True,1.0.0,0.45
C14792,1,High-Spend Transactor,0.2024,4.0023,True,1.0.0,0.575
C14793,1,High-Spend Transactor,0.3333,3.6241,True,1.0.0,0.575
C14794,1,High-Spend Transactor,0.4928,3.7026,True,1.0.0,0.575
C14795,2,Revolving Borrower,0.2397,4.8376,True,1.0.0,0.475
C14796,1,High-Spend Transactor,0.7327,1.2956,True,1.0.0,0.575
C14797,1,High-Spend Transactor,0.1889,3.6868,True,1.0.0,0.575
C14798,1,High-Spend Transactor,0.2541,3.9461,True,1.0.0,0.575
C14799,2,Revolving Borrower,0.2488,2.914,True,1.0.0,0.475
C14800,2,Revolving Borrower,0.163,3.6343,True,1.0.0,0.475
C14802,1,High-Spend Transactor,0.2119,3.9572,True,1.0.0,0.575
C14803,0,Cash-Advance Reliant,0.7741,1.3774,True,1.0.0,0.45
C14804,2,Revolving Borrower,0.3443,3.8248,True,1.0.0,0.475
C14805,1,High-Spend Transactor,0.5003,2.6237,True,1.0.0,0.6
C14806,1,High-Spend Transactor,0.3151,4.4534,True,1.0.0,0.575
C14807,1,High-Spend Transactor,0.5114,2.6544,True,1.0.0,0.575
C14808,1,High-Spend Transactor,0.5632,2.3773,True,1.0.0,0.575
C14809,1,High-Spend Transactor,0.4162,3.5142,True,1.0.0,0.575
C14810,0,Cash-Advance Reliant,0.3806,3.6738,True,1.0.0,0.45
C14811,1,High-Spend Transactor,0.4366,3.7053,True,1.0.0,0.575
C14812,0,Cash-Advance Reliant,0.6342,2.2566,True,1.0.0,0.45
C14813,0,Cash-Advance Reliant,0.7411,1.5854,True,1.0.0,0.45
C14814,0,Cash-Advance Reliant,0.741,1.5507,True,1.0.0,0.45
C14815,1,High-Spend Transactor,0.1934,3.7839,True,1.0.0,0.575
C14816,0,Cash-Advance Reliant,0.8091,1.1446,True,1.0.0,0.45
C14817,1,High-Spend Transactor,0.3407,4.1632,True,1.0.0,0.575
C14818,0,Cash-Advance Reliant,0.7317,1.6749,True,1.0.0,0.45
C14819,0,Cash-Advance Reliant,0.4041,4.2144,True,1.0.0,0.45
C14820,1,High-Spend Transactor,0.1504,4.3605,True,1.0.0,0.575
C14821,1,High-Spend Transactor,0.432,3.5757,True,1.0.0,0.575
C14822,0,Cash-Advance Reliant,0.782,1.3094,True,1.0.0,0.45
C14823,1,High-Spend Transactor,0.3998,3.7067,True,1.0.0,0.575
C14824,1,High-Spend Transactor,0.3614,3.3468,True,1.0.0,0.575
C14825,1,High-Spend Transactor,0.204,6.8146,True,1.0.0,0.575
C14826,1,High-Spend Transactor,0.3275,4.4059,True,1.0.0,0.575
C14827,1,High-Spend Transactor,0.2845,3.7181,True,1.0.0,0.575
C14828,2,Revolving Borrower,0.531,2.9136,True,1.0.0,0.475
C14829,0,Cash-Advance Reliant,0.6669,2.1452,True,1.0.0,0.45
C14830,0,Cash-Advance Reliant,0.545,3.0119,True,1.0.0,0.45
C14831,1,High-Spend Transactor,0.5036,2.8759,True,1.0.0,0.575
C14832,0,Cash-Advance Reliant,0.6772,1.9486,True,1.0.0,0.45
C14833,1,High-Spend Transactor,0.4196,3.8304,True,1.0.0,0.575
C14834,2,Revolving Borrower,0.7233,1.552,True,1.0.0,0.475
C14835,1,High-Spend Transactor,0.0507,4.5303,False,1.0.0,0.55
C14836,2,Revolving Borrower,0.3716,3.9371,True,1.0.0,0.475
C14837,1,High-Spend Transactor,0.1762,5.3057,True,1.0.0,0.575
C14838,2,Revolving Borrower,0.4961,2.5408,True,1.0.0,0.475
C14839,2,Revolving Borrower,0.379,2.4404,True,1.0.0,0.475
C14841,1,High-Spend Transactor,0.1283,4.1788,False,1.0.0,0.575
C14842,1,High-Spend Transactor,0.2209,4.2098,True,1.0.0,0.575
C14843,0,Cash-Advance Reliant,0.6637,2.0011,True,1.0.0,0.45
C14844,2,Revolving Borrower,0.1264,3.8026,False,1.0.0,0.45
C14845,1,High-Spend Transactor,0.2371,3.1594,True,1.0.0,0.575
C14846,0,Cash-Advance Reliant,0.48,3.2346,True,1.0.0,0.45
C14847,1,High-Spend Transactor,0.4686,3.711,True,1.0.0,0.575
C14848,0,Cash-Advance Reliant,0.0354,3.3914,False,1.0.0,0.375
C14849,0,Cash-Advance Reliant,0.3941,3.8776,True,1.0.0,0.45
C14850,2,Revolving Borrower,0.3671,3.2559,True,1.0.0,0.475
C14851,2,Revolving Borrower,0.5427,2.6146,True,1.0.0,0.475
C14852,0,Cash-Advance Reliant,0.524,3.4501,True,1.0.0,0.45
C14853,0,Cash-Advance Reliant,0.5702,2.6105,True,1.0.0,0.45
C14854,2,Revolving Borrower,0.485,2.9754,True,1.0.0,0.475
C14855,1,High-Spend Transactor,0.5482,1.9232,True,1.0.0,0.575
C14856,1,High-Spend Transactor,0.4319,3.8272,True,1.0.0,0.575
C14857,1,High-Spend Transactor,0.4162,3.378,True,1.0.0,0.575
C14858,1,High-Spend Transactor,0.3758,2.6626,True,1.0.0,0.575
C14859,0,Cash-Advance Reliant,0.5003,3.2272,True,1.0.0,0.45
C14860,1,High-Spend Transactor,0.6115,2.0319,True,1.0.0,0.575
C14861,1,High-Spend Transactor,0.5991,2.3748,True,1.0.0,0.575
C14862,1,High-Spend Transactor,0.5711,2.3557,True,1.0.0,0.575
C14863,1,High-Spend Transactor,0.2184,3.944,True,1.0.0,0.575
C14864,0,Cash-Advance Reliant,0.3586,3.3795,True,1.0.0,0.45
C14865,1,High-Spend Transactor,0.5061,2.5223,True,1.0.0,0.575
C14866,0,Cash-Advance Reliant,0.6724,1.9541,True,1.0.0,0.45
C14867,0,Cash-Advance Reliant,0.6234,2.2957,True,1.0.0,0.45
C14868,0,Cash-Advance Reliant,0.6978,1.7822,True,1.0.0,0.45
C14870,0,Cash-Advance Reliant,0.7995,1.2131,True,1.0.0,0.45
C14871,1,High-Spend Transactor,0.5423,2.7817,True,1.0.0,0.575
C14872,1,High-Spend Transactor,0.537,2.6862,True,1.0.0,0.575
C14873,0,Cash-Advance Reliant,0.6855,1.8933,True,1.0.0,0.45
C14874,2,Revolving Borrower,0.5805,2.6693,True,1.0.0,0.475
C14876,0,Cash-Advance Reliant,0.5901,2.5989,True,1.0.0,0.45
C14877,1,High-Spend Transactor,0.479,3.1313,True,1.0.0,0.575
C14878,0,Cash-Advance Reliant,0.6341,2.1987,True,1.0.0,0.45
C14879,0,Cash-Advance Reliant,0.2198,6.0378,True,1.0.0,0.45
C14880,2,Revolving Borrower,0.606,2.5678,True,1.0.0,0.475
C14881,0,Cash-Advance Reliant,0.7493,1.4887,True,1.0.0,0.45
C14882,1,High-Spend Transactor,0.799,0.957,True,1.0.0,0.575
C14884,0,Cash-Advance Reliant,0.7376,1.652,True,1.0.0,0.45
C14885,2,Revolving Borrower,0.5746,2.6341,True,1.0.0,0.475
C14886,0,Cash-Advance Reliant,0.4481,3.57,True,1.0.0,0.45
C14887,1,High-Spend Transactor,0.3106,3.3494,True,1.0.0,0.575
C14888,2,Revolving Borrower,0.0573,5.1366,False,1.0.0,0.475
C14889,0,Cash-Advance Reliant,0.7271,1.6452,True,1.0.0,0.45
C14890,1,High-Spend Transactor,0.272,3.1445,True,1.0.0,0.575
C14892,1,High-Spend Transactor,0.3085,2.9897,True,1.0.0,0.575
C14894,1,High-Spend Transactor,0.099,4.101,False,1.0.0,0.55
C14895,1,High-Spend Transactor,0.4531,3.4537,True,1.0.0,0.575
C14896,1,High-Spend Transactor,0.7505,1.4117,True,1.0.0,0.575
C14897,1,High-Spend Transactor,0.2853,3.2688,True,1.0.0,0.575
C14898,1,High-Spend Transactor,0.0329,4.763,False,1.0.0,0.6
C14899,0,Cash-Advance Reliant,0.7293,1.7518,True,1.0.0,0.45
C14900,1,High-Spend Transactor,0.4248,3.6361,True,1.0.0,0.575
C14901,0,Cash-Advance Reliant,0.6818,2.0412,True,1.0.0,0.45
C14902,1,High-Spend Transactor,0.2909,4.8939,True,1.0.0,0.6
C14903,0,Cash-Advance Reliant,0.8257,1.0382,True,1.0.0,0.45
C14904,1,High-Spend Transactor,0.3038,3.4159,True,1.0.0,0.575
C14905,0,Cash-Advance Reliant,0.6049,2.5861,True,1.0.0,0.45
C14906,1,High-Spend Transactor,0.108,4.7623,False,1.0.0,0.575
C14907,1,High-Spend Transactor,0.5061,2.6695,True,1.0.0,0.6
C14908,1,High-Spend Transactor,0.767,1.1609,True,1.0.0,0.575
C14909,2,Revolving Borrower,0.6535,1.6916,True,1.0.0,0.475
C14910,0,Cash-Advance Reliant,0.748,1.5407,True,1.0.0,0.45
C14911,1,High-Spend Transactor,0.1979,3.8484,True,1.0.0,0.575
C14912,0,Cash-Advance Reliant,0.3246,3.6769,True,1.0.0,0.45
C14913,1,High-Spend Transactor,0.3213,3.2119,True,1.0.0,0.575
C14914,0,Cash-Advance Reliant,0.6191,2.4749,True,1.0.0,0.45
C14915,1,High-Spend Transactor,0.3372,5.0288,True,1.0.0,0.575
C14916,0,Cash-Advance Reliant,0.79,1.2932,True,1.0.0,0.45
C14917,1,High-Spend Transactor,0.4551,3.1416,True,1.0.0,0.575
C14918,2,Revolving Borrower,0.5252,3.3104,True,1.0.0,0.475
C14919,1,High-Spend Transactor,0.2935,4.121,True,1.0.0,0.575
C14920,1,High-Spend Transactor,0.3892,3.835,True,1.0.0,0.575
C14921,1,High-Spend Transactor,0.5159,2.9474,True,1.0.0,0.575
C14922,0,Cash-Advance Reliant,0.7419,1.5297,True,1.0.0,0.45
C14923,1,High-Spend Transactor,0.2624,3.5475,True,1.0.0,0.575
C14924,2,Revolving Borrower,0.5091,2.9823,True,1.0.0,0.475
C14925,1,High-Spend Transactor,0.1527,4.6052,True,1.0.0,0.575
C14926,1,High-Spend Transactor,0.4212,3.3922,True,1.0.0,0.575
C14927,2,Revolving Borrower,0.1852,3.4324,True,1.0.0,0.45
C14928,1,High-Spend Transactor,0.2161,4.5104,True,1.0.0,0.575
C14929,2,Revolving Borrower,0.3495,2.2594,True,1.0.0,0.475
C14930,0,Cash-Advance Reliant,0.5329,2.879,True,1.0.0,0.45
C14931,2,Revolving Borrower,0.5454,2.7305,True,1.0.0,0.475
C14932,0,Cash-Advance Reliant,0.0978,3.656,False,1.0.0,0.45
C14933,1,High-Spend Transactor,0.5705,2.4386,True,1.0.0,0.575
C14934,0,Cash-Advance Reliant,0.2833,6.5297,True,1.0.0,0.45
C14935,1,High-Spend Transactor,0.4658,3.0025,True,1.0.0,0.575
C14936,1,High-Spend Transactor,0.5767,2.3006,True,1.0.0,0.575
C14937,0,Cash-Advance Reliant,0.7311,1.612,True,1.0.0,0.45
C14938,1,High-Spend Transactor,0.5423,2.8172,True,1.0.0,0.575
C14939,0,Cash-Advance Reliant,0.3828,3.0037,True,1.0.0,0.45
C14940,1,High-Spend Transactor,0.3866,3.8688,True,1.0.0,0.575
C14941,0,Cash-Advance Reliant,0.7323,1.5637,True,1.0.0,0.45
C14942,1,High-Spend Transactor,0.5414,2.5394,True,1.0.0,0.575
C14943,1,High-Spend Transactor,0.3236,3.8825,True,1.0.0,0.575
C14944,1,High-Spend Transactor,0.4568,2.4046,True,1.0.0,0.6
C14945,0,Cash-Advance Reliant,0.672,2.2271,True,1.0.0,0.45
C14946,0,Cash-Advance Reliant,0.7121,1.6912,True,1.0.0,0.45
C14947,1,High-Spend Transactor,0.3386,3.0671,True,1.0.0,0.575
C14948,0,Cash-Advance Reliant,0.7496,1.5232,True,1.0.0,0.45
C14949,1,High-Spend Transactor,0.2861,3.0233,True,1.0.0,0.575
C14950,1,High-Spend Transactor,0.1748,4.3444,True,1.0.0,0.575
C14951,1,High-Spend Transactor,0.7331,1.2446,True,1.0.0,0.575
C14952,0,Cash-Advance Reliant,0.5898,2.6691,True,1.0.0,0.45
C14953,1,High-Spend Transactor,0.5324,2.325,True,1.0.0,0.575
C14954,1,High-Spend Transactor,0.4027,2.7116,True,1.0.0,0.575
C14955,1,High-Spend Transactor,0.7093,1.3781,True,1.0.0,0.575
C14956,2,Revolving Borrower,0.4142,3.3176,True,1.0.0,0.475
C14957,2,Revolving Borrower,0.461,3.038,True,1.0.0,0.475
C14958,1,High-Spend Transactor,0.1698,4.5271,True,1.0.0,0.575
C14959,1,High-Spend Transactor,0.3866,3.1496,True,1.0.0,0.575
C14960,1,High-Spend Transactor,0.0339,4.5921,False,1.0.0,0.55
C14961,2,Revolving Borrower,0.1706,3.4631,True,1.0.0,0.45
C14962,1,High-Spend Transactor,0.3211,3.8905,True,1.0.0,0.575
C14963,2,Revolving Borrower,0.3663,2.9515,True,1.0.0,0.475
C14964,1,High-Spend Transactor,0.1291,5.7047,False,1.0.0,0.575
C14965,1,High-Spend Transactor,0.3799,4.0485,True,1.0.0,0.575
C14966,1,High-Spend Transactor,0.5798,2.3092,True,1.0.0,0.575
C14967,0,Cash-Advance Reliant,0.1982,3.0301,True,1.0.0,0.45
C14968,1,High-Spend Transactor,0.4382,3.87,True,1.0.0,0.575
C14969,0,Cash-Advance Reliant,0.8972,0.6176,True,1.0.0,0.45
C14970,0,Cash-Advance Reliant,0.5605,2.6257,True,1.0.0,0.45
C14971,0,Cash-Advance Reliant,0.4139,4.452,True,1.0.0,0.45
C14972,0,Cash-Advance Reliant,0.7535,1.5618,True,1.0.0,0.45
C14973,1,High-Spend Transactor,0.5126,3.3375,True,1.0.0,0.575
C14974,1,High-Spend Transactor,0.3626,3.1507,True,1.0.0,0.575
C14975,1,High-Spend Transactor,0.4792,2.2764,True,1.0.0,0.575
C14976,1,High-Spend Transactor,0.4949,3.2871,True,1.0.0,0.575
C14977,1,High-Spend Transactor,0.571,2.5283,True,1.0.0,0.575
C14978,1,High-Spend Transactor,0.6831,1.6984,True,1.0.0,0.575
C14979,1,High-Spend Transactor,0.349,3.0674,True,1.0.0,0.575
C14980,0,Cash-Advance Reliant,0.708,1.7631,True,1.0.0,0.45
C14981,1,High-Spend Transactor,0.4532,3.3798,True,1.0.0,0.575
C14982,1,High-Spend Transactor,0.6598,1.6194,True,1.0.0,0.575
C14983,2,Revolving Borrower,0.2546,2.9222,True,1.0.0,0.475
C14984,1,High-Spend Transactor,0.1068,4.3538,False,1.0.0,0.575
C14985,0,Cash-Advance Reliant,0.7056,1.7691,True,1.0.0,0.45
C14986,2,Revolving Borrower,0.3684,2.7484,True,1.0.0,0.475
C14987,1,High-Spend Transactor,0.5589,2.7064,True,1.0.0,0.575
C14988,1,High-Spend Transactor,0.6397,2.0763,True,1.0.0,0.575
C14989,1,High-Spend Transactor,0.5652,2.8534,True,1.0.0,0.575
C14990,2,Revolving Borrower,0.7134,1.5872,True,1.0.0,0.475
C14991,1,High-Spend Transactor,0.5972,2.445,True,1.0.0,0.575
C14992,1,High-Spend Transactor,0.1696,4.1326,True,1.0.0,0.575
C14993,1,High-Spend Transactor,0.497,3.3388,True,1.0.0,0.575
C14994,1,High-Spend Transactor,0.4519,3.1728,True,1.0.0,0.575
C14995,1,High-Spend Transactor,0.6528,1.5958,True,1.0.0,0.575
C14996,2,Revolving Borrower,0.3439,3.8207,True,1.0.0,0.475
C14997,0,Cash-Advance Reliant,0.7582,1.4196,True,1.0.0,0.45
C14998,1,High-Spend Transactor,0.3581,3.7393,True,1.0.0,0.575
C15000,1,High-Spend Transactor,0.4422,2.6792,True,1.0.0,0.575
C15001,1,High-Spend Transactor,0.4417,3.4783,True,1.0.0,0.575
C15002,1,High-Spend Transactor,0.479,2.8399,True,1.0.0,0.575
C15003,1,High-Spend Transactor,0.4936,2.4308,True,1.0.0,0.575
C15004,1,High-Spend Transactor,0.489,3.312,True,1.0.0,0.575
C15005,0,Cash-Advance Reliant,0.4624,3.4565,True,1.0.0,0.45
C15006,1,High-Spend Transactor,0.6221,1.7496,True,1.0.0,0.575
C15007,1,High-Spend Transactor,0.2292,6.6531,True,1.0.0,0.575
C15008,0,Cash-Advance Reliant,0.6493,2.1158,True,1.0.0,0.45
C15009,1,High-Spend Transactor,0.4086,3.48,True,1.0.0,0.575
C15010,1,High-Spend Transactor,0.4938,3.2458,True,1.0.0,0.575
C15011,2,Revolving Borrower,0.1952,3.9747,True,1.0.0,0.475
C15012,0,Cash-Advance Reliant,0.6827,1.8974,True,1.0.0,0.45
C15013,1,High-Spend Transactor,0.4429,3.6167,True,1.0.0,0.575
C15014,1,High-Spend Transactor,0.1066,4.3285,False,1.0.0,0.55
C15015,0,Cash-Advance Reliant,0.7021,1.8253,True,1.0.0,0.45
C15016,2,Revolving Borrower,0.6773,1.3283,True,1.0.0,0.475
C15017,1,High-Spend Transactor,0.3368,4.3177,True,1.0.0,0.575
C15018,1,High-Spend Transactor,0.5481,3.0532,True,1.0.0,0.575
C15019,1,High-Spend Transactor,0.2864,4.322,True,1.0.0,0.575
C15020,1,High-Spend Transactor,0.5361,2.9343,True,1.0.0,0.575
C15021,1,High-Spend Transactor,0.3582,4.062,True,1.0.0,0.575
C15022,1,High-Spend Transactor,0.5133,3.4314,True,1.0.0,0.575
C15023,1,High-Spend Transactor,0.5267,3.0569,True,1.0.0,0.575
C15025,1,High-Spend Transactor,0.3309,3.1266,True,1.0.0,0.575
C15026,1,High-Spend Transactor,0.4066,3.1463,True,1.0.0,0.575
C15027,1,High-Spend Transactor,0.1735,3.6126,True,1.0.0,0.575
C15028,1,High-Spend Transactor,0.5889,2.5536,True,1.0.0,0.575
C15029,2,Revolving Borrower,0.2735,3.4875,True,1.0.0,0.475
C15030,1,High-Spend Transactor,0.5626,2.8835,True,1.0.0,0.575
C15031,0,Cash-Advance Reliant,0.0909,3.3254,False,1.0.0,0.45
C15032,1,High-Spend Transactor,0.0154,3.5318,False,1.0.0,0.525
C15033,1,High-Spend Transactor,0.4465,3.819,True,1.0.0,0.575
C15034,0,Cash-Advance Reliant,0.7722,1.3202,True,1.0.0,0.45
C15035,1,High-Spend Transactor,0.4047,3.8224,True,1.0.0,0.575
C15036,1,High-Spend Transactor,0.4473,3.042,True,1.0.0,0.575
C15037,1,High-Spend Transactor,0.5004,2.3541,True,1.0.0,0.575
C15038,0,Cash-Advance Reliant,0.8318,1.004,True,1.0.0,0.45
C15039,1,High-Spend Transactor,0.5819,2.2026,True,1.0.0,0.575
C15040,1,High-Spend Transactor,0.3464,3.1911,True,1.0.0,0.575
C15041,2,Revolving Borrower,0.4002,3.9241,True,1.0.0,0.475
C15042,1,High-Spend Transactor,0.4438,3.1325,True,1.0.0,0.6
C15043,2,Revolving Borrower,0.3716,3.086,True,1.0.0,0.475
C15044,0,Cash-Advance Reliant,0.7222,1.6514,True,1.0.0,0.45
C15045,0,Cash-Advance Reliant,0.8271,1.0262,True,1.0.0,0.45
C15046,2,Revolving Borrower,0.2513,4.1815,True,1.0.0,0.475
C15047,1,High-Spend Transactor,0.0649,4.5706,False,1.0.0,0.55
C15048,2,Revolving Borrower,0.1307,3.394,False,1.0.0,0.45
C15049,1,High-Spend Transactor,0.3395,3.494,True,1.0.0,0.575
C15050,0,Cash-Advance Reliant,0.7117,1.737,True,1.0.0,0.45
C15051,1,High-Spend Transactor,0.4309,3.0444,True,1.0.0,0.575
C15052,0,Cash-Advance Reliant,0.6616,2.207,True,1.0.0,0.45
C15054,1,High-Spend Transactor,0.3827,2.7206,True,1.0.0,0.575
C15055,0,Cash-Advance Reliant,0.5894,2.8729,True,1.0.0,0.45
C15056,2,Revolving Borrower,0.5496,2.585,True,1.0.0,0.475
C15057,1,High-Spend Transactor,0.2204,3.3514,True,1.0.0,0.575
C15058,2,Revolving Borrower,0.6033,2.1446,True,1.0.0,0.475
C15059,2,Revolving Borrower,0.0861,4.195,False,1.0.0,0.45
C15060,0,Cash-Advance Reliant,0.792,1.232,True,1.0.0,0.45
C15061,1,High-Spend Transactor,0.5356,2.7635,True,1.0.0,0.575
C15062,1,High-Spend Transactor,0.477,2.8997,True,1.0.0,0.575
C15063,0,Cash-Advance Reliant,0.6228,2.3984,True,1.0.0,0.45
C15064,2,Revolving Borrower,0.7839,0.9811,True,1.0.0,0.475
C15065,0,Cash-Advance Reliant,0.288,3.3558,True,1.0.0,0.45
C15067,1,High-Spend Transactor,0.5877,2.6152,True,1.0.0,0.575
C15068,1,High-Spend Transactor,0.4337,3.6125,True,1.0.0,0.575
C15069,1,High-Spend Transactor,0.2809,4.2721,True,1.0.0,0.575
C15070,1,High-Spend Transactor,0.3357,5.135,True,1.0.0,0.575
C15071,1,High-Spend Transactor,0.3921,3.9403,True,1.0.0,0.575
C15073,0,Cash-Advance Reliant,0.5257,2.9732,True,1.0.0,0.45
C15074,2,Revolving Borrower,0.4314,2.6247,True,1.0.0,0.475
C15075,0,Cash-Advance Reliant,0.8041,1.1752,True,1.0.0,0.45
C15076,1,High-Spend Transactor,0.4909,3.7623,True,1.0.0,0.575
C15077,1,High-Spend Transactor,0.3041,4.2722,True,1.0.0,0.575
C15078,1,High-Spend Transactor,0.3054,3.7527,True,1.0.0,0.575
C15079,2,Revolving Borrower,0.2331,4.1484,True,1.0.0,0.475
C15080,0,Cash-Advance Reliant,0.3055,5.6778,True,1.0.0,0.45
C15081,0,Cash-Advance Reliant,0.5351,3.1871,True,1.0.0,0.45
C15082,0,Cash-Advance Reliant,0.7917,1.2803,True,1.0.0,0.45
C15083,1,High-Spend Transactor,0.3245,4.1433,True,1.0.0,0.575
C15084,2,Revolving Borrower,0.6076,1.9721,True,1.0.0,0.475
C15085,1,High-Spend Transactor,0.6106,2.0211,True,1.0.0,0.575
C15086,1,High-Spend Transactor,0.2,4.1899,True,1.0.0,0.575
C15087,0,Cash-Advance Reliant,0.7177,1.6848,True,1.0.0,0.45
C15088,0,Cash-Advance Reliant,0.7137,1.7861,True,1.0.0,0.45
C15089,1,High-Spend Transactor,0.2821,4.093,True,1.0.0,0.575
C15090,1,High-Spend Transactor,0.4999,3.028,True,1.0.0,0.575
C15091,0,Cash-Advance Reliant,0.5871,2.6652,True,1.0.0,0.45
C15092,0,Cash-Advance Reliant,0.8474,0.944,True,1.0.0,0.45
C15093,1,High-Spend Transactor,0.0304,5.3397,False,1.0.0,0.575
C15094,0,Cash-Advance Reliant,0.8011,1.2101,True,1.0.0,0.45
C15095,1,High-Spend Transactor,0.1227,4.5382,False,1.0.0,0.575
C15096,0,Cash-Advance Reliant,0.5975,2.7793,True,1.0.0,0.45
C15097,1,High-Spend Transactor,0.5588,2.8079,True,1.0.0,0.575
C15098,2,Revolving Borrower,0.031,4.3949,False,1.0.0,0.325
C15099,2,Revolving Borrower,0.6688,2.0234,True,1.0.0,0.475
C15100,2,Revolving Borrower,0.4849,2.479,True,1.0.0,0.475
C15101,0,Cash-Advance Reliant,0.2798,3.1191,True,1.0.0,0.45
C15102,1,High-Spend Transactor,0.3455,4.447,True,1.0.0,0.575
C15103,1,High-Spend Transactor,0.5472,2.8484,True,1.0.0,0.575
C15104,1,High-Spend Transactor,0.3387,3.7684,True,1.0.0,0.575
C15105,0,Cash-Advance Reliant,0.1433,3.0652,False,1.0.0,0.45
C15106,1,High-Spend Transactor,0.4574,3.8871,True,1.0.0,0.575
C15107,0,Cash-Advance Reliant,0.6496,2.4248,True,1.0.0,0.45
C15108,1,High-Spend Transactor,0.5945,2.3669,True,1.0.0,0.575
C15109,1,High-Spend Transactor,0.6799,1.8397,True,1.0.0,0.575
C15110,1,High-Spend Transactor,0.2236,4.7721,True,1.0.0,0.575
C15111,0,Cash-Advance Reliant,0.2068,3.1831,True,1.0.0,0.45
C15112,0,Cash-Advance Reliant,0.6039,2.6423,True,1.0.0,0.45
C15113,1,High-Spend Transactor,0.2931,5.6126,True,1.0.0,0.575
C15114,2,Revolving Borrower,0.8349,0.7852,True,1.0.0,0.475
C15115,2,Revolving Borrower,0.2884,3.2492,True,1.0.0,0.475
C15116,0,Cash-Advance Reliant,0.5761,2.5646,True,1.0.0,0.45
C15117,1,High-Spend Transactor,0.2374,4.0167,True,1.0.0,0.575
C15118,1,High-Spend Transactor,0.2032,3.4468,True,1.0.0,0.575
C15121,1,High-Spend Transactor,0.5554,2.6372,True,1.0.0,0.575
C15122,2,Revolving Borrower,0.0559,5.2551,False,1.0.0,0.475
C15123,2,Revolving Borrower,0.5058,2.9293,True,1.0.0,0.475
C15124,1,High-Spend Transactor,0.3456,2.8262,True,1.0.0,0.575
C15125,1,High-Spend Transactor,0.4001,3.2874,True,1.0.0,0.575
C15126,0,Cash-Advance Reliant,0.313,5.4327,True,1.0.0,0.45
C15127,1,High-Spend Transactor,0.3901,3.575,True,1.0.0,0.575
C15128,0,Cash-Advance Reliant,0.6032,2.6198,True,1.0.0,0.45
C15129,1,High-Spend Transactor,0.3364,4.1419,True,1.0.0,0.575
C15130,0,Cash-Advance Reliant,0.852,0.888,True,1.0.0,0.45
C15131,1,High-Spend Transactor,0.3944,3.0928,True,1.0.0,0.575
C15132,0,Cash-Advance Reliant,0.2364,3.0687,True,1.0.0,0.45
C15133,2,Revolving Borrower,0.5179,2.6523,True,1.0.0,0.475
C15134,1,High-Spend Transactor,0.5274,2.789,True,1.0.0,0.575
C15135,0,Cash-Advance Reliant,0.6798,1.9231,True,1.0.0,0.45
C15136,0,Cash-Advance Reliant,0.4453,3.4968,True,1.0.0,0.45
C15137,2,Revolving Borrower,0.4249,2.7477,True,1.0.0,0.475
C15138,1,High-Spend Transactor,0.5697,1.8101,True,1.0.0,0.575
C15139,1,High-Spend Transactor,0.0781,3.2476,False,1.0.0,0.55
C15140,1,High-Spend Transactor,0.1896,3.7779,True,1.0.0,0.575
C15141,1,High-Spend Transactor,0.1786,5.635,True,1.0.0,0.575
C15142,1,High-Spend Transactor,0.1705,3.8972,True,1.0.0,0.575
C15143,1,High-Spend Transactor,0.3537,4.0502,True,1.0.0,0.575
C15144,1,High-Spend Transactor,0.3051,3.7426,True,1.0.0,0.575
C15145,2,Revolving Borrower,0.2444,3.4839,True,1.0.0,0.45
C15146,2,Revolving Borrower,0.0573,5.4732,False,1.0.0,0.475
C15147,1,High-Spend Transactor,0.3835,3.3042,True,1.0.0,0.575
C15148,1,High-Spend Transactor,0.2123,6.8645,True,1.0.0,0.575
C15149,1,High-Spend Transactor,0.5769,2.7652,True,1.0.0,0.575
C15150,1,High-Spend Transactor,0.6311,2.225,True,1.0.0,0.575
C15151,2,Revolving Borrower,0.561,2.5008,True,1.0.0,0.475
C15152,0,Cash-Advance Reliant,0.7388,1.5204,True,1.0.0,0.45
C15153,1,High-Spend Transactor,0.429,3.2013,True,1.0.0,0.575
C15154,1,High-Spend Transactor,0.4942,2.3541,True,1.0.0,0.575
C15155,1,High-Spend Transactor,0.2259,3.2479,True,1.0.0,0.575
C15156,0,Cash-Advance Reliant,0.7674,1.4567,True,1.0.0,0.45
C15157,1,High-Spend Transactor,0.1825,3.8635,True,1.0.0,0.575
C15158,0,Cash-Advance Reliant,0.5431,2.8288,True,1.0.0,0.45
C15159,2,Revolving Borrower,0.0919,5.276,False,1.0.0,0.475
C15160,0,Cash-Advance Reliant,0.6763,1.9147,True,1.0.0,0.45
C15161,1,High-Spend Transactor,0.6112,2.11,True,1.0.0,0.575
C15162,1,High-Spend Transactor,0.4611,3.7098,True,1.0.0,0.575
C15163,2,Revolving Borrower,0.5027,2.2542,True,1.0.0,0.475
C15164,2,Revolving Borrower,0.3917,3.9368,True,1.0.0,0.475
C15165,1,High-Spend Transactor,0.4137,3.8863,True,1.0.0,0.575
C15166,0,Cash-Advance Reliant,0.7202,1.811,True,1.0.0,0.45
C15167,2,Revolving Borrower,0.3189,3.3559,True,1.0.0,0.475
C15168,1,High-Spend Transactor,0.4207,3.155,True,1.0.0,0.575
C15169,1,High-Spend Transactor,0.1344,4.0995,False,1.0.0,0.575
C15170,1,High-Spend Transactor,0.4275,3.7621,True,1.0.0,0.575
C15171,1,High-Spend Transactor,0.5376,2.736,True,1.0.0,0.575
C15172,2,Revolving Borrower,0.5078,2.5404,True,1.0.0,0.475
C15173,0,Cash-Advance Reliant,0.4159,2.6701,True,1.0.0,0.45
C15174,0,Cash-Advance Reliant,0.4137,2.5393,True,1.0.0,0.45
C15175,1,High-Spend Transactor,0.4298,3.8831,True,1.0.0,0.575
C15177,0,Cash-Advance Reliant,0.7222,1.6983,True,1.0.0,0.45
C15178,0,Cash-Advance Reliant,0.5931,2.5655,True,1.0.0,0.45
C15179,1,High-Spend Transactor,0.4291,3.4018,True,1.0.0,0.575
C15180,2,Revolving Borrower,0.2605,3.601,True,1.0.0,0.45
C15181,1,High-Spend Transactor,0.2728,4.2019,True,1.0.0,0.575
C15182,0,Cash-Advance Reliant,0.6939,1.9105,True,1.0.0,0.45
C15183,1,High-Spend Transactor,0.2519,6.0231,True,1.0.0,0.575
C15184,2,Revolving Borrower,0.2359,4.0047,True,1.0.0,0.45
C15185,1,High-Spend Transactor,0.2779,3.5499,True,1.0.0,0.575
C15186,1,High-Spend Transactor,0.3491,2.8281,True,1.0.0,0.575
C15187,0,Cash-Advance Reliant,0.7605,1.4096,True,1.0.0,0.45
C15188,1,High-Spend Transactor,0.375,3.2789,True,1.0.0,0.575
C15189,0,Cash-Advance Reliant,0.7734,1.3955,True,1.0.0,0.45
C15190,1,High-Spend Transactor,0.1445,5.4961,False,1.0.0,0.575
C15191,1,High-Spend Transactor,0.5243,2.8034,True,1.0.0,0.575
C15192,1,High-Spend Transactor,0.3541,2.9571,True,1.0.0,0.575
C15193,1,High-Spend Transactor,0.4707,2.8964,True,1.0.0,0.6
C15194,0,Cash-Advance Reliant,0.2884,2.5866,True,1.0.0,0.45
C15195,2,Revolving Borrower,0.3764,3.2002,True,1.0.0,0.475
C15196,2,Revolving Borrower,0.0723,5.2703,False,1.0.0,0.475
C15197,1,High-Spend Transactor,0.4456,3.7983,True,1.0.0,0.575
C15198,1,High-Spend Transactor,0.5157,2.934,True,1.0.0,0.575
C15199,0,Cash-Advance Reliant,0.7005,1.4285,True,1.0.0,0.45
C15200,1,High-Spend Transactor,0.1491,3.9199,False,1.0.0,0.575
C15201,2,Revolving Borrower,0.1834,3.8243,True,1.0.0,0.45
C15202,1,High-Spend Transactor,0.5024,3.2509,True,1.0.0,0.575
C15203,0,Cash-Advance Reliant,0.5916,2.5025,True,1.0.0,0.45
C15204,0,Cash-Advance Reliant,0.7626,1.4556,True,1.0.0,0.45
C15206,1,High-Spend Transactor,0.8927,0.5314,True,1.0.0,0.575
C15207,1,High-Spend Transactor,0.4685,3.2349,True,1.0.0,0.575
C15208,1,High-Spend Transactor,0.4141,3.2767,True,1.0.0,0.6
C15209,0,Cash-Advance Reliant,0.4982,3.4939,True,1.0.0,0.45
C15210,1,High-Spend Transactor,0.389,4.1249,True,1.0.0,0.575
C15211,0,Cash-Advance Reliant,0.6575,2.073,True,1.0.0,0.45
C15212,0,Cash-Advance Reliant,0.5527,2.8752,True,1.0.0,0.45
C15213,1,High-Spend Transactor,0.5018,2.8513,True,1.0.0,0.575
C15214,1,High-Spend Transactor,0.4232,3.1147,True,1.0.0,0.575
C15215,1,High-Spend Transactor,0.704,1.5531,True,1.0.0,0.575
C15216,1,High-Spend Transactor,0.3844,4.0309,True,1.0.0,0.575
C15217,1,High-Spend Transactor,0.5239,2.971,True,1.0.0,0.575
C15218,1,High-Spend Transactor,0.3774,3.0685,True,1.0.0,0.575
C15219,1,High-Spend Transactor,0.6,2.397,True,1.0.0,0.575
C15220,0,Cash-Advance Reliant,0.3828,4.574,True,1.0.0,0.45
C15221,1,High-Spend Transactor,0.4138,3.2211,True,1.0.0,0.575
C15222,0,Cash-Advance Reliant,0.521,3.1684,True,1.0.0,0.45
C15223,1,High-Spend Transactor,0.5287,2.6037,True,1.0.0,0.575
C15224,1,High-Spend Transactor,0.526,3.1889,True,1.0.0,0.575
C15225,1,High-Spend Transactor,0.1975,6.1334,True,1.0.0,0.575
C15226,0,Cash-Advance Reliant,0.7229,1.639,True,1.0.0,0.45
C15227,1,High-Spend Transactor,0.433,3.1285,True,1.0.0,0.575
C15228,0,Cash-Advance Reliant,0.7896,1.2938,True,1.0.0,0.45
C15229,1,High-Spend Transactor,0.169,5.139,True,1.0.0,0.575
C15230,1,High-Spend Transactor,0.1953,3.874,True,1.0.0,0.575
C15232,2,Revolving Borrower,0.3952,3.4063,True,1.0.0,0.475
C15233,1,High-Spend Transactor,0.1884,3.9009,True,1.0.0,0.575
C15234,2,Revolving Borrower,0.153,3.5646,True,1.0.0,0.475
C15235,1,High-Spend Transactor,0.3526,3.6361,True,1.0.0,0.575
C15236,0,Cash-Advance Reliant,0.734,1.6482,True,1.0.0,0.45
C15237,1,High-Spend Transactor,0.2048,3.5799,True,1.0.0,0.6
C15239,2,Revolving Borrower,0.5059,2.5471,True,1.0.0,0.475
C15240,1,High-Spend Transactor,0.5344,2.5953,True,1.0.0,0.575
C15241,0,Cash-Advance Reliant,0.6994,2.0144,True,1.0.0,0.45
C15242,0,Cash-Advance Reliant,0.543,2.9976,True,1.0.0,0.45
C15243,1,High-Spend Transactor,0.6516,1.5244,True,1.0.0,0.575
C15244,1,High-Spend Transactor,0.2844,4.4073,True,1.0.0,0.575
C15245,1,High-Spend Transactor,0.2917,4.4683,True,1.0.0,0.575
C15246,0,Cash-Advance Reliant,0.1471,3.817,False,1.0.0,0.45
C15247,0,Cash-Advance Reliant,0.7114,1.8241,True,1.0.0,0.45
C15248,1,High-Spend Transactor,0.5046,3.3908,True,1.0.0,0.575
C15249,1,High-Spend Transactor,0.296,3.7075,True,1.0.0,0.575
C15250,1,High-Spend Transactor,0.1247,4.2316,False,1.0.0,0.575
C15251,2,Revolving Borrower,0.6721,1.5777,True,1.0.0,0.475
C15252,0,Cash-Advance Reliant,0.3371,5.0936,True,1.0.0,0.45
C15253,1,High-Spend Transactor,0.3699,2.9883,True,1.0.0,0.6
C15254,1,High-Spend Transactor,0.7297,1.2254,True,1.0.0,0.575
C15255,1,High-Spend Transactor,0.4799,3.0864,True,1.0.0,0.575
C15256,2,Revolving Borrower,0.5072,3.4737,True,1.0.0,0.475
C15257,1,High-Spend Transactor,0.2214,4.4142,True,1.0.0,0.575
C15258,1,High-Spend Transactor,0.435,3.7715,True,1.0.0,0.575
C15259,1,High-Spend Transactor,0.377,4.5399,True,1.0.0,0.575
C15260,1,High-Spend Transactor,0.4622,2.8805,True,1.0.0,0.575
C15261,2,Revolving Borrower,0.62,2.1766,True,1.0.0,0.475
C15262,1,High-Spend Transactor,0.372,3.8632,True,1.0.0,0.575
C15263,2,Revolving Borrower,0.4819,2.8299,True,1.0.0,0.475
C15264,1,High-Spend Transactor,0.6544,2.0225,True,1.0.0,0.575
C15265,1,High-Spend Transactor,0.2175,3.2545,True,1.0.0,0.575
C15266,0,Cash-Advance Reliant,0.782,1.2997,True,1.0.0,0.45
C15267,1,High-Spend Transactor,0.1831,4.4399,True,1.0.0,0.575
C15268,0,Cash-Advance Reliant,0.6868,1.878,True,1.0.0,0.45
C15269,0,Cash-Advance Reliant,0.7779,1.3621,True,1.0.0,0.45
C15270,1,High-Spend Transactor,0.2577,4.3583,True,1.0.0,0.575
C15271,0,Cash-Advance Reliant,0.7877,1.2851,True,1.0.0,0.45
C15272,1,High-Spend Transactor,0.546,2.7496,True,1.0.0,0.575
C15273,1,High-Spend Transactor,0.5168,2.5595,True,1.0.0,0.6
C15274,1,High-Spend Transactor,0.179,3.8966,True,1.0.0,0.575
C15275,1,High-Spend Transactor,0.3379,2.7681,True,1.0.0,0.575
C15276,1,High-Spend Transactor,0.5374,3.0425,True,1.0.0,0.575
C15277,2,Revolving Borrower,0.3439,2.679,True,1.0.0,0.45
C15278,1,High-Spend Transactor,0.5423,2.7404,True,1.0.0,0.575
C15279,0,Cash-Advance Reliant,0.6275,2.2446,True,1.0.0,0.45
C15280,1,High-Spend Transactor,0.2538,3.4677,True,1.0.0,0.575
C15281,1,High-Spend Transactor,0.2834,4.2075,True,1.0.0,0.575
C15282,2,Revolving Borrower,0.3359,2.8193,True,1.0.0,0.475
C15283,1,High-Spend Transactor,0.2752,6.0776,True,1.0.0,0.575
C15284,0,Cash-Advance Reliant,0.1648,3.8166,True,1.0.0,0.45
C15285,2,Revolving Borrower,0.3082,2.7336,True,1.0.0,0.45
C15286,0,Cash-Advance Reliant,0.6403,2.1956,True,1.0.0,0.45
C15287,2,Revolving Borrower,0.2728,3.2168,True,1.0.0,0.475
C15288,1,High-Spend Transactor,0.6841,1.6393,True,1.0.0,0.575
C15289,0,Cash-Advance Reliant,0.4907,2.1541,True,1.0.0,0.45
C15290,0,Cash-Advance Reliant,0.6998,1.8824,True,1.0.0,0.45
C15291,0,Cash-Advance Reliant,0.2454,2.8708,True,1.0.0,0.45
C15292,1,High-Spend Transactor,0.6503,1.7447,True,1.0.0,0.575
C15293,1,High-Spend Transactor,0.5478,2.7018,True,1.0.0,0.575
C15294,1,High-Spend Transactor,0.3441,3.9754,True,1.0.0,0.575
C15295,1,High-Spend Transactor,0.4741,3.0489,True,1.0.0,0.575
C15296,2,Revolving Borrower,0.0723,3.399,False,1.0.0,0.45
C15297,0,Cash-Advance Reliant,0.5663,3.0908,True,1.0.0,0.45
C15298,1,High-Spend Transactor,0.2222,4.7146,True,1.0.0,0.575
C15299,0,Cash-Advance Reliant,0.6938,1.8051,True,1.0.0,0.45
C15300,0,Cash-Advance Reliant,0.5657,2.758,True,1.0.0,0.45
C15301,1,High-Spend Transactor,0.2166,5.0223,True,1.0.0,0.575
C15302,1,High-Spend Transactor,0.2872,5.1506,True,1.0.0,0.575
C15303,0,Cash-Advance Reliant,0.6701,2.1034,True,1.0.0,0.45
C15304,1,High-Spend Transactor,0.5345,2.5874,True,1.0.0,0.575
C15305,1,High-Spend Transactor,0.5051,3.5749,True,1.0.0,0.575
C15306,0,Cash-Advance Reliant,0.856,0.8614,True,1.0.0,0.45
C15307,0,Cash-Advance Reliant,0.5613,2.9673,True,1.0.0,0.45
C15308,0,Cash-Advance Reliant,0.7424,1.5176,True,1.0.0,0.45
C15309,1,High-Spend Transactor,0.6561,1.9817,True,1.0.0,0.575
C15310,2,Revolving Borrower,0.552,1.6122,True,1.0.0,0.475
C15311,0,Cash-Advance Reliant,0.6638,2.1719,True,1.0.0,0.45
C15312,1,High-Spend Transactor,0.5171,2.8139,True,1.0.0,0.575
C15313,1,High-Spend Transactor,0.1806,3.7609,True,1.0.0,0.575
C15314,1,High-Spend Transactor,0.1764,4.3267,True,1.0.0,0.575
C15315,1,High-Spend Transactor,0.1535,4.8596,True,1.0.0,0.575
C15316,0,Cash-Advance Reliant,0.6797,1.9175,True,1.0.0,0.45
C15317,0,Cash-Advance Reliant,0.7046,1.8544,True,1.0.0,0.45
C15318,1,High-Spend Transactor,0.4877,3.5398,True,1.0.0,0.575
C15319,1,High-Spend Transactor,0.3231,3.556,True,1.0.0,0.575
C15320,1,High-Spend Transactor,0.3819,3.4576,True,1.0.0,0.575
C15321,2,Revolving Borrower,0.7424,1.4282,True,1.0.0,0.475
C15322,2,Revolving Borrower,0.3783,3.4324,True,1.0.0,0.475
C15323,0,Cash-Advance Reliant,0.6076,2.3922,True,1.0.0,0.45
C15324,1,High-Spend Transactor,0.2625,6.4572,True,1.0.0,0.575
C15325,0,Cash-Advance Reliant,0.2328,6.572,True,1.0.0,0.45
C15326,0,Cash-Advance Reliant,0.3155,2.7065,True,1.0.0,0.45
C15327,2,Revolving Borrower,0.2829,4.1882,True,1.0.0,0.475
C15328,1,High-Spend Transactor,0.5612,2.7356,True,1.0.0,0.575
C15329,0,Cash-Advance Reliant,0.8583,0.8636,True,1.0.0,0.45
C15330,1,High-Spend Transactor,0.6402,1.615,True,1.0.0,0.575
C15331,1,High-Spend Transactor,0.1411,4.2395,False,1.0.0,0.575
C15332,1,High-Spend Transactor,0.5678,2.6947,True,1.0.0,0.575
C15333,0,Cash-Advance Reliant,0.269,2.8714,True,1.0.0,0.45
C15334,2,Revolving Borrower,0.0532,4.0509,False,1.0.0,0.45
C15335,1,High-Spend Transactor,0.5359,2.935,True,1.0.0,0.575
C15336,0,Cash-Advance Reliant,0.8414,0.9828,True,1.0.0,0.45
C15337,0,Cash-Advance Reliant,0.276,6.7033,True,1.0.0,0.45
C15338,2,Revolving Borrower,0.2431,3.908,True,1.0.0,0.475
C15339,1,High-Spend Transactor,0.2655,3.5531,True,1.0.0,0.575
C15341,2,Revolving Borrower,0.5463,2.046,True,1.0.0,0.475
C15342,2,Revolving Borrower,0.1883,3.6318,True,1.0.0,0.475
C15343,2,Revolving Borrower,0.5736,2.336,True,1.0.0,0.475
C15344,2,Revolving Borrower,0.3608,3.8336,True,1.0.0,0.475
C15345,1,High-Spend Transactor,0.5306,2.5759,True,1.0.0,0.575
C15346,1,High-Spend Transactor,0.5252,2.8074,True,1.0.0,0.575
C15347,0,Cash-Advance Reliant,0.2846,3.0039,True,1.0.0,0.45
C15348,1,High-Spend Transactor,0.4137,3.2886,True,1.0.0,0.6
C15349,0,Cash-Advance Reliant,0.3885,4.5277,True,1.0.0,0.45
C15350,0,Cash-Advance Reliant,0.596,2.4493,True,1.0.0,0.45
C15351,1,High-Spend Transactor,0.4272,2.641,True,1.0.0,0.575
C15352,1,High-Spend Transactor,0.5337,2.9359,True,1.0.0,0.575
C15353,1,High-Spend Transactor,0.0837,3.804,False,1.0.0,0.575
C15354,2,Revolving Borrower,0.575,2.8427,True,1.0.0,0.475
C15355,0,Cash-Advance Reliant,0.5114,3.2156,True,1.0.0,0.45
C15356,1,High-Spend Transactor,0.1429,7.3518,False,1.0.0,0.575
C15357,0,Cash-Advance Reliant,0.7667,1.4141,True,1.0.0,0.45
C15358,1,High-Spend Transactor,0.2391,4.4292,True,1.0.0,0.575
C15359,1,High-Spend Transactor,0.2367,3.5352,True,1.0.0,0.575
C15360,0,Cash-Advance Reliant,0.0383,3.5328,False,1.0.0,0.325
C15361,1,High-Spend Transactor,0.2684,3.6126,True,1.0.0,0.575
C15362,2,Revolving Borrower,0.1711,3.193,True,1.0.0,0.45
C15364,2,Revolving Borrower,0.5231,2.9264,True,1.0.0,0.475
C15365,1,High-Spend Transactor,0.2726,4.2548,True,1.0.0,0.575
C15366,1,High-Spend Transactor,0.1897,6.8382,True,1.0.0,0.575
C15367,2,Revolving Borrower,0.1003,4.0689,False,1.0.0,0.45
C15368,1,High-Spend Transactor,0.2187,3.7282,True,1.0.0,0.575
C15369,1,High-Spend Transactor,0.2577,3.7491,True,1.0.0,0.575
C15370,1,High-Spend Transactor,0.2994,3.5945,True,1.0.0,0.575
C15371,1,High-Spend Transactor,0.4145,4.0464,True,1.0.0,0.575
C15372,0,Cash-Advance Reliant,0.019,3.247,False,1.0.0,0.275
C15373,2,Revolving Borrower,0.4549,3.062,True,1.0.0,0.475
C15374,1,High-Spend Transactor,0.2681,3.8498,True,1.0.0,0.575
C15375,1,High-Spend Transactor,0.183,6.9435,True,1.0.0,0.575
C15376,1,High-Spend Transactor,0.3477,3.0804,True,1.0.0,0.575
C15377,1,High-Spend Transactor,0.5906,2.6121,True,1.0.0,0.575
C15378,1,High-Spend Transactor,0.4808,3.5507,True,1.0.0,0.575
C15379,0,Cash-Advance Reliant,0.7151,1.7543,True,1.0.0,0.45
C15380,2,Revolving Borrower,0.4457,2.5551,True,1.0.0,0.475
C15381,1,High-Spend Transactor,0.4117,3.2658,True,1.0.0,0.575
C15382,1,High-Spend Transactor,0.3844,3.3019,True,1.0.0,0.575
C15383,1,High-Spend Transactor,0.5604,2.7916,True,1.0.0,0.575
C15384,0,Cash-Advance Reliant,0.7708,1.3628,True,1.0.0,0.45
C15385,2,Revolving Borrower,0.7206,1.5186,True,1.0.0,0.475
C15386,1,High-Spend Transactor,0.5424,2.3338,True,1.0.0,0.575
C15387,1,High-Spend Transactor,0.2635,4.3231,True,1.0.0,0.575
C15388,0,Cash-Advance Reliant,0.1569,3.3103,True,1.0.0,0.45
C15389,1,High-Spend Transactor,0.5808,2.456,True,1.0.0,0.575
C15390,0,Cash-Advance Reliant,0.6514,2.1006,True,1.0.0,0.45
C15391,1,High-Spend Transactor,0.5239,2.7627,True,1.0.0,0.575
C15392,0,Cash-Advance Reliant,0.7355,1.6082,True,1.0.0,0.45
C15393,2,Revolving Borrower,0.1501,4.6047,True,1.0.0,0.475
C15394,2,Revolving Borrower,0.0685,4.307,False,1.0.0,0.475
C15395,1,High-Spend Transactor,0.4296,3.2135,True,1.0.0,0.575
C15396,1,High-Spend Transactor,0.4608,3.0495,True,1.0.0,0.6
C15397,1,High-Spend Transactor,0.4745,3.5274,True,1.0.0,0.575
C15398,1,High-Spend Transactor,0.43,3.3158,True,1.0.0,0.575
C15399,0,Cash-Advance Reliant,0.8093,1.1466,True,1.0.0,0.45
C15400,0,Cash-Advance Reliant,0.0466,5.2282,False,1.0.0,0.4
C15401,2,Revolving Borrower,0.331,2.6545,True,1.0.0,0.45
C15402,2,Revolving Borrower,0.4457,4.2164,True,1.0.0,0.475
C15403,1,High-Spend Transactor,0.5522,2.6266,True,1.0.0,0.575
C15404,0,Cash-Advance Reliant,0.8558,0.8726,True,1.0.0,0.45
C15405,1,High-Spend Transactor,0.5046,3.2522,True,1.0.0,0.575
C15406,1,High-Spend Transactor,0.2852,4.3341,True,1.0.0,0.575
C15407,1,High-Spend Transactor,0.1623,4.3413,True,1.0.0,0.575
C15408,2,Revolving Borrower,0.2294,4.0969,True,1.0.0,0.475
C15409,1,High-Spend Transactor,0.4556,2.6598,True,1.0.0,0.575
C15410,1,High-Spend Transactor,0.407,2.8383,True,1.0.0,0.575
C15411,2,Revolving Borrower,0.1157,4.3038,False,1.0.0,0.475
C15412,0,Cash-Advance Reliant,0.5099,3.3771,True,1.0.0,0.45
C15413,0,Cash-Advance Reliant,0.8303,1.0611,True,1.0.0,0.45
C15414,1,High-Spend Transactor,0.5668,2.2181,True,1.0.0,0.575
C15415,1,High-Spend Transactor,0.0646,4.6731,False,1.0.0,0.55
C15417,0,Cash-Advance Reliant,0.6705,2.0664,True,1.0.0,0.45
C15418,0,Cash-Advance Reliant,0.7262,1.6392,True,1.0.0,0.45
C15419,0,Cash-Advance Reliant,0.7843,1.2946,True,1.0.0,0.45
C15420,2,Revolving Borrower,0.158,4.6134,True,1.0.0,0.475
C15421,1,High-Spend Transactor,0.2925,3.1702,True,1.0.0,0.575
C15422,0,Cash-Advance Reliant,0.7345,1.5802,True,1.0.0,0.45
C15423,1,High-Spend Transactor,0.4842,2.9242,True,1.0.0,0.575
C15424,1,High-Spend Transactor,0.1534,4.05,True,1.0.0,0.575
C15425,2,Revolving Borrower,0.0451,5.053,False,1.0.0,0.475
C15426,1,High-Spend Transactor,0.3702,3.1367,True,1.0.0,0.6
C15427,1,High-Spend Transactor,0.1542,3.7192,True,1.0.0,0.6
C15428,1,High-Spend Transactor,0.2593,4.1259,True,1.0.0,0.575
C15429,2,Revolving Borrower,0.4484,3.833,True,1.0.0,0.475
C15430,2,Revolving Borrower,0.05,3.6354,False,1.0.0,0.425
C15431,1,High-Spend Transactor,0.4454,2.4017,True,1.0.0,0.575
C15432,0,Cash-Advance Reliant,0.8088,1.1502,True,1.0.0,0.45
C15433,0,Cash-Advance Reliant,0.7937,1.2551,True,1.0.0,0.45
C15435,1,High-Spend Transactor,0.2888,3.943,True,1.0.0,0.575
C15436,2,Revolving Borrower,0.1909,3.7123,True,1.0.0,0.45
C15437,1,High-Spend Transactor,0.4339,4.005,True,1.0.0,0.575
C15438,2,Revolving Borrower,0.5404,2.0421,True,1.0.0,0.475
C15439,1,High-Spend Transactor,0.5036,2.138,True,1.0.0,0.575
C15440,1,High-Spend Transactor,0.4555,3.6479,True,1.0.0,0.575
C15441,1,High-Spend Transactor,0.3121,4.2543,True,1.0.0,0.575
C15442,0,Cash-Advance Reliant,0.5873,2.7026,True,1.0.0,0.45
C15443,1,High-Spend Transactor,0.6003,2.0965,True,1.0.0,0.575
C15444,0,Cash-Advance Reliant,0.6086,2.339,True,1.0.0,0.45
C15445,0,Cash-Advance Reliant,0.5672,2.5851,True,1.0.0,0.45
C15446,0,Cash-Advance Reliant,0.8149,1.1183,True,1.0.0,0.45
C15448,2,Revolving Borrower,0.391,4.193,True,1.0.0,0.475
C15449,1,High-Spend Transactor,0.4686,2.7774,True,1.0.0,0.575
C15450,0,Cash-Advance Reliant,0.7575,1.4438,True,1.0.0,0.45
C15451,1,High-Spend Transactor,0.2742,3.1318,True,1.0.0,0.575
C15452,1,High-Spend Transactor,0.5438,2.9868,True,1.0.0,0.575
C15453,1,High-Spend Transactor,0.6083,2.2135,True,1.0.0,0.575
C15454,1,High-Spend Transactor,0.5262,2.942,True,1.0.0,0.575
C15455,1,High-Spend Transactor,0.5233,3.2745,True,1.0.0,0.575
C15456,1,High-Spend Transactor,0.4295,3.4893,True,1.0.0,0.575
C15457,1,High-Spend Transactor,0.4532,3.4715,True,1.0.0,0.575
C15459,2,Revolving Borrower,0.4429,2.5513,True,1.0.0,0.475
C15460,1,High-Spend Transactor,0.5034,3.0022,True,1.0.0,0.575
C15461,1,High-Spend Transactor,0.3812,3.5333,True,1.0.0,0.575
C15462,2,Revolving Borrower,0.6361,2.4249,True,1.0.0,0.475
C15463,0,Cash-Advance Reliant,0.5226,2.953,True,1.0.0,0.45
C15464,0,Cash-Advance Reliant,0.3225,2.9643,True,1.0.0,0.45
C15465,0,Cash-Advance Reliant,0.311,3.5259,True,1.0.0,0.45
C15466,1,High-Spend Transactor,0.1785,4.3095,True,1.0.0,0.575
C15467,1,High-Spend Transactor,0.3606,2.8725,True,1.0.0,0.575
C15469,1,High-Spend Transactor,0.3251,3.7125,True,1.0.0,0.575
C15470,1,High-Spend Transactor,0.5714,2.2027,True,1.0.0,0.575
C15471,0,Cash-Advance Reliant,0.4415,3.4867,True,1.0.0,0.45
C15472,2,Revolving Borrower,0.4502,2.2065,True,1.0.0,0.475
C15473,1,High-Spend Transactor,0.236,6.3864,True,1.0.0,0.575
C15474,1,High-Spend Transactor,0.548,2.8213,True,1.0.0,0.575
C15475,0,Cash-Advance Reliant,0.8005,1.2065,True,1.0.0,0.45
C15476,0,Cash-Advance Reliant,0.7081,1.8142,True,1.0.0,0.45
C15477,1,High-Spend Transactor,0.2963,3.3037,True,1.0.0,0.575
C15478,1,High-Spend Transactor,0.2038,4.0938,True,1.0.0,0.575
C15479,1,High-Spend Transactor,0.3513,3.7552,True,1.0.0,0.575
C15480,0,Cash-Advance Reliant,0.7014,1.9068,True,1.0.0,0.45
C15481,1,High-Spend Transactor,0.5155,3.1042,True,1.0.0,0.575
C15482,0,Cash-Advance Reliant,0.6935,1.8597,True,1.0.0,0.45
C15483,1,High-Spend Transactor,0.2624,3.8007,True,1.0.0,0.575
C15484,1,High-Spend Transactor,0.3804,3.374,True,1.0.0,0.575
C15485,0,Cash-Advance Reliant,0.5051,2.1681,True,1.0.0,0.45
C15486,1,High-Spend Transactor,0.1581,4.1246,True,1.0.0,0.575
C15487,1,High-Spend Transactor,0.3073,3.9663,True,1.0.0,0.575
C15488,1,High-Spend Transactor,0.1751,3.9588,True,1.0.0,0.575
C15489,1,High-Spend Transactor,0.5284,3.1312,True,1.0.0,0.575
C15490,2,Revolving Borrower,0.5285,3.2603,True,1.0.0,0.475
C15491,1,High-Spend Transactor,0.4457,3.6903,True,1.0.0,0.575
C15492,2,Revolving Borrower,0.4278,3.1581,True,1.0.0,0.475
C15493,0,Cash-Advance Reliant,0.5577,2.71,True,1.0.0,0.45
C15494,2,Revolving Borrower,0.6482,1.5505,True,1.0.0,0.475
C15495,1,High-Spend Transactor,0.4595,2.2692,True,1.0.0,0.575
C15496,1,High-Spend Transactor,0.3791,2.9427,True,1.0.0,0.575
C15497,0,Cash-Advance Reliant,0.4218,3.6469,True,1.0.0,0.45
C15498,1,High-Spend Transactor,0.5097,2.982,True,1.0.0,0.575
C15499,1,High-Spend Transactor,0.2473,4.4671,True,1.0.0,0.575
C15500,1,High-Spend Transactor,0.311,2.8253,True,1.0.0,0.575
C15501,0,Cash-Advance Reliant,0.696,1.864,True,1.0.0,0.45
C15502,1,High-Spend Transactor,0.5242,3.029,True,1.0.0,0.575
C15503,2,Revolving Borrower,0.4673,2.8178,True,1.0.0,0.475
C15504,0,Cash-Advance Reliant,0.8392,0.9255,True,1.0.0,0.45
C15505,0,Cash-Advance Reliant,0.418,3.9452,True,1.0.0,0.45
C15506,1,High-Spend Transactor,0.3314,3.2102,True,1.0.0,0.575
C15507,2,Revolving Borrower,0.6283,1.5815,True,1.0.0,0.475
C15508,0,Cash-Advance Reliant,0.3067,2.8951,True,1.0.0,0.45
C15509,1,High-Spend Transactor,0.1569,3.6209,True,1.0.0,0.575
C15510,2,Revolving Borrower,0.3793,5.3964,True,1.0.0,0.475
C15511,1,High-Spend Transactor,0.3029,3.2758,True,1.0.0,0.575
C15512,0,Cash-Advance Reliant,0.7345,1.5406,True,1.0.0,0.45
C15513,2,Revolving Borrower,0.6434,1.7402,True,1.0.0,0.475
C15514,2,Revolving Borrower,0.5971,1.9614,True,1.0.0,0.475
C15515,0,Cash-Advance Reliant,0.5556,2.7942,True,1.0.0,0.45
C15516,1,High-Spend Transactor,0.5862,2.1675,True,1.0.0,0.575
C15517,1,High-Spend Transactor,0.7016,1.7246,True,1.0.0,0.575
C15519,0,Cash-Advance Reliant,0.7311,1.6107,True,1.0.0,0.45
C15520,2,Revolving Borrower,0.3606,3.0578,True,1.0.0,0.475
C15521,2,Revolving Borrower,0.2043,3.7719,True,1.0.0,0.45
C15522,0,Cash-Advance Reliant,0.7062,1.8444,True,1.0.0,0.45
C15523,0,Cash-Advance Reliant,0.6465,2.1278,True,1.0.0,0.45
C15524,0,Cash-Advance Reliant,0.5852,2.7447,True,1.0.0,0.45
C15525,1,High-Spend Transactor,0.3757,3.3775,True,1.0.0,0.6
C15526,1,High-Spend Transactor,0.3763,3.4538,True,1.0.0,0.575
C15527,0,Cash-Advance Reliant,0.639,2.1647,True,1.0.0,0.45
C15528,1,High-Spend Transactor,0.6452,2.133,True,1.0.0,0.575
C15529,1,High-Spend Transactor,0.5268,3.2992,True,1.0.0,0.575
C15530,1,High-Spend Transactor,0.3577,3.4339,True,1.0.0,0.575
C15531,1,High-Spend Transactor,0.383,4.0904,True,1.0.0,0.575
C15532,2,Revolving Borrower,0.4171,2.2405,True,1.0.0,0.475
C15533,0,Cash-Advance Reliant,0.8684,0.7884,True,1.0.0,0.45
C15534,0,Cash-Advance Reliant,0.827,1.0446,True,1.0.0,0.45
C15535,0,Cash-Advance Reliant,0.7674,1.4185,True,1.0.0,0.45
C15536,2,Revolving Borrower,0.2025,3.0811,True,1.0.0,0.45
C15537,0,Cash-Advance Reliant,0.5543,3.0666,True,1.0.0,0.45
C15538,2,Revolving Borrower,0.4622,2.796,True,1.0.0,0.475
C15539,1,High-Spend Transactor,0.2329,4.0422,True,1.0.0,0.575
C15540,0,Cash-Advance Reliant,0.5714,2.5618,True,1.0.0,0.45
C15541,2,Revolving Borrower,0.441,2.6222,True,1.0.0,0.475
C15542,0,Cash-Advance Reliant,0.7926,1.2265,True,1.0.0,0.45
C15543,0,Cash-Advance Reliant,0.3386,4.8761,True,1.0.0,0.45
C15544,0,Cash-Advance Reliant,0.7313,1.617,True,1.0.0,0.45
C15545,1,High-Spend Transactor,0.4989,2.9423,True,1.0.0,0.575
C15546,1,High-Spend Transactor,0.6324,1.8644,True,1.0.0,0.575
C15547,0,Cash-Advance Reliant,0.8566,0.8868,True,1.0.0,0.45
C15548,2,Revolving Borrower,0.6454,2.1971,True,1.0.0,0.475
C15549,1,High-Spend Transactor,0.6229,2.2482,True,1.0.0,0.575
C15550,1,High-Spend Transactor,0.1294,3.9523,False,1.0.0,0.575
C15551,0,Cash-Advance Reliant,0.5999,2.7793,True,1.0.0,0.45
C15552,1,High-Spend Transactor,0.2026,4.1084,True,1.0.0,0.575
C15553,1,High-Spend Transactor,0.1442,4.3347,False,1.0.0,0.575
C15554,1,High-Spend Transactor,0.2275,3.4261,True,1.0.0,0.575
C15555,0,Cash-Advance Reliant,0.8165,1.1136,True,1.0.0,0.45
C15556,0,Cash-Advance Reliant,0.3738,4.6512,True,1.0.0,0.45
C15557,1,High-Spend Transactor,0.2135,3.7298,True,1.0.0,0.575
C15558,1,High-Spend Transactor,0.1498,3.9513,False,1.0.0,0.575
C15559,1,High-Spend Transactor,0.0625,4.0736,False,1.0.0,0.575
C15560,1,High-Spend Transactor,0.284,3.1122,True,1.0.0,0.575
C15561,0,Cash-Advance Reliant,0.6089,2.3744,True,1.0.0,0.45
C15562,2,Revolving Borrower,0.4865,2.9652,True,1.0.0,0.475
C15563,0,Cash-Advance Reliant,0.5239,2.9783,True,1.0.0,0.45
C15564,0,Cash-Advance Reliant,0.7581,1.492,True,1.0.0,0.45
C15565,0,Cash-Advance Reliant,0.3066,6.126,True,1.0.0,0.45
C15566,0,Cash-Advance Reliant,0.607,2.5835,True,1.0.0,0.45
C15567,0,Cash-Advance Reliant,0.5513,2.9863,True,1.0.0,0.45
C15568,0,Cash-Advance Reliant,0.6358,2.4548,True,1.0.0,0.45
C15569,1,High-Spend Transactor,0.5574,2.5959,True,1.0.0,0.575
C15570,0,Cash-Advance Reliant,0.2462,6.8703,True,1.0.0,0.45
C15571,2,Revolving Borrower,0.5333,2.674,True,1.0.0,0.475
C15572,1,High-Spend Transactor,0.5354,2.2994,True,1.0.0,0.575
C15573,1,High-Spend Transactor,0.4675,3.1915,True,1.0.0,0.575
C15574,1,High-Spend Transactor,0.0307,4.993,False,1.0.0,0.55
C15575,0,Cash-Advance Reliant,0.5755,2.5281,True,1.0.0,0.45
C15576,0,Cash-Advance Reliant,0.5935,2.475,True,1.0.0,0.45
C15577,1,High-Spend Transactor,0.3788,3.2833,True,1.0.0,0.575
C15578,1,High-Spend Transactor,0.492,3.0467,True,1.0.0,0.575
C15579,2,Revolving Borrower,0.1642,3.801,True,1.0.0,0.475
C15580,2,Revolving Borrower,0.3969,2.5101,True,1.0.0,0.475
C15581,1,High-Spend Transactor,0.5582,2.9346,True,1.0.0,0.575
C15582,2,Revolving Borrower,0.1462,3.9246,False,1.0.0,0.475
C15583,1,High-Spend Transactor,0.5318,3.0642,True,1.0.0,0.575
C15584,1,High-Spend Transactor,0.5823,2.5677,True,1.0.0,0.575
C15585,1,High-Spend Transactor,0.2226,4.125,True,1.0.0,0.575
C15586,0,Cash-Advance Reliant,0.8404,0.948,True,1.0.0,0.45
C15587,0,Cash-Advance Reliant,0.8621,0.8162,True,1.0.0,0.45
C15588,0,Cash-Advance Reliant,0.212,7.044,True,1.0.0,0.45
C15589,2,Revolving Borrower,0.7095,1.3876,True,1.0.0,0.475
C15590,1,High-Spend Transactor,0.3925,3.589,True,1.0.0,0.575
C15591,1,High-Spend Transactor,0.5043,3.5829,True,1.0.0,0.575
C15592,0,Cash-Advance Reliant,0.7671,1.3965,True,1.0.0,0.45
C15593,0,Cash-Advance Reliant,0.4738,3.2518,True,1.0.0,0.45
C15594,1,High-Spend Transactor,0.419,3.9279,True,1.0.0,0.575
C15595,1,High-Spend Transactor,0.5599,2.8548,True,1.0.0,0.575
C15596,1,High-Spend Transactor,0.5204,3.2947,True,1.0.0,0.575
C15597,1,High-Spend Transactor,0.2913,3.7903,True,1.0.0,0.575
C15598,2,Revolving Borrower,0.5565,2.0679,True,1.0.0,0.475
C15599,2,Revolving Borrower,0.5677,2.8684,True,1.0.0,0.475
C15600,1,High-Spend Transactor,0.353,3.6934,True,1.0.0,0.575
C15601,2,Revolving Borrower,0.029,3.29,False,1.0.0,0.5
C15602,0,Cash-Advance Reliant,0.6898,1.9082,True,1.0.0,0.45
C15603,2,Revolving Borrower,0.4998,2.9088,True,1.0.0,0.475
C15604,0,Cash-Advance Reliant,0.6971,1.8472,True,1.0.0,0.45
C15605,0,Cash-Advance Reliant,0.2919,2.9645,True,1.0.0,0.45
C15606,2,Revolving Borrower,0.3223,3.3734,True,1.0.0,0.475
C15607,1,High-Spend Transactor,0.2412,4.6648,True,1.0.0,0.575
C15608,1,High-Spend Transactor,0.5438,2.5715,True,1.0.0,0.575
C15609,2,Revolving Borrower,0.2072,3.8929,True,1.0.0,0.475
C15610,1,High-Spend Transactor,0.2994,3.4393,True,1.0.0,0.575
C15611,0,Cash-Advance Reliant,0.0006,3.7835,False,1.0.0,0.3
C15612,1,High-Spend Transactor,0.5371,3.073,True,1.0.0,0.575
C15613,2,Revolving Borrower,0.4719,2.9497,True,1.0.0,0.475
C15614,0,Cash-Advance Reliant,0.3763,2.4374,True,1.0.0,0.45
C15615,2,Revolving Borrower,0.3542,3.409,True,1.0.0,0.475
C15616,0,Cash-Advance Reliant,0.2975,6.2701,True,1.0.0,0.45
C15617,1,High-Spend Transactor,0.4287,3.7673,True,1.0.0,0.575
C15618,1,High-Spend Transactor,0.225,4.0821,True,1.0.0,0.575
C15619,0,Cash-Advance Reliant,0.7337,1.6305,True,1.0.0,0.45
C15620,1,High-Spend Transactor,0.3535,3.9834,True,1.0.0,0.575
C15621,2,Revolving Borrower,0.4918,1.9349,True,1.0.0,0.45
C15622,0,Cash-Advance Reliant,0.6928,1.9543,True,1.0.0,0.45
C15623,0,Cash-Advance Reliant,0.1767,4.0001,True,1.0.0,0.45
C15624,1,High-Spend Transactor,0.7282,1.3169,True,1.0.0,0.575
C15625,2,Revolving Borrower,0.2872,4.1528,True,1.0.0,0.475
C15626,1,High-Spend Transactor,0.5473,2.8285,True,1.0.0,0.575
C15627,1,High-Spend Transactor,0.3942,2.6214,True,1.0.0,0.575
C15628,1,High-Spend Transactor,0.1934,4.7955,True,1.0.0,0.575
C15629,2,Revolving Borrower,0.5649,2.2697,True,1.0.0,0.475
C15630,0,Cash-Advance Reliant,0.6529,2.2879,True,1.0.0,0.45
C15631,1,High-Spend Transactor,0.554,1.8026,True,1.0.0,0.575
C15632,1,High-Spend Transactor,0.2283,4.2004,True,1.0.0,0.575
C15633,0,Cash-Advance Reliant,0.7418,1.5818,True,1.0.0,0.45
C15634,0,Cash-Advance Reliant,0.7872,1.2753,True,1.0.0,0.45
C15636,1,High-Spend Transactor,0.3712,3.5607,True,1.0.0,0.6
C15637,0,Cash-Advance Reliant,0.6347,2.3446,True,1.0.0,0.45
C15638,0,Cash-Advance Reliant,0.7063,1.8126,True,1.0.0,0.45
C15639,0,Cash-Advance Reliant,0.0447,4.6198,False,1.0.0,0.45
C15640,0,Cash-Advance Reliant,0.4731,2.4631,True,1.0.0,0.45
C15641,1,High-Spend Transactor,0.4793,3.5357,True,1.0.0,0.575
C15642,2,Revolving Borrower,0.412,4.0062,True,1.0.0,0.475
C15643,0,Cash-Advance Reliant,0.0353,3.6631,False,1.0.0,0.325
C15644,2,Revolving Borrower,0.2505,2.9247,True,1.0.0,0.475
C15645,1,High-Spend Transactor,0.5307,2.5312,True,1.0.0,0.575
C15646,1,High-Spend Transactor,0.4466,2.4929,True,1.0.0,0.575
C15647,0,Cash-Advance Reliant,0.2307,2.9491,True,1.0.0,0.45
C15648,1,High-Spend Transactor,0.3675,4.1206,True,1.0.0,0.575
C15649,1,High-Spend Transactor,0.1158,5.8743,False,1.0.0,0.575
C15650,1,High-Spend Transactor,0.4813,3.8868,True,1.0.0,0.575
C15651,0,Cash-Advance Reliant,0.0297,3.6406,False,1.0.0,0.325
C15652,2,Revolving Borrower,0.3757,3.09,True,1.0.0,0.475
C15653,0,Cash-Advance Reliant,0.6762,1.9492,True,1.0.0,0.45
C15654,1,High-Spend Transactor,0.3696,3.5904,True,1.0.0,0.575
C15655,1,High-Spend Transactor,0.5147,2.7147,True,1.0.0,0.575
C15656,0,Cash-Advance Reliant,0.6323,2.4628,True,1.0.0,0.45
C15657,1,High-Spend Transactor,0.3279,4.0014,True,1.0.0,0.575
C15658,2,Revolving Borrower,0.0474,3.6615,False,1.0.0,0.425
C15659,1,High-Spend Transactor,0.1236,4.3099,False,1.0.0,0.575
C15660,1,High-Spend Transactor,0.3679,2.8111,True,1.0.0,0.575
C15661,0,Cash-Advance Reliant,0.4359,3.7318,True,1.0.0,0.45
C15662,0,Cash-Advance Reliant,0.5031,3.6005,True,1.0.0,0.45
C15663,1,High-Spend Transactor,0.6338,1.9041,True,1.0.0,0.575
C15664,0,Cash-Advance Reliant,0.2569,2.7956,True,1.0.0,0.45
C15666,0,Cash-Advance Reliant,0.405,4.3653,True,1.0.0,0.45
C15667,1,High-Spend Transactor,0.532,2.0818,True,1.0.0,0.575
C15668,2,Revolving Borrower,0.7157,1.438,True,1.0.0,0.475
C15669,2,Revolving Borrower,0.5253,2.6578,True,1.0.0,0.475
C15670,2,Revolving Borrower,0.514,2.714,True,1.0.0,0.475
C15671,1,High-Spend Transactor,0.4291,3.1526,True,1.0.0,0.575
C15672,1,High-Spend Transactor,0.5143,3.3809,True,1.0.0,0.575
C15673,0,Cash-Advance Reliant,0.5562,2.8394,True,1.0.0,0.45
C15674,0,Cash-Advance Reliant,0.7659,1.3352,True,1.0.0,0.45
C15675,0,Cash-Advance Reliant,0.7057,1.7699,True,1.0.0,0.45
C15676,1,High-Spend Transactor,0.4304,2.8288,True,1.0.0,0.575
C15677,0,Cash-Advance Reliant,0.7892,1.2701,True,1.0.0,0.45
C15678,2,Revolving Borrower,0.166,3.6949,True,1.0.0,0.475
C15680,1,High-Spend Transactor,0.4329,3.0008,True,1.0.0,0.575
C15681,2,Revolving Borrower,0.5016,2.7762,True,1.0.0,0.475
C15682,0,Cash-Advance Reliant,0.4929,3.3602,True,1.0.0,0.45
C15683,1,High-Spend Transactor,0.3922,3.497,True,1.0.0,0.575
C15684,0,Cash-Advance Reliant,0.7442,1.495,True,1.0.0,0.45
C15685,1,High-Spend Transactor,0.1579,4.2608,True,1.0.0,0.575
C15686,1,High-Spend Transactor,0.2608,6.3941,True,1.0.0,0.575
C15687,1,High-Spend Transactor,0.2488,3.4233,True,1.0.0,0.575
C15688,0,Cash-Advance Reliant,0.7138,1.7553,True,1.0.0,0.45
C15689,1,High-Spend Transactor,0.537,2.5816,True,1.0.0,0.575
C15690,1,High-Spend Transactor,0.4795,3.0325,True,1.0.0,0.575
C15691,1,High-Spend Transactor,0.5076,3.0008,True,1.0.0,0.575
C15692,1,High-Spend Transactor,0.4396,2.9797,True,1.0.0,0.575
C15693,1,High-Spend Transactor,0.3154,5.337,True,1.0.0,0.575
C15694,0,Cash-Advance Reliant,0.6159,2.5362,True,1.0.0,0.45
C15695,1,High-Spend Transactor,0.4774,2.3502,True,1.0.0,0.575
C15696,1,High-Spend Transactor,0.4547,3.4499,True,1.0.0,0.575
C15697,1,High-Spend Transactor,0.5133,3.2983,True,1.0.0,0.575
C15698,2,Revolving Borrower,0.212,3.9234,True,1.0.0,0.475
C15699,0,Cash-Advance Reliant,0.8385,0.9761,True,1.0.0,0.45
C15700,2,Revolving Borrower,0.0873,5.2096,False,1.0.0,0.475
C15701,2,Revolving Borrower,0.4261,3.835,True,1.0.0,0.475
C15702,0,Cash-Advance Reliant,0.6816,2.055,True,1.0.0,0.45
C15703,1,High-Spend Transactor,0.0679,4.5006,False,1.0.0,0.55
C15704,2,Revolving Borrower,0.4318,3.4343,True,1.0.0,0.475
C15705,1,High-Spend Transactor,0.3983,2.7096,True,1.0.0,0.575
C15706,2,Revolving Borrower,0.2771,2.0808,True,1.0.0,0.475
C15707,1,High-Spend Transactor,0.4755,3.3819,True,1.0.0,0.575
C15708,0,Cash-Advance Reliant,0.597,2.0318,True,1.0.0,0.45
C15709,0,Cash-Advance Reliant,0.6513,2.0965,True,1.0.0,0.45
C15710,1,High-Spend Transactor,0.5276,3.0716,True,1.0.0,0.575
C15711,1,High-Spend Transactor,0.7053,1.6341,True,1.0.0,0.575
C15712,1,High-Spend Transactor,0.4383,3.9422,True,1.0.0,0.575
C15713,0,Cash-Advance Reliant,0.8081,1.1689,True,1.0.0,0.45
C15714,1,High-Spend Transactor,0.5428,2.8333,True,1.0.0,0.575
C15715,1,High-Spend Transactor,0.5792,1.781,True,1.0.0,0.575
C15716,1,High-Spend Transactor,0.2865,3.13,True,1.0.0,0.575
C15717,0,Cash-Advance Reliant,0.6916,1.9148,True,1.0.0,0.45
C15718,0,Cash-Advance Reliant,0.8343,0.9847,True,1.0.0,0.45
C15719,2,Revolving Borrower,0.5254,2.8218,True,1.0.0,0.475
C15720,2,Revolving Borrower,0.6097,1.6988,True,1.0.0,0.475
C15721,1,High-Spend Transactor,0.1597,4.1354,True,1.0.0,0.575
C15722,0,Cash-Advance Reliant,0.6843,2.0131,True,1.0.0,0.45
C15723,1,High-Spend Transactor,0.3384,3.0718,True,1.0.0,0.575
C15724,0,Cash-Advance Reliant,0.7454,1.5551,True,1.0.0,0.45
C15725,0,Cash-Advance Reliant,0.8075,1.138,True,1.0.0,0.45
C15726,1,High-Spend Transactor,0.515,3.1104,True,1.0.0,0.575
C15727,1,High-Spend Transactor,0.4244,4.0818,True,1.0.0,0.575
C15728,2,Revolving Borrower,0.6975,1.5597,True,1.0.0,0.475
C15729,1,High-Spend Transactor,0.4378,3.0397,True,1.0.0,0.575
C15730,1,High-Spend Transactor,0.4207,3.1275,True,1.0.0,0.575
C15731,1,High-Spend Transactor,0.0478,5.2589,False,1.0.0,0.55
C15732,1,High-Spend Transactor,0.4638,2.9404,True,1.0.0,0.575
C15733,1,High-Spend Transactor,0.3585,3.3568,True,1.0.0,0.575
C15734,1,High-Spend Transactor,0.4981,3.2292,True,1.0.0,0.575
C15735,1,High-Spend Transactor,0.2284,4.0068,True,1.0.0,0.575
C15736,2,Revolving Borrower,0.4614,3.4687,True,1.0.0,0.475
C15737,2,Revolving Borrower,0.2518,2.8294,True,1.0.0,0.45
C15738,1,High-Spend Transactor,0.601,2.1986,True,1.0.0,0.575
C15739,1,High-Spend Transactor,0.6489,1.8541,True,1.0.0,0.575
C15740,2,Revolving Borrower,0.4344,2.4605,True,1.0.0,0.475
C15741,0,Cash-Advance Reliant,0.5113,3.0314,True,1.0.0,0.45
C15742,1,High-Spend Transactor,0.2777,3.0638,True,1.0.0,0.575
C15743,0,Cash-Advance Reliant,0.7297,1.6292,True,1.0.0,0.45
C15744,1,High-Spend Transactor,0.3854,3.3644,True,1.0.0,0.575
C15745,1,High-Spend Transactor,0.3026,3.2317,True,1.0.0,0.575
C15746,0,Cash-Advance Reliant,0.7624,1.4907,True,1.0.0,0.45
C15747,0,Cash-Advance Reliant,0.7589,1.4443,True,1.0.0,0.45
C15748,0,Cash-Advance Reliant,0.662,2.0614,True,1.0.0,0.45
C15749,2,Revolving Borrower,0.1286,3.8513,False,1.0.0,0.475
C15750,0,Cash-Advance Reliant,0.5901,2.6791,True,1.0.0,0.45
C15751,1,High-Spend Transactor,0.2423,4.0014,True,1.0.0,0.575
C15752,0,Cash-Advance Reliant,0.0445,3.3104,False,1.0.0,0.4
C15753,1,High-Spend Transactor,0.4036,3.2532,True,1.0.0,0.575
C15754,0,Cash-Advance Reliant,0.2603,3.0204,True,1.0.0,0.45
C15755,1,High-Spend Transactor,0.0504,4.4498,False,1.0.0,0.55
C15756,0,Cash-Advance Reliant,0.7475,1.5162,True,1.0.0,0.45
C15757,0,Cash-Advance Reliant,0.6408,2.2953,True,1.0.0,0.45
C15758,0,Cash-Advance Reliant,0.449,3.6678,True,1.0.0,0.45
C15759,1,High-Spend Transactor,0.433,3.6016,True,1.0.0,0.575
C15760,0,Cash-Advance Reliant,0.2962,5.1596,True,1.0.0,0.45
C15761,0,Cash-Advance Reliant,0.5612,2.8727,True,1.0.0,0.45
C15762,1,High-Spend Transactor,0.3683,3.2273,True,1.0.0,0.575
C15763,0,Cash-Advance Reliant,0.622,2.2246,True,1.0.0,0.45
C15764,1,High-Spend Transactor,0.5047,2.3183,True,1.0.0,0.6
C15765,0,Cash-Advance Reliant,0.6613,2.27,True,1.0.0,0.45
C15766,0,Cash-Advance Reliant,0.5042,3.0916,True,1.0.0,0.45
C15767,1,High-Spend Transactor,0.2354,4.1298,True,1.0.0,0.575
C15768,1,High-Spend Transactor,0.3062,4.1493,True,1.0.0,0.575
C15769,1,High-Spend Transactor,0.3428,4.5705,True,1.0.0,0.575
C15770,1,High-Spend Transactor,0.2221,4.6431,True,1.0.0,0.575
C15771,1,High-Spend Transactor,0.2762,5.8201,True,1.0.0,0.575
C15773,1,High-Spend Transactor,0.3794,3.9012,True,1.0.0,0.575
C15774,0,Cash-Advance Reliant,0.671,2.07,True,1.0.0,0.45
C15775,1,High-Spend Transactor,0.3661,3.5324,True,1.0.0,0.575
C15776,1,High-Spend Transactor,0.3968,2.8317,True,1.0.0,0.575
C15777,1,High-Spend Transactor,0.3215,3.5275,True,1.0.0,0.575
C15778,1,High-Spend Transactor,0.5571,2.9104,True,1.0.0,0.575
C15779,2,Revolving Borrower,0.1719,3.9681,True,1.0.0,0.45
C15780,1,High-Spend Transactor,0.3973,3.7508,True,1.0.0,0.575
C15781,1,High-Spend Transactor,0.541,2.7666,True,1.0.0,0.575
C15782,1,High-Spend Transactor,0.4136,3.8478,True,1.0.0,0.575
C15783,2,Revolving Borrower,0.3104,3.8437,True,1.0.0,0.475
C15784,1,High-Spend Transactor,0.651,1.9285,True,1.0.0,0.575
C15785,0,Cash-Advance Reliant,0.2839,6.2892,True,1.0.0,0.45
C15786,1,High-Spend Transactor,0.3542,3.9136,True,1.0.0,0.575
C15787,1,High-Spend Transactor,0.2345,4.2097,True,1.0.0,0.575
C15789,1,High-Spend Transactor,0.3093,3.5494,True,1.0.0,0.575
C15790,0,Cash-Advance Reliant,0.7725,1.3365,True,1.0.0,0.45
C15791,1,High-Spend Transactor,0.2242,4.4425,True,1.0.0,0.575
C15792,2,Revolving Borrower,0.3675,3.1618,True,1.0.0,0.475
C15793,2,Revolving Borrower,0.1688,3.9803,True,1.0.0,0.45
C15794,0,Cash-Advance Reliant,0.7028,1.7415,True,1.0.0,0.45
C15795,1,High-Spend Transactor,0.4922,2.901,True,1.0.0,0.575
C15796,2,Revolving Borrower,0.6759,1.7445,True,1.0.0,0.475
C15797,0,Cash-Advance Reliant,0.6205,2.5093,True,1.0.0,0.45
C15798,0,Cash-Advance Reliant,0.5816,2.1511,True,1.0.0,0.45
C15799,0,Cash-Advance Reliant,0.5437,3.058,True,1.0.0,0.45
C15800,1,High-Spend Transactor,0.3476,3.5349,True,1.0.0,0.575
C15801,0,Cash-Advance Reliant,0.3092,3.0948,True,1.0.0,0.45
C15802,1,High-Spend Transactor,0.4263,3.1259,True,1.0.0,0.575
C15803,1,High-Spend Transactor,0.4023,3.2255,True,1.0.0,0.575
C15804,0,Cash-Advance Reliant,0.5881,2.4709,True,1.0.0,0.45
C15805,0,Cash-Advance Reliant,0.5919,2.5869,True,1.0.0,0.45
C15806,1,High-Spend Transactor,0.4409,3.6507,True,1.0.0,0.575
C15807,2,Revolving Borrower,0.4853,3.519,True,1.0.0,0.475
C15808,1,High-Spend Transactor,0.4805,3.5582,True,1.0.0,0.575
C15809,1,High-Spend Transactor,0.3596,3.2042,True,1.0.0,0.575
C15810,1,High-Spend Transactor,0.5499,2.5753,True,1.0.0,0.575
C15811,0,Cash-Advance Reliant,0.7026,1.8669,True,1.0.0,0.45
C15812,1,High-Spend Transactor,0.4297,2.443,True,1.0.0,0.575
C15813,2,Revolving Borrower,0.5585,1.9334,True,1.0.0,0.475
C15814,1,High-Spend Transactor,0.5536,2.7725,True,1.0.0,0.575
C15815,2,Revolving Borrower,0.0363,5.4812,False,1.0.0,0.475
C15816,1,High-Spend Transactor,0.5509,2.9375,True,1.0.0,0.575
C15817,1,High-Spend Transactor,0.5445,2.9468,True,1.0.0,0.575
C15818,1,High-Spend Transactor,0.3859,3.2541,True,1.0.0,0.575
C15819,2,Revolving Borrower,0.2501,4.3646,True,1.0.0,0.475
C15820,0,Cash-Advance Reliant,0.5958,2.4112,True,1.0.0,0.45
C15821,1,High-Spend Transactor,0.423,3.4924,True,1.0.0,0.575
C15822,1,High-Spend Transactor,0.5425,2.8446,True,1.0.0,0.575
C15823,2,Revolving Borrower,0.173,4.2956,True,1.0.0,0.45
C15824,2,Revolving Borrower,0.4315,3.3582,True,1.0.0,0.475
C15825,2,Revolving Borrower,0.339,3.4944,True,1.0.0,0.475
C15826,1,High-Spend Transactor,0.2426,6.6966,True,1.0.0,0.575
C15827,0,Cash-Advance Reliant,0.7079,1.8617,True,1.0.0,0.45
C15828,1,High-Spend Transactor,0.4039,3.5342,True,1.0.0,0.575
C15829,1,High-Spend Transactor,0.1941,4.5151,True,1.0.0,0.575
C15830,1,High-Spend Transactor,0.5806,2.5461,True,1.0.0,0.575
C15831,1,High-Spend Transactor,0.0882,4.4836,False,1.0.0,0.55
C15832,1,High-Spend Transactor,0.4488,2.6863,True,1.0.0,0.575
C15833,0,Cash-Advance Reliant,0.7107,1.8453,True,1.0.0,0.45
C15834,1,High-Spend Transactor,0.3703,3.8088,True,1.0.0,0.575
C15835,0,Cash-Advance Reliant,0.5633,2.9156,True,1.0.0,0.45
C15836,2,Revolving Borrower,0.4517,2.6009,True,1.0.0,0.475
C15837,1,High-Spend Transactor,0.5664,2.663,True,1.0.0,0.575
C15838,0,Cash-Advance Reliant,0.6808,1.8535,True,1.0.0,0.45
C15839,1,High-Spend Transactor,0.5274,2.6957,True,1.0.0,0.575
C15840,0,Cash-Advance Reliant,0.7251,1.7339,True,1.0.0,0.45
C15841,1,High-Spend Transactor,0.6601,1.7352,True,1.0.0,0.575
C15842,0,Cash-Advance Reliant,0.658,2.007,True,1.0.0,0.45
C15843,1,High-Spend Transactor,0.4325,4.1612,True,1.0.0,0.575
C15844,1,High-Spend Transactor,0.5681,2.6057,True,1.0.0,0.575
C15845,1,High-Spend Transactor,0.4562,2.9977,True,1.0.0,0.6
C15846,0,Cash-Advance Reliant,0.6406,2.3925,True,1.0.0,0.45
C15847,1,High-Spend Transactor,0.532,2.9393,True,1.0.0,0.575
C15848,0,Cash-Advance Reliant,0.6997,1.8801,True,1.0.0,0.45
C15849,0,Cash-Advance Reliant,0.6815,1.9772,True,1.0.0,0.45
C15850,2,Revolving Borrower,0.0656,3.7691,False,1.0.0,0.45
C15851,1,High-Spend Transactor,0.419,3.8784,True,1.0.0,0.575
C15852,1,High-Spend Transactor,0.4159,3.2007,True,1.0.0,0.575
C15853,2,Revolving Borrower,0.3402,3.4151,True,1.0.0,0.475
C15854,0,Cash-Advance Reliant,0.2707,2.7512,True,1.0.0,0.45
C15856,1,High-Spend Transactor,0.5572,2.6841,True,1.0.0,0.575
C15857,1,High-Spend Transactor,0.287,3.7539,True,1.0.0,0.575
C15858,1,High-Spend Transactor,0.535,2.7263,True,1.0.0,0.575
C15859,0,Cash-Advance Reliant,0.8015,1.1865,True,1.0.0,0.45
C15860,1,High-Spend Transactor,0.7244,1.4225,True,1.0.0,0.575
C15861,0,Cash-Advance Reliant,0.1687,3.4897,True,1.0.0,0.45
C15862,0,Cash-Advance Reliant,0.8585,0.8362,True,1.0.0,0.45
C15863,0,Cash-Advance Reliant,0.7055,1.7821,True,1.0.0,0.45
C15864,0,Cash-Advance Reliant,0.4099,2.5598,True,1.0.0,0.45
C15865,1,High-Spend Transactor,0.4582,3.092,True,1.0.0,0.575
C15866,1,High-Spend Transactor,0.5512,2.663,True,1.0.0,0.575
C15867,1,High-Spend Transactor,0.4972,2.9799,True,1.0.0,0.575
C15868,1,High-Spend Transactor,0.6178,2.424,True,1.0.0,0.575
C15869,2,Revolving Borrower,0.2837,2.7962,True,1.0.0,0.45
C15870,0,Cash-Advance Reliant,0.76,1.4306,True,1.0.0,0.45
C15871,0,Cash-Advance Reliant,0.6206,2.5613,True,1.0.0,0.45
C15872,1,High-Spend Transactor,0.1271,4.2306,False,1.0.0,0.575
C15873,1,High-Spend Transactor,0.6919,1.7571,True,1.0.0,0.575
C15874,0,Cash-Advance Reliant,0.6797,2.0422,True,1.0.0,0.45
C15875,2,Revolving Borrower,0.5295,3.5874,True,1.0.0,0.475
C15876,0,Cash-Advance Reliant,0.6838,1.8796,True,1.0.0,0.45
C15877,1,High-Spend Transactor,0.5985,1.8494,True,1.0.0,0.6
C15878,1,High-Spend Transactor,0.4189,2.8084,True,1.0.0,0.575
C15879,0,Cash-Advance Reliant,0.5431,2.1696,True,1.0.0,0.45
C15880,0,Cash-Advance Reliant,0.4767,3.1181,True,1.0.0,0.45
C15881,1,High-Spend Transactor,0.2737,3.6731,True,1.0.0,0.575
C15882,1,High-Spend Transactor,0.6769,1.8022,True,1.0.0,0.575
C15883,2,Revolving Borrower,0.2439,4.1733,True,1.0.0,0.475
C15885,1,High-Spend Transactor,0.2881,3.4404,True,1.0.0,0.575
C15886,0,Cash-Advance Reliant,0.3438,2.6364,True,1.0.0,0.45
C15887,0,Cash-Advance Reliant,0.7309,1.5959,True,1.0.0,0.45
C15888,1,High-Spend Transactor,0.2776,4.0195,True,1.0.0,0.575
C15889,1,High-Spend Transactor,0.5491,2.8288,True,1.0.0,0.575
C15890,1,High-Spend Transactor,0.5489,2.4176,True,1.0.0,0.575
C15891,2,Revolving Borrower,0.17,3.4417,True,1.0.0,0.45
C15892,1,High-Spend Transactor,0.4407,3.1673,True,1.0.0,0.575
C15893,2,Revolving Borrower,0.1631,3.7784,True,1.0.0,0.45
C15894,1,High-Spend Transactor,0.3546,3.3662,True,1.0.0,0.575
C15895,0,Cash-Advance Reliant,0.7806,1.3413,True,1.0.0,0.45
C15896,0,Cash-Advance Reliant,0.7667,1.4356,True,1.0.0,0.45
C15897,0,Cash-Advance Reliant,0.257,4.4969,True,1.0.0,0.45
C15898,1,High-Spend Transactor,0.3766,3.21,True,1.0.0,0.575
C15899,1,High-Spend Transactor,0.6359,1.7541,True,1.0.0,0.575
C15900,0,Cash-Advance Reliant,0.1057,4.2563,False,1.0.0,0.45
C15901,0,Cash-Advance Reliant,0.4827,3.2039,True,1.0.0,0.45
C15902,1,High-Spend Transactor,0.3724,3.4608,True,1.0.0,0.575
C15903,1,High-Spend Transactor,0.4142,3.5973,True,1.0.0,0.575
C15904,1,High-Spend Transactor,0.4192,3.3816,True,1.0.0,0.575
C15905,0,Cash-Advance Reliant,0.7,1.8761,True,1.0.0,0.45
C15906,0,Cash-Advance Reliant,0.6712,2.0217,True,1.0.0,0.45
C15907,1,High-Spend Transactor,0.4904,3.6023,True,1.0.0,0.575
C15908,1,High-Spend Transactor,0.4394,2.6433,True,1.0.0,0.575
C15909,1,High-Spend Transactor,0.2163,4.3641,True,1.0.0,0.575
C15910,1,High-Spend Transactor,0.4957,2.3893,True,1.0.0,0.575
C15912,2,Revolving Borrower,0.395,3.5153,True,1.0.0,0.475
C15913,0,Cash-Advance Reliant,0.569,3.028,True,1.0.0,0.45
C15914,0,Cash-Advance Reliant,0.2674,3.0978,True,1.0.0,0.45
C15915,0,Cash-Advance Reliant,0.4159,3.691,True,1.0.0,0.45
C15916,1,High-Spend Transactor,0.5207,3.0633,True,1.0.0,0.575
C15917,0,Cash-Advance Reliant,0.7136,1.7514,True,1.0.0,0.45
C15918,1,High-Spend Transactor,0.6345,2.0298,True,1.0.0,0.575
C15919,1,High-Spend Transactor,0.1913,4.3497,True,1.0.0,0.575
C15920,1,High-Spend Transactor,0.4979,2.2716,True,1.0.0,0.575
C15921,0,Cash-Advance Reliant,0.7169,1.6811,True,1.0.0,0.45
C15922,1,High-Spend Transactor,0.2771,4.2981,True,1.0.0,0.575
C15923,2,Revolving Borrower,0.1109,4.0458,False,1.0.0,0.475
C15924,1,High-Spend Transactor,0.2591,6.4705,True,1.0.0,0.575
C15925,0,Cash-Advance Reliant,0.73,1.6089,True,1.0.0,0.45
C15926,0,Cash-Advance Reliant,0.3708,2.8579,True,1.0.0,0.45
C15927,1,High-Spend Transactor,0.4856,3.4812,True,1.0.0,0.575
C15928,2,Revolving Borrower,0.496,2.348,True,1.0.0,0.475
C15929,1,High-Spend Transactor,0.1217,4.3279,False,1.0.0,0.575
C15930,1,High-Spend Transactor,0.5263,2.7927,True,1.0.0,0.575
C15931,2,Revolving Borrower,0.1962,4.2992,True,1.0.0,0.475
C15932,2,Revolving Borrower,0.0103,5.2253,False,1.0.0,0.175
C15933,2,Revolving Borrower,0.0988,2.9323,False,1.0.0,0.45
C15934,1,High-Spend Transactor,0.2689,4.3512,True,1.0.0,0.575
C15935,2,Revolving Borrower,0.4308,3.0193,True,1.0.0,0.475
C15936,0,Cash-Advance Reliant,0.5777,2.7193,True,1.0.0,0.45
C15937,1,High-Spend Transactor,0.3616,2.8642,True,1.0.0,0.575
C15938,1,High-Spend Transactor,0.3847,3.1308,True,1.0.0,0.575
C15939,1,High-Spend Transactor,0.5407,2.5466,True,1.0.0,0.575
C15940,2,Revolving Borrower,0.4965,2.756,True,1.0.0,0.475
C15941,2,Revolving Borrower,0.033,3.4191,False,1.0.0,0.45
C15943,1,High-Spend Transactor,0.5504,2.6987,True,1.0.0,0.575
C15944,0,Cash-Advance Reliant,0.2302,6.5362,True,1.0.0,0.45
C15945,1,High-Spend Transactor,0.5447,2.8945,True,1.0.0,0.575
C15946,0,Cash-Advance Reliant,0.7879,1.2612,True,1.0.0,0.45
C15947,0,Cash-Advance Reliant,0.8325,1.0045,True,1.0.0,0.45
C15948,2,Revolving Borrower,0.3782,3.3267,True,1.0.0,0.475
C15949,1,High-Spend Transactor,0.2673,6.5421,True,1.0.0,0.575
C15950,1,High-Spend Transactor,0.0156,4.4071,False,1.0.0,0.55
C15951,0,Cash-Advance Reliant,0.6182,2.3068,True,1.0.0,0.45
C15952,1,High-Spend Transactor,0.2018,6.7687,True,1.0.0,0.575
C15953,0,Cash-Advance Reliant,0.0751,3.5644,False,1.0.0,0.45
C15954,1,High-Spend Transactor,0.2932,4.2025,True,1.0.0,0.575
C15955,2,Revolving Borrower,0.2152,3.0485,True,1.0.0,0.475
C15956,1,High-Spend Transactor,0.0239,4.5433,False,1.0.0,0.55
C15957,1,High-Spend Transactor,0.4992,2.4992,True,1.0.0,0.575
C15958,0,Cash-Advance Reliant,0.6458,2.1429,True,1.0.0,0.45
C15959,0,Cash-Advance Reliant,0.1373,3.652,False,1.0.0,0.45
C15960,1,High-Spend Transactor,0.7199,1.3242,True,1.0.0,0.575
C15961,0,Cash-Advance Reliant,0.4003,4.1704,True,1.0.0,0.45
C15962,0,Cash-Advance Reliant,0.7453,1.5631,True,1.0.0,0.45
C15963,0,Cash-Advance Reliant,0.8344,1.0263,True,1.0.0,0.45
C15965,0,Cash-Advance Reliant,0.8221,1.0522,True,1.0.0,0.45
C15966,0,Cash-Advance Reliant,0.6703,2.0189,True,1.0.0,0.45
C15967,1,High-Spend Transactor,0.2945,4.0535,True,1.0.0,0.575
C15968,1,High-Spend Transactor,0.2758,3.537,True,1.0.0,0.575
C15969,1,High-Spend Transactor,0.5148,2.6536,True,1.0.0,0.575
C15970,2,Revolving Borrower,0.5643,2.7482,True,1.0.0,0.475
C15971,1,High-Spend Transactor,0.5393,2.8395,True,1.0.0,0.575
C15972,1,High-Spend Transactor,0.547,2.8496,True,1.0.0,0.575
C15973,0,Cash-Advance Reliant,0.4771,3.3617,True,1.0.0,0.45
C15974,1,High-Spend Transactor,0.3008,3.164,True,1.0.0,0.575
C15975,2,Revolving Borrower,0.4752,2.4605,True,1.0.0,0.475
C15976,0,Cash-Advance Reliant,0.2789,6.1022,True,1.0.0,0.45
C15977,0,Cash-Advance Reliant,0.7495,1.4934,True,1.0.0,0.45
C15978,2,Revolving Borrower,0.4517,3.0953,True,1.0.0,0.475
C15979,1,High-Spend Transactor,0.4836,3.7184,True,1.0.0,0.575
C15980,2,Revolving Borrower,0.2127,3.5933,True,1.0.0,0.45
C15981,0,Cash-Advance Reliant,0.7389,1.6339,True,1.0.0,0.45
C15982,2,Revolving Borrower,0.1368,3.6958,False,1.0.0,0.475
C15983,1,High-Spend Transactor,0.3234,4.5001,True,1.0.0,0.575
C15984,2,Revolving Borrower,0.5743,1.9259,True,1.0.0,0.475
C15985,0,Cash-Advance Reliant,0.8819,0.7078,True,1.0.0,0.45
C15986,2,Revolving Borrower,0.2004,3.3844,True,1.0.0,0.45
C15987,2,Revolving Borrower,0.5901,2.2412,True,1.0.0,0.475
C15988,0,Cash-Advance Reliant,0.6713,1.9633,True,1.0.0,0.45
C15989,1,High-Spend Transactor,0.4709,2.7961,True,1.0.0,0.575
C15990,0,Cash-Advance Reliant,0.7482,1.5405,True,1.0.0,0.45
C15991,0,Cash-Advance Reliant,0.2908,6.433,True,1.0.0,0.45
C15992,1,High-Spend Transactor,0.54,2.4034,True,1.0.0,0.575
C15993,0,Cash-Advance Reliant,0.3923,3.9969,True,1.0.0,0.45
C15994,2,Revolving Borrower,0.2159,4.0434,True,1.0.0,0.475
C15995,2,Revolving Borrower,0.656,1.8696,True,1.0.0,0.475
C15996,2,Revolving Borrower,0.0176,3.4643,False,1.0.0,0.475
C15997,1,High-Spend Transactor,0.5228,3.2844,True,1.0.0,0.575
C15998,0,Cash-Advance Reliant,0.5137,3.2294,True,1.0.0,0.45
C15999,1,High-Spend Transactor,0.4054,3.2596,True,1.0.0,0.575
C16000,1,High-Spend Transactor,0.3816,3.3858,True,1.0.0,0.575
C16001,0,Cash-Advance Reliant,0.6879,1.8127,True,1.0.0,0.45
C16002,1,High-Spend Transactor,0.1441,3.8825,False,1.0.0,0.575
C16003,0,Cash-Advance Reliant,0.6302,2.3063,True,1.0.0,0.45
C16004,2,Revolving Borrower,0.4779,2.4755,True,1.0.0,0.475
C16005,0,Cash-Advance Reliant,0.5342,2.8712,True,1.0.0,0.45
C16007,0,Cash-Advance Reliant,0.5365,3.3918,True,1.0.0,0.45
C16008,1,High-Spend Transactor,0.3786,3.2024,True,1.0.0,0.575
C16009,1,High-Spend Transactor,0.364,3.2563,True,1.0.0,0.575
C16010,1,High-Spend Transactor,0.1326,4.3031,False,1.0.0,0.575
C16011,1,High-Spend Transactor,0.2608,4.3819,True,1.0.0,0.575
C16012,1,High-Spend Transactor,0.3177,3.7745,True,1.0.0,0.575
C16013,1,High-Spend Transactor,0.4479,3.4391,True,1.0.0,0.575
C16014,2,Revolving Borrower,0.627,2.1099,True,1.0.0,0.475
C16015,0,Cash-Advance Reliant,0.8303,1.0126,True,1.0.0,0.45
C16016,1,High-Spend Transactor,0.3181,3.8686,True,1.0.0,0.575
C16017,0,Cash-Advance Reliant,0.3071,2.6948,True,1.0.0,0.45
C16018,1,High-Spend Transactor,0.1989,3.8574,True,1.0.0,0.575
C16019,1,High-Spend Transactor,0.4836,3.1015,True,1.0.0,0.575
C16020,2,Revolving Borrower,0.5392,3.2448,True,1.0.0,0.475
C16021,1,High-Spend Transactor,0.4692,3.4873,True,1.0.0,0.575
C16022,1,High-Spend Transactor,0.1602,4.3475,True,1.0.0,0.575
C16023,1,High-Spend Transactor,0.5521,2.8794,True,1.0.0,0.575
C16024,2,Revolving Borrower,0.0149,5.4232,False,1.0.0,0.2
C16025,1,High-Spend Transactor,0.3878,3.388,True,1.0.0,0.575
C16026,1,High-Spend Transactor,0.568,2.3452,True,1.0.0,0.575
C16028,0,Cash-Advance Reliant,0.7072,1.9272,True,1.0.0,0.45
C16029,1,High-Spend Transactor,0.1959,7.5267,True,1.0.0,0.575
C16030,0,Cash-Advance Reliant,0.7644,1.402,True,1.0.0,0.45
C16031,2,Revolving Borrower,0.2476,3.7119,True,1.0.0,0.475
C16032,1,High-Spend Transactor,0.3516,4.164,True,1.0.0,0.575
C16033,1,High-Spend Transactor,0.1059,4.3587,False,1.0.0,0.575
C16034,1,High-Spend Transactor,0.6321,1.7158,True,1.0.0,0.575
C16035,0,Cash-Advance Reliant,0.6427,2.3835,True,1.0.0,0.45
C16036,0,Cash-Advance Reliant,0.3177,3.2568,True,1.0.0,0.45
C16037,1,High-Spend Transactor,0.5243,2.9561,True,1.0.0,0.575
C16038,1,High-Spend Transactor,0.5615,2.307,True,1.0.0,0.575
C16039,1,High-Spend Transactor,0.3298,3.9653,True,1.0.0,0.575
C16040,1,High-Spend Transactor,0.4073,4.7189,True,1.0.0,0.575
C16041,1,High-Spend Transactor,0.5498,2.9144,True,1.0.0,0.575
C16042,1,High-Spend Transactor,0.3772,3.8608,True,1.0.0,0.575
C16043,1,High-Spend Transactor,0.5212,3.2914,True,1.0.0,0.575
C16045,1,High-Spend Transactor,0.2061,3.8992,True,1.0.0,0.575
C16046,2,Revolving Borrower,0.12,3.3425,False,1.0.0,0.45
C16047,2,Revolving Borrower,0.4057,2.5223,True,1.0.0,0.475
C16048,1,High-Spend Transactor,0.5506,2.986,True,1.0.0,0.575
C16049,1,High-Spend Transactor,0.4093,3.1628,True,1.0.0,0.6
C16050,0,Cash-Advance Reliant,0.7252,1.681,True,1.0.0,0.45
C16051,1,High-Spend Transactor,0.2391,4.3524,True,1.0.0,0.575
C16052,1,High-Spend Transactor,0.576,2.7268,True,1.0.0,0.575
C16053,2,Revolving Borrower,0.1904,3.5084,True,1.0.0,0.45
C16054,0,Cash-Advance Reliant,0.5383,2.9698,True,1.0.0,0.45
C16055,1,High-Spend Transactor,0.5916,2.2489,True,1.0.0,0.575
C16056,2,Revolving Borrower,0.7085,1.583,True,1.0.0,0.475
C16057,0,Cash-Advance Reliant,0.7342,1.5999,True,1.0.0,0.45
C16058,2,Revolving Borrower,0.3169,3.2198,True,1.0.0,0.475
C16059,2,Revolving Borrower,0.2003,3.0967,True,1.0.0,0.45
C16060,1,High-Spend Transactor,0.294,3.0194,True,1.0.0,0.575
C16061,0,Cash-Advance Reliant,0.7855,1.3332,True,1.0.0,0.45
C16062,1,High-Spend Transactor,0.4813,3.8927,True,1.0.0,0.575
C16063,1,High-Spend Transactor,0.2311,3.7744,True,1.0.0,0.575
C16064,1,High-Spend Transactor,0.4181,4.4399,True,1.0.0,0.575
C16065,1,High-Spend Transactor,0.3966,3.3325,True,1.0.0,0.575
C16066,0,Cash-Advance Reliant,0.6249,2.5199,True,1.0.0,0.45
C16067,2,Revolving Borrower,0.4242,3.3922,True,1.0.0,0.475
C16068,2,Revolving Borrower,0.0704,3.9109,False,1.0.0,0.475
C16069,0,Cash-Advance Reliant,0.3568,4.4528,True,1.0.0,0.45
C16070,1,High-Spend Transactor,0.2585,4.264,True,1.0.0,0.575
C16071,1,High-Spend Transactor,0.2182,4.19,True,1.0.0,0.575
C16072,1,High-Spend Transactor,0.3373,4.9462,True,1.0.0,0.575
C16073,1,High-Spend Transactor,0.6624,1.8421,True,1.0.0,0.575
C16074,2,Revolving Borrower,0.31,3.2008,True,1.0.0,0.475
C16075,0,Cash-Advance Reliant,0.0833,3.4906,False,1.0.0,0.45
C16076,1,High-Spend Transactor,0.2949,3.9221,True,1.0.0,0.575
C16077,1,High-Spend Transactor,0.286,3.6432,True,1.0.0,0.575
C16078,2,Revolving Borrower,0.4941,2.1961,True,1.0.0,0.475
C16079,0,Cash-Advance Reliant,0.4488,3.4963,True,1.0.0,0.45
C16080,0,Cash-Advance Reliant,0.6173,2.5702,True,1.0.0,0.45
C16081,0,Cash-Advance Reliant,0.5607,2.8738,True,1.0.0,0.45
C16082,0,Cash-Advance Reliant,0.761,1.4933,True,1.0.0,0.45
C16083,0,Cash-Advance Reliant,0.2954,3.565,True,1.0.0,0.45
C16084,0,Cash-Advance Reliant,0.6894,1.9218,True,1.0.0,0.45
C16085,2,Revolving Borrower,0.4744,3.1703,True,1.0.0,0.475
C16086,2,Revolving Borrower,0.4214,2.3901,True,1.0.0,0.475
C16087,1,High-Spend Transactor,0.4031,2.9652,True,1.0.0,0.575
C16088,1,High-Spend Transactor,0.5141,2.9568,True,1.0.0,0.575
C16089,1,High-Spend Transactor,0.1818,5.9833,True,1.0.0,0.575
C16090,0,Cash-Advance Reliant,0.784,1.2887,True,1.0.0,0.45
C16091,1,High-Spend Transactor,0.717,1.3208,True,1.0.0,0.575
C16092,0,Cash-Advance Reliant,0.7867,1.3034,True,1.0.0,0.45
C16093,2,Revolving Borrower,0.4675,2.8746,True,1.0.0,0.475
C16094,1,High-Spend Transactor,0.153,7.1913,True,1.0.0,0.575
C16095,1,High-Spend Transactor,0.2985,4.0354,True,1.0.0,0.575
C16096,1,High-Spend Transactor,0.4911,2.7647,True,1.0.0,0.575
C16097,0,Cash-Advance Reliant,0.052,5.1918,False,1.0.0,0.45
C16098,1,High-Spend Transactor,0.1226,4.4487,False,1.0.0,0.575
C16099,0,Cash-Advance Reliant,0.7716,1.3361,True,1.0.0,0.45
C16100,0,Cash-Advance Reliant,0.7207,1.6521,True,1.0.0,0.45
C16101,1,High-Spend Transactor,0.2407,3.7418,True,1.0.0,0.575
C16102,1,High-Spend Transactor,0.1151,4.4402,False,1.0.0,0.575
C16103,1,High-Spend Transactor,0.3376,3.8493,True,1.0.0,0.6
C16104,0,Cash-Advance Reliant,0.7374,1.5314,True,1.0.0,0.45
C16105,1,High-Spend Transactor,0.786,1.1531,True,1.0.0,0.575
C16106,1,High-Spend Transactor,0.5594,2.5621,True,1.0.0,0.575
C16107,1,High-Spend Transactor,0.7656,1.0653,True,1.0.0,0.575
C16108,2,Revolving Borrower,0.1115,3.5159,False,1.0.0,0.45
C16109,0,Cash-Advance Reliant,0.7511,1.4681,True,1.0.0,0.45
C16110,2,Revolving Borrower,0.4,3.5699,True,1.0.0,0.475
C16111,2,Revolving Borrower,0.2583,3.7168,True,1.0.0,0.475
C16112,0,Cash-Advance Reliant,0.7371,1.6449,True,1.0.0,0.45
C16113,0,Cash-Advance Reliant,0.7756,1.4079,True,1.0.0,0.45
C16114,2,Revolving Borrower,0.5181,3.1751,True,1.0.0,0.475
C16115,1,High-Spend Transactor,0.2692,3.0607,True,1.0.0,0.575
C16116,2,Revolving Borrower,0.0655,3.7862,False,1.0.0,0.475
C16117,1,High-Spend Transactor,0.4183,2.7648,True,1.0.0,0.575
C16118,2,Revolving Borrower,0.6169,2.4262,True,1.0.0,0.475
C16119,0,Cash-Advance Reliant,0.298,3.8008,True,1.0.0,0.45
C16120,0,Cash-Advance Reliant,0.6987,1.9077,True,1.0.0,0.45
C16121,1,High-Spend Transactor,0.5654,2.3333,True,1.0.0,0.575
C16122,2,Revolving Borrower,0.1932,3.9333,True,1.0.0,0.45
C16123,2,Revolving Borrower,0.2862,2.4632,True,1.0.0,0.475
C16124,0,Cash-Advance Reliant,0.6242,2.5161,True,1.0.0,0.45
C16125,1,High-Spend Transactor,0.5405,2.5451,True,1.0.0,0.575
C16126,2,Revolving Borrower,0.2264,3.098,True,1.0.0,0.475
C16127,1,High-Spend Transactor,0.5458,2.8319,True,1.0.0,0.575
C16128,1,High-Spend Transactor,0.6529,1.9347,True,1.0.0,0.575
C16129,2,Revolving Borrower,0.4801,2.5886,True,1.0.0,0.475
C16130,1,High-Spend Transactor,0.3891,3.5841,True,1.0.0,0.6
C16131,1,High-Spend Transactor,0.4184,3.1587,True,1.0.0,0.575
C16132,1,High-Spend Transactor,0.4547,3.3749,True,1.0.0,0.575
C16133,2,Revolving Borrower,0.3376,3.6675,True,1.0.0,0.475
C16134,0,Cash-Advance Reliant,0.4144,3.8264,True,1.0.0,0.45
C16135,0,Cash-Advance Reliant,0.8059,1.1711,True,1.0.0,0.45
C16136,0,Cash-Advance Reliant,0.7198,1.6327,True,1.0.0,0.45
C16137,2,Revolving Borrower,0.1703,3.5776,True,1.0.0,0.475
C16138,1,High-Spend Transactor,0.0331,4.6846,False,1.0.0,0.55
C16139,0,Cash-Advance Reliant,0.7276,1.6017,True,1.0.0,0.45
C16140,0,Cash-Advance Reliant,0.7502,1.5578,True,1.0.0,0.45
C16141,1,High-Spend Transactor,0.4202,2.4045,True,1.0.0,0.575
C16142,1,High-Spend Transactor,0.6186,2.2178,True,1.0.0,0.575
C16143,0,Cash-Advance Reliant,0.4877,3.2851,True,1.0.0,0.45
C16144,1,High-Spend Transactor,0.3919,3.0912,True,1.0.0,0.575
C16145,1,High-Spend Transactor,0.6176,2.1575,True,1.0.0,0.575
C16146,1,High-Spend Transactor,0.3885,3.6179,True,1.0.0,0.575
C16147,1,High-Spend Transactor,0.0351,4.8693,False,1.0.0,0.55
C16148,0,Cash-Advance Reliant,0.6771,1.9031,True,1.0.0,0.45
C16149,1,High-Spend Transactor,0.6135,1.8917,True,1.0.0,0.575
C16150,1,High-Spend Transactor,0.3145,3.4681,True,1.0.0,0.575
C16151,1,High-Spend Transactor,0.3105,3.7594,True,1.0.0,0.575
C16153,1,High-Spend Transactor,0.6371,1.8106,True,1.0.0,0.575
C16154,1,High-Spend Transactor,0.3546,3.5935,True,1.0.0,0.575
C16155,0,Cash-Advance Reliant,0.3455,4.6809,True,1.0.0,0.45
C16157,0,Cash-Advance Reliant,0.4885,3.1597,True,1.0.0,0.45
C16158,0,Cash-Advance Reliant,0.8149,1.0951,True,1.0.0,0.45
C16159,2,Revolving Borrower,0.1005,3.8702,False,1.0.0,0.45
C16160,0,Cash-Advance Reliant,0.0278,3.5358,False,1.0.0,0.375
C16161,0,Cash-Advance Reliant,0.6909,1.8457,True,1.0.0,0.45
C16162,0,Cash-Advance Reliant,0.0021,2.9141,False,1.0.0,0.25
C16163,1,High-Spend Transactor,0.4829,2.6187,True,1.0.0,0.575
C16164,0,Cash-Advance Reliant,0.7959,1.2072,True,1.0.0,0.45
C16165,1,High-Spend Transactor,0.3704,3.319,True,1.0.0,0.575
C16166,0,Cash-Advance Reliant,0.6019,2.6428,True,1.0.0,0.45
C16167,0,Cash-Advance Reliant,0.6802,1.9275,True,1.0.0,0.45
C16168,1,High-Spend Transactor,0.3579,3.6524,True,1.0.0,0.575
C16169,0,Cash-Advance Reliant,0.6691,1.9774,True,1.0.0,0.45
C16171,1,High-Spend Transactor,0.5542,2.6883,True,1.0.0,0.575
C16172,2,Revolving Borrower,0.4622,2.2488,True,1.0.0,0.475
C16173,2,Revolving Borrower,0.2045,3.2143,True,1.0.0,0.45
C16174,2,Revolving Borrower,0.4598,2.0175,True,1.0.0,0.475
C16175,1,High-Spend Transactor,0.3426,3.587,True,1.0.0,0.575
C16176,1,High-Spend Transactor,0.5364,2.748,True,1.0.0,0.575
C16177,0,Cash-Advance Reliant,0.7767,1.3408,True,1.0.0,0.45
C16178,2,Revolving Borrower,0.4661,2.2151,True,1.0.0,0.475
C16179,0,Cash-Advance Reliant,0.6888,1.9464,True,1.0.0,0.45
C16180,1,High-Spend Transactor,0.1467,4.3223,False,1.0.0,0.575
C16181,2,Revolving Borrower,0.6081,2.2049,True,1.0.0,0.475
C16182,0,Cash-Advance Reliant,0.2687,6.846,True,1.0.0,0.45
C16184,1,High-Spend Transactor,0.3136,5.2057,True,1.0.0,0.575
C16185,0,Cash-Advance Reliant,0.7312,1.6102,True,1.0.0,0.45
C16186,0,Cash-Advance Reliant,0.7536,1.4717,True,1.0.0,0.45
C16187,0,Cash-Advance Reliant,0.712,1.774,True,1.0.0,0.45
C16188,1,High-Spend Transactor,0.3998,4.6541,True,1.0.0,0.575
C16189,2,Revolving Borrower,0.3243,3.1842,True,1.0.0,0.475
C16190,0,Cash-Advance Reliant,0.6056,2.7441,True,1.0.0,0.45
C16191,2,Revolving Borrower,0.0215,4.3201,False,1.0.0,0.275
C16192,2,Revolving Borrower,0.2651,3.7163,True,1.0.0,0.45
C16193,0,Cash-Advance Reliant,0.68,2.0701,True,1.0.0,0.45
C16194,1,High-Spend Transactor,0.2454,6.4903,True,1.0.0,0.575
C16195,1,High-Spend Transactor,0.3367,3.4924,True,1.0.0,0.575
C16196,1,High-Spend Transactor,0.5574,2.7111,True,1.0.0,0.575
C16197,1,High-Spend Transactor,0.4018,3.3603,True,1.0.0,0.575
C16198,2,Revolving Borrower,0.4312,4.2404,True,1.0.0,0.475
C16199,2,Revolving Borrower,0.5475,2.5244,True,1.0.0,0.475
C16200,1,High-Spend Transactor,0.2858,3.0108,True,1.0.0,0.575
C16201,1,High-Spend Transactor,0.194,6.9484,True,1.0.0,0.575
C16202,1,High-Spend Transactor,0.4981,2.4304,True,1.0.0,0.575
C16203,1,High-Spend Transactor,0.2051,3.6665,True,1.0.0,0.575
C16204,1,High-Spend Transactor,0.2705,4.2042,True,1.0.0,0.575
C16205,1,High-Spend Transactor,0.5072,2.4637,True,1.0.0,0.575
C16206,1,High-Spend Transactor,0.4169,3.5896,True,1.0.0,0.575
C16207,0,Cash-Advance Reliant,0.7299,1.5976,True,1.0.0,0.45
C16208,1,High-Spend Transactor,0.3702,3.5344,True,1.0.0,0.575
C16209,2,Revolving Borrower,0.415,2.5553,True,1.0.0,0.475
C16210,2,Revolving Borrower,0.5025,3.0142,True,1.0.0,0.475
C16212,1,High-Spend Transactor,0.3281,4.0706,True,1.0.0,0.575
C16213,0,Cash-Advance Reliant,0.3201,4.8824,True,1.0.0,0.45
C16214,2,Revolving Borrower,0.5709,2.2748,True,1.0.0,0.475
C16215,1,High-Spend Transactor,0.2687,6.473,True,1.0.0,0.575
C16216,0,Cash-Advance Reliant,0.6834,1.9567,True,1.0.0,0.45
C16217,2,Revolving Borrower,0.4302,3.4549,True,1.0.0,0.475
C16218,0,Cash-Advance Reliant,0.0848,3.2606,False,1.0.0,0.45
C16219,1,High-Spend Transactor,0.2909,5.5126,True,1.0.0,0.575
C16220,1,High-Spend Transactor,0.0298,4.557,False,1.0.0,0.55
C16221,1,High-Spend Transactor,0.2756,3.344,True,1.0.0,0.575
C16222,1,High-Spend Transactor,0.144,4.3902,False,1.0.0,0.575
C16223,0,Cash-Advance Reliant,0.2563,5.972,True,1.0.0,0.45
C16224,0,Cash-Advance Reliant,0.6945,1.8107,True,1.0.0,0.45
C16225,1,High-Spend Transactor,0.3873,3.0572,True,1.0.0,0.575
C16226,1,High-Spend Transactor,0.1433,3.7245,False,1.0.0,0.575
C16227,1,High-Spend Transactor,0.3222,4.0004,True,1.0.0,0.575
C16228,1,High-Spend Transactor,0.5817,1.8841,True,1.0.0,0.575
C16229,1,High-Spend Transactor,0.4531,2.886,True,1.0.0,0.575
C16230,1,High-Spend Transactor,0.4921,3.1031,True,1.0.0,0.575
C16231,1,High-Spend Transactor,0.4471,2.827,True,1.0.0,0.575
C16232,1,High-Spend Transactor,0.42,2.9999,True,1.0.0,0.575
C16233,0,Cash-Advance Reliant,0.165,3.8168,True,1.0.0,0.45
C16234,1,High-Spend Transactor,0.4371,3.0498,True,1.0.0,0.575
C16235,1,High-Spend Transactor,0.3475,3.7297,True,1.0.0,0.575
C16236,1,High-Spend Transactor,0.2269,3.2269,True,1.0.0,0.575
C16237,0,Cash-Advance Reliant,0.7161,1.741,True,1.0.0,0.45
C16238,2,Revolving Borrower,0.2876,4.2522,True,1.0.0,0.475
C16239,1,High-Spend Transactor,0.4025,2.6082,True,1.0.0,0.575
C16240,1,High-Spend Transactor,0.2066,4.2485,True,1.0.0,0.575
C16241,0,Cash-Advance Reliant,0.0611,4.2486,False,1.0.0,0.45
C16242,1,High-Spend Transactor,0.2239,6.2731,True,1.0.0,0.575
C16243,1,High-Spend Transactor,0.618,2.1336,True,1.0.0,0.575
C16244,0,Cash-Advance Reliant,0.5918,2.7261,True,1.0.0,0.45
C16245,0,Cash-Advance Reliant,0.6056,2.4194,True,1.0.0,0.45
C16246,0,Cash-Advance Reliant,0.6819,2.0065,True,1.0.0,0.45
C16247,2,Revolving Borrower,0.452,3.1777,True,1.0.0,0.475
C16248,1,High-Spend Transactor,0.5553,2.442,True,1.0.0,0.575
C16249,2,Revolving Borrower,0.4482,3.9755,True,1.0.0,0.475
C16250,0,Cash-Advance Reliant,0.5596,3.0782,True,1.0.0,0.45
C16251,1,High-Spend Transactor,0.188,3.5991,True,1.0.0,0.575
C16252,1,High-Spend Transactor,0.2317,3.952,True,1.0.0,0.575
C16253,2,Revolving Borrower,0.2969,3.8721,True,1.0.0,0.475
C16254,0,Cash-Advance Reliant,0.3429,4.6466,True,1.0.0,0.45
C16255,1,High-Spend Transactor,0.1993,3.7064,True,1.0.0,0.575
C16256,1,High-Spend Transactor,0.5046,3.3369,True,1.0.0,0.575
C16257,1,High-Spend Transactor,0.5661,2.5926,True,1.0.0,0.575
C16258,0,Cash-Advance Reliant,0.5712,2.8884,True,1.0.0,0.45
C16259,1,High-Spend Transactor,0.3395,3.6017,True,1.0.0,0.575
C16260,0,Cash-Advance Reliant,0.571,3.0083,True,1.0.0,0.45
C16261,1,High-Spend Transactor,0.5193,2.4607,True,1.0.0,0.6
C16262,1,High-Spend Transactor,0.4784,2.9107,True,1.0.0,0.575
C16263,1,High-Spend Transactor,0.4673,3.5533,True,1.0.0,0.575
C16264,2,Revolving Borrower,0.4896,2.6959,True,1.0.0,0.475
C16265,1,High-Spend Transactor,0.3276,3.0084,True,1.0.0,0.575
C16266,1,High-Spend Transactor,0.461,3.5263,True,1.0.0,0.575
C16267,1,High-Spend Transactor,0.3317,2.9528,True,1.0.0,0.575
C16268,1,High-Spend Transactor,0.5167,2.2372,True,1.0.0,0.575
C16269,1,High-Spend Transactor,0.4468,2.2745,True,1.0.0,0.575
C16270,2,Revolving Borrower,0.3197,2.9135,True,1.0.0,0.475
C16271,1,High-Spend Transactor,0.296,3.3608,True,1.0.0,0.575
C16272,1,High-Spend Transactor,0.4081,3.9502,True,1.0.0,0.575
C16273,2,Revolving Borrower,0.6051,2.0729,True,1.0.0,0.475
C16274,1,High-Spend Transactor,0.7241,1.5152,True,1.0.0,0.575
C16275,1,High-Spend Transactor,0.7352,1.24,True,1.0.0,0.575
C16276,1,High-Spend Transactor,0.3234,2.8741,True,1.0.0,0.575
C16277,0,Cash-Advance Reliant,0.6145,2.3714,True,1.0.0,0.45
C16278,0,Cash-Advance Reliant,0.0767,5.6549,False,1.0.0,0.45
C16279,1,High-Spend Transactor,0.5848,2.265,True,1.0.0,0.575
C16280,1,High-Spend Transactor,0.3552,2.9634,True,1.0.0,0.575
C16281,1,High-Spend Transactor,0.3692,3.1973,True,1.0.0,0.575
C16282,1,High-Spend Transactor,0.1444,4.0804,False,1.0.0,0.575
C16283,0,Cash-Advance Reliant,0.6651,2.0838,True,1.0.0,0.45
C16284,1,High-Spend Transactor,0.3042,3.4476,True,1.0.0,0.575
C16285,2,Revolving Borrower,0.3894,3.0781,True,1.0.0,0.475
C16286,2,Revolving Borrower,0.0289,6.5929,False,1.0.0,0.45
C16287,0,Cash-Advance Reliant,0.7802,1.337,True,1.0.0,0.45
C16288,0,Cash-Advance Reliant,0.7724,1.3526,True,1.0.0,0.45
C16289,1,High-Spend Transactor,0.1491,4.4709,False,1.0.0,0.575
C16290,2,Revolving Borrower,0.2476,3.3525,True,1.0.0,0.45
C16291,0,Cash-Advance Reliant,0.4645,3.4169,True,1.0.0,0.45
C16292,1,High-Spend Transactor,0.4106,3.3823,True,1.0.0,0.6
C16293,1,High-Spend Transactor,0.4797,3.5505,True,1.0.0,0.575
C16294,0,Cash-Advance Reliant,0.6501,2.2153,True,1.0.0,0.45
C16295,2,Revolving Borrower,0.1529,2.9041,True,1.0.0,0.45
C16296,2,Revolving Borrower,0.7466,1.1936,True,1.0.0,0.475
C16297,2,Revolving Borrower,0.2363,3.2022,True,1.0.0,0.45
C16298,1,High-Spend Transactor,0.4095,2.9881,True,1.0.0,0.575
C16299,1,High-Spend Transactor,0.1004,3.823,False,1.0.0,0.575
C16300,0,Cash-Advance Reliant,0.6177,2.3126,True,1.0.0,0.45
C16301,0,Cash-Advance Reliant,0.7357,1.6379,True,1.0.0,0.45
C16302,1,High-Spend Transactor,0.4892,2.9319,True,1.0.0,0.575
C16303,0,Cash-Advance Reliant,0.6686,2.0018,True,1.0.0,0.45
C16304,1,High-Spend Transactor,0.325,3.329,True,1.0.0,0.575
C16305,1,High-Spend Transactor,0.3287,3.1589,True,1.0.0,0.575
C16306,2,Revolving Borrower,0.1821,3.4733,True,1.0.0,0.475
C16307,2,Revolving Borrower,0.0017,5.8806,False,1.0.0,0.2
C16308,1,High-Spend Transactor,0.2064,6.7733,True,1.0.0,0.575
C16309,0,Cash-Advance Reliant,0.4867,2.301,True,1.0.0,0.45
C16310,2,Revolving Borrower,0.2437,4.0801,True,1.0.0,0.475
C16311,0,Cash-Advance Reliant,0.7042,1.7613,True,1.0.0,0.45
C16312,2,Revolving Borrower,0.6096,2.0915,True,1.0.0,0.475
C16313,0,Cash-Advance Reliant,0.0813,5.6761,False,1.0.0,0.45
C16314,0,Cash-Advance Reliant,0.7574,1.4613,True,1.0.0,0.45
C16315,0,Cash-Advance Reliant,0.5559,2.8383,True,1.0.0,0.45
C16316,2,Revolving Borrower,0.3435,3.1907,True,1.0.0,0.475
C16317,2,Revolving Borrower,0.4858,2.8392,True,1.0.0,0.475
C16318,2,Revolving Borrower,0.3341,2.8722,True,1.0.0,0.475
C16319,1,High-Spend Transactor,0.508,3.0568,True,1.0.0,0.575
C16320,1,High-Spend Transactor,0.5677,2.695,True,1.0.0,0.575
C16321,1,High-Spend Transactor,0.5528,3.0052,True,1.0.0,0.575
C16322,1,High-Spend Transactor,0.1745,3.8419,True,1.0.0,0.575
C16323,0,Cash-Advance Reliant,0.5835,2.7578,True,1.0.0,0.45
C16324,1,High-Spend Transactor,0.2349,3.938,True,1.0.0,0.575
C16325,1,High-Spend Transactor,0.281,6.2346,True,1.0.0,0.575
C16326,1,High-Spend Transactor,0.3013,3.2481,True,1.0.0,0.575
C16327,1,High-Spend Transactor,0.4415,2.6609,True,1.0.0,0.575
C16328,1,High-Spend Transactor,0.2633,3.106,True,1.0.0,0.575
C16329,2,Revolving Borrower,0.5392,2.8191,True,1.0.0,0.475
C16330,0,Cash-Advance Reliant,0.6997,1.8635,True,1.0.0,0.45
C16331,1,High-Spend Transactor,0.4977,3.0199,True,1.0.0,0.575
C16332,0,Cash-Advance Reliant,0.028,3.9305,False,1.0.0,0.325
C16333,1,High-Spend Transactor,0.6958,1.6235,True,1.0.0,0.575
C16334,1,High-Spend Transactor,0.5188,3.264,True,1.0.0,0.575
C16335,1,High-Spend Transactor,0.2466,4.0466,True,1.0.0,0.575
C16336,2,Revolving Borrower,0.6297,2.2037,True,1.0.0,0.475
C16337,0,Cash-Advance Reliant,0.5004,2.1262,True,1.0.0,0.45
C16338,0,Cash-Advance Reliant,0.3935,2.4032,True,1.0.0,0.45
C16339,0,Cash-Advance Reliant,0.7558,1.4942,True,1.0.0,0.45
C16340,1,High-Spend Transactor,0.4761,3.2777,True,1.0.0,0.575
C16341,2,Revolving Borrower,0.5743,2.3114,True,1.0.0,0.475
C16342,1,High-Spend Transactor,0.5512,2.7315,True,1.0.0,0.575
C16343,0,Cash-Advance Reliant,0.3189,3.5346,True,1.0.0,0.45
C16345,1,High-Spend Transactor,0.1978,4.1871,True,1.0.0,0.575
C16346,2,Revolving Borrower,0.6608,1.5355,True,1.0.0,0.475
C16347,1,High-Spend Transactor,0.6796,1.6545,True,1.0.0,0.575
C16348,1,High-Spend Transactor,0.0683,4.5344,False,1.0.0,0.55
C16349,1,High-Spend Transactor,0.0021,4.4132,False,1.0.0,0.3
C16350,1,High-Spend Transactor,0.4409,3.8692,True,1.0.0,0.575
C16351,0,Cash-Advance Reliant,0.7543,1.1832,True,1.0.0,0.45
C16352,0,Cash-Advance Reliant,0.707,1.8054,True,1.0.0,0.45
C16353,0,Cash-Advance Reliant,0.5785,2.5889,True,1.0.0,0.45
C16354,2,Revolving Borrower,0.7108,1.4781,True,1.0.0,0.475
C16355,1,High-Spend Transactor,0.304,3.813,True,1.0.0,0.575
C16356,2,Revolving Borrower,0.5793,2.4495,True,1.0.0,0.475
C16357,1,High-Spend Transactor,0.3247,3.3139,True,1.0.0,0.575
C16358,2,Revolving Borrower,0.3934,2.6887,True,1.0.0,0.475
C16359,0,Cash-Advance Reliant,0.7432,1.5748,True,1.0.0,0.45
C16360,0,Cash-Advance Reliant,0.7434,1.5823,True,1.0.0,0.45
C16361,1,High-Spend Transactor,0.4034,3.3431,True,1.0.0,0.575
C16362,1,High-Spend Transactor,0.2378,3.9965,True,1.0.0,0.575
C16363,1,High-Spend Transactor,0.4782,2.6136,True,1.0.0,0.575
C16364,0,Cash-Advance Reliant,0.7167,1.6864,True,1.0.0,0.45
C16365,1,High-Spend Transactor,0.2325,4.1704,True,1.0.0,0.6
C16366,1,High-Spend Transactor,0.4361,3.7372,True,1.0.0,0.575
C16367,1,High-Spend Transactor,0.0611,4.9542,False,1.0.0,0.575
C16369,2,Revolving Borrower,0.436,2.785,True,1.0.0,0.475
C16370,0,Cash-Advance Reliant,0.8037,1.1688,True,1.0.0,0.45
C16371,1,High-Spend Transactor,0.0499,4.4926,False,1.0.0,0.55
C16372,1,High-Spend Transactor,0.4457,2.6211,True,1.0.0,0.6
C16373,0,Cash-Advance Reliant,0.8462,0.9149,True,1.0.0,0.45
C16374,1,High-Spend Transactor,0.6509,1.9923,True,1.0.0,0.575
C16375,2,Revolving Borrower,0.2109,4.6245,True,1.0.0,0.475
C16376,1,High-Spend Transactor,0.0627,4.7914,False,1.0.0,0.575
C16377,2,Revolving Borrower,0.7696,1.1864,True,1.0.0,0.475
C16378,2,Revolving Borrower,0.3068,2.8732,True,1.0.0,0.45
C16379,1,High-Spend Transactor,0.2923,3.3602,True,1.0.0,0.575
C16380,1,High-Spend Transactor,0.4607,3.1335,True,1.0.0,0.575
C16381,2,Revolving Borrower,0.4674,2.6907,True,1.0.0,0.475
C16382,1,High-Spend Transactor,0.2621,4.1307,True,1.0.0,0.575
C16383,2,Revolving Borrower,0.674,1.6519,True,1.0.0,0.475
C16384,0,Cash-Advance Reliant,0.6553,2.2624,True,1.0.0,0.45
C16385,0,Cash-Advance Reliant,0.7164,1.7016,True,1.0.0,0.45
C16386,2,Revolving Borrower,0.2248,3.3325,True,1.0.0,0.475
C16387,1,High-Spend Transactor,0.3279,3.8333,True,1.0.0,0.575
C16388,0,Cash-Advance Reliant,0.1834,3.3534,True,1.0.0,0.45
C16389,1,High-Spend Transactor,0.2483,4.3881,True,1.0.0,0.575
C16390,1,High-Spend Transactor,0.5116,2.4694,True,1.0.0,0.575
C16391,1,High-Spend Transactor,0.6283,2.1801,True,1.0.0,0.575
C16392,2,Revolving Borrower,0.6542,2.0206,True,1.0.0,0.475
C16393,0,Cash-Advance Reliant,0.2474,6.9315,True,1.0.0,0.45
C16394,1,High-Spend Transactor,0.2638,3.9615,True,1.0.0,0.575
C16395,1,High-Spend Transactor,0.6366,2.0132,True,1.0.0,0.575
C16396,2,Revolving Borrower,0.3598,4.1124,True,1.0.0,0.475
C16397,1,High-Spend Transactor,0.566,2.5487,True,1.0.0,0.575
C16398,1,High-Spend Transactor,0.5416,2.9993,True,1.0.0,0.575
C16399,1,High-Spend Transactor,0.3613,3.2493,True,1.0.0,0.575
C16400,1,High-Spend Transactor,0.1716,6.8694,True,1.0.0,0.575
C16401,2,Revolving Borrower,0.4129,2.5867,True,1.0.0,0.475
C16402,0,Cash-Advance Reliant,0.2702,6.4512,True,1.0.0,0.45
C16403,1,High-Spend Transactor,0.5768,2.2283,True,1.0.0,0.575
C16404,0,Cash-Advance Reliant,0.3796,4.505,True,1.0.0,0.45
C16405,1,High-Spend Transactor,0.1621,4.8972,True,1.0.0,0.575
C16406,1,High-Spend Transactor,0.5384,2.81,True,1.0.0,0.575
C16407,1,High-Spend Transactor,0.2397,4.1481,True,1.0.0,0.575
C16408,0,Cash-Advance Reliant,0.392,4.7661,True,1.0.0,0.45
C16409,0,Cash-Advance Reliant,0.6204,2.5741,True,1.0.0,0.45
C16410,0,Cash-Advance Reliant,0.8311,1.004,True,1.0.0,0.45
C16411,1,High-Spend Transactor,0.2444,3.0934,True,1.0.0,0.575
C16412,2,Revolving Borrower,0.3412,3.2791,True,1.0.0,0.475
C16414,0,Cash-Advance Reliant,0.6472,2.2139,True,1.0.0,0.45
C16415,0,Cash-Advance Reliant,0.6426,2.2214,True,1.0.0,0.45
C16416,1,High-Spend Transactor,0.509,2.281,True,1.0.0,0.575
C16417,1,High-Spend Transactor,0.4634,3.6057,True,1.0.0,0.575
C16418,0,Cash-Advance Reliant,0.6507,2.1099,True,1.0.0,0.45
C16419,2,Revolving Borrower,0.4361,3.1313,True,1.0.0,0.475
C16421,0,Cash-Advance Reliant,0.2411,4.3224,True,1.0.0,0.45
C16422,0,Cash-Advance Reliant,0.8527,0.879,True,1.0.0,0.45
C16423,1,High-Spend Transactor,0.5876,2.249,True,1.0.0,0.575
C16424,1,High-Spend Transactor,0.4031,3.5847,True,1.0.0,0.575
C16425,0,Cash-Advance Reliant,0.4822,3.5785,True,1.0.0,0.45
C16426,0,Cash-Advance Reliant,0.7076,1.7543,True,1.0.0,0.45
C16427,0,Cash-Advance Reliant,0.5727,2.236,True,1.0.0,0.45
C16428,1,High-Spend Transactor,0.0899,4.0267,False,1.0.0,0.575
C16429,1,High-Spend Transactor,0.4683,3.4223,True,1.0.0,0.575
C16430,0,Cash-Advance Reliant,0.6613,2.0436,True,1.0.0,0.45
C16431,1,High-Spend Transactor,0.5517,2.7891,True,1.0.0,0.575
C16432,0,Cash-Advance Reliant,0.7234,1.6999,True,1.0.0,0.45
C16433,2,Revolving Borrower,0.4582,3.4727,True,1.0.0,0.475
C16434,0,Cash-Advance Reliant,0.7355,1.5512,True,1.0.0,0.45
C16435,1,High-Spend Transactor,0.3599,3.6594,True,1.0.0,0.575
C16436,1,High-Spend Transactor,0.4055,3.3352,True,1.0.0,0.575
C16437,0,Cash-Advance Reliant,0.7865,1.2727,True,1.0.0,0.45
C16438,1,High-Spend Transactor,0.2818,5.7681,True,1.0.0,0.575
C16439,2,Revolving Borrower,0.5347,3.3128,True,1.0.0,0.475
C16440,2,Revolving Borrower,0.3248,2.6244,True,1.0.0,0.475
C16441,0,Cash-Advance Reliant,0.7887,1.2755,True,1.0.0,0.45
C16442,1,High-Spend Transactor,0.5632,2.661,True,1.0.0,0.575
C16443,1,High-Spend Transactor,0.6892,1.745,True,1.0.0,0.575
C16444,0,Cash-Advance Reliant,0.536,2.9437,True,1.0.0,0.45
C16445,1,High-Spend Transactor,0.4067,3.077,True,1.0.0,0.575
C16446,1,High-Spend Transactor,0.3019,5.7282,True,1.0.0,0.575
C16447,0,Cash-Advance Reliant,0.4025,2.8627,True,1.0.0,0.45
C16448,1,High-Spend Transactor,0.1656,5.2323,True,1.0.0,0.575
C16449,0,Cash-Advance Reliant,0.6717,2.0495,True,1.0.0,0.45
C16450,1,High-Spend Transactor,0.0249,5.018,False,1.0.0,0.55
C16451,2,Revolving Borrower,0.3211,2.9998,True,1.0.0,0.475
C16452,0,Cash-Advance Reliant,0.6851,1.8893,True,1.0.0,0.45
C16453,1,High-Spend Transactor,0.6113,1.8025,True,1.0.0,0.575
C16454,2,Revolving Borrower,0.5535,2.1411,True,1.0.0,0.475
C16455,1,High-Spend Transactor,0.2407,4.2533,True,1.0.0,0.575
C16456,1,High-Spend Transactor,0.647,2.1096,True,1.0.0,0.575
C16457,2,Revolving Borrower,0.6143,2.3724,True,1.0.0,0.475
C16458,1,High-Spend Transactor,0.5091,2.9884,True,1.0.0,0.575
C16459,1,High-Spend Transactor,0.3137,3.903,True,1.0.0,0.575
C16460,0,Cash-Advance Reliant,0.8571,0.8549,True,1.0.0,0.45
C16461,1,High-Spend Transactor,0.313,2.9856,True,1.0.0,0.575
C16462,1,High-Spend Transactor,0.419,3.4846,True,1.0.0,0.575
C16463,2,Revolving Borrower,0.382,3.7277,True,1.0.0,0.475
C16464,1,High-Spend Transactor,0.3017,3.7367,True,1.0.0,0.575
C16465,1,High-Spend Transactor,0.0018,5.3577,False,1.0.0,0.55
C16466,0,Cash-Advance Reliant,0.7131,1.7676,True,1.0.0,0.45
C16467,1,High-Spend Transactor,0.4097,3.32,True,1.0.0,0.575
C16468,2,Revolving Borrower,0.128,3.7511,False,1.0.0,0.45
C16469,0,Cash-Advance Reliant,0.6421,2.1437,True,1.0.0,0.45
C16470,1,High-Spend Transactor,0.5878,2.6356,True,1.0.0,0.575
C16471,2,Revolving Borrower,0.6317,2.0486,True,1.0.0,0.475
C16472,1,High-Spend Transactor,0.4336,3.1302,True,1.0.0,0.6
C16473,1,High-Spend Transactor,0.3936,3.1693,True,1.0.0,0.575
C16474,1,High-Spend Transactor,0.3992,3.9169,True,1.0.0,0.575
C16475,0,Cash-Advance Reliant,0.4114,3.8789,True,1.0.0,0.45
C16476,0,Cash-Advance Reliant,0.6429,2.4243,True,1.0.0,0.45
C16477,1,High-Spend Transactor,0.5428,2.7943,True,1.0.0,0.575
C16478,1,High-Spend Transactor,0.5697,2.2285,True,1.0.0,0.575
C16479,1,High-Spend Transactor,0.3296,2.8104,True,1.0.0,0.575
C16480,1,High-Spend Transactor,0.1553,4.1675,True,1.0.0,0.575
C16481,1,High-Spend Transactor,0.2316,3.4045,True,1.0.0,0.575
C16482,0,Cash-Advance Reliant,0.6949,2.0081,True,1.0.0,0.45
C16483,2,Revolving Borrower,0.424,3.0924,True,1.0.0,0.475
C16484,1,High-Spend Transactor,0.592,2.1999,True,1.0.0,0.575
C16485,0,Cash-Advance Reliant,0.7019,1.8497,True,1.0.0,0.45
C16486,1,High-Spend Transactor,0.5035,3.5133,True,1.0.0,0.575
C16487,2,Revolving Borrower,0.3717,2.4748,True,1.0.0,0.475
C16488,0,Cash-Advance Reliant,0.7775,1.3467,True,1.0.0,0.45
C16489,2,Revolving Borrower,0.0585,3.6468,False,1.0.0,0.425
C16490,1,High-Spend Transactor,0.4037,2.6153,True,1.0.0,0.575
C16491,1,High-Spend Transactor,0.6731,1.618,True,1.0.0,0.575
C16492,1,High-Spend Transactor,0.4842,2.3695,True,1.0.0,0.575
C16493,0,Cash-Advance Reliant,0.6454,2.1428,True,1.0.0,0.45
C16494,2,Revolving Borrower,0.6648,1.7875,True,1.0.0,0.475
C16495,2,Revolving Borrower,0.6429,1.909,True,1.0.0,0.475
C16496,1,High-Spend Transactor,0.5731,2.7227,True,1.0.0,0.575
C16497,0,Cash-Advance Reliant,0.447,2.4943,True,1.0.0,0.45
C16498,2,Revolving Borrower,0.257,3.351,True,1.0.0,0.475
C16499,0,Cash-Advance Reliant,0.8272,1.048,True,1.0.0,0.45
C16500,1,High-Spend Transactor,0.5596,2.1264,True,1.0.0,0.575
C16501,2,Revolving Borrower,0.5303,2.7206,True,1.0.0,0.475
C16502,1,High-Spend Transactor,0.2706,5.8147,True,1.0.0,0.575
C16503,0,Cash-Advance Reliant,0.7485,1.4844,True,1.0.0,0.45
C16504,2,Revolving Borrower,0.448,2.9396,True,1.0.0,0.475
C16505,0,Cash-Advance Reliant,0.7909,1.2516,True,1.0.0,0.45
C16506,1,High-Spend Transactor,0.2609,3.74,True,1.0.0,0.575
C16507,1,High-Spend Transactor,0.0338,4.2743,False,1.0.0,0.575
C16508,0,Cash-Advance Reliant,0.3323,2.9427,True,1.0.0,0.45
C16509,1,High-Spend Transactor,0.0774,4.8762,False,1.0.0,0.55
C16510,0,Cash-Advance Reliant,0.6925,1.8866,True,1.0.0,0.45
C16511,1,High-Spend Transactor,0.2879,2.9746,True,1.0.0,0.575
C16512,1,High-Spend Transactor,0.6317,2.2178,True,1.0.0,0.575
C16513,0,Cash-Advance Reliant,0.7366,1.6172,True,1.0.0,0.45
C16514,1,High-Spend Transactor,0.3648,3.7354,True,1.0.0,0.575
C16515,1,High-Spend Transactor,0.5066,3.0201,True,1.0.0,0.575
C16516,2,Revolving Borrower,0.1996,3.2271,True,1.0.0,0.45
C16517,1,High-Spend Transactor,0.2824,3.6922,True,1.0.0,0.575
C16518,1,High-Spend Transactor,0.3428,4.1199,True,1.0.0,0.575
C16519,2,Revolving Borrower,0.4185,3.4498,True,1.0.0,0.475
C16520,1,High-Spend Transactor,0.5847,2.3115,True,1.0.0,0.575
C16521,0,Cash-Advance Reliant,0.5616,2.6893,True,1.0.0,0.45
C16522,2,Revolving Borrower,0.5329,1.96,True,1.0.0,0.475
C16523,2,Revolving Borrower,0.2969,3.5636,True,1.0.0,0.475
C16524,1,High-Spend Transactor,0.1982,3.7034,True,1.0.0,0.575
C16525,0,Cash-Advance Reliant,0.601,2.5341,True,1.0.0,0.45
C16526,0,Cash-Advance Reliant,0.562,2.6551,True,1.0.0,0.45
C16527,1,High-Spend Transactor,0.2406,3.6741,True,1.0.0,0.575
C16528,1,High-Spend Transactor,0.2172,4.3035,True,1.0.0,0.575
C16529,1,High-Spend Transactor,0.4166,3.4363,True,1.0.0,0.575
C16530,0,Cash-Advance Reliant,0.5364,3.213,True,1.0.0,0.45
C16531,1,High-Spend Transactor,0.2948,4.4588,True,1.0.0,0.575
C16532,1,High-Spend Transactor,0.1369,6.092,False,1.0.0,0.575
C16533,2,Revolving Borrower,0.435,2.7258,True,1.0.0,0.475
C16534,0,Cash-Advance Reliant,0.7081,1.838,True,1.0.0,0.45
C16535,0,Cash-Advance Reliant,0.4506,2.4471,True,1.0.0,0.45
C16536,0,Cash-Advance Reliant,0.1568,3.4482,True,1.0.0,0.45
C16537,1,High-Spend Transactor,0.5771,2.6291,True,1.0.0,0.575
C16538,1,High-Spend Transactor,0.5771,2.7635,True,1.0.0,0.575
C16539,0,Cash-Advance Reliant,0.7675,1.424,True,1.0.0,0.45
C16540,1,High-Spend Transactor,0.3228,4.8362,True,1.0.0,0.575
C16541,2,Revolving Borrower,0.3095,3.0771,True,1.0.0,0.475
C16542,0,Cash-Advance Reliant,0.7129,1.7158,True,1.0.0,0.45
C16543,2,Revolving Borrower,0.7696,1.0691,True,1.0.0,0.475
C16544,2,Revolving Borrower,0.2818,3.576,True,1.0.0,0.475
C16545,2,Revolving Borrower,0.3785,3.5398,True,1.0.0,0.475
C16546,0,Cash-Advance Reliant,0.3078,4.8951,True,1.0.0,0.45
C16547,1,High-Spend Transactor,0.2886,3.1038,True,1.0.0,0.575
C16548,1,High-Spend Transactor,0.3498,4.0057,True,1.0.0,0.575
C16549,1,High-Spend Transactor,0.1336,3.7686,False,1.0.0,0.575
C16550,1,High-Spend Transactor,0.3641,3.1189,True,1.0.0,0.6
C16551,0,Cash-Advance Reliant,0.7111,1.8249,True,1.0.0,0.45
C16552,1,High-Spend Transactor,0.3021,3.1394,True,1.0.0,0.575
C16553,0,Cash-Advance Reliant,0.1159,3.3223,False,1.0.0,0.45
C16554,1,High-Spend Transactor,0.1504,4.5354,True,1.0.0,0.575
C16555,1,High-Spend Transactor,0.105,3.8334,False,1.0.0,0.525
C16556,1,High-Spend Transactor,0.6121,1.7241,True,1.0.0,0.575
C16557,2,Revolving Borrower,0.4787,3.4621,True,1.0.0,0.475
C16558,1,High-Spend Transactor,0.5375,2.6934,True,1.0.0,0.575
C16559,0,Cash-Advance Reliant,0.5122,3.5021,True,1.0.0,0.45
C16560,1,High-Spend Transactor,0.4002,3.1734,True,1.0.0,0.575
C16561,1,High-Spend Transactor,0.1375,3.9889,False,1.0.0,0.575
C16562,2,Revolving Borrower,0.2436,3.054,True,1.0.0,0.45
C16563,1,High-Spend Transactor,0.5067,2.6995,True,1.0.0,0.575
C16564,1,High-Spend Transactor,0.4536,3.4516,True,1.0.0,0.575
C16565,1,High-Spend Transactor,0.1333,5.5114,False,1.0.0,0.575
C16566,0,Cash-Advance Reliant,0.7815,1.2932,True,1.0.0,0.45
C16567,1,High-Spend Transactor,0.4479,3.6893,True,1.0.0,0.575
C16568,0,Cash-Advance Reliant,0.5988,2.3921,True,1.0.0,0.45
C16569,2,Revolving Borrower,0.224,2.6031,True,1.0.0,0.475
C16570,1,High-Spend Transactor,0.5158,2.8834,True,1.0.0,0.575
C16571,1,High-Spend Transactor,0.5145,3.3231,True,1.0.0,0.575
C16572,0,Cash-Advance Reliant,0.8123,1.1371,True,1.0.0,0.45
C16573,1,High-Spend Transactor,0.2798,4.1187,True,1.0.0,0.575
C16574,1,High-Spend Transactor,0.3366,3.4397,True,1.0.0,0.575
C16575,1,High-Spend Transactor,0.1495,3.8731,False,1.0.0,0.575
C16576,0,Cash-Advance Reliant,0.5857,2.6982,True,1.0.0,0.45
C16577,0,Cash-Advance Reliant,0.6951,1.9098,True,1.0.0,0.45
C16578,1,High-Spend Transactor,0.394,3.5505,True,1.0.0,0.575
C16579,1,High-Spend Transactor,0.0653,5.2006,False,1.0.0,0.55
C16580,2,Revolving Borrower,0.7407,1.4386,True,1.0.0,0.475
C16581,2,Revolving Borrower,0.0891,2.9076,False,1.0.0,0.45
C16583,2,Revolving Borrower,0.1995,3.5234,True,1.0.0,0.475
C16584,0,Cash-Advance Reliant,0.6909,1.841,True,1.0.0,0.45
C16585,1,High-Spend Transactor,0.443,3.4808,True,1.0.0,0.575
C16586,1,High-Spend Transactor,0.6768,1.8157,True,1.0.0,0.575
C16587,0,Cash-Advance Reliant,0.5288,2.1003,True,1.0.0,0.45
C16588,0,Cash-Advance Reliant,0.4501,3.887,True,1.0.0,0.45
C16589,0,Cash-Advance Reliant,0.741,1.644,True,1.0.0,0.45
C16590,1,High-Spend Transactor,0.6798,1.7924,True,1.0.0,0.575
C16591,2,Revolving Borrower,0.2291,4.1956,True,1.0.0,0.475
C16592,0,Cash-Advance Reliant,0.807,1.1594,True,1.0.0,0.45
C16593,2,Revolving Borrower,0.6046,1.9277,True,1.0.0,0.475
C16594,2,Revolving Borrower,0.5096,1.6428,True,1.0.0,0.475
C16595,2,Revolving Borrower,0.3749,2.775,True,1.0.0,0.45
C16596,1,High-Spend Transactor,0.5366,3.1678,True,1.0.0,0.575
C16597,0,Cash-Advance Reliant,0.7853,1.2638,True,1.0.0,0.45
C16598,2,Revolving Borrower,0.0723,3.3094,False,1.0.0,0.425
C16599,1,High-Spend Transactor,0.3803,2.6511,True,1.0.0,0.575
C16600,2,Revolving Borrower,0.4892,3.2911,True,1.0.0,0.475
C16601,2,Revolving Borrower,0.3507,3.1397,True,1.0.0,0.475
C16602,1,High-Spend Transactor,0.3313,3.8293,True,1.0.0,0.575
C16603,1,High-Spend Transactor,0.5453,3.0706,True,1.0.0,0.575
C16604,1,High-Spend Transactor,0.0381,5.0068,False,1.0.0,0.55
C16605,1,High-Spend Transactor,0.3122,2.982,True,1.0.0,0.575
C16606,0,Cash-Advance Reliant,0.7333,1.5773,True,1.0.0,0.45
C16607,1,High-Spend Transactor,0.5427,2.2449,True,1.0.0,0.575
C16608,1,High-Spend Transactor,0.4415,3.7106,True,1.0.0,0.575
C16609,2,Revolving Borrower,0.3319,2.9484,True,1.0.0,0.45
C16610,2,Revolving Borrower,0.3589,3.6547,True,1.0.0,0.475
C16611,1,High-Spend Transactor,0.3126,4.079,True,1.0.0,0.575
C16612,0,Cash-Advance Reliant,0.2732,6.7806,True,1.0.0,0.45
C16613,0,Cash-Advance Reliant,0.682,2.0845,True,1.0.0,0.45
C16614,2,Revolving Borrower,0.3366,4.0466,True,1.0.0,0.475
C16615,1,High-Spend Transactor,0.4756,3.0474,True,1.0.0,0.575
C16616,1,High-Spend Transactor,0.3848,2.8582,True,1.0.0,0.575
C16617,1,High-Spend Transactor,0.3602,3.7792,True,1.0.0,0.6
C16618,1,High-Spend Transactor,0.5392,2.962,True,1.0.0,0.575
C16619,2,Revolving Borrower,0.4236,3.6174,True,1.0.0,0.475
C16620,2,Revolving Borrower,0.3319,3.505,True,1.0.0,0.475
C16621,0,Cash-Advance Reliant,0.5145,3.0216,True,1.0.0,0.45
C16622,1,High-Spend Transactor,0.5191,3.3264,True,1.0.0,0.575
C16623,1,High-Spend Transactor,0.4368,3.6743,True,1.0.0,0.575
C16625,2,Revolving Borrower,0.555,2.2052,True,1.0.0,0.475
C16626,0,Cash-Advance Reliant,0.6402,2.3151,True,1.0.0,0.45
C16627,1,High-Spend Transactor,0.396,3.1168,True,1.0.0,0.575
C16628,2,Revolving Borrower,0.6389,2.0145,True,1.0.0,0.475
C16629,1,High-Spend Transactor,0.7034,1.5205,True,1.0.0,0.575
C16630,1,High-Spend Transactor,0.3271,3.8369,True,1.0.0,0.575
C16631,1,High-Spend Transactor,0.4332,3.9478,True,1.0.0,0.575
C16632,2,Revolving Borrower,0.3258,4.3176,True,1.0.0,0.475
C16633,1,High-Spend Transactor,0.3297,4.5776,True,1.0.0,0.575
C16634,2,Revolving Borrower,0.6475,1.739,True,1.0.0,0.475
C16635,1,High-Spend Transactor,0.2556,3.5575,True,1.0.0,0.575
C16636,2,Revolving Borrower,0.5026,3.6448,True,1.0.0,0.475
C16637,1,High-Spend Transactor,0.4634,3.2909,True,1.0.0,0.575
C16638,2,Revolving Borrower,0.491,2.0537,True,1.0.0,0.475
C16639,0,Cash-Advance Reliant,0.6653,2.2753,True,1.0.0,0.45
C16640,1,High-Spend Transactor,0.3891,4.5322,True,1.0.0,0.575
C16641,0,Cash-Advance Reliant,0.8238,1.0609,True,1.0.0,0.45
C16642,0,Cash-Advance Reliant,0.679,1.9344,True,1.0.0,0.45
C16643,2,Revolving Borrower,0.2184,3.5108,True,1.0.0,0.475
C16644,1,High-Spend Transactor,0.4506,2.5493,True,1.0.0,0.575
C16645,0,Cash-Advance Reliant,0.7308,1.6452,True,1.0.0,0.45
C16646,0,Cash-Advance Reliant,0.6959,1.8403,True,1.0.0,0.45
C16647,2,Revolving Borrower,0.6413,1.866,True,1.0.0,0.475
C16648,1,High-Spend Transactor,0.3967,3.9501,True,1.0.0,0.575
C16650,2,Revolving Borrower,0.0875,3.9442,False,1.0.0,0.45
C16651,1,High-Spend Transactor,0.3674,3.3424,True,1.0.0,0.575
C16652,0,Cash-Advance Reliant,0.5457,2.7842,True,1.0.0,0.45
C16653,0,Cash-Advance Reliant,0.1996,3.8914,True,1.0.0,0.45
C16654,1,High-Spend Transactor,0.3082,3.5585,True,1.0.0,0.575
C16655,0,Cash-Advance Reliant,0.2232,3.178,True,1.0.0,0.45
C16656,0,Cash-Advance Reliant,0.0113,4.0821,False,1.0.0,0.375
C16657,2,Revolving Borrower,0.0191,4.5008,False,1.0.0,0.475
C16658,1,High-Spend Transactor,0.4468,2.7308,True,1.0.0,0.575
C16659,1,High-Spend Transactor,0.3986,3.733,True,1.0.0,0.575
C16660,1,High-Spend Transactor,0.1622,3.5647,True,1.0.0,0.575
C16661,1,High-Spend Transactor,0.495,2.3788,True,1.0.0,0.575
C16662,2,Revolving Borrower,0.6246,2.0079,True,1.0.0,0.475
C16663,0,Cash-Advance Reliant,0.7701,1.3684,True,1.0.0,0.45
C16664,1,High-Spend Transactor,0.2694,5.8902,True,1.0.0,0.575
C16665,1,High-Spend Transactor,0.5706,2.5865,True,1.0.0,0.575
C16666,2,Revolving Borrower,0.763,1.3524,True,1.0.0,0.475
C16667,1,High-Spend Transactor,0.5436,2.8157,True,1.0.0,0.575
C16668,2,Revolving Borrower,0.5194,2.3808,True,1.0.0,0.475
C16669,1,High-Spend Transactor,0.6311,1.6359,True,1.0.0,0.6
C16670,2,Revolving Borrower,0.2715,3.1322,True,1.0.0,0.45
C16671,1,High-Spend Transactor,0.552,2.7896,True,1.0.0,0.575
C16672,2,Revolving Borrower,0.0087,3.4016,False,1.0.0,0.5
C16673,1,High-Spend Transactor,0.5226,2.9085,True,1.0.0,0.575
C16674,1,High-Spend Transactor,0.3109,4.0484,True,1.0.0,0.575
C16675,1,High-Spend Transactor,0.4766,2.5443,True,1.0.0,0.575
C16676,0,Cash-Advance Reliant,0.8463,0.9058,True,1.0.0,0.45
C16677,1,High-Spend Transactor,0.1096,3.8741,False,1.0.0,0.525
C16678,1,High-Spend Transactor,0.7334,1.4328,True,1.0.0,0.575
C16679,0,Cash-Advance Reliant,0.6944,1.8906,True,1.0.0,0.45
C16680,1,High-Spend Transactor,0.0709,4.8933,False,1.0.0,0.575
C16681,1,High-Spend Transactor,0.3868,3.4094,True,1.0.0,0.575
C16682,1,High-Spend Transactor,0.3951,3.2826,True,1.0.0,0.575
C16683,2,Revolving Borrower,0.5184,2.2737,True,1.0.0,0.475
C16684,0,Cash-Advance Reliant,0.2198,7.0251,True,1.0.0,0.45
C16685,1,High-Spend Transactor,0.7138,1.4937,True,1.0.0,0.575
C16686,1,High-Spend Transactor,0.4344,3.0321,True,1.0.0,0.575
C16687,0,Cash-Advance Reliant,0.7299,1.6534,True,1.0.0,0.45
C16688,1,High-Spend Transactor,0.4432,3.7126,True,1.0.0,0.575
C16689,1,High-Spend Transactor,0.1344,4.2452,False,1.0.0,0.575
C16690,1,High-Spend Transactor,0.0415,4.8647,False,1.0.0,0.55
C16691,0,Cash-Advance Reliant,0.0403,3.9979,False,1.0.0,0.4
C16692,1,High-Spend Transactor,0.3188,4.989,True,1.0.0,0.575
C16693,1,High-Spend Transactor,0.3651,4.1132,True,1.0.0,0.575
C16694,2,Revolving Borrower,0.4483,3.6464,True,1.0.0,0.475
C16695,0,Cash-Advance Reliant,0.4096,3.339,True,1.0.0,0.45
C16697,1,High-Spend Transactor,0.4036,4.5391,True,1.0.0,0.575
C16698,2,Revolving Borrower,0.3162,3.3755,True,1.0.0,0.475
C16699,1,High-Spend Transactor,0.3268,3.6902,True,1.0.0,0.575
C16700,2,Revolving Borrower,0.4026,2.9577,True,1.0.0,0.475
C16701,1,High-Spend Transactor,0.2448,5.5045,True,1.0.0,0.575
C16702,1,High-Spend Transactor,0.2058,4.1878,True,1.0.0,0.575
C16703,1,High-Spend Transactor,0.5584,2.8547,True,1.0.0,0.575
C16704,0,Cash-Advance Reliant,0.7426,1.5239,True,1.0.0,0.45
C16705,1,High-Spend Transactor,0.2222,6.7788,True,1.0.0,0.575
C16706,1,High-Spend Transactor,0.5242,3.0732,True,1.0.0,0.575
C16707,1,High-Spend Transactor,0.5514,2.4025,True,1.0.0,0.575
C16708,1,High-Spend Transactor,0.5321,2.7364,True,1.0.0,0.575
C16709,0,Cash-Advance Reliant,0.5612,3.1118,True,1.0.0,0.45
C16710,0,Cash-Advance Reliant,0.2944,4.0863,True,1.0.0,0.45
C16711,0,Cash-Advance Reliant,0.5835,2.8118,True,1.0.0,0.45
C16712,1,High-Spend Transactor,0.5621,2.1924,True,1.0.0,0.575
C16713,0,Cash-Advance Reliant,0.8296,1.0403,True,1.0.0,0.45
C16714,1,High-Spend Transactor,0.4333,3.6665,True,1.0.0,0.575
C16715,1,High-Spend Transactor,0.5489,2.7578,True,1.0.0,0.575
C16716,1,High-Spend Transactor,0.3542,3.442,True,1.0.0,0.575
C16717,0,Cash-Advance Reliant,0.5271,2.8758,True,1.0.0,0.45
C16718,1,High-Spend Transactor,0.5858,2.4605,True,1.0.0,0.575
C16719,0,Cash-Advance Reliant,0.7724,1.3968,True,1.0.0,0.45
C16720,1,High-Spend Transactor,0.0916,4.7708,False,1.0.0,0.575
C16721,0,Cash-Advance Reliant,0.775,1.3862,True,1.0.0,0.45
C16722,1,High-Spend Transactor,0.3976,4.6807,True,1.0.0,0.575
C16723,1,High-Spend Transactor,0.4407,3.436,True,1.0.0,0.575
C16724,0,Cash-Advance Reliant,0.6075,2.5165,True,1.0.0,0.45
C16725,0,Cash-Advance Reliant,0.5469,3.1966,True,1.0.0,0.45
C16726,1,High-Spend Transactor,0.5399,2.7962,True,1.0.0,0.575
C16727,1,High-Spend Transactor,0.2364,5.0129,True,1.0.0,0.575
C16728,2,Revolving Borrower,0.2419,2.4312,True,1.0.0,0.45
C16729,2,Revolving Borrower,0.1084,3.8537,False,1.0.0,0.45
C16730,0,Cash-Advance Reliant,0.168,3.5851,True,1.0.0,0.45
C16731,0,Cash-Advance Reliant,0.8129,1.119,True,1.0.0,0.45
C16732,2,Revolving Borrower,0.4472,3.0354,True,1.0.0,0.475
C16733,1,High-Spend Transactor,0.4186,3.2692,True,1.0.0,0.6
C16734,1,High-Spend Transactor,0.6434,1.8872,True,1.0.0,0.575
C16735,1,High-Spend Transactor,0.5657,2.588,True,1.0.0,0.575
C16736,0,Cash-Advance Reliant,0.7215,1.7435,True,1.0.0,0.45
C16737,1,High-Spend Transactor,0.5684,2.5717,True,1.0.0,0.575
C16738,1,High-Spend Transactor,0.5806,2.5671,True,1.0.0,0.575
C16739,2,Revolving Borrower,0.3424,3.7307,True,1.0.0,0.475
C16740,2,Revolving Borrower,0.35,3.5108,True,1.0.0,0.475
C16741,0,Cash-Advance Reliant,0.814,1.1261,True,1.0.0,0.45
C16742,2,Revolving Borrower,0.4462,2.5582,True,1.0.0,0.475
C16743,0,Cash-Advance Reliant,0.5759,2.532,True,1.0.0,0.45
C16744,0,Cash-Advance Reliant,0.484,3.5892,True,1.0.0,0.45
C16745,0,Cash-Advance Reliant,0.6189,2.2762,True,1.0.0,0.45
C16746,0,Cash-Advance Reliant,0.806,1.1769,True,1.0.0,0.45
C16747,0,Cash-Advance Reliant,0.6043,2.4084,True,1.0.0,0.45
C16748,1,High-Spend Transactor,0.5383,2.8958,True,1.0.0,0.575
C16749,1,High-Spend Transactor,0.5101,3.4465,True,1.0.0,0.575
C16750,1,High-Spend Transactor,0.271,4.6024,True,1.0.0,0.575
C16751,0,Cash-Advance Reliant,0.5752,2.9201,True,1.0.0,0.45
C16752,1,High-Spend Transactor,0.1949,4.4836,True,1.0.0,0.575
C16753,1,High-Spend Transactor,0.4958,3.1159,True,1.0.0,0.575
C16755,1,High-Spend Transactor,0.556,2.6647,True,1.0.0,0.575
C16757,0,Cash-Advance Reliant,0.502,3.2051,True,1.0.0,0.45
C16758,1,High-Spend Transactor,0.2593,4.5046,True,1.0.0,0.575
C16759,1,High-Spend Transactor,0.5574,2.6985,True,1.0.0,0.575
C16760,1,High-Spend Transactor,0.3863,3.3724,True,1.0.0,0.575
C16761,1,High-Spend Transactor,0.2937,4.0849,True,1.0.0,0.575
C16762,1,High-Spend Transactor,0.4726,2.4792,True,1.0.0,0.575
C16763,1,High-Spend Transactor,0.3819,3.4604,True,1.0.0,0.575
C16764,1,High-Spend Transactor,0.4835,3.4283,True,1.0.0,0.575
C16765,0,Cash-Advance Reliant,0.6078,2.5446,True,1.0.0,0.45
C16766,1,High-Spend Transactor,0.5032,3.2796,True,1.0.0,0.575
C16767,0,Cash-Advance Reliant,0.6228,2.3305,True,1.0.0,0.45
C16768,1,High-Spend Transactor,0.0233,4.5065,False,1.0.0,0.575
C16769,1,High-Spend Transactor,0.5216,2.9341,True,1.0.0,0.575
C16770,0,Cash-Advance Reliant,0.7476,1.5607,True,1.0.0,0.45
C16771,0,Cash-Advance Reliant,0.2474,6.8773,True,1.0.0,0.45
C16772,0,Cash-Advance Reliant,0.7421,1.5094,True,1.0.0,0.45
C16773,1,High-Spend Transactor,0.3188,3.8647,True,1.0.0,0.6
C16774,0,Cash-Advance Reliant,0.5994,2.5264,True,1.0.0,0.45
C16775,1,High-Spend Transactor,0.4259,3.7646,True,1.0.0,0.575
C16776,0,Cash-Advance Reliant,0.7596,1.4409,True,1.0.0,0.45
C16777,0,Cash-Advance Reliant,0.763,1.398,True,1.0.0,0.45
C16778,1,High-Spend Transactor,0.5599,2.7538,True,1.0.0,0.575
C16779,0,Cash-Advance Reliant,0.6182,2.3245,True,1.0.0,0.45
C16780,0,Cash-Advance Reliant,0.6773,1.9848,True,1.0.0,0.45
C16781,2,Revolving Borrower,0.5828,2.4073,True,1.0.0,0.475
C16782,0,Cash-Advance Reliant,0.5132,3.1435,True,1.0.0,0.45
C16784,1,High-Spend Transactor,0.24,3.5305,True,1.0.0,0.575
C16785,1,High-Spend Transactor,0.1531,3.6032,True,1.0.0,0.575
C16786,0,Cash-Advance Reliant,0.7591,1.4971,True,1.0.0,0.45
C16787,1,High-Spend Transactor,0.3643,4.0637,True,1.0.0,0.575
C16789,0,Cash-Advance Reliant,0.8155,1.1103,True,1.0.0,0.45
C16790,1,High-Spend Transactor,0.4041,3.0854,True,1.0.0,0.575
C16791,1,High-Spend Transactor,0.2528,4.4633,True,1.0.0,0.575
C16792,1,High-Spend Transactor,0.4656,2.4249,True,1.0.0,0.575
C16793,2,Revolving Borrower,0.352,2.3348,True,1.0.0,0.475
C16794,1,High-Spend Transactor,0.6291,1.9863,True,1.0.0,0.575
C16795,2,Revolving Borrower,0.1882,4.6133,True,1.0.0,0.45
C16796,2,Revolving Borrower,0.3905,2.9982,True,1.0.0,0.475
C16797,0,Cash-Advance Reliant,0.7236,1.6712,True,1.0.0,0.45
C16798,1,High-Spend Transactor,0.2124,4.4087,True,1.0.0,0.575
C16799,1,High-Spend Transactor,0.4489,2.7915,True,1.0.0,0.575
C16800,1,High-Spend Transactor,0.4656,3.5107,True,1.0.0,0.575
C16801,1,High-Spend Transactor,0.2761,3.7478,True,1.0.0,0.575
C16802,0,Cash-Advance Reliant,0.8262,1.0566,True,1.0.0,0.45
C16803,2,Revolving Borrower,0.7359,1.3073,True,1.0.0,0.475
C16804,0,Cash-Advance Reliant,0.7038,1.8222,True,1.0.0,0.45
C16805,2,Revolving Borrower,0.1337,3.4989,False,1.0.0,0.45
C16806,2,Revolving Borrower,0.0116,5.3435,False,1.0.0,0.3
C16807,1,High-Spend Transactor,0.044,4.5633,False,1.0.0,0.55
C16808,1,High-Spend Transactor,0.5265,2.8962,True,1.0.0,0.575
C16809,2,Revolving Borrower,0.6497,1.5242,True,1.0.0,0.475
C16810,1,High-Spend Transactor,0.3063,3.2118,True,1.0.0,0.575
C16811,2,Revolving Borrower,0.4256,2.7972,True,1.0.0,0.475
C16812,2,Revolving Borrower,0.4091,4.1282,True,1.0.0,0.475
C16813,1,High-Spend Transactor,0.5209,3.2742,True,1.0.0,0.575
C16814,1,High-Spend Transactor,0.1446,3.9449,False,1.0.0,0.575
C16815,1,High-Spend Transactor,0.6332,1.9422,True,1.0.0,0.575
C16816,2,Revolving Borrower,0.3321,3.951,True,1.0.0,0.475
C16817,1,High-Spend Transactor,0.5829,2.1023,True,1.0.0,0.6
C16818,2,Revolving Borrower,0.0531,5.3472,False,1.0.0,0.475
C16819,1,High-Spend Transactor,0.5437,2.8781,True,1.0.0,0.575
C16820,1,High-Spend Transactor,0.3845,3.8408,True,1.0.0,0.575
C16821,2,Revolving Borrower,0.6999,1.5626,True,1.0.0,0.475
C16822,0,Cash-Advance Reliant,0.6465,2.2579,True,1.0.0,0.45
C16823,1,High-Spend Transactor,0.1893,5.4908,True,1.0.0,0.575
C16824,0,Cash-Advance Reliant,0.7589,1.4761,True,1.0.0,0.45
C16825,0,Cash-Advance Reliant,0.0148,5.255,False,1.0.0,0.4
C16826,0,Cash-Advance Reliant,0.2264,3.4851,True,1.0.0,0.45
C16827,2,Revolving Borrower,0.2732,3.0218,True,1.0.0,0.475
C16828,0,Cash-Advance Reliant,0.7892,1.2762,True,1.0.0,0.45
C16829,2,Revolving Borrower,0.4556,2.6206,True,1.0.0,0.475
C16831,1,High-Spend Transactor,0.0726,4.0693,False,1.0.0,0.55
C16832,1,High-Spend Transactor,0.3879,3.557,True,1.0.0,0.6
C16833,1,High-Spend Transactor,0.5292,2.5683,True,1.0.0,0.575
C16834,1,High-Spend Transactor,0.4817,3.1038,True,1.0.0,0.575
C16835,2,Revolving Borrower,0.4768,2.7626,True,1.0.0,0.475
C16836,1,High-Spend Transactor,0.3636,3.4431,True,1.0.0,0.575
C16837,0,Cash-Advance Reliant,0.5882,2.4898,True,1.0.0,0.45
C16838,0,Cash-Advance Reliant,0.6038,2.4622,True,1.0.0,0.45
C16839,1,High-Spend Transactor,0.5661,2.8449,True,1.0.0,0.575
C16840,1,High-Spend Transactor,0.5244,3.2447,True,1.0.0,0.575
C16841,0,Cash-Advance Reliant,0.6672,2.1737,True,1.0.0,0.45
C16842,0,Cash-Advance Reliant,0.5344,3.1885,True,1.0.0,0.45
C16843,0,Cash-Advance Reliant,0.1729,4.1522,True,1.0.0,0.45
C16844,2,Revolving Borrower,0.551,2.4148,True,1.0.0,0.475
C16845,1,High-Spend Transactor,0.7661,1.2506,True,1.0.0,0.575
C16847,1,High-Spend Transactor,0.3205,4.1027,True,1.0.0,0.575
C16849,1,High-Spend Transactor,0.2855,3.9,True,1.0.0,0.575
C16850,1,High-Spend Transactor,0.5745,2.7136,True,1.0.0,0.575
C16851,1,High-Spend Transactor,0.1885,6.8726,True,1.0.0,0.575
C16852,1,High-Spend Transactor,0.2883,3.0351,True,1.0.0,0.575
C16854,0,Cash-Advance Reliant,0.7542,1.4826,True,1.0.0,0.45
C16855,1,High-Spend Transactor,0.3936,3.6718,True,1.0.0,0.575
C16856,0,Cash-Advance Reliant,0.4984,2.1323,True,1.0.0,0.45
C16857,2,Revolving Borrower,0.6215,2.3019,True,1.0.0,0.475
C16858,0,Cash-Advance Reliant,0.7813,1.323,True,1.0.0,0.45
C16859,1,High-Spend Transactor,0.4667,3.1626,True,1.0.0,0.575
C16860,1,High-Spend Transactor,0.4558,3.4287,True,1.0.0,0.575
C16861,0,Cash-Advance Reliant,0.7866,1.2811,True,1.0.0,0.45
C16862,2,Revolving Borrower,0.2133,2.9914,True,1.0.0,0.475
C16863,0,Cash-Advance Reliant,0.6661,2.1671,True,1.0.0,0.45
C16864,2,Revolving Borrower,0.5373,2.065,True,1.0.0,0.475
C16865,2,Revolving Borrower,0.6215,2.0031,True,1.0.0,0.475
C16866,0,Cash-Advance Reliant,0.7189,1.6823,True,1.0.0,0.45
C16867,1,High-Spend Transactor,0.3345,4.2069,True,1.0.0,0.575
C16868,0,Cash-Advance Reliant,0.0212,3.7735,False,1.0.0,0.325
C16869,2,Revolving Borrower,0.6357,2.2698,True,1.0.0,0.475
C16870,0,Cash-Advance Reliant,0.8216,1.1085,True,1.0.0,0.45
C16871,1,High-Spend Transactor,0.383,3.691,True,1.0.0,0.575
C16872,0,Cash-Advance Reliant,0.3673,2.7651,True,1.0.0,0.45
C16873,1,High-Spend Transactor,0.1451,3.9189,False,1.0.0,0.575
C16874,1,High-Spend Transactor,0.4456,2.6382,True,1.0.0,0.6
C16875,1,High-Spend Transactor,0.2425,3.5112,True,1.0.0,0.575
C16876,1,High-Spend Transactor,0.3099,3.9087,True,1.0.0,0.575
C16877,0,Cash-Advance Reliant,0.2993,6.2646,True,1.0.0,0.45
C16878,1,High-Spend Transactor,0.189,3.9658,True,1.0.0,0.575
C16880,0,Cash-Advance Reliant,0.626,2.3662,True,1.0.0,0.45
C16881,1,High-Spend Transactor,0.1997,3.7405,True,1.0.0,0.575
C16882,1,High-Spend Transactor,0.5469,2.8848,True,1.0.0,0.575
C16883,0,Cash-Advance Reliant,0.7053,1.7983,True,1.0.0,0.45
C16884,2,Revolving Borrower,0.3526,4.1822,True,1.0.0,0.475
C16885,1,High-Spend Transactor,0.3702,3.4116,True,1.0.0,0.575
C16886,1,High-Spend Transactor,0.5553,2.7022,True,1.0.0,0.575
C16887,1,High-Spend Transactor,0.3137,3.9646,True,1.0.0,0.575
C16888,1,High-Spend Transactor,0.2417,4.0952,True,1.0.0,0.575
C16889,0,Cash-Advance Reliant,0.5806,2.9421,True,1.0.0,0.45
C16890,2,Revolving Borrower,0.1424,3.2344,False,1.0.0,0.45
C16891,1,High-Spend Transactor,0.6978,1.7594,True,1.0.0,0.575
C16892,2,Revolving Borrower,0.4849,3.3549,True,1.0.0,0.475
C16893,1,High-Spend Transactor,0.4513,3.4024,True,1.0.0,0.575
C16894,1,High-Spend Transactor,0.6713,1.7983,True,1.0.0,0.575
C16895,2,Revolving Borrower,0.2472,3.2459,True,1.0.0,0.45
C16896,1,High-Spend Transactor,0.3033,3.5522,True,1.0.0,0.575
C16897,1,High-Spend Transactor,0.148,4.6583,False,1.0.0,0.575
C16898,1,High-Spend Transactor,0.5499,2.3915,True,1.0.0,0.575
C16899,1,High-Spend Transactor,0.6158,2.3978,True,1.0.0,0.575
C16900,0,Cash-Advance Reliant,0.6813,1.5276,True,1.0.0,0.45
C16901,2,Revolving Borrower,0.5357,2.4027,True,1.0.0,0.475
C16902,2,Revolving Borrower,0.1336,5.1829,False,1.0.0,0.475
C16903,1,High-Spend Transactor,0.554,2.7205,True,1.0.0,0.575
C16904,0,Cash-Advance Reliant,0.6081,2.3813,True,1.0.0,0.45
C16905,1,High-Spend Transactor,0.531,2.8272,True,1.0.0,0.575
C16906,0,Cash-Advance Reliant,0.7069,1.763,True,1.0.0,0.45
C16907,1,High-Spend Transactor,0.6544,2.0532,True,1.0.0,0.575
C16908,2,Revolving Borrower,0.4836,2.0558,True,1.0.0,0.475
C16909,1,High-Spend Transactor,0.6227,2.313,True,1.0.0,0.575
C16910,1,High-Spend Transactor,0.4729,2.3054,True,1.0.0,0.575
C16911,1,High-Spend Transactor,0.423,3.1966,True,1.0.0,0.575
C16912,1,High-Spend Transactor,0.5221,2.9032,True,1.0.0,0.575
C16913,1,High-Spend Transactor,0.2201,5.6348,True,1.0.0,0.575
C16914,2,Revolving Borrower,0.7496,1.3787,True,1.0.0,0.475
C16915,1,High-Spend Transactor,0.2221,3.8992,True,1.0.0,0.575
C16916,2,Revolving Borrower,0.541,2.213,True,1.0.0,0.475
C16917,0,Cash-Advance Reliant,0.7037,1.8796,True,1.0.0,0.45
C16918,1,High-Spend Transactor,0.4695,3.2862,True,1.0.0,0.575
C16919,1,High-Spend Transactor,0.7028,1.6236,True,1.0.0,0.575
C16920,2,Revolving Borrower,0.5183,2.5715,True,1.0.0,0.475
C16921,1,High-Spend Transactor,0.289,3.1492,True,1.0.0,0.575
C16922,1,High-Spend Transactor,0.1654,4.4984,True,1.0.0,0.575
C16923,1,High-Spend Transactor,0.4928,3.0542,True,1.0.0,0.575
C16924,0,Cash-Advance Reliant,0.2224,2.8182,True,1.0.0,0.45
C16925,1,High-Spend Transactor,0.5632,1.8316,True,1.0.0,0.575
C16926,2,Revolving Borrower,0.3573,2.8657,True,1.0.0,0.475
C16927,1,High-Spend Transactor,0.286,3.8167,True,1.0.0,0.575
C16928,1,High-Spend Transactor,0.4697,3.1799,True,1.0.0,0.575
C16929,1,High-Spend Transactor,0.4452,3.0635,True,1.0.0,0.575
C16930,0,Cash-Advance Reliant,0.1838,3.203,True,1.0.0,0.45
C16931,0,Cash-Advance Reliant,0.6961,1.7929,True,1.0.0,0.45
C16932,1,High-Spend Transactor,0.476,2.4373,True,1.0.0,0.6
C16933,1,High-Spend Transactor,0.4616,3.2035,True,1.0.0,0.575
C16934,2,Revolving Borrower,0.5274,2.5097,True,1.0.0,0.475
C16935,1,High-Spend Transactor,0.0484,4.5746,False,1.0.0,0.55
C16936,1,High-Spend Transactor,0.3486,4.1592,True,1.0.0,0.575
C16937,2,Revolving Borrower,0.6458,1.7203,True,1.0.0,0.475
C16938,1,High-Spend Transactor,0.3138,3.802,True,1.0.0,0.575
C16939,1,High-Spend Transactor,0.4438,2.9742,True,1.0.0,0.575
C16940,1,High-Spend Transactor,0.3566,2.6647,True,1.0.0,0.575
C16941,1,High-Spend Transactor,0.5749,2.531,True,1.0.0,0.575
C16942,2,Revolving Borrower,0.0906,2.8123,False,1.0.0,0.425
C16943,2,Revolving Borrower,0.5971,1.6337,True,1.0.0,0.475
C16944,2,Revolving Borrower,0.4911,2.7507,True,1.0.0,0.475
C16945,1,High-Spend Transactor,0.6373,2.1244,True,1.0.0,0.575
C16946,2,Revolving Borrower,0.3916,2.4716,True,1.0.0,0.45
C16947,0,Cash-Advance Reliant,0.4974,3.2222,True,1.0.0,0.45
C16948,1,High-Spend Transactor,0.2099,4.2277,True,1.0.0,0.575
C16949,2,Revolving Borrower,0.03,3.4972,False,1.0.0,0.5
C16950,1,High-Spend Transactor,0.2043,4.2813,True,1.0.0,0.575
C16951,1,High-Spend Transactor,0.5301,3.1003,True,1.0.0,0.575
C16952,1,High-Spend Transactor,0.4244,2.9468,True,1.0.0,0.575
C16953,1,High-Spend Transactor,0.2663,3.8502,True,1.0.0,0.575
C16954,1,High-Spend Transactor,0.1123,4.5802,False,1.0.0,0.575
C16955,0,Cash-Advance Reliant,0.7245,1.7188,True,1.0.0,0.45
C16956,0,Cash-Advance Reliant,0.7214,1.7631,True,1.0.0,0.45
C16957,1,High-Spend Transactor,0.5058,2.8777,True,1.0.0,0.575
C16958,0,Cash-Advance Reliant,0.6985,1.9081,True,1.0.0,0.45
C16959,0,Cash-Advance Reliant,0.5618,2.988,True,1.0.0,0.45
C16960,1,High-Spend Transactor,0.1846,7.2063,True,1.0.0,0.575
C16961,1,High-Spend Transactor,0.0822,4.7622,False,1.0.0,0.575
C16962,1,High-Spend Transactor,0.1885,4.31,True,1.0.0,0.575
C16963,1,High-Spend Transactor,0.1363,7.21,False,1.0.0,0.575
C16964,1,High-Spend Transactor,0.3379,4.153,True,1.0.0,0.575
C16965,1,High-Spend Transactor,0.5225,2.5899,True,1.0.0,0.575
C16966,1,High-Spend Transactor,0.5781,2.3518,True,1.0.0,0.575
C16967,1,High-Spend Transactor,0.5433,2.8521,True,1.0.0,0.575
C16968,0,Cash-Advance Reliant,0.6892,1.9696,True,1.0.0,0.45
C16969,2,Revolving Borrower,0.6612,2.0861,True,1.0.0,0.475
C16970,1,High-Spend Transactor,0.1006,5.2513,False,1.0.0,0.575
C16971,1,High-Spend Transactor,0.4339,3.5381,True,1.0.0,0.575
C16972,1,High-Spend Transactor,0.538,2.9863,True,1.0.0,0.575
C16973,0,Cash-Advance Reliant,0.654,2.2411,True,1.0.0,0.45
C16974,0,Cash-Advance Reliant,0.6582,2.01,True,1.0.0,0.45
C16975,0,Cash-Advance Reliant,0.7889,1.3452,True,1.0.0,0.45
C16976,2,Revolving Borrower,0.493,3.4874,True,1.0.0,0.475
C16977,1,High-Spend Transactor,0.2669,5.1779,True,1.0.0,0.575
C16978,1,High-Spend Transactor,0.5843,2.5978,True,1.0.0,0.575
C16979,2,Revolving Borrower,0.3699,2.9877,True,1.0.0,0.475
C16980,0,Cash-Advance Reliant,0.6605,2.0701,True,1.0.0,0.45
C16981,1,High-Spend Transactor,0.4714,3.6664,True,1.0.0,0.575
C16982,2,Revolving Borrower,0.2867,2.8689,True,1.0.0,0.45
C16983,1,High-Spend Transactor,0.3862,3.8593,True,1.0.0,0.575
C16984,1,High-Spend Transactor,0.4013,3.9523,True,1.0.0,0.575
C16985,1,High-Spend Transactor,0.2859,5.5912,True,1.0.0,0.575
C16986,2,Revolving Borrower,0.4645,3.2287,True,1.0.0,0.475
C16987,1,High-Spend Transactor,0.491,2.2326,True,1.0.0,0.575
C16988,0,Cash-Advance Reliant,0.4962,3.5571,True,1.0.0,0.45
C16989,1,High-Spend Transactor,0.55,2.9822,True,1.0.0,0.575
C16990,0,Cash-Advance Reliant,0.7719,1.3726,True,1.0.0,0.45
C16991,1,High-Spend Transactor,0.058,3.5397,False,1.0.0,0.575
C16992,1,High-Spend Transactor,0.4281,3.0294,True,1.0.0,0.575
C16993,1,High-Spend Transactor,0.5412,2.3846,True,1.0.0,0.575
C16994,0,Cash-Advance Reliant,0.6266,2.1662,True,1.0.0,0.45
C16995,1,High-Spend Transactor,0.019,4.0713,False,1.0.0,0.525
C16996,2,Revolving Borrower,0.1462,3.2016,False,1.0.0,0.475
C16997,1,High-Spend Transactor,0.0955,4.3615,False,1.0.0,0.575
C16998,1,High-Spend Transactor,0.5249,3.1719,True,1.0.0,0.575
C16999,1,High-Spend Transactor,0.3982,3.9267,True,1.0.0,0.575
C17000,1,High-Spend Transactor,0.633,2.1308,True,1.0.0,0.575
C17001,1,High-Spend Transactor,0.3783,3.9427,True,1.0.0,0.575
C17002,2,Revolving Borrower,0.2543,4.7745,True,1.0.0,0.475
C17003,1,High-Spend Transactor,0.4042,3.3138,True,1.0.0,0.575
C17004,1,High-Spend Transactor,0.5152,3.4056,True,1.0.0,0.575
C17005,0,Cash-Advance Reliant,0.8231,1.1007,True,1.0.0,0.45
C17006,1,High-Spend Transactor,0.3336,3.6886,True,1.0.0,0.575
C17007,1,High-Spend Transactor,0.3471,3.8674,True,1.0.0,0.575
C17008,1,High-Spend Transactor,0.5366,2.8273,True,1.0.0,0.575
C17009,1,High-Spend Transactor,0.6677,1.6641,True,1.0.0,0.575
C17010,0,Cash-Advance Reliant,0.7869,1.2768,True,1.0.0,0.45
C17011,1,High-Spend Transactor,0.2678,3.4457,True,1.0.0,0.575
C17012,1,High-Spend Transactor,0.4403,3.1128,True,1.0.0,0.575
C17013,2,Revolving Borrower,0.609,1.706,True,1.0.0,0.475
C17014,0,Cash-Advance Reliant,0.61,2.3531,True,1.0.0,0.45
C17015,1,High-Spend Transactor,0.5174,2.5936,True,1.0.0,0.575
C17016,1,High-Spend Transactor,0.4988,2.9871,True,1.0.0,0.575
C17017,2,Revolving Borrower,0.3447,2.8913,True,1.0.0,0.45
C17018,1,High-Spend Transactor,0.4813,2.3604,True,1.0.0,0.575
C17019,1,High-Spend Transactor,0.525,2.7408,True,1.0.0,0.575
C17020,0,Cash-Advance Reliant,0.5309,3.098,True,1.0.0,0.45
C17021,1,High-Spend Transactor,0.3495,2.6713,True,1.0.0,0.575
C17022,1,High-Spend Transactor,0.4516,2.9852,True,1.0.0,0.575
C17023,1,High-Spend Transactor,0.2325,3.5306,True,1.0.0,0.575
C17024,1,High-Spend Transactor,0.5267,3.2084,True,1.0.0,0.575
C17025,1,High-Spend Transactor,0.4201,3.0637,True,1.0.0,0.6
C17026,2,Revolving Borrower,0.3465,3.8674,True,1.0.0,0.475
C17027,2,Revolving Borrower,0.4515,2.937,True,1.0.0,0.475
C17028,1,High-Spend Transactor,0.4326,3.8408,True,1.0.0,0.575
C17029,0,Cash-Advance Reliant,0.6025,2.6975,True,1.0.0,0.45
C17030,0,Cash-Advance Reliant,0.641,2.3262,True,1.0.0,0.45
C17031,1,High-Spend Transactor,0.0054,5.469,False,1.0.0,0.525
C17032,2,Revolving Borrower,0.619,1.9027,True,1.0.0,0.475
C17033,1,High-Spend Transactor,0.3995,4.152,True,1.0.0,0.575
C17034,1,High-Spend Transactor,0.4736,3.1207,True,1.0.0,0.575
C17035,2,Revolving Borrower,0.3797,3.6027,True,1.0.0,0.475
C17036,0,Cash-Advance Reliant,0.6598,2.1631,True,1.0.0,0.45
C17037,1,High-Spend Transactor,0.3044,3.6023,True,1.0.0,0.575
C17038,1,High-Spend Transactor,0.7346,1.4648,True,1.0.0,0.575
C17039,0,Cash-Advance Reliant,0.5494,2.7525,True,1.0.0,0.45
C17040,1,High-Spend Transactor,0.5406,3.0693,True,1.0.0,0.575
C17041,1,High-Spend Transactor,0.3467,4.4647,True,1.0.0,0.575
C17042,0,Cash-Advance Reliant,0.4446,3.9209,True,1.0.0,0.45
C17043,1,High-Spend Transactor,0.3913,2.9275,True,1.0.0,0.575
C17044,1,High-Spend Transactor,0.5425,2.7764,True,1.0.0,0.575
C17045,1,High-Spend Transactor,0.3,4.324,True,1.0.0,0.575
C17046,0,Cash-Advance Reliant,0.5631,2.8242,True,1.0.0,0.45
C17047,1,High-Spend Transactor,0.3267,3.3368,True,1.0.0,0.575
C17048,1,High-Spend Transactor,0.5653,2.7452,True,1.0.0,0.575
C17049,1,High-Spend Transactor,0.3886,3.1397,True,1.0.0,0.575
C17050,1,High-Spend Transactor,0.2615,4.3353,True,1.0.0,0.575
C17051,2,Revolving Borrower,0.5161,2.2849,True,1.0.0,0.475
C17052,0,Cash-Advance Reliant,0.7299,1.6178,True,1.0.0,0.45
C17053,2,Revolving Borrower,0.2248,3.3061,True,1.0.0,0.475
C17054,0,Cash-Advance Reliant,0.2074,3.3711,True,1.0.0,0.45
C17055,0,Cash-Advance Reliant,0.7056,1.8546,True,1.0.0,0.45
C17056,0,Cash-Advance Reliant,0.6151,1.8039,True,1.0.0,0.45
C17057,1,High-Spend Transactor,0.3293,3.2785,True,1.0.0,0.575
C17058,1,High-Spend Transactor,0.2307,4.943,True,1.0.0,0.575
C17059,1,High-Spend Transactor,0.5521,2.6377,True,1.0.0,0.575
C17060,0,Cash-Advance Reliant,0.6383,2.2797,True,1.0.0,0.45
C17062,1,High-Spend Transactor,0.4666,3.4546,True,1.0.0,0.575
C17063,0,Cash-Advance Reliant,0.6683,2.1089,True,1.0.0,0.45
C17064,2,Revolving Borrower,0.6157,1.5637,True,1.0.0,0.475
C17065,1,High-Spend Transactor,0.5183,3.3182,True,1.0.0,0.575
C17066,0,Cash-Advance Reliant,0.7317,1.6606,True,1.0.0,0.45
C17067,0,Cash-Advance Reliant,0.2261,6.5976,True,1.0.0,0.45
C17068,1,High-Spend Transactor,0.0822,4.5888,False,1.0.0,0.575
C17069,1,High-Spend Transactor,0.4171,3.424,True,1.0.0,0.575
C17070,1,High-Spend Transactor,0.4409,3.5168,True,1.0.0,0.575
C17071,0,Cash-Advance Reliant,0.2988,2.9811,True,1.0.0,0.45
C17072,2,Revolving Borrower,0.5774,2.6137,True,1.0.0,0.475
C17073,0,Cash-Advance Reliant,0.7745,1.3448,True,1.0.0,0.45
C17074,2,Revolving Borrower,0.5097,2.1741,True,1.0.0,0.475
C17075,1,High-Spend Transactor,0.4049,3.8899,True,1.0.0,0.575
C17076,1,High-Spend Transactor,0.564,2.7004,True,1.0.0,0.575
C17077,1,High-Spend Transactor,0.553,2.6821,True,1.0.0,0.575
C17078,0,Cash-Advance Reliant,0.0052,3.7485,False,1.0.0,0.3
C17079,1,High-Spend Transactor,0.5325,2.8769,True,1.0.0,0.575
C17080,0,Cash-Advance Reliant,0.7247,1.6775,True,1.0.0,0.45
C17081,0,Cash-Advance Reliant,0.3177,4.9985,True,1.0.0,0.45
C17082,2,Revolving Borrower,0.5365,2.5403,True,1.0.0,0.475
C17083,0,Cash-Advance Reliant,0.3635,4.4989,True,1.0.0,0.45
C17084,2,Revolving Borrower,0.5309,2.6027,True,1.0.0,0.475
C17085,1,High-Spend Transactor,0.5448,2.7965,True,1.0.0,0.575
C17086,1,High-Spend Transactor,0.5137,2.2717,True,1.0.0,0.575
C17087,0,Cash-Advance Reliant,0.2001,3.1269,True,1.0.0,0.45
C17088,1,High-Spend Transactor,0.3486,4.0684,True,1.0.0,0.575
C17089,0,Cash-Advance Reliant,0.2846,3.1954,True,1.0.0,0.45
C17090,0,Cash-Advance Reliant,0.5485,3.0792,True,1.0.0,0.45
C17091,1,High-Spend Transactor,0.505,2.7779,True,1.0.0,0.575
C17092,2,Revolving Borrower,0.4067,3.4354,True,1.0.0,0.475
C17093,1,High-Spend Transactor,0.5544,2.7193,True,1.0.0,0.575
C17094,2,Revolving Borrower,0.37,3.4777,True,1.0.0,0.475
C17095,1,High-Spend Transactor,0.0504,5.2604,False,1.0.0,0.55
C17096,1,High-Spend Transactor,0.763,1.012,True,1.0.0,0.575
C17097,0,Cash-Advance Reliant,0.7424,1.6139,True,1.0.0,0.45
C17098,2,Revolving Borrower,0.2866,3.2419,True,1.0.0,0.45
C17099,0,Cash-Advance Reliant,0.6878,1.8781,True,1.0.0,0.45
C17100,1,High-Spend Transactor,0.5405,2.3694,True,1.0.0,0.575
C17101,1,High-Spend Transactor,0.1321,4.2929,False,1.0.0,0.575
C17102,1,High-Spend Transactor,0.3421,3.6191,True,1.0.0,0.575
C17103,0,Cash-Advance Reliant,0.745,1.5641,True,1.0.0,0.45
C17104,0,Cash-Advance Reliant,0.6871,2.1201,True,1.0.0,0.45
C17105,1,High-Spend Transactor,0.0468,4.4741,False,1.0.0,0.55
C17106,2,Revolving Borrower,0.1268,3.2643,False,1.0.0,0.45
C17107,1,High-Spend Transactor,0.5,3.2587,True,1.0.0,0.575
C17108,1,High-Spend Transactor,0.3429,4.0515,True,1.0.0,0.575
C17109,1,High-Spend Transactor,0.3664,4.0812,True,1.0.0,0.575
C17110,1,High-Spend Transactor,0.5509,2.2918,True,1.0.0,0.575
C17111,1,High-Spend Transactor,0.4571,4.118,True,1.0.0,0.575
C17112,1,High-Spend Transactor,0.7231,1.5304,True,1.0.0,0.575
C17113,2,Revolving Borrower,0.637,1.4782,True,1.0.0,0.475
C17114,1,High-Spend Transactor,0.6589,1.8218,True,1.0.0,0.575
C17115,0,Cash-Advance Reliant,0.8583,0.8453,True,1.0.0,0.45
C17116,0,Cash-Advance Reliant,0.6015,2.6254,True,1.0.0,0.45
C17117,1,High-Spend Transactor,0.539,2.3486,True,1.0.0,0.575
C17118,1,High-Spend Transactor,0.1585,3.8457,True,1.0.0,0.575
C17119,1,High-Spend Transactor,0.6054,2.2348,True,1.0.0,0.575
C17120,1,High-Spend Transactor,0.4309,3.5734,True,1.0.0,0.575
C17121,0,Cash-Advance Reliant,0.5449,2.8419,True,1.0.0,0.45
C17122,1,High-Spend Transactor,0.5188,2.2916,True,1.0.0,0.575
C17123,0,Cash-Advance Reliant,0.7125,1.8189,True,1.0.0,0.45
C17124,2,Revolving Borrower,0.5698,1.9442,True,1.0.0,0.475
C17125,1,High-Spend Transactor,0.1827,4.3524,True,1.0.0,0.575
C17126,2,Revolving Borrower,0.432,2.9185,True,1.0.0,0.475
C17127,1,High-Spend Transactor,0.4274,3.7459,True,1.0.0,0.575
C17128,0,Cash-Advance Reliant,0.6009,2.5517,True,1.0.0,0.45
C17129,1,High-Spend Transactor,0.4126,3.5997,True,1.0.0,0.575
C17130,0,Cash-Advance Reliant,0.7382,1.7294,True,1.0.0,0.45
C17131,0,Cash-Advance Reliant,0.7205,1.8258,True,1.0.0,0.45
C17132,0,Cash-Advance Reliant,0.6551,2.0442,True,1.0.0,0.45
C17133,1,High-Spend Transactor,0.1883,3.6062,True,1.0.0,0.575
C17134,0,Cash-Advance Reliant,0.8401,0.9675,True,1.0.0,0.45
C17135,1,High-Spend Transactor,0.4657,2.866,True,1.0.0,0.575
C17136,1,High-Spend Transactor,0.4162,3.9039,True,1.0.0,0.575
C17137,1,High-Spend Transactor,0.5446,2.9386,True,1.0.0,0.575
C17138,0,Cash-Advance Reliant,0.2555,2.8741,True,1.0.0,0.45
C17139,1,High-Spend Transactor,0.1394,4.4058,False,1.0.0,0.575
C17140,0,Cash-Advance Reliant,0.4508,3.9238,True,1.0.0,0.45
C17141,1,High-Spend Transactor,0.4366,3.7044,True,1.0.0,0.575
C17142,1,High-Spend Transactor,0.6712,1.8516,True,1.0.0,0.575
C17143,1,High-Spend Transactor,0.5388,2.8068,True,1.0.0,0.575
C17144,0,Cash-Advance Reliant,0.8203,1.1031,True,1.0.0,0.45
C17145,0,Cash-Advance Reliant,0.4725,3.4334,True,1.0.0,0.45
C17146,2,Revolving Borrower,0.6879,1.6259,True,1.0.0,0.475
C17147,0,Cash-Advance Reliant,0.6821,2.0831,True,1.0.0,0.45
C17148,0,Cash-Advance Reliant,0.5731,2.5499,True,1.0.0,0.45
C17149,1,High-Spend Transactor,0.5129,2.2269,True,1.0.0,0.575
C17150,1,High-Spend Transactor,0.5449,2.7752,True,1.0.0,0.575
C17151,1,High-Spend Transactor,0.2277,3.8953,True,1.0.0,0.575
C17152,2,Revolving Borrower,0.1823,2.7312,True,1.0.0,0.45
C17153,0,Cash-Advance Reliant,0.2489,2.9347,True,1.0.0,0.45
C17154,2,Revolving Borrower,0.7583,1.1862,True,1.0.0,0.475
C17156,0,Cash-Advance Reliant,0.1803,2.9932,True,1.0.0,0.45
C17157,1,High-Spend Transactor,0.4175,3.6718,True,1.0.0,0.575
C17158,0,Cash-Advance Reliant,0.5838,2.888,True,1.0.0,0.45
C17159,0,Cash-Advance Reliant,0.0015,4.1379,False,1.0.0,0.275
C17160,1,High-Spend Transactor,0.1619,4.3843,True,1.0.0,0.575
C17161,1,High-Spend Transactor,0.4252,3.8266,True,1.0.0,0.575
C17162,1,High-Spend Transactor,0.28,6.0899,True,1.0.0,0.575
C17163,2,Revolving Borrower,0.3944,3.1877,True,1.0.0,0.475
C17164,1,High-Spend Transactor,0.3183,4.5104,True,1.0.0,0.575
C17165,1,High-Spend Transactor,0.381,4.5271,True,1.0.0,0.575
C17166,0,Cash-Advance Reliant,0.5673,2.8438,True,1.0.0,0.45
C17167,1,High-Spend Transactor,0.6858,1.7782,True,1.0.0,0.575
C17168,2,Revolving Borrower,0.5433,2.7506,True,1.0.0,0.475
C17169,1,High-Spend Transactor,0.551,3.0024,True,1.0.0,0.575
C17170,1,High-Spend Transactor,0.5945,2.1507,True,1.0.0,0.575
C17172,1,High-Spend Transactor,0.5738,2.7177,True,1.0.0,0.575
C17173,1,High-Spend Transactor,0.5207,3.1036,True,1.0.0,0.575
C17174,2,Revolving Borrower,0.321,2.4746,True,1.0.0,0.475
C17175,1,High-Spend Transactor,0.6248,2.2809,True,1.0.0,0.575
C17176,1,High-Spend Transactor,0.2434,4.5247,True,1.0.0,0.575
C17177,2,Revolving Borrower,0.5364,3.1195,True,1.0.0,0.475
C17178,1,High-Spend Transactor,0.5793,2.5349,True,1.0.0,0.575
C17179,1,High-Spend Transactor,0.4247,2.6404,True,1.0.0,0.575
C17180,1,High-Spend Transactor,0.4766,3.7109,True,1.0.0,0.575
C17181,2,Revolving Borrower,0.2619,3.9439,True,1.0.0,0.475
C17182,1,High-Spend Transactor,0.2086,6.847,True,1.0.0,0.575
C17183,1,High-Spend Transactor,0.1375,3.925,False,1.0.0,0.575
C17184,2,Revolving Borrower,0.4165,2.752,True,1.0.0,0.475
C17185,1,High-Spend Transactor,0.3892,3.1542,True,1.0.0,0.575
C17186,0,Cash-Advance Reliant,0.7447,1.533,True,1.0.0,0.45
C17187,1,High-Spend Transactor,0.5201,3.2453,True,1.0.0,0.575
C17188,0,Cash-Advance Reliant,0.2647,3.7575,True,1.0.0,0.45
C17189,2,Revolving Borrower,0.3421,3.2345,True,1.0.0,0.475
C17190,1,High-Spend Transactor,0.4096,3.9567,True,1.0.0,0.575
C17191,1,High-Spend Transactor,0.2083,3.2559,True,1.0.0,0.575
C17192,0,Cash-Advance Reliant,0.1999,6.4451,True,1.0.0,0.45
C17193,1,High-Spend Transactor,0.3456,4.1898,True,1.0.0,0.575
C17194,0,Cash-Advance Reliant,0.783,1.3159,True,1.0.0,0.45
C17195,2,Revolving Borrower,0.4851,2.3148,True,1.0.0,0.475
C17196,1,High-Spend Transactor,0.3939,3.9866,True,1.0.0,0.575
C17197,1,High-Spend Transactor,0.4196,3.488,True,1.0.0,0.575
C17198,1,High-Spend Transactor,0.2689,4.064,True,1.0.0,0.575
C17199,2,Revolving Borrower,0.3806,3.4615,True,1.0.0,0.475
C17200,1,High-Spend Transactor,0.5278,2.9446,True,1.0.0,0.575
C17201,0,Cash-Advance Reliant,0.7902,1.2393,True,1.0.0,0.45
C17202,0,Cash-Advance Reliant,0.6049,2.4249,True,1.0.0,0.45
C17203,0,Cash-Advance Reliant,0.7431,1.5878,True,1.0.0,0.45
C17204,1,High-Spend Transactor,0.3534,3.425,True,1.0.0,0.575
C17205,1,High-Spend Transactor,0.496,2.9231,True,1.0.0,0.575
C17206,0,Cash-Advance Reliant,0.7273,1.6514,True,1.0.0,0.45
C17207,1,High-Spend Transactor,0.5271,2.9235,True,1.0.0,0.575
C17208,1,High-Spend Transactor,0.5796,2.5051,True,1.0.0,0.575
C17209,1,High-Spend Transactor,0.542,2.6872,True,1.0.0,0.575
C17210,1,High-Spend Transactor,0.3486,2.7995,True,1.0.0,0.575
C17211,2,Revolving Borrower,0.7186,1.3219,True,1.0.0,0.475
C17212,0,Cash-Advance Reliant,0.5919,2.6472,True,1.0.0,0.45
C17213,1,High-Spend Transactor,0.5484,2.68,True,1.0.0,0.575
C17214,1,High-Spend Transactor,0.6476,1.732,True,1.0.0,0.575
C17215,0,Cash-Advance Reliant,0.8457,0.9322,True,1.0.0,0.45
C17216,1,High-Spend Transactor,0.5039,3.0011,True,1.0.0,0.575
C17217,1,High-Spend Transactor,0.2775,3.8093,True,1.0.0,0.575
C17218,0,Cash-Advance Reliant,0.7269,1.6213,True,1.0.0,0.45
C17219,1,High-Spend Transactor,0.5518,2.5351,True,1.0.0,0.575
C17220,1,High-Spend Transactor,0.5426,2.6275,True,1.0.0,0.575
C17221,2,Revolving Borrower,0.355,3.9613,True,1.0.0,0.475
C17222,1,High-Spend Transactor,0.5174,2.7024,True,1.0.0,0.575
C17223,1,High-Spend Transactor,0.2123,4.0327,True,1.0.0,0.575
C17224,0,Cash-Advance Reliant,0.7742,1.3453,True,1.0.0,0.45
C17225,0,Cash-Advance Reliant,0.6701,2.0967,True,1.0.0,0.45
C17226,1,High-Spend Transactor,0.3822,3.1239,True,1.0.0,0.575
C17227,1,High-Spend Transactor,0.5667,2.7973,True,1.0.0,0.575
C17228,1,High-Spend Transactor,0.5525,2.9567,True,1.0.0,0.575
C17229,1,High-Spend Transactor,0.5158,2.8921,True,1.0.0,0.575
C17230,1,High-Spend Transactor,0.2226,4.0902,True,1.0.0,0.575
C17231,0,Cash-Advance Reliant,0.6327,2.1857,True,1.0.0,0.45
C17232,0,Cash-Advance Reliant,0.005,3.7793,False,1.0.0,0.275
C17233,0,Cash-Advance Reliant,0.5457,3.1668,True,1.0.0,0.45
C17234,0,Cash-Advance Reliant,0.0422,6.2295,False,1.0.0,0.45
C17235,1,High-Spend Transactor,0.0345,5.9702,False,1.0.0,0.575
C17236,1,High-Spend Transactor,0.1835,4.3892,True,1.0.0,0.575
C17237,2,Revolving Borrower,0.0055,6.6121,False,1.0.0,0.175
C17239,1,High-Spend Transactor,0.4669,4.0997,True,1.0.0,0.575
C17240,1,High-Spend Transactor,0.5298,2.5288,True,1.0.0,0.575
C17241,1,High-Spend Transactor,0.2728,3.6647,True,1.0.0,0.575
C17242,2,Revolving Borrower,0.4513,2.9848,True,1.0.0,0.475
C17243,1,High-Spend Transactor,0.5271,2.8669,True,1.0.0,0.575
C17244,1,High-Spend Transactor,0.4681,4.0425,True,1.0.0,0.575
C17245,0,Cash-Advance Reliant,0.1624,3.0948,True,1.0.0,0.45
C17246,0,Cash-Advance Reliant,0.5989,2.6548,True,1.0.0,0.45
C17247,1,High-Spend Transactor,0.5244,2.5315,True,1.0.0,0.575
C17248,0,Cash-Advance Reliant,0.8433,0.9248,True,1.0.0,0.45
C17249,0,Cash-Advance Reliant,0.7563,1.4622,True,1.0.0,0.45
C17250,1,High-Spend Transactor,0.5438,2.7735,True,1.0.0,0.575
C17251,1,High-Spend Transactor,0.3989,3.3051,True,1.0.0,0.575
C17252,2,Revolving Borrower,0.4655,3.0428,True,1.0.0,0.475
C17253,0,Cash-Advance Reliant,0.5515,3.0046,True,1.0.0,0.45
C17254,2,Revolving Borrower,0.3175,4.3267,True,1.0.0,0.475
C17255,2,Revolving Borrower,0.4384,2.2997,True,1.0.0,0.475
C17256,0,Cash-Advance Reliant,0.7071,1.785,True,1.0.0,0.45
C17257,0,Cash-Advance Reliant,0.7558,1.5873,True,1.0.0,0.45
C17258,0,Cash-Advance Reliant,0.2137,6.5476,True,1.0.0,0.45
C17259,1,High-Spend Transactor,0.5677,2.7069,True,1.0.0,0.575
C17260,2,Revolving Borrower,0.2536,3.3783,True,1.0.0,0.45
C17261,1,High-Spend Transactor,0.5267,2.6755,True,1.0.0,0.575
C17262,0,Cash-Advance Reliant,0.4329,4.0185,True,1.0.0,0.45
C17263,1,High-Spend Transactor,0.5378,2.6566,True,1.0.0,0.575
C17264,1,High-Spend Transactor,0.2133,3.755,True,1.0.0,0.575
C17265,0,Cash-Advance Reliant,0.13,3.5081,False,1.0.0,0.45
C17266,1,High-Spend Transactor,0.3562,3.3845,True,1.0.0,0.575
C17267,0,Cash-Advance Reliant,0.2773,5.9434,True,1.0.0,0.45
C17268,0,Cash-Advance Reliant,0.7432,1.607,True,1.0.0,0.45
C17269,0,Cash-Advance Reliant,0.4161,2.5565,True,1.0.0,0.45
C17270,2,Revolving Borrower,0.1576,4.1612,True,1.0.0,0.475
C17271,1,High-Spend Transactor,0.5092,2.9403,True,1.0.0,0.575
C17272,0,Cash-Advance Reliant,0.653,2.2804,True,1.0.0,0.45
C17273,2,Revolving Borrower,0.267,3.4903,True,1.0.0,0.475
C17274,1,High-Spend Transactor,0.2638,6.5381,True,1.0.0,0.575
C17275,1,High-Spend Transactor,0.4857,3.4522,True,1.0.0,0.575
C17276,1,High-Spend Transactor,0.5262,3.0225,True,1.0.0,0.575
C17277,2,Revolving Borrower,0.2866,2.3685,True,1.0.0,0.475
C17278,2,Revolving Borrower,0.7186,1.4891,True,1.0.0,0.475
C17279,1,High-Spend Transactor,0.5383,3.1161,True,1.0.0,0.575
C17280,1,High-Spend Transactor,0.6523,1.945,True,1.0.0,0.575
C17281,1,High-Spend Transactor,0.5416,3.083,True,1.0.0,0.575
C17282,2,Revolving Borrower,0.2513,3.1532,True,1.0.0,0.475
C17283,1,High-Spend Transactor,0.5614,2.2108,True,1.0.0,0.575
C17284,2,Revolving Borrower,0.6537,1.6524,True,1.0.0,0.475
C17285,1,High-Spend Transactor,0.512,3.3197,True,1.0.0,0.575
C17286,1,High-Spend Transactor,0.5612,2.1678,True,1.0.0,0.6
C17287,0,Cash-Advance Reliant,0.379,4.6314,True,1.0.0,0.45
C17288,1,High-Spend Transactor,0.6144,2.3373,True,1.0.0,0.575
C17289,1,High-Spend Transactor,0.4305,4.1875,True,1.0.0,0.575
C17290,1,High-Spend Transactor,0.3366,3.7377,True,1.0.0,0.575
C17291,1,High-Spend Transactor,0.3376,3.298,True,1.0.0,0.575
C17292,1,High-Spend Transactor,0.5102,3.1134,True,1.0.0,0.575
C17293,1,High-Spend Transactor,0.5466,3.0323,True,1.0.0,0.575
C17294,2,Revolving Borrower,0.3277,3.7407,True,1.0.0,0.475
C17295,2,Revolving Borrower,0.0885,3.576,False,1.0.0,0.475
C17296,1,High-Spend Transactor,0.3943,4.1182,True,1.0.0,0.575
C17297,0,Cash-Advance Reliant,0.7402,1.5736,True,1.0.0,0.45
C17298,1,High-Spend Transactor,0.578,1.7261,True,1.0.0,0.575
C17299,1,High-Spend Transactor,0.4863,3.4965,True,1.0.0,0.575
C17300,0,Cash-Advance Reliant,0.6334,2.3582,True,1.0.0,0.45
C17302,0,Cash-Advance Reliant,0.7463,1.5228,True,1.0.0,0.45
C17303,1,High-Spend Transactor,0.3429,3.3074,True,1.0.0,0.575
C17304,2,Revolving Borrower,0.5206,2.4864,True,1.0.0,0.475
C17305,0,Cash-Advance Reliant,0.6973,1.8752,True,1.0.0,0.45
C17306,2,Revolving Borrower,0.4298,2.7349,True,1.0.0,0.475
C17307,1,High-Spend Transactor,0.543,2.844,True,1.0.0,0.575
C17308,1,High-Spend Transactor,0.3991,3.0819,True,1.0.0,0.575
C17309,1,High-Spend Transactor,0.1583,4.2042,True,1.0.0,0.575
C17310,2,Revolving Borrower,0.3391,3.1235,True,1.0.0,0.475
C17311,1,High-Spend Transactor,0.2501,3.8051,True,1.0.0,0.575
C17312,1,High-Spend Transactor,0.2209,4.5892,True,1.0.0,0.575
C17313,1,High-Spend Transactor,0.5529,2.9431,True,1.0.0,0.575
C17314,1,High-Spend Transactor,0.5322,3.1476,True,1.0.0,0.575
C17315,2,Revolving Borrower,0.003,4.9307,False,1.0.0,0.175
C17316,1,High-Spend Transactor,0.7754,1.0996,True,1.0.0,0.575
C17317,1,High-Spend Transactor,0.304,4.2159,True,1.0.0,0.6
C17318,1,High-Spend Transactor,0.4422,3.6753,True,1.0.0,0.575
C17319,1,High-Spend Transactor,0.5387,2.847,True,1.0.0,0.575
C17320,1,High-Spend Transactor,0.2165,3.6098,True,1.0.0,0.575
C17321,1,High-Spend Transactor,0.4966,3.5368,True,1.0.0,0.575
C17322,0,Cash-Advance Reliant,0.4151,4.2019,True,1.0.0,0.45
C17323,1,High-Spend Transactor,0.3623,3.6354,True,1.0.0,0.575
C17324,0,Cash-Advance Reliant,0.6437,2.3359,True,1.0.0,0.45
C17325,0,Cash-Advance Reliant,0.3961,4.1478,True,1.0.0,0.45
C17326,0,Cash-Advance Reliant,0.5266,2.8626,True,1.0.0,0.45
C17327,1,High-Spend Transactor,0.5298,2.491,True,1.0.0,0.6
C17328,0,Cash-Advance Reliant,0.3455,4.3622,True,1.0.0,0.45
C17329,1,High-Spend Transactor,0.3487,4.2983,True,1.0.0,0.575
C17330,1,High-Spend Transactor,0.5447,2.8065,True,1.0.0,0.575
C17331,1,High-Spend Transactor,0.2193,3.5806,True,1.0.0,0.575
C17332,1,High-Spend Transactor,0.6039,2.4478,True,1.0.0,0.575
C17334,1,High-Spend Transactor,0.3996,3.5199,True,1.0.0,0.575
C17335,1,High-Spend Transactor,0.6399,2.1831,True,1.0.0,0.575
C17336,1,High-Spend Transactor,0.5213,3.2679,True,1.0.0,0.575
C17337,2,Revolving Borrower,0.7574,1.1636,True,1.0.0,0.475
C17338,0,Cash-Advance Reliant,0.7742,1.3962,True,1.0.0,0.45
C17339,1,High-Spend Transactor,0.5687,2.4337,True,1.0.0,0.575
C17340,1,High-Spend Transactor,0.5165,3.0726,True,1.0.0,0.575
C17341,1,High-Spend Transactor,0.4445,3.7416,True,1.0.0,0.575
C17342,1,High-Spend Transactor,0.5437,2.9029,True,1.0.0,0.575
C17343,1,High-Spend Transactor,0.437,2.8138,True,1.0.0,0.6
C17344,1,High-Spend Transactor,0.4197,3.1953,True,1.0.0,0.575
C17345,1,High-Spend Transactor,0.5642,2.7306,True,1.0.0,0.575
C17346,1,High-Spend Transactor,0.2882,3.7314,True,1.0.0,0.575
C17347,1,High-Spend Transactor,0.2574,5.816,True,1.0.0,0.575
C17348,1,High-Spend Transactor,0.4488,2.7208,True,1.0.0,0.6
C17349,1,High-Spend Transactor,0.4896,2.9191,True,1.0.0,0.575
C17350,0,Cash-Advance Reliant,0.7085,1.7321,True,1.0.0,0.45
C17351,2,Revolving Borrower,0.1447,3.3754,False,1.0.0,0.45
C17352,2,Revolving Borrower,0.2985,3.2253,True,1.0.0,0.45
C17353,1,High-Spend Transactor,0.5525,2.7145,True,1.0.0,0.575
C17354,0,Cash-Advance Reliant,0.6693,2.2206,True,1.0.0,0.45
C17355,0,Cash-Advance Reliant,0.2842,3.1165,True,1.0.0,0.45
C17356,2,Revolving Borrower,0.6638,1.8985,True,1.0.0,0.475
C17357,1,High-Spend Transactor,0.3325,4.13,True,1.0.0,0.575
C17358,1,High-Spend Transactor,0.5366,2.9567,True,1.0.0,0.575
C17359,0,Cash-Advance Reliant,0.5633,2.8925,True,1.0.0,0.45
C17360,1,High-Spend Transactor,0.4889,3.5131,True,1.0.0,0.575
C17361,0,Cash-Advance Reliant,0.0997,4.7995,False,1.0.0,0.45
C17362,1,High-Spend Transactor,0.3914,3.4079,True,1.0.0,0.575
C17363,0,Cash-Advance Reliant,0.7564,1.4689,True,1.0.0,0.45
C17364,0,Cash-Advance Reliant,0.7666,1.4511,True,1.0.0,0.45
C17365,1,High-Spend Transactor,0.5638,2.3621,True,1.0.0,0.575
C17366,1,High-Spend Transactor,0.5449,2.5583,True,1.0.0,0.575
C17367,2,Revolving Borrower,0.2927,3.0579,True,1.0.0,0.45
C17368,2,Revolving Borrower,0.1485,3.3569,False,1.0.0,0.475
C17369,1,High-Spend Transactor,0.2253,3.8089,True,1.0.0,0.575
C17370,1,High-Spend Transactor,0.4395,4.0232,True,1.0.0,0.575
C17371,1,High-Spend Transactor,0.5193,2.5435,True,1.0.0,0.575
C17372,2,Revolving Borrower,0.6399,1.8274,True,1.0.0,0.475
C17373,1,High-Spend Transactor,0.1398,4.4557,False,1.0.0,0.575
C17374,1,High-Spend Transactor,0.3701,3.456,True,1.0.0,0.575
C17376,0,Cash-Advance Reliant,0.8026,1.1894,True,1.0.0,0.45
C17377,2,Revolving Borrower,0.2724,4.5799,True,1.0.0,0.475
C17378,1,High-Spend Transactor,0.5287,2.8955,True,1.0.0,0.575
C17379,1,High-Spend Transactor,0.4093,3.5716,True,1.0.0,0.575
C17380,1,High-Spend Transactor,0.3271,4.12,True,1.0.0,0.575
C17381,1,High-Spend Transactor,0.3085,5.5514,True,1.0.0,0.575
C17382,1,High-Spend Transactor,0.3783,2.7125,True,1.0.0,0.575
C17383,2,Revolving Borrower,0.6332,2.0899,True,1.0.0,0.475
C17384,1,High-Spend Transactor,0.2835,3.7481,True,1.0.0,0.575
C17385,2,Revolving Borrower,0.4563,2.1763,True,1.0.0,0.475
C17386,1,High-Spend Transactor,0.4817,3.6494,True,1.0.0,0.575
C17387,0,Cash-Advance Reliant,0.772,1.3937,True,1.0.0,0.45
C17388,0,Cash-Advance Reliant,0.7424,1.5576,True,1.0.0,0.45
C17389,1,High-Spend Transactor,0.3217,3.4407,True,1.0.0,0.575
C17390,2,Revolving Borrower,0.4851,3.3072,True,1.0.0,0.475
C17391,1,High-Spend Transactor,0.4663,2.9324,True,1.0.0,0.575
C17392,0,Cash-Advance Reliant,0.3672,4.9789,True,1.0.0,0.45
C17393,0,Cash-Advance Reliant,0.6171,2.2744,True,1.0.0,0.45
C17394,2,Revolving Borrower,0.4065,3.5139,True,1.0.0,0.475
C17395,0,Cash-Advance Reliant,0.589,2.5343,True,1.0.0,0.45
C17396,1,High-Spend Transactor,0.6181,2.2189,True,1.0.0,0.575
C17397,0,Cash-Advance Reliant,0.5369,2.8048,True,1.0.0,0.45
C17398,0,Cash-Advance Reliant,0.6942,2.0381,True,1.0.0,0.45
C17399,0,Cash-Advance Reliant,0.287,2.7759,True,1.0.0,0.45
C17400,1,High-Spend Transactor,0.3413,3.5026,True,1.0.0,0.575
C17401,1,High-Spend Transactor,0.5363,2.8914,True,1.0.0,0.575
C17402,1,High-Spend Transactor,0.4038,3.78,True,1.0.0,0.575
C17403,1,High-Spend Transactor,0.1922,3.6583,True,1.0.0,0.575
C17404,1,High-Spend Transactor,0.3332,3.2777,True,1.0.0,0.575
C17405,0,Cash-Advance Reliant,0.7084,1.7881,True,1.0.0,0.45
C17406,0,Cash-Advance Reliant,0.7542,1.4994,True,1.0.0,0.45
C17407,2,Revolving Borrower,0.6221,1.933,True,1.0.0,0.475
C17408,0,Cash-Advance Reliant,0.2352,3.2904,True,1.0.0,0.45
C17409,1,High-Spend Transactor,0.4379,3.0986,True,1.0.0,0.575
C17410,0,Cash-Advance Reliant,0.0877,3.6415,False,1.0.0,0.45
C17411,2,Revolving Borrower,0.6245,1.9253,True,1.0.0,0.475
C17412,2,Revolving Borrower,0.2792,2.8531,True,1.0.0,0.45
C17413,0,Cash-Advance Reliant,0.7916,1.2612,True,1.0.0,0.45
C17414,0,Cash-Advance Reliant,0.632,2.2453,True,1.0.0,0.45
C17415,1,High-Spend Transactor,0.6534,1.9202,True,1.0.0,0.575
C17416,1,High-Spend Transactor,0.1767,4.45,True,1.0.0,0.575
C17417,2,Revolving Borrower,0.6116,2.3774,True,1.0.0,0.475
C17418,2,Revolving Borrower,0.0441,4.69,False,1.0.0,0.475
C17419,1,High-Spend Transactor,0.569,1.8852,True,1.0.0,0.575
C17420,0,Cash-Advance Reliant,0.6525,2.0662,True,1.0.0,0.45
C17421,1,High-Spend Transactor,0.577,2.2885,True,1.0.0,0.575
C17422,0,Cash-Advance Reliant,0.763,1.4518,True,1.0.0,0.45
C17423,0,Cash-Advance Reliant,0.7065,1.8571,True,1.0.0,0.45
C17424,2,Revolving Borrower,0.2248,2.9279,True,1.0.0,0.475
C17425,2,Revolving Borrower,0.6289,1.9221,True,1.0.0,0.475
C17426,0,Cash-Advance Reliant,0.6104,2.3171,True,1.0.0,0.45
C17427,1,High-Spend Transactor,0.5829,2.0084,True,1.0.0,0.6
C17428,0,Cash-Advance Reliant,0.3973,2.5955,True,1.0.0,0.45
C17429,2,Revolving Borrower,0.7076,1.7372,True,1.0.0,0.475
C17430,2,Revolving Borrower,0.0846,5.2529,False,1.0.0,0.475
C17431,0,Cash-Advance Reliant,0.6392,2.1607,True,1.0.0,0.45
C17432,1,High-Spend Transactor,0.5632,2.9319,True,1.0.0,0.575
C17433,0,Cash-Advance Reliant,0.6181,2.535,True,1.0.0,0.45
C17434,0,Cash-Advance Reliant,0.1887,3.0862,True,1.0.0,0.45
C17435,0,Cash-Advance Reliant,0.7362,1.6533,True,1.0.0,0.45
C17436,2,Revolving Borrower,0.1989,3.0909,True,1.0.0,0.475
C17437,1,High-Spend Transactor,0.5181,2.916,True,1.0.0,0.575
C17438,0,Cash-Advance Reliant,0.4306,2.6382,True,1.0.0,0.45
C17439,2,Revolving Borrower,0.4015,3.0202,True,1.0.0,0.475
C17440,2,Revolving Borrower,0.7246,1.5815,True,1.0.0,0.475
C17441,1,High-Spend Transactor,0.5405,2.3627,True,1.0.0,0.575
C17442,0,Cash-Advance Reliant,0.7582,1.4952,True,1.0.0,0.45
C17443,1,High-Spend Transactor,0.5405,3.0648,True,1.0.0,0.575
C17444,1,High-Spend Transactor,0.3312,3.4208,True,1.0.0,0.575
C17445,0,Cash-Advance Reliant,0.5282,3.3791,True,1.0.0,0.45
C17446,1,High-Spend Transactor,0.4244,2.7941,True,1.0.0,0.575
C17448,1,High-Spend Transactor,0.4184,3.9508,True,1.0.0,0.575
C17449,1,High-Spend Transactor,0.4189,3.9263,True,1.0.0,0.575
C17450,2,Revolving Borrower,0.4327,4.3139,True,1.0.0,0.475
C17451,2,Revolving Borrower,0.1259,4.1532,False,1.0.0,0.45
C17452,0,Cash-Advance Reliant,0.7594,1.4454,True,1.0.0,0.45
C17453,1,High-Spend Transactor,0.2684,6.4835,True,1.0.0,0.575
C17454,0,Cash-Advance Reliant,0.7599,1.4523,True,1.0.0,0.45
C17455,2,Revolving Borrower,0.3206,3.2632,True,1.0.0,0.475
C17456,1,High-Spend Transactor,0.5543,3.0043,True,1.0.0,0.575
C17457,1,High-Spend Transactor,0.3591,3.8718,True,1.0.0,0.575
C17458,1,High-Spend Transactor,0.5355,2.8692,True,1.0.0,0.575
C17459,1,High-Spend Transactor,0.3765,3.4688,True,1.0.0,0.6
C17460,1,High-Spend Transactor,0.147,5.3061,False,1.0.0,0.575
C17461,1,High-Spend Transactor,0.3117,3.1259,True,1.0.0,0.575
C17462,1,High-Spend Transactor,0.4607,2.5407,True,1.0.0,0.575
C17463,1,High-Spend Transactor,0.4621,3.2217,True,1.0.0,0.575
C17464,1,High-Spend Transactor,0.5819,2.6859,True,1.0.0,0.575
C17465,1,High-Spend Transactor,0.473,3.3184,True,1.0.0,0.575
C17466,1,High-Spend Transactor,0.3593,3.3787,True,1.0.0,0.575
C17467,2,Revolving Borrower,0.5628,2.0694,True,1.0.0,0.475
C17468,2,Revolving Borrower,0.5959,1.8078,True,1.0.0,0.475
C17469,2,Revolving Borrower,0.4909,3.1146,True,1.0.0,0.475
C17470,0,Cash-Advance Reliant,0.4754,3.1662,True,1.0.0,0.45
C17471,1,High-Spend Transactor,0.622,2.335,True,1.0.0,0.575
C17472,0,Cash-Advance Reliant,0.584,2.5458,True,1.0.0,0.45
C17473,2,Revolving Borrower,0.203,5.3372,True,1.0.0,0.475
C17474,2,Revolving Borrower,0.3474,3.9115,True,1.0.0,0.475
C17476,2,Revolving Borrower,0.4565,3.3338,True,1.0.0,0.475
C17477,0,Cash-Advance Reliant,0.8843,0.7004,True,1.0.0,0.45
C17478,1,High-Spend Transactor,0.2301,4.3315,True,1.0.0,0.6
C17479,1,High-Spend Transactor,0.1377,4.6518,False,1.0.0,0.575
C17480,2,Revolving Borrower,0.5714,2.0922,True,1.0.0,0.475
C17481,1,High-Spend Transactor,0.5448,2.8114,True,1.0.0,0.575
C17482,1,High-Spend Transactor,0.4173,3.7786,True,1.0.0,0.575
C17483,1,High-Spend Transactor,0.4163,2.7832,True,1.0.0,0.575
C17484,1,High-Spend Transactor,0.2674,4.1718,True,1.0.0,0.575
C17485,0,Cash-Advance Reliant,0.7604,1.4582,True,1.0.0,0.45
C17486,1,High-Spend Transactor,0.4985,3.6117,True,1.0.0,0.575
C17487,0,Cash-Advance Reliant,0.0719,4.205,False,1.0.0,0.45
C17488,0,Cash-Advance Reliant,0.7177,1.6921,True,1.0.0,0.45
C17489,1,High-Spend Transactor,0.0162,3.5464,False,1.0.0,0.475
C17490,1,High-Spend Transactor,0.0403,4.4786,False,1.0.0,0.575
C17491,1,High-Spend Transactor,0.5207,3.201,True,1.0.0,0.575
C17492,1,High-Spend Transactor,0.3058,4.9869,True,1.0.0,0.575
C17493,0,Cash-Advance Reliant,0.8283,1.0355,True,1.0.0,0.45
C17494,0,Cash-Advance Reliant,0.8617,0.8386,True,1.0.0,0.45
C17495,1,High-Spend Transactor,0.559,1.8812,True,1.0.0,0.575
C17496,1,High-Spend Transactor,0.1754,4.3474,True,1.0.0,0.575
C17497,1,High-Spend Transactor,0.2444,6.6912,True,1.0.0,0.575
C17498,1,High-Spend Transactor,0.5569,2.6154,True,1.0.0,0.575
C17499,0,Cash-Advance Reliant,0.5948,2.6737,True,1.0.0,0.45
C17500,2,Revolving Borrower,0.5256,2.378,True,1.0.0,0.475
C17501,1,High-Spend Transactor,0.6317,1.9225,True,1.0.0,0.575
C17502,1,High-Spend Transactor,0.5256,2.93,True,1.0.0,0.575
C17503,1,High-Spend Transactor,0.6056,2.2172,True,1.0.0,0.575
C17504,2,Revolving Borrower,0.2502,3.6505,True,1.0.0,0.475
C17505,1,High-Spend Transactor,0.2937,2.66,True,1.0.0,0.575
C17506,1,High-Spend Transactor,0.2761,3.6978,True,1.0.0,0.575
C17507,1,High-Spend Transactor,0.5798,2.7033,True,1.0.0,0.575
C17508,1,High-Spend Transactor,0.5322,2.3842,True,1.0.0,0.6
C17509,1,High-Spend Transactor,0.266,3.4492,True,1.0.0,0.575
C17510,1,High-Spend Transactor,0.3834,3.6375,True,1.0.0,0.575
C17511,0,Cash-Advance Reliant,0.3601,4.5313,True,1.0.0,0.45
C17512,2,Revolving Borrower,0.5712,1.8231,True,1.0.0,0.475
C17513,1,High-Spend Transactor,0.5393,2.752,True,1.0.0,0.575
C17514,1,High-Spend Transactor,0.4504,3.7594,True,1.0.0,0.575
C17515,1,High-Spend Transactor,0.4224,3.6231,True,1.0.0,0.575
C17516,2,Revolving Borrower,0.6677,1.5572,True,1.0.0,0.475
C17517,1,High-Spend Transactor,0.4768,2.3046,True,1.0.0,0.575
C17518,1,High-Spend Transactor,0.4513,3.4935,True,1.0.0,0.575
C17519,1,High-Spend Transactor,0.5845,2.5084,True,1.0.0,0.575
C17521,0,Cash-Advance Reliant,0.5745,2.7907,True,1.0.0,0.45
C17522,0,Cash-Advance Reliant,0.6624,2.1394,True,1.0.0,0.45
C17523,2,Revolving Borrower,0.1293,3.5109,False,1.0.0,0.475
C17524,0,Cash-Advance Reliant,0.7919,1.2711,True,1.0.0,0.45
C17525,0,Cash-Advance Reliant,0.3627,4.6792,True,1.0.0,0.45
C17526,1,High-Spend Transactor,0.5016,3.159,True,1.0.0,0.575
C17527,0,Cash-Advance Reliant,0.6339,2.3667,True,1.0.0,0.45
C17528,2,Revolving Borrower,0.4069,3.2651,True,1.0.0,0.475
C17529,1,High-Spend Transactor,0.4194,3.5132,True,1.0.0,0.575
C17530,1,High-Spend Transactor,0.4238,3.9291,True,1.0.0,0.575
C17531,0,Cash-Advance Reliant,0.7486,1.5033,True,1.0.0,0.45
C17532,2,Revolving Borrower,0.4294,2.6511,True,1.0.0,0.475
C17533,0,Cash-Advance Reliant,0.6938,1.8121,True,1.0.0,0.45
C17534,1,High-Spend Transactor,0.1297,3.9663,False,1.0.0,0.575
C17535,1,High-Spend Transactor,0.0321,4.5859,False,1.0.0,0.55
C17536,0,Cash-Advance Reliant,0.5896,2.791,True,1.0.0,0.45
C17538,0,Cash-Advance Reliant,0.3775,2.6323,True,1.0.0,0.45
C17539,1,High-Spend Transactor,0.558,2.6017,True,1.0.0,0.575
C17540,1,High-Spend Transactor,0.4888,2.9905,True,1.0.0,0.575
C17541,1,High-Spend Transactor,0.3345,3.8155,True,1.0.0,0.575
C17542,0,Cash-Advance Reliant,0.649,2.4141,True,1.0.0,0.45
C17543,0,Cash-Advance Reliant,0.688,1.9951,True,1.0.0,0.45
C17544,1,High-Spend Transactor,0.1873,4.2212,True,1.0.0,0.575
C17545,1,High-Spend Transactor,0.4215,2.9942,True,1.0.0,0.575
C17546,1,High-Spend Transactor,0.553,2.9052,True,1.0.0,0.575
C17547,1,High-Spend Transactor,0.2946,3.905,True,1.0.0,0.575
C17548,1,High-Spend Transactor,0.1253,5.2247,False,1.0.0,0.575
C17549,1,High-Spend Transactor,0.3418,3.3228,True,1.0.0,0.575
C17550,1,High-Spend Transactor,0.011,5.0538,False,1.0.0,0.575
C17551,2,Revolving Borrower,0.3851,3.1995,True,1.0.0,0.475
C17553,1,High-Spend Transactor,0.5556,2.4246,True,1.0.0,0.575
C17554,1,High-Spend Transactor,0.541,2.9626,True,1.0.0,0.575
C17555,1,High-Spend Transactor,0.4687,2.8113,True,1.0.0,0.575
C17556,1,High-Spend Transactor,0.5569,2.3658,True,1.0.0,0.575
C17557,1,High-Spend Transactor,0.2631,6.495,True,1.0.0,0.575
C17558,1,High-Spend Transactor,0.3057,3.7968,True,1.0.0,0.6
C17559,2,Revolving Borrower,0.1259,4.0534,False,1.0.0,0.45
C17560,1,High-Spend Transactor,0.1914,4.2283,True,1.0.0,0.575
C17561,1,High-Spend Transactor,0.164,3.6722,True,1.0.0,0.575
C17562,1,High-Spend Transactor,0.5783,2.6775,True,1.0.0,0.575
C17563,0,Cash-Advance Reliant,0.544,2.1269,True,1.0.0,0.45
C17565,1,High-Spend Transactor,0.4889,3.4191,True,1.0.0,0.575
C17566,1,High-Spend Transactor,0.3788,2.2828,True,1.0.0,0.575
C17567,1,High-Spend Transactor,0.5909,2.3768,True,1.0.0,0.575
C17568,0,Cash-Advance Reliant,0.6534,2.0961,True,1.0.0,0.45
C17569,1,High-Spend Transactor,0.6654,1.821,True,1.0.0,0.575
C17570,1,High-Spend Transactor,0.7402,1.2034,True,1.0.0,0.575
C17571,1,High-Spend Transactor,0.5753,2.0905,True,1.0.0,0.6
C17572,1,High-Spend Transactor,0.562,2.8657,True,1.0.0,0.575
C17573,1,High-Spend Transactor,0.1268,3.8577,False,1.0.0,0.575
C17574,1,High-Spend Transactor,0.4457,2.8844,True,1.0.0,0.575
C17575,1,High-Spend Transactor,0.3526,3.9499,True,1.0.0,0.575
C17576,2,Revolving Borrower,0.0912,3.6378,False,1.0.0,0.425
C17577,1,High-Spend Transactor,0.253,4.1918,True,1.0.0,0.575
C17578,1,High-Spend Transactor,0.251,4.3619,True,1.0.0,0.575
C17579,2,Revolving Borrower,0.3199,4.0727,True,1.0.0,0.475
C17580,1,High-Spend Transactor,0.4768,2.4303,True,1.0.0,0.575
C17581,1,High-Spend Transactor,0.0373,7.0342,False,1.0.0,0.575
C17582,1,High-Spend Transactor,0.2577,4.8499,True,1.0.0,0.575
C17583,2,Revolving Borrower,0.2972,2.4308,True,1.0.0,0.475
C17584,1,High-Spend Transactor,0.4373,3.5083,True,1.0.0,0.575
C17585,2,Revolving Borrower,0.1434,3.7518,False,1.0.0,0.45
C17586,1,High-Spend Transactor,0.5954,2.3794,True,1.0.0,0.575
C17587,0,Cash-Advance Reliant,0.772,1.3835,True,1.0.0,0.45
C17588,1,High-Spend Transactor,0.4671,3.8631,True,1.0.0,0.575
C17589,1,High-Spend Transactor,0.7418,1.3369,True,1.0.0,0.575
C17590,2,Revolving Borrower,0.6155,1.6902,True,1.0.0,0.475
C17591,2,Revolving Borrower,0.0872,4.0723,False,1.0.0,0.45
C17593,1,High-Spend Transactor,0.4205,3.9918,True,1.0.0,0.575
C17594,1,High-Spend Transactor,0.5099,2.3575,True,1.0.0,0.575
C17595,0,Cash-Advance Reliant,0.7182,1.7701,True,1.0.0,0.45
C17596,0,Cash-Advance Reliant,0.7619,1.3603,True,1.0.0,0.45
C17597,1,High-Spend Transactor,0.275,4.3446,True,1.0.0,0.575
C17598,0,Cash-Advance Reliant,0.7191,1.7081,True,1.0.0,0.45
C17599,0,Cash-Advance Reliant,0.2791,2.8432,True,1.0.0,0.45
C17600,0,Cash-Advance Reliant,0.8271,1.0453,True,1.0.0,0.45
C17601,1,High-Spend Transactor,0.5604,2.9015,True,1.0.0,0.575
C17602,2,Revolving Borrower,0.0859,3.2055,False,1.0.0,0.475
C17603,1,High-Spend Transactor,0.2196,5.4844,True,1.0.0,0.575
C17604,2,Revolving Borrower,0.2863,3.1689,True,1.0.0,0.475
C17605,0,Cash-Advance Reliant,0.798,1.2556,True,1.0.0,0.45
C17606,1,High-Spend Transactor,0.4741,3.3936,True,1.0.0,0.575
C17607,0,Cash-Advance Reliant,0.7728,1.3808,True,1.0.0,0.45
C17608,1,High-Spend Transactor,0.3662,2.6475,True,1.0.0,0.575
C17609,0,Cash-Advance Reliant,0.2109,3.5726,True,1.0.0,0.45
C17610,1,High-Spend Transactor,0.7135,1.484,True,1.0.0,0.575
C17611,1,High-Spend Transactor,0.4628,3.5731,True,1.0.0,0.575
C17612,0,Cash-Advance Reliant,0.8121,1.1511,True,1.0.0,0.45
C17613,1,High-Spend Transactor,0.4211,3.5792,True,1.0.0,0.575
C17614,0,Cash-Advance Reliant,0.2329,3.7008,True,1.0.0,0.45
C17615,0,Cash-Advance Reliant,0.2811,6.5903,True,1.0.0,0.45
C17616,1,High-Spend Transactor,0.5602,2.4636,True,1.0.0,0.575
C17617,1,High-Spend Transactor,0.323,4.2963,True,1.0.0,0.575
C17618,1,High-Spend Transactor,0.1492,4.7807,False,1.0.0,0.575
C17619,1,High-Spend Transactor,0.0234,5.2883,False,1.0.0,0.575
C17620,1,High-Spend Transactor,0.3497,3.6978,True,1.0.0,0.575
C17621,1,High-Spend Transactor,0.1809,3.9947,True,1.0.0,0.575
C17622,0,Cash-Advance Reliant,0.7544,1.4616,True,1.0.0,0.45
C17623,2,Revolving Borrower,0.2467,3.9131,True,1.0.0,0.475
C17624,1,High-Spend Transactor,0.5025,2.3527,True,1.0.0,0.6
C17625,1,High-Spend Transactor,0.428,3.8582,True,1.0.0,0.575
C17626,1,High-Spend Transactor,0.1115,5.1779,False,1.0.0,0.575
C17628,0,Cash-Advance Reliant,0.7225,1.7073,True,1.0.0,0.45
C17629,0,Cash-Advance Reliant,0.4215,4.1334,True,1.0.0,0.45
C17630,2,Revolving Borrower,0.5504,3.3234,True,1.0.0,0.475
C17631,0,Cash-Advance Reliant,0.2502,3.1521,True,1.0.0,0.45
C17632,1,High-Spend Transactor,0.1039,3.7029,False,1.0.0,0.575
C17633,0,Cash-Advance Reliant,0.3945,4.3557,True,1.0.0,0.45
C17634,1,High-Spend Transactor,0.5331,3.0546,True,1.0.0,0.575
C17635,2,Revolving Borrower,0.376,3.2119,True,1.0.0,0.475
C17636,2,Revolving Borrower,0.6176,2.1122,True,1.0.0,0.475
C17637,1,High-Spend Transactor,0.2121,4.6068,True,1.0.0,0.575
C17638,1,High-Spend Transactor,0.3062,5.4193,True,1.0.0,0.575
C17639,1,High-Spend Transactor,0.2413,2.8542,True,1.0.0,0.575
C17640,0,Cash-Advance Reliant,0.5939,2.7232,True,1.0.0,0.45
C17641,1,High-Spend Transactor,0.5291,3.1778,True,1.0.0,0.575
C17642,1,High-Spend Transactor,0.347,4.0853,True,1.0.0,0.575
C17643,1,High-Spend Transactor,0.5103,3.2649,True,1.0.0,0.575
C17644,2,Revolving Borrower,0.4719,2.4204,True,1.0.0,0.475
C17645,2,Revolving Borrower,0.4286,2.4576,True,1.0.0,0.475
C17646,2,Revolving Borrower,0.4117,3.4492,True,1.0.0,0.475
C17647,1,High-Spend Transactor,0.4909,2.9619,True,1.0.0,0.575
C17648,0,Cash-Advance Reliant,0.7117,1.8813,True,1.0.0,0.45
C17649,1,High-Spend Transactor,0.4553,2.7662,True,1.0.0,0.575
C17650,2,Revolving Borrower,0.4553,2.123,True,1.0.0,0.475
C17651,1,High-Spend Transactor,0.3271,3.0821,True,1.0.0,0.575
C17652,1,High-Spend Transactor,0.5221,2.8663,True,1.0.0,0.575
C17653,0,Cash-Advance Reliant,0.3415,4.8914,True,1.0.0,0.45
C17654,0,Cash-Advance Reliant,0.816,1.1093,True,1.0.0,0.45
C17655,1,High-Spend Transactor,0.2897,4.347,True,1.0.0,0.575
C17656,1,High-Spend Transactor,0.4773,2.9083,True,1.0.0,0.575
C17657,1,High-Spend Transactor,0.1337,4.3166,False,1.0.0,0.575
C17658,1,High-Spend Transactor,0.4329,2.8943,True,1.0.0,0.6
C17659,1,High-Spend Transactor,0.5371,3.0841,True,1.0.0,0.575
C17660,0,Cash-Advance Reliant,0.6582,2.0762,True,1.0.0,0.45
C17661,2,Revolving Borrower,0.6129,2.135,True,1.0.0,0.475
C17662,1,High-Spend Transactor,0.4173,3.6394,True,1.0.0,0.575
C17663,0,Cash-Advance Reliant,0.8527,0.8744,True,1.0.0,0.45
C17664,2,Revolving Borrower,0.5243,2.3562,True,1.0.0,0.475
C17665,1,High-Spend Transactor,0.4851,3.0193,True,1.0.0,0.575
C17666,1,High-Spend Transactor,0.1542,3.9476,True,1.0.0,0.575
C17667,0,Cash-Advance Reliant,0.6426,2.2782,True,1.0.0,0.45
C17668,2,Revolving Borrower,0.0634,3.4937,False,1.0.0,0.45
C17669,1,High-Spend Transactor,0.2367,3.7062,True,1.0.0,0.575
C17670,0,Cash-Advance Reliant,0.6889,1.8914,True,1.0.0,0.45
C17671,0,Cash-Advance Reliant,0.7784,1.4238,True,1.0.0,0.45
C17672,0,Cash-Advance Reliant,0.8129,1.018,True,1.0.0,0.45
C17673,1,High-Spend Transactor,0.5316,2.7851,True,1.0.0,0.575
C17674,1,High-Spend Transactor,0.3211,3.8106,True,1.0.0,0.575
C17675,1,High-Spend Transactor,0.2304,3.985,True,1.0.0,0.575
C17676,1,High-Spend Transactor,0.4378,3.3054,True,1.0.0,0.575
C17677,0,Cash-Advance Reliant,0.7155,1.6879,True,1.0.0,0.45
C17678,1,High-Spend Transactor,0.5114,2.6758,True,1.0.0,0.575
C17679,0,Cash-Advance Reliant,0.6798,2.0369,True,1.0.0,0.45
C17680,2,Revolving Borrower,0.2736,3.3954,True,1.0.0,0.475
C17681,0,Cash-Advance Reliant,0.7875,1.2522,True,1.0.0,0.45
C17682,1,High-Spend Transactor,0.5466,2.7998,True,1.0.0,0.575
C17683,1,High-Spend Transactor,0.544,2.1166,True,1.0.0,0.575
C17684,1,High-Spend Transactor,0.0547,3.988,False,1.0.0,0.575
C17685,0,Cash-Advance Reliant,0.4553,3.7137,True,1.0.0,0.45
C17686,2,Revolving Borrower,0.3964,3.0313,True,1.0.0,0.475
C17687,1,High-Spend Transactor,0.4117,3.2718,True,1.0.0,0.575
C17688,1,High-Spend Transactor,0.5224,2.8734,True,1.0.0,0.575
C17689,2,Revolving Borrower,0.4087,3.0682,True,1.0.0,0.475
C17690,0,Cash-Advance Reliant,0.6026,2.4233,True,1.0.0,0.45
C17691,0,Cash-Advance Reliant,0.2614,3.8872,True,1.0.0,0.45
C17692,1,High-Spend Transactor,0.3282,4.1253,True,1.0.0,0.575
C17693,1,High-Spend Transactor,0.0571,4.9431,False,1.0.0,0.55
C17694,2,Revolving Borrower,0.5958,2.2804,True,1.0.0,0.475
C17695,1,High-Spend Transactor,0.3367,3.9198,True,1.0.0,0.575
C17696,1,High-Spend Transactor,0.1449,6.252,False,1.0.0,0.575
C17697,1,High-Spend Transactor,0.6341,2.189,True,1.0.0,0.575
C17698,0,Cash-Advance Reliant,0.7859,1.3197,True,1.0.0,0.45
C17699,2,Revolving Borrower,0.0408,3.803,False,1.0.0,0.425
C17700,1,High-Spend Transactor,0.6923,1.3989,True,1.0.0,0.6
C17701,1,High-Spend Transactor,0.3827,3.3842,True,1.0.0,0.6
C17702,1,High-Spend Transactor,0.3769,3.3785,True,1.0.0,0.575
C17703,0,Cash-Advance Reliant,0.8196,1.0962,True,1.0.0,0.45
C17704,1,High-Spend Transactor,0.5453,3.0188,True,1.0.0,0.575
C17705,2,Revolving Borrower,0.3961,2.8572,True,1.0.0,0.475
C17706,2,Revolving Borrower,0.3438,3.7926,True,1.0.0,0.475
C17707,1,High-Spend Transactor,0.4397,3.0603,True,1.0.0,0.575
C17708,1,High-Spend Transactor,0.5116,3.3448,True,1.0.0,0.575
C17709,2,Revolving Borrower,0.2023,3.6533,True,1.0.0,0.475
C17710,1,High-Spend Transactor,0.7391,1.3145,True,1.0.0,0.575
C17711,1,High-Spend Transactor,0.3313,4.1285,True,1.0.0,0.575
C17712,1,High-Spend Transactor,0.2634,4.2747,True,1.0.0,0.575
C17713,1,High-Spend Transactor,0.2924,3.4444,True,1.0.0,0.575
C17714,1,High-Spend Transactor,0.3156,3.6543,True,1.0.0,0.575
C17715,1,High-Spend Transactor,0.1738,4.2445,True,1.0.0,0.575
C17716,2,Revolving Borrower,0.0464,4.9187,False,1.0.0,0.4
C17717,1,High-Spend Transactor,0.3418,3.4993,True,1.0.0,0.575
C17718,1,High-Spend Transactor,0.513,3.3222,True,1.0.0,0.575
C17719,1,High-Spend Transactor,0.4766,3.2292,True,1.0.0,0.575
C17720,2,Revolving Borrower,0.1195,3.4396,False,1.0.0,0.475
C17721,1,High-Spend Transactor,0.5014,2.6455,True,1.0.0,0.575
C17722,1,High-Spend Transactor,0.3693,3.414,True,1.0.0,0.575
C17723,0,Cash-Advance Reliant,0.5179,3.3046,True,1.0.0,0.45
C17724,1,High-Spend Transactor,0.1502,3.9714,True,1.0.0,0.575
C17726,1,High-Spend Transactor,0.1415,2.8891,False,1.0.0,0.575
C17727,1,High-Spend Transactor,0.4502,2.6612,True,1.0.0,0.575
C17728,1,High-Spend Transactor,0.5443,3.0783,True,1.0.0,0.575
C17729,0,Cash-Advance Reliant,0.6997,1.8108,True,1.0.0,0.45
C17730,1,High-Spend Transactor,0.629,1.9048,True,1.0.0,0.575
C17731,1,High-Spend Transactor,0.3987,3.1837,True,1.0.0,0.575
C17732,0,Cash-Advance Reliant,0.7807,1.3166,True,1.0.0,0.45
C17733,1,High-Spend Transactor,0.2692,4.5105,True,1.0.0,0.575
C17734,1,High-Spend Transactor,0.4131,2.9636,True,1.0.0,0.575
C17735,0,Cash-Advance Reliant,0.8802,0.7215,True,1.0.0,0.45
C17736,1,High-Spend Transactor,0.5734,2.6768,True,1.0.0,0.575
C17737,1,High-Spend Transactor,0.3762,3.2953,True,1.0.0,0.575
C17738,0,Cash-Advance Reliant,0.6115,2.3937,True,1.0.0,0.45
C17739,2,Revolving Borrower,0.3918,2.8665,True,1.0.0,0.475
C17740,1,High-Spend Transactor,0.4915,2.2536,True,1.0.0,0.575
C17741,0,Cash-Advance Reliant,0.292,4.975,True,1.0.0,0.45
C17742,0,Cash-Advance Reliant,0.7066,1.7878,True,1.0.0,0.45
C17743,0,Cash-Advance Reliant,0.531,2.0291,True,1.0.0,0.45
C17744,1,High-Spend Transactor,0.2125,4.6508,True,1.0.0,0.575
C17745,0,Cash-Advance Reliant,0.6604,2.1473,True,1.0.0,0.45
C17746,1,High-Spend Transactor,0.284,3.9772,True,1.0.0,0.575
C17747,1,High-Spend Transactor,0.0626,4.4331,False,1.0.0,0.575
C17748,1,High-Spend Transactor,0.4281,2.5017,True,1.0.0,0.575
C17749,1,High-Spend Transactor,0.2611,4.1889,True,1.0.0,0.575
C17750,0,Cash-Advance Reliant,0.7446,1.5654,True,1.0.0,0.45
C17751,1,High-Spend Transactor,0.4594,3.6889,True,1.0.0,0.575
C17752,0,Cash-Advance Reliant,0.2792,6.8004,True,1.0.0,0.45
C17753,2,Revolving Borrower,0.3436,3.0364,True,1.0.0,0.475
C17754,0,Cash-Advance Reliant,0.7626,1.4246,True,1.0.0,0.45
C17755,2,Revolving Borrower,0.3551,3.6737,True,1.0.0,0.475
C17756,0,Cash-Advance Reliant,0.6778,2.1546,True,1.0.0,0.45
C17757,1,High-Spend Transactor,0.0781,5.5204,False,1.0.0,0.575
C17758,1,High-Spend Transactor,0.5749,2.5918,True,1.0.0,0.575
C17759,0,Cash-Advance Reliant,0.0702,3.3641,False,1.0.0,0.45
C17760,1,High-Spend Transactor,0.5428,2.8023,True,1.0.0,0.575
C17761,1,High-Spend Transactor,0.3823,3.7713,True,1.0.0,0.575
C17762,2,Revolving Borrower,0.406,2.7676,True,1.0.0,0.475
C17763,1,High-Spend Transactor,0.4451,3.7077,True,1.0.0,0.575
C17764,0,Cash-Advance Reliant,0.68,1.9152,True,1.0.0,0.45
C17765,2,Revolving Borrower,0.7257,1.4434,True,1.0.0,0.475
C17767,0,Cash-Advance Reliant,0.5454,3.1852,True,1.0.0,0.45
C17768,2,Revolving Borrower,0.4315,2.8192,True,1.0.0,0.475
C17769,1,High-Spend Transactor,0.4865,3.7294,True,1.0.0,0.575
C17770,2,Revolving Borrower,0.6781,1.7761,True,1.0.0,0.475
C17771,1,High-Spend Transactor,0.1684,4.3425,True,1.0.0,0.575
C17772,2,Revolving Borrower,0.4732,2.9205,True,1.0.0,0.475
C17773,1,High-Spend Transactor,0.2395,3.6588,True,1.0.0,0.575
C17774,2,Revolving Borrower,0.5012,2.3959,True,1.0.0,0.475
C17776,1,High-Spend Transactor,0.4606,3.0123,True,1.0.0,0.575
C17777,1,High-Spend Transactor,0.4302,2.6437,True,1.0.0,0.575
C17778,2,Revolving Borrower,0.0713,3.5192,False,1.0.0,0.45
C17779,1,High-Spend Transactor,0.3113,4.2153,True,1.0.0,0.575
C17780,1,High-Spend Transactor,0.3176,4.2472,True,1.0.0,0.575
C17781,1,High-Spend Transactor,0.5296,3.0265,True,1.0.0,0.575
C17782,1,High-Spend Transactor,0.353,3.1274,True,1.0.0,0.575
C17783,1,High-Spend Transactor,0.561,2.5678,True,1.0.0,0.575
C17784,2,Revolving Borrower,0.3155,3.1844,True,1.0.0,0.475
C17785,1,High-Spend Transactor,0.2796,3.5081,True,1.0.0,0.575
C17786,1,High-Spend Transactor,0.7003,1.4953,True,1.0.0,0.575
C17787,1,High-Spend Transactor,0.4342,2.9099,True,1.0.0,0.575
C17788,0,Cash-Advance Reliant,0.5653,2.6381,True,1.0.0,0.45
C17789,0,Cash-Advance Reliant,0.6934,1.8493,True,1.0.0,0.45
C17790,0,Cash-Advance Reliant,0.7233,1.6301,True,1.0.0,0.45
C17791,0,Cash-Advance Reliant,0.735,1.6055,True,1.0.0,0.45
C17792,1,High-Spend Transactor,0.3953,2.9646,True,1.0.0,0.575
C17793,1,High-Spend Transactor,0.3761,3.8712,True,1.0.0,0.6
C17794,1,High-Spend Transactor,0.2871,3.8836,True,1.0.0,0.575
C17795,2,Revolving Borrower,0.4207,3.4077,True,1.0.0,0.475
C17796,1,High-Spend Transactor,0.3599,4.0019,True,1.0.0,0.575
C17797,0,Cash-Advance Reliant,0.7281,1.7281,True,1.0.0,0.45
C17798,0,Cash-Advance Reliant,0.5821,2.8242,True,1.0.0,0.45
C17799,0,Cash-Advance Reliant,0.8053,1.2074,True,1.0.0,0.45
C17800,1,High-Spend Transactor,0.5381,2.8378,True,1.0.0,0.575
C17801,1,High-Spend Transactor,0.5287,2.9392,True,1.0.0,0.575
C17802,2,Revolving Borrower,0.6265,2.1198,True,1.0.0,0.475
C17803,2,Revolving Borrower,0.3368,3.1007,True,1.0.0,0.475
C17804,2,Revolving Borrower,0.4912,2.4927,True,1.0.0,0.475
C17805,0,Cash-Advance Reliant,0.6066,2.6421,True,1.0.0,0.45
C17806,0,Cash-Advance Reliant,0.6107,2.5836,True,1.0.0,0.45
C17807,0,Cash-Advance Reliant,0.6486,2.1936,True,1.0.0,0.45
C17808,1,High-Spend Transactor,0.5112,2.9325,True,1.0.0,0.575
C17809,0,Cash-Advance Reliant,0.8169,1.0959,True,1.0.0,0.45
C17810,1,High-Spend Transactor,0.4662,3.5025,True,1.0.0,0.575
C17811,1,High-Spend Transactor,0.4501,3.8029,True,1.0.0,0.575
C17812,1,High-Spend Transactor,0.5274,2.4332,True,1.0.0,0.575
C17813,1,High-Spend Transactor,0.5017,3.2935,True,1.0.0,0.575
C17814,0,Cash-Advance Reliant,0.3962,2.7314,True,1.0.0,0.45
C17815,1,High-Spend Transactor,0.4404,3.2875,True,1.0.0,0.6
C17816,1,High-Spend Transactor,0.2286,4.0728,True,1.0.0,0.575
C17817,2,Revolving Borrower,0.5388,2.7609,True,1.0.0,0.475
C17818,0,Cash-Advance Reliant,0.6797,2.0417,True,1.0.0,0.45
C17819,1,High-Spend Transactor,0.4532,3.3215,True,1.0.0,0.575
C17820,1,High-Spend Transactor,0.4101,3.2125,True,1.0.0,0.575
C17821,2,Revolving Borrower,0.6979,1.595,True,1.0.0,0.475
C17822,1,High-Spend Transactor,0.7642,1.1195,True,1.0.0,0.575
C17823,2,Revolving Borrower,0.387,2.6084,True,1.0.0,0.475
C17824,0,Cash-Advance Reliant,0.2747,6.6243,True,1.0.0,0.45
C17825,1,High-Spend Transactor,0.3907,3.8441,True,1.0.0,0.575
C17826,2,Revolving Borrower,0.7172,1.4457,True,1.0.0,0.475
C17827,0,Cash-Advance Reliant,0.6877,1.8866,True,1.0.0,0.45
C17828,0,Cash-Advance Reliant,0.6852,2.0277,True,1.0.0,0.45
C17829,0,Cash-Advance Reliant,0.7786,1.3848,True,1.0.0,0.45
C17830,0,Cash-Advance Reliant,0.8053,1.237,True,1.0.0,0.45
C17831,1,High-Spend Transactor,0.5192,3.2788,True,1.0.0,0.575
C17832,0,Cash-Advance Reliant,0.6621,2.1913,True,1.0.0,0.45
C17833,2,Revolving Borrower,0.3897,2.731,True,1.0.0,0.475
C17834,1,High-Spend Transactor,0.5522,2.7636,True,1.0.0,0.575
C17835,1,High-Spend Transactor,0.3297,3.7001,True,1.0.0,0.575
C17836,1,High-Spend Transactor,0.5512,2.7298,True,1.0.0,0.575
C17837,0,Cash-Advance Reliant,0.7509,1.4646,True,1.0.0,0.45
C17838,1,High-Spend Transactor,0.5254,2.9366,True,1.0.0,0.575
C17839,0,Cash-Advance Reliant,0.649,2.1559,True,1.0.0,0.45
C17840,2,Revolving Borrower,0.3711,3.1364,True,1.0.0,0.475
C17841,0,Cash-Advance Reliant,0.7859,1.2982,True,1.0.0,0.45
C17842,1,High-Spend Transactor,0.5592,2.9259,True,1.0.0,0.575
C17843,0,Cash-Advance Reliant,0.5495,2.8808,True,1.0.0,0.45
C17844,1,High-Spend Transactor,0.5427,2.7631,True,1.0.0,0.575
C17845,1,High-Spend Transactor,0.2716,4.6502,True,1.0.0,0.575
C17846,1,High-Spend Transactor,0.29,4.0944,True,1.0.0,0.575
C17847,1,High-Spend Transactor,0.4513,3.3597,True,1.0.0,0.575
C17848,0,Cash-Advance Reliant,0.7512,1.522,True,1.0.0,0.45
C17849,1,High-Spend Transactor,0.1399,7.1138,False,1.0.0,0.575
C17850,1,High-Spend Transactor,0.5391,2.8231,True,1.0.0,0.575
C17851,0,Cash-Advance Reliant,0.3938,3.7905,True,1.0.0,0.45
C17852,1,High-Spend Transactor,0.4951,2.8975,True,1.0.0,0.575
C17853,1,High-Spend Transactor,0.4771,3.8794,True,1.0.0,0.575
C17854,0,Cash-Advance Reliant,0.7529,1.5551,True,1.0.0,0.45
C17855,0,Cash-Advance Reliant,0.5043,3.0437,True,1.0.0,0.45
C17856,2,Revolving Borrower,0.301,3.6204,True,1.0.0,0.475
C17857,1,High-Spend Transactor,0.3126,3.7238,True,1.0.0,0.575
C17858,1,High-Spend Transactor,0.6733,1.8924,True,1.0.0,0.575
C17859,1,High-Spend Transactor,0.5685,2.7433,True,1.0.0,0.575
C17860,2,Revolving Borrower,0.724,1.4911,True,1.0.0,0.475
C17861,1,High-Spend Transactor,0.3805,3.4305,True,1.0.0,0.575
C17862,0,Cash-Advance Reliant,0.2552,2.677,True,1.0.0,0.45
C17863,2,Revolving Borrower,0.5141,2.4313,True,1.0.0,0.475
C17864,1,High-Spend Transactor,0.3197,4.5065,True,1.0.0,0.575
C17865,1,High-Spend Transactor,0.5237,2.8994,True,1.0.0,0.575
C17866,1,High-Spend Transactor,0.5589,2.6291,True,1.0.0,0.575
C17867,1,High-Spend Transactor,0.2718,3.6695,True,1.0.0,0.575
C17868,1,High-Spend Transactor,0.5826,2.5297,True,1.0.0,0.575
C17869,1,High-Spend Transactor,0.5777,2.8069,True,1.0.0,0.575
C17870,1,High-Spend Transactor,0.1437,6.3696,False,1.0.0,0.575
C17871,1,High-Spend Transactor,0.549,2.4927,True,1.0.0,0.575
C17872,2,Revolving Borrower,0.3975,3.05,True,1.0.0,0.475
C17873,0,Cash-Advance Reliant,0.778,1.3339,True,1.0.0,0.45
C17874,0,Cash-Advance Reliant,0.4632,3.3427,True,1.0.0,0.45
C17875,0,Cash-Advance Reliant,0.3358,3.9624,True,1.0.0,0.45
C17876,1,High-Spend Transactor,0.1808,3.7539,True,1.0.0,0.575
C17877,2,Revolving Borrower,0.4178,2.7593,True,1.0.0,0.475
C17878,2,Revolving Borrower,0.3509,2.9397,True,1.0.0,0.45
C17879,1,High-Spend Transactor,0.3343,4.707,True,1.0.0,0.575
C17880,0,Cash-Advance Reliant,0.8057,1.1853,True,1.0.0,0.45
C17881,0,Cash-Advance Reliant,0.67,2.0527,True,1.0.0,0.45
C17882,2,Revolving Borrower,0.6248,2.1213,True,1.0.0,0.475
C17883,2,Revolving Borrower,0.3137,3.0508,True,1.0.0,0.45
C17884,1,High-Spend Transactor,0.4251,4.6512,True,1.0.0,0.575
C17885,1,High-Spend Transactor,0.2654,3.7524,True,1.0.0,0.575
C17886,1,High-Spend Transactor,0.356,3.775,True,1.0.0,0.575
C17887,0,Cash-Advance Reliant,0.6279,2.4263,True,1.0.0,0.45
C17888,0,Cash-Advance Reliant,0.1715,3.2607,True,1.0.0,0.45
C17889,0,Cash-Advance Reliant,0.7657,1.4367,True,1.0.0,0.45
C17890,0,Cash-Advance Reliant,0.5573,2.6252,True,1.0.0,0.45
C17891,0,Cash-Advance Reliant,0.6924,1.8162,True,1.0.0,0.45
C17892,0,Cash-Advance Reliant,0.7418,1.5508,True,1.0.0,0.45
C17893,1,High-Spend Transactor,0.5459,2.8016,True,1.0.0,0.575
C17894,2,Revolving Borrower,0.3773,3.8619,True,1.0.0,0.475
C17895,1,High-Spend Transactor,0.5822,2.1675,True,1.0.0,0.575
C17896,1,High-Spend Transactor,0.479,3.1597,True,1.0.0,0.575
C17897,1,High-Spend Transactor,0.463,3.6129,True,1.0.0,0.575
C17898,1,High-Spend Transactor,0.3594,3.3622,True,1.0.0,0.575
C17899,2,Revolving Borrower,0.7255,1.4753,True,1.0.0,0.475
C17900,1,High-Spend Transactor,0.3361,4.8232,True,1.0.0,0.575
C17901,0,Cash-Advance Reliant,0.4939,2.194,True,1.0.0,0.45
C17902,0,Cash-Advance Reliant,0.3186,4.0975,True,1.0.0,0.45
C17903,1,High-Spend Transactor,0.5464,2.9476,True,1.0.0,0.575
C17904,1,High-Spend Transactor,0.3955,3.8062,True,1.0.0,0.575
C17905,0,Cash-Advance Reliant,0.8133,1.169,True,1.0.0,0.45
C17906,1,High-Spend Transactor,0.7719,1.0724,True,1.0.0,0.575
C17907,1,High-Spend Transactor,0.5151,3.4024,True,1.0.0,0.575
C17908,1,High-Spend Transactor,0.6606,1.8896,True,1.0.0,0.575
C17909,1,High-Spend Transactor,0.3819,3.2404,True,1.0.0,0.575
C17910,1,High-Spend Transactor,0.5567,2.5851,True,1.0.0,0.575
C17911,2,Revolving Borrower,0.2957,3.9635,True,1.0.0,0.475
C17912,1,High-Spend Transactor,0.143,3.8871,False,1.0.0,0.575
C17913,1,High-Spend Transactor,0.1024,5.2083,False,1.0.0,0.575
C17914,1,High-Spend Transactor,0.3343,3.928,True,1.0.0,0.575
C17915,0,Cash-Advance Reliant,0.7767,1.3795,True,1.0.0,0.45
C17916,0,Cash-Advance Reliant,0.7727,1.3445,True,1.0.0,0.45
C17917,1,High-Spend Transactor,0.4869,2.6514,True,1.0.0,0.6
C17919,0,Cash-Advance Reliant,0.3596,2.7949,True,1.0.0,0.45
C17920,1,High-Spend Transactor,0.4306,4.1562,True,1.0.0,0.575
C17921,0,Cash-Advance Reliant,0.8002,1.2256,True,1.0.0,0.45
C17922,1,High-Spend Transactor,0.5496,2.6877,True,1.0.0,0.575
C17923,1,High-Spend Transactor,0.4749,3.5868,True,1.0.0,0.575
C17924,1,High-Spend Transactor,0.0275,4.6871,False,1.0.0,0.55
C17925,1,High-Spend Transactor,0.1451,4.7174,False,1.0.0,0.575
C17926,0,Cash-Advance Reliant,0.7668,1.402,True,1.0.0,0.45
C17927,1,High-Spend Transactor,0.5605,2.0662,True,1.0.0,0.575
C17928,2,Revolving Borrower,0.0733,3.4719,False,1.0.0,0.475
C17929,2,Revolving Borrower,0.114,4.4779,False,1.0.0,0.475
C17930,0,Cash-Advance Reliant,0.4535,3.8468,True,1.0.0,0.45
C17931,0,Cash-Advance Reliant,0.8586,0.8616,True,1.0.0,0.45
C17933,1,High-Spend Transactor,0.1861,4.8966,True,1.0.0,0.575
C17934,0,Cash-Advance Reliant,0.5794,2.689,True,1.0.0,0.45
C17935,1,High-Spend Transactor,0.5609,2.7331,True,1.0.0,0.575
C17937,0,Cash-Advance Reliant,0.5338,3.0925,True,1.0.0,0.45
C17938,1,High-Spend Transactor,0.1617,3.9666,True,1.0.0,0.575
C17939,1,High-Spend Transactor,0.5409,2.5669,True,1.0.0,0.575
C17940,0,Cash-Advance Reliant,0.7125,1.8075,True,1.0.0,0.45
C17941,2,Revolving Borrower,0.7052,1.3507,True,1.0.0,0.475
C17942,1,High-Spend Transactor,0.4943,3.6295,True,1.0.0,0.575
C17943,0,Cash-Advance Reliant,0.1181,4.5043,False,1.0.0,0.45
C17944,1,High-Spend Transactor,0.5173,3.1362,True,1.0.0,0.575
C17945,2,Revolving Borrower,0.3595,3.4001,True,1.0.0,0.475
C17946,0,Cash-Advance Reliant,0.6428,2.2818,True,1.0.0,0.45
C17947,1,High-Spend Transactor,0.4861,3.0618,True,1.0.0,0.575
C17948,1,High-Spend Transactor,0.3846,2.7196,True,1.0.0,0.575
C17950,1,High-Spend Transactor,0.202,4.8508,True,1.0.0,0.575
C17951,0,Cash-Advance Reliant,0.5563,2.251,True,1.0.0,0.45
C17952,1,High-Spend Transactor,0.4794,2.8506,True,1.0.0,0.6
C17953,2,Revolving Borrower,0.1724,3.0762,True,1.0.0,0.45
C17954,2,Revolving Borrower,0.1546,3.5622,True,1.0.0,0.475
C17955,1,High-Spend Transactor,0.2246,6.5433,True,1.0.0,0.575
C17956,0,Cash-Advance Reliant,0.8006,1.1867,True,1.0.0,0.45
C17957,1,High-Spend Transactor,0.6127,2.3828,True,1.0.0,0.575
C17958,2,Revolving Borrower,0.4848,2.2441,True,1.0.0,0.475
C17959,1,High-Spend Transactor,0.3446,3.9427,True,1.0.0,0.575
C17960,0,Cash-Advance Reliant,0.5574,3.0606,True,1.0.0,0.45
C17962,2,Revolving Borrower,0.5882,2.6048,True,1.0.0,0.475
C17963,1,High-Spend Transactor,0.4047,3.9162,True,1.0.0,0.575
C17964,2,Revolving Borrower,0.1876,3.8107,True,1.0.0,0.45
C17965,1,High-Spend Transactor,0.3456,3.877,True,1.0.0,0.575
C17966,0,Cash-Advance Reliant,0.8,1.2425,True,1.0.0,0.45
C17967,0,Cash-Advance Reliant,0.8314,1.0049,True,1.0.0,0.45
C17968,1,High-Spend Transactor,0.4162,3.6951,True,1.0.0,0.575
C17969,1,High-Spend Transactor,0.5026,3.2212,True,1.0.0,0.575
C17970,2,Revolving Borrower,0.3291,3.3804,True,1.0.0,0.475
C17971,1,High-Spend Transactor,0.6147,1.7797,True,1.0.0,0.575
C17972,1,High-Spend Transactor,0.1062,4.3328,False,1.0.0,0.55
C17973,1,High-Spend Transactor,0.5115,3.3293,True,1.0.0,0.575
C17974,1,High-Spend Transactor,0.143,5.932,False,1.0.0,0.575
C17975,0,Cash-Advance Reliant,0.2202,3.7725,True,1.0.0,0.45
C17976,1,High-Spend Transactor,0.7922,0.9495,True,1.0.0,0.575
C17977,1,High-Spend Transactor,0.4598,2.8276,True,1.0.0,0.575
C17978,0,Cash-Advance Reliant,0.8807,0.7066,True,1.0.0,0.45
C17979,1,High-Spend Transactor,0.5742,2.0276,True,1.0.0,0.575
C17980,1,High-Spend Transactor,0.4354,3.7741,True,1.0.0,0.575
C17981,1,High-Spend Transactor,0.4953,3.4704,True,1.0.0,0.575
C17982,2,Revolving Borrower,0.5984,2.6048,True,1.0.0,0.475
C17983,0,Cash-Advance Reliant,0.6535,2.2675,True,1.0.0,0.45
C17984,0,Cash-Advance Reliant,0.8019,1.1796,True,1.0.0,0.45
C17985,0,Cash-Advance Reliant,0.6903,1.9806,True,1.0.0,0.45
C17986,2,Revolving Borrower,0.0318,3.9412,False,1.0.0,0.475
C17988,0,Cash-Advance Reliant,0.8658,0.8102,True,1.0.0,0.45
C17989,1,High-Spend Transactor,0.4402,3.8741,True,1.0.0,0.575
C17990,1,High-Spend Transactor,0.2876,5.891,True,1.0.0,0.575
C17991,0,Cash-Advance Reliant,0.6841,1.976,True,1.0.0,0.45
C17992,1,High-Spend Transactor,0.5596,2.6529,True,1.0.0,0.575
C17993,1,High-Spend Transactor,0.4494,3.704,True,1.0.0,0.575
C17994,0,Cash-Advance Reliant,0.4444,2.3492,True,1.0.0,0.45
C17995,0,Cash-Advance Reliant,0.7308,1.6657,True,1.0.0,0.45
C17996,1,High-Spend Transactor,0.5507,2.5762,True,1.0.0,0.575
C17997,2,Revolving Borrower,0.2726,3.6842,True,1.0.0,0.45
C17998,1,High-Spend Transactor,0.1182,3.989,False,1.0.0,0.55
C17999,1,High-Spend Transactor,0.2916,5.6637,True,1.0.0,0.575
C18000,1,High-Spend Transactor,0.6016,2.4151,True,1.0.0,0.575
C18001,1,High-Spend Transactor,0.3744,4.4049,True,1.0.0,0.575
C18002,1,High-Spend Transactor,0.4526,3.4115,True,1.0.0,0.575
C18003,2,Revolving Borrower,0.5881,1.7568,True,1.0.0,0.475
C18004,1,High-Spend Transactor,0.1073,4.3248,False,1.0.0,0.575
C18005,1,High-Spend Transactor,0.5958,2.4232,True,1.0.0,0.575
C18006,1,High-Spend Transactor,0.3072,4.069,True,1.0.0,0.575
C18007,2,Revolving Borrower,0.6473,1.8851,True,1.0.0,0.475
C18008,1,High-Spend Transactor,0.5313,2.7985,True,1.0.0,0.575
C18009,1,High-Spend Transactor,0.5071,2.9621,True,1.0.0,0.575
C18010,0,Cash-Advance Reliant,0.8141,1.1303,True,1.0.0,0.45
C18011,1,High-Spend Transactor,0.4387,3.2366,True,1.0.0,0.575
C18012,1,High-Spend Transactor,0.3216,4.8471,True,1.0.0,0.575
C18013,1,High-Spend Transactor,0.3001,3.3333,True,1.0.0,0.575
C18014,1,High-Spend Transactor,0.4375,2.5387,True,1.0.0,0.575
C18015,1,High-Spend Transactor,0.2906,4.2666,True,1.0.0,0.575
C18016,1,High-Spend Transactor,0.5183,3.0351,True,1.0.0,0.575
C18017,0,Cash-Advance Reliant,0.8461,0.9413,True,1.0.0,0.45
C18018,1,High-Spend Transactor,0.4032,4.1228,True,1.0.0,0.575
C18019,2,Revolving Borrower,0.6417,1.9461,True,1.0.0,0.475
C18020,2,Revolving Borrower,0.1676,3.3055,True,1.0.0,0.45
C18021,2,Revolving Borrower,0.1774,4.5834,True,1.0.0,0.475
C18022,1,High-Spend Transactor,0.4639,3.5672,True,1.0.0,0.575
C18023,2,Revolving Borrower,0.5224,2.1834,True,1.0.0,0.475
C18024,0,Cash-Advance Reliant,0.3729,2.7102,True,1.0.0,0.45
C18025,1,High-Spend Transactor,0.3425,2.8168,True,1.0.0,0.575
C18026,0,Cash-Advance Reliant,0.4468,3.7551,True,1.0.0,0.45
C18027,1,High-Spend Transactor,0.4528,3.1729,True,1.0.0,0.575
C18028,1,High-Spend Transactor,0.2418,4.5914,True,1.0.0,0.575
C18029,1,High-Spend Transactor,0.256,3.9795,True,1.0.0,0.575
C18031,1,High-Spend Transactor,0.225,3.7352,True,1.0.0,0.575
C18032,1,High-Spend Transactor,0.2764,4.2428,True,1.0.0,0.575
C18033,1,High-Spend Transactor,0.5134,2.7127,True,1.0.0,0.575
C18034,0,Cash-Advance Reliant,0.2101,3.0695,True,1.0.0,0.45
C18035,1,High-Spend Transactor,0.3576,2.9035,True,1.0.0,0.575
C18036,1,High-Spend Transactor,0.4553,3.6792,True,1.0.0,0.575
C18037,2,Revolving Borrower,0.2865,3.6312,True,1.0.0,0.475
C18038,1,High-Spend Transactor,0.5492,2.7232,True,1.0.0,0.575
C18039,2,Revolving Borrower,0.3615,3.0147,True,1.0.0,0.475
C18040,1,High-Spend Transactor,0.345,3.3795,True,1.0.0,0.575
C18041,0,Cash-Advance Reliant,0.7371,1.6851,True,1.0.0,0.45
C18042,1,High-Spend Transactor,0.5077,2.9109,True,1.0.0,0.575
C18043,0,Cash-Advance Reliant,0.6751,2.0842,True,1.0.0,0.45
C18044,1,High-Spend Transactor,0.2717,6.4812,True,1.0.0,0.575
C18045,1,High-Spend Transactor,0.4586,3.1841,True,1.0.0,0.575
C18046,1,High-Spend Transactor,0.4228,3.6415,True,1.0.0,0.575
C18047,1,High-Spend Transactor,0.4835,3.7201,True,1.0.0,0.575
C18048,1,High-Spend Transactor,0.2721,4.1801,True,1.0.0,0.575
C18049,0,Cash-Advance Reliant,0.7126,1.8337,True,1.0.0,0.45
C18050,2,Revolving Borrower,0.3064,4.2151,True,1.0.0,0.475
C18051,2,Revolving Borrower,0.691,1.8484,True,1.0.0,0.475
C18052,0,Cash-Advance Reliant,0.2582,2.8403,True,1.0.0,0.45
C18053,2,Revolving Borrower,0.7842,1.1769,True,1.0.0,0.475
C18054,2,Revolving Borrower,0.6279,1.9051,True,1.0.0,0.475
C18055,2,Revolving Borrower,0.5077,2.1047,True,1.0.0,0.475
C18056,1,High-Spend Transactor,0.2021,3.9026,True,1.0.0,0.575
C18057,1,High-Spend Transactor,0.5053,3.4569,True,1.0.0,0.575
C18058,2,Revolving Borrower,0.2746,3.0946,True,1.0.0,0.475
C18059,1,High-Spend Transactor,0.5267,3.1065,True,1.0.0,0.575
C18060,1,High-Spend Transactor,0.1979,3.6439,True,1.0.0,0.575
C18061,1,High-Spend Transactor,0.2547,3.7484,True,1.0.0,0.575
C18062,0,Cash-Advance Reliant,0.6485,2.2621,True,1.0.0,0.45
C18063,1,High-Spend Transactor,0.5688,2.5535,True,1.0.0,0.575
C18064,1,High-Spend Transactor,0.1798,4.4853,True,1.0.0,0.575
C18065,2,Revolving Borrower,0.5407,2.4302,True,1.0.0,0.475
C18066,1,High-Spend Transactor,0.5464,2.9985,True,1.0.0,0.575
C18067,1,High-Spend Transactor,0.0884,4.6187,False,1.0.0,0.575
C18068,1,High-Spend Transactor,0.5117,3.1908,True,1.0.0,0.575
C18069,0,Cash-Advance Reliant,0.6705,2.129,True,1.0.0,0.45
C18070,1,High-Spend Transactor,0.2,4.4631,True,1.0.0,0.575
C18071,0,Cash-Advance Reliant,0.6483,2.3566,True,1.0.0,0.45
C18072,0,Cash-Advance Reliant,0.5474,3.1661,True,1.0.0,0.45
C18073,0,Cash-Advance Reliant,0.6961,1.8895,True,1.0.0,0.45
C18074,0,Cash-Advance Reliant,0.6956,1.839,True,1.0.0,0.45
C18075,0,Cash-Advance Reliant,0.3055,6.0505,True,1.0.0,0.45
C18076,0,Cash-Advance Reliant,0.7082,1.7182,True,1.0.0,0.45
C18077,1,High-Spend Transactor,0.5334,2.996,True,1.0.0,0.575
C18078,1,High-Spend Transactor,0.4561,3.6418,True,1.0.0,0.575
C18079,1,High-Spend Transactor,0.5316,3.1459,True,1.0.0,0.575
C18080,1,High-Spend Transactor,0.2343,4.2767,True,1.0.0,0.575
C18081,1,High-Spend Transactor,0.7844,1.1198,True,1.0.0,0.575
C18082,0,Cash-Advance Reliant,0.4253,2.9639,True,1.0.0,0.45
C18083,0,Cash-Advance Reliant,0.6363,2.2044,True,1.0.0,0.45
C18084,1,High-Spend Transactor,0.1682,3.9745,True,1.0.0,0.575
C18085,2,Revolving Borrower,0.3922,2.9878,True,1.0.0,0.475
C18086,2,Revolving Borrower,0.1477,4.1624,False,1.0.0,0.475
C18088,0,Cash-Advance Reliant,0.5386,1.9814,True,1.0.0,0.45
C18089,2,Revolving Borrower,0.1997,3.689,True,1.0.0,0.475
C18090,1,High-Spend Transactor,0.3055,5.4866,True,1.0.0,0.575
C18091,2,Revolving Borrower,0.479,3.2433,True,1.0.0,0.475
C18092,1,High-Spend Transactor,0.3179,4.2,True,1.0.0,0.575
C18093,1,High-Spend Transactor,0.1213,5.2534,False,1.0.0,0.575
C18094,1,High-Spend Transactor,0.302,3.6385,True,1.0.0,0.575
C18095,1,High-Spend Transactor,0.2146,4.9094,True,1.0.0,0.575
C18096,1,High-Spend Transactor,0.1708,4.0559,True,1.0.0,0.575
C18097,2,Revolving Borrower,0.0806,4.2691,False,1.0.0,0.45
C18098,1,High-Spend Transactor,0.2067,3.946,True,1.0.0,0.575
C18099,1,High-Spend Transactor,0.5773,2.1024,True,1.0.0,0.575
C18100,1,High-Spend Transactor,0.5597,2.5723,True,1.0.0,0.575
C18101,1,High-Spend Transactor,0.3226,3.8547,True,1.0.0,0.575
C18102,1,High-Spend Transactor,0.1143,4.2348,False,1.0.0,0.575
C18103,1,High-Spend Transactor,0.4839,2.8667,True,1.0.0,0.6
C18104,1,High-Spend Transactor,0.6953,1.4571,True,1.0.0,0.575
C18105,0,Cash-Advance Reliant,0.7241,1.7232,True,1.0.0,0.45
C18106,1,High-Spend Transactor,0.4927,3.4257,True,1.0.0,0.575
C18107,1,High-Spend Transactor,0.2813,5.9044,True,1.0.0,0.575
C18108,0,Cash-Advance Reliant,0.6176,2.3001,True,1.0.0,0.45
C18109,1,High-Spend Transactor,0.5547,2.5482,True,1.0.0,0.575
C18110,1,High-Spend Transactor,0.483,2.8351,True,1.0.0,0.6
C18111,0,Cash-Advance Reliant,0.7822,1.3134,True,1.0.0,0.45
C18112,1,High-Spend Transactor,0.2912,3.5371,True,1.0.0,0.575
C18113,1,High-Spend Transactor,0.3647,3.0482,True,1.0.0,0.575
C18114,1,High-Spend Transactor,0.2266,3.3603,True,1.0.0,0.575
C18115,0,Cash-Advance Reliant,0.7117,1.7802,True,1.0.0,0.45
C18116,1,High-Spend Transactor,0.2565,4.5001,True,1.0.0,0.575
C18117,1,High-Spend Transactor,0.3429,3.9299,True,1.0.0,0.6
C18118,2,Revolving Borrower,0.1806,3.3739,True,1.0.0,0.45
C18119,1,High-Spend Transactor,0.5297,2.7279,True,1.0.0,0.575
C18120,0,Cash-Advance Reliant,0.3511,4.8646,True,1.0.0,0.45
C18121,1,High-Spend Transactor,0.3124,4.1489,True,1.0.0,0.575
C18122,1,High-Spend Transactor,0.4283,3.9163,True,1.0.0,0.575
C18123,0,Cash-Advance Reliant,0.6775,1.9977,True,1.0.0,0.45
C18124,1,High-Spend Transactor,0.5639,2.5991,True,1.0.0,0.575
C18125,1,High-Spend Transactor,0.2469,4.4459,True,1.0.0,0.575
C18126,1,High-Spend Transactor,0.5009,3.1221,True,1.0.0,0.575
C18127,2,Revolving Borrower,0.286,2.9634,True,1.0.0,0.45
C18128,1,High-Spend Transactor,0.2275,3.8203,True,1.0.0,0.575
C18129,1,High-Spend Transactor,0.4954,3.4551,True,1.0.0,0.575
C18130,1,High-Spend Transactor,0.5559,2.8297,True,1.0.0,0.575
C18131,1,High-Spend Transactor,0.486,3.005,True,1.0.0,0.575
C18132,0,Cash-Advance Reliant,0.6739,2.1018,True,1.0.0,0.45
C18134,1,High-Spend Transactor,0.1305,7.2827,False,1.0.0,0.575
C18135,2,Revolving Borrower,0.2416,3.399,True,1.0.0,0.475
C18136,1,High-Spend Transactor,0.5101,2.5724,True,1.0.0,0.6
C18137,2,Revolving Borrower,0.1751,3.4408,True,1.0.0,0.45
C18138,1,High-Spend Transactor,0.2822,4.3647,True,1.0.0,0.575
C18139,0,Cash-Advance Reliant,0.7256,1.6417,True,1.0.0,0.45
C18140,1,High-Spend Transactor,0.6073,2.231,True,1.0.0,0.575
C18141,1,High-Spend Transactor,0.7593,1.1609,True,1.0.0,0.575
C18142,1,High-Spend Transactor,0.3937,5.0756,True,1.0.0,0.575
C18143,1,High-Spend Transactor,0.4284,3.6735,True,1.0.0,0.575
C18144,1,High-Spend Transactor,0.6189,2.1332,True,1.0.0,0.575
C18145,1,High-Spend Transactor,0.3277,3.3464,True,1.0.0,0.575
C18146,1,High-Spend Transactor,0.2237,4.402,True,1.0.0,0.575
C18147,2,Revolving Borrower,0.361,3.3655,True,1.0.0,0.475
C18148,1,High-Spend Transactor,0.2843,5.9565,True,1.0.0,0.575
C18149,1,High-Spend Transactor,0.5628,2.7033,True,1.0.0,0.575
C18150,1,High-Spend Transactor,0.5424,2.8463,True,1.0.0,0.575
C18151,0,Cash-Advance Reliant,0.8611,0.819,True,1.0.0,0.45
C18152,1,High-Spend Transactor,0.3536,2.8359,True,1.0.0,0.575
C18153,1,High-Spend Transactor,0.6242,2.0976,True,1.0.0,0.575
C18154,1,High-Spend Transactor,0.184,7.1816,True,1.0.0,0.575
C18155,1,High-Spend Transactor,0.3608,3.7455,True,1.0.0,0.575
C18156,1,High-Spend Transactor,0.3989,2.8022,True,1.0.0,0.575
C18157,1,High-Spend Transactor,0.2067,3.9447,True,1.0.0,0.575
C18158,1,High-Spend Transactor,0.5436,2.5636,True,1.0.0,0.575
C18159,1,High-Spend Transactor,0.3784,4.1114,True,1.0.0,0.575
C18160,0,Cash-Advance Reliant,0.3173,3.4318,True,1.0.0,0.45
C18161,1,High-Spend Transactor,0.5598,2.8366,True,1.0.0,0.575
C18162,1,High-Spend Transactor,0.4806,3.2454,True,1.0.0,0.575
C18163,1,High-Spend Transactor,0.3391,3.101,True,1.0.0,0.575
C18164,1,High-Spend Transactor,0.5765,2.6464,True,1.0.0,0.575
C18165,1,High-Spend Transactor,0.5117,2.9728,True,1.0.0,0.575
C18166,0,Cash-Advance Reliant,0.11,4.2189,False,1.0.0,0.45
C18167,1,High-Spend Transactor,0.2153,6.642,True,1.0.0,0.575
C18168,1,High-Spend Transactor,0.6128,1.8814,True,1.0.0,0.575
C18169,1,High-Spend Transactor,0.5336,3.1905,True,1.0.0,0.575
C18170,1,High-Spend Transactor,0.7173,1.4672,True,1.0.0,0.575
C18171,0,Cash-Advance Reliant,0.4781,3.8052,True,1.0.0,0.45
C18172,0,Cash-Advance Reliant,0.6929,1.8189,True,1.0.0,0.45
C18173,0,Cash-Advance Reliant,0.8056,1.1748,True,1.0.0,0.45
C18174,1,High-Spend Transactor,0.5572,2.6432,True,1.0.0,0.575
C18175,0,Cash-Advance Reliant,0.6059,2.4292,True,1.0.0,0.45
C18176,1,High-Spend Transactor,0.3078,5.5166,True,1.0.0,0.575
C18177,2,Revolving Borrower,0.5575,3.0215,True,1.0.0,0.475
C18179,0,Cash-Advance Reliant,0.2073,3.32,True,1.0.0,0.45
C18180,0,Cash-Advance Reliant,0.0377,7.4792,False,1.0.0,0.45
C18181,1,High-Spend Transactor,0.4789,3.206,True,1.0.0,0.575
C18182,0,Cash-Advance Reliant,0.7891,1.2905,True,1.0.0,0.45
C18183,0,Cash-Advance Reliant,0.418,4.0519,True,1.0.0,0.45
C18184,1,High-Spend Transactor,0.5133,2.9475,True,1.0.0,0.575
C18185,1,High-Spend Transactor,0.5242,3.0602,True,1.0.0,0.575
C18186,1,High-Spend Transactor,0.2228,4.3364,True,1.0.0,0.575
C18187,1,High-Spend Transactor,0.4528,4.3078,True,1.0.0,0.575
C18188,1,High-Spend Transactor,0.4987,3.3284,True,1.0.0,0.575
C18189,1,High-Spend Transactor,0.5249,3.181,True,1.0.0,0.575
C18190,1,High-Spend Transactor,0.5661,2.6282,True,1.0.0,0.575
C18191,2,Revolving Borrower,0.0237,5.2774,False,1.0.0,0.425
C18192,1,High-Spend Transactor,0.512,3.0625,True,1.0.0,0.575
C18193,1,High-Spend Transactor,0.5365,2.9431,True,1.0.0,0.575
C18194,1,High-Spend Transactor,0.5061,3.5375,True,1.0.0,0.575
C18195,1,High-Spend Transactor,0.1093,4.5148,False,1.0.0,0.575
C18196,1,High-Spend Transactor,0.1996,4.1505,True,1.0.0,0.575
C18197,1,High-Spend Transactor,0.4841,2.9443,True,1.0.0,0.575
C18198,0,Cash-Advance Reliant,0.6832,1.9634,True,1.0.0,0.45
C18199,1,High-Spend Transactor,0.4774,3.6265,True,1.0.0,0.575
C18200,1,High-Spend Transactor,0.4104,3.1646,True,1.0.0,0.575
C18201,0,Cash-Advance Reliant,0.6212,2.5517,True,1.0.0,0.45
C18202,1,High-Spend Transactor,0.5694,2.6615,True,1.0.0,0.575
C18203,2,Revolving Borrower,0.482,3.2434,True,1.0.0,0.475
C18204,1,High-Spend Transactor,0.572,2.7013,True,1.0.0,0.575
C18205,1,High-Spend Transactor,0.2958,5.4916,True,1.0.0,0.575
C18206,1,High-Spend Transactor,0.4461,3.8154,True,1.0.0,0.575
C18207,2,Revolving Borrower,0.2252,3.2165,True,1.0.0,0.45
C18208,1,High-Spend Transactor,0.5283,3.1063,True,1.0.0,0.575
C18209,1,High-Spend Transactor,0.6128,2.3136,True,1.0.0,0.575
C18210,1,High-Spend Transactor,0.4584,3.0491,True,1.0.0,0.575
C18211,0,Cash-Advance Reliant,0.6488,2.2234,True,1.0.0,0.45
C18212,1,High-Spend Transactor,0.6899,1.692,True,1.0.0,0.575
C18214,0,Cash-Advance Reliant,0.793,1.2553,True,1.0.0,0.45
C18215,2,Revolving Borrower,0.5931,1.7445,True,1.0.0,0.475
C18216,2,Revolving Borrower,0.2023,3.1518,True,1.0.0,0.45
C18217,1,High-Spend Transactor,0.2347,5.9575,True,1.0.0,0.575
C18218,1,High-Spend Transactor,0.4513,3.8377,True,1.0.0,0.575
C18219,0,Cash-Advance Reliant,0.711,1.9175,True,1.0.0,0.45
C18220,1,High-Spend Transactor,0.5014,3.5781,True,1.0.0,0.575
C18221,1,High-Spend Transactor,0.5562,2.7257,True,1.0.0,0.575
C18222,1,High-Spend Transactor,0.4453,3.0391,True,1.0.0,0.575
C18223,1,High-Spend Transactor,0.1358,4.7264,False,1.0.0,0.575
C18224,0,Cash-Advance Reliant,0.2013,3.7921,True,1.0.0,0.45
C18225,1,High-Spend Transactor,0.0875,5.3176,False,1.0.0,0.575
C18226,1,High-Spend Transactor,0.3308,3.3954,True,1.0.0,0.575
C18227,1,High-Spend Transactor,0.6269,2.2371,True,1.0.0,0.575
C18228,1,High-Spend Transactor,0.4661,3.0823,True,1.0.0,0.575
C18229,0,Cash-Advance Reliant,0.1821,3.0354,True,1.0.0,0.45
C18230,1,High-Spend Transactor,0.3226,4.0947,True,1.0.0,0.575
C18231,1,High-Spend Transactor,0.3234,5.5347,True,1.0.0,0.575
C18232,1,High-Spend Transactor,0.5819,2.1351,True,1.0.0,0.575
C18233,1,High-Spend Transactor,0.4781,2.9367,True,1.0.0,0.575
C18234,1,High-Spend Transactor,0.5121,3.3953,True,1.0.0,0.575
C18235,1,High-Spend Transactor,0.1473,4.948,False,1.0.0,0.575
C18236,0,Cash-Advance Reliant,0.0606,4.2359,False,1.0.0,0.45
C18237,1,High-Spend Transactor,0.4145,3.4278,True,1.0.0,0.575
C18238,2,Revolving Borrower,0.2049,4.2843,True,1.0.0,0.475
C18239,1,High-Spend Transactor,0.5256,3.0355,True,1.0.0,0.575
C18240,1,High-Spend Transactor,0.2884,5.9036,True,1.0.0,0.575
C18241,1,High-Spend Transactor,0.4214,3.2897,True,1.0.0,0.575
C18242,1,High-Spend Transactor,0.3774,4.0014,True,1.0.0,0.575
C18243,2,Revolving Borrower,0.0401,5.285,False,1.0.0,0.475
C18244,2,Revolving Borrower,0.2638,3.7485,True,1.0.0,0.475
C18245,2,Revolving Borrower,0.5314,2.8604,True,1.0.0,0.475
C18246,0,Cash-Advance Reliant,0.3197,2.807,True,1.0.0,0.45
C18247,1,High-Spend Transactor,0.3661,3.7737,True,1.0.0,0.575
C18248,1,High-Spend Transactor,0.201,6.8098,True,1.0.0,0.575
C18249,0,Cash-Advance Reliant,0.4666,3.4264,True,1.0.0,0.45
C18250,1,High-Spend Transactor,0.6121,2.3902,True,1.0.0,0.575
C18251,0,Cash-Advance Reliant,0.7192,1.6444,True,1.0.0,0.45
C18252,1,High-Spend Transactor,0.4224,3.7226,True,1.0.0,0.575
C18253,0,Cash-Advance Reliant,0.6082,2.6297,True,1.0.0,0.45
C18254,2,Revolving Borrower,0.3792,2.8451,True,1.0.0,0.475
C18255,0,Cash-Advance Reliant,0.0401,4.8263,False,1.0.0,0.45
C18256,1,High-Spend Transactor,0.5443,2.6155,True,1.0.0,0.575
C18257,1,High-Spend Transactor,0.5497,2.8844,True,1.0.0,0.575
C18258,0,Cash-Advance Reliant,0.6304,2.2786,True,1.0.0,0.45
C18259,1,High-Spend Transactor,0.5553,2.8672,True,1.0.0,0.575
C18260,1,High-Spend Transactor,0.5214,3.2597,True,1.0.0,0.575
C18261,1,High-Spend Transactor,0.5215,2.827,True,1.0.0,0.575
C18262,1,High-Spend Transactor,0.4601,3.1602,True,1.0.0,0.575
C18263,0,Cash-Advance Reliant,0.7472,1.542,True,1.0.0,0.45
C18264,1,High-Spend Transactor,0.2524,3.5998,True,1.0.0,0.575
C18266,0,Cash-Advance Reliant,0.6129,2.4888,True,1.0.0,0.45
C18267,0,Cash-Advance Reliant,0.7784,1.3425,True,1.0.0,0.45
C18268,1,High-Spend Transactor,0.3011,5.6077,True,1.0.0,0.575
C18269,2,Revolving Borrower,0.0756,4.6769,False,1.0.0,0.45
C18270,2,Revolving Borrower,0.4515,2.9466,True,1.0.0,0.475
C18271,0,Cash-Advance Reliant,0.673,2.0679,True,1.0.0,0.45
C18272,2,Revolving Borrower,0.4414,2.5935,True,1.0.0,0.475
C18273,2,Revolving Borrower,0.2227,3.6098,True,1.0.0,0.45
C18274,1,High-Spend Transactor,0.3927,3.2566,True,1.0.0,0.575
C18275,1,High-Spend Transactor,0.515,2.6895,True,1.0.0,0.575
C18276,1,High-Spend Transactor,0.5163,3.3233,True,1.0.0,0.575
C18277,1,High-Spend Transactor,0.5347,2.9869,True,1.0.0,0.575
C18278,0,Cash-Advance Reliant,0.2608,3.1402,True,1.0.0,0.45
C18279,1,High-Spend Transactor,0.4188,3.4373,True,1.0.0,0.575
C18280,1,High-Spend Transactor,0.4367,3.01,True,1.0.0,0.575
C18281,1,High-Spend Transactor,0.4331,3.5394,True,1.0.0,0.575
C18282,0,Cash-Advance Reliant,0.8705,0.7829,True,1.0.0,0.45
C18283,1,High-Spend Transactor,0.0718,5.1757,False,1.0.0,0.575
C18284,1,High-Spend Transactor,0.5261,3.2879,True,1.0.0,0.575
C18285,1,High-Spend Transactor,0.493,3.1392,True,1.0.0,0.575
C18286,1,High-Spend Transactor,0.4991,3.4263,True,1.0.0,0.575
C18287,0,Cash-Advance Reliant,0.5974,2.6823,True,1.0.0,0.45
C18288,1,High-Spend Transactor,0.3052,3.7363,True,1.0.0,0.575
C18289,1,High-Spend Transactor,0.6409,1.9555,True,1.0.0,0.575
C18290,0,Cash-Advance Reliant,0.6953,1.9866,True,1.0.0,0.45
C18291,1,High-Spend Transactor,0.337,3.8462,True,1.0.0,0.575
C18292,2,Revolving Borrower,0.7014,1.5237,True,1.0.0,0.475
C18293,0,Cash-Advance Reliant,0.5047,3.4422,True,1.0.0,0.45
C18294,0,Cash-Advance Reliant,0.7894,1.2672,True,1.0.0,0.45
C18296,2,Revolving Borrower,0.2265,4.0257,True,1.0.0,0.475
C18297,1,High-Spend Transactor,0.5015,2.9351,True,1.0.0,0.575
C18298,2,Revolving Borrower,0.1636,3.9649,True,1.0.0,0.475
C18299,2,Revolving Borrower,0.1213,3.2677,False,1.0.0,0.475
C18300,1,High-Spend Transactor,0.4858,3.2932,True,1.0.0,0.575
C18301,0,Cash-Advance Reliant,0.3741,4.9132,True,1.0.0,0.45
C18302,1,High-Spend Transactor,0.2761,6.1065,True,1.0.0,0.575
C18303,1,High-Spend Transactor,0.3946,3.4849,True,1.0.0,0.575
C18304,0,Cash-Advance Reliant,0.651,2.1792,True,1.0.0,0.45
C18305,0,Cash-Advance Reliant,0.3998,2.651,True,1.0.0,0.45
C18306,1,High-Spend Transactor,0.5513,2.9735,True,1.0.0,0.575
C18307,0,Cash-Advance Reliant,0.8274,1.0502,True,1.0.0,0.45
C18308,2,Revolving Borrower,0.6738,1.9604,True,1.0.0,0.475
C18309,1,High-Spend Transactor,0.5254,3.2956,True,1.0.0,0.575
C18310,1,High-Spend Transactor,0.5636,2.8612,True,1.0.0,0.575
C18311,1,High-Spend Transactor,0.2554,6.6815,True,1.0.0,0.575
C18312,1,High-Spend Transactor,0.4753,3.5507,True,1.0.0,0.575
C18313,1,High-Spend Transactor,0.4391,3.3265,True,1.0.0,0.575
C18314,1,High-Spend Transactor,0.0436,4.8564,False,1.0.0,0.525
C18315,1,High-Spend Transactor,0.2049,3.5759,True,1.0.0,0.575
C18316,1,High-Spend Transactor,0.2206,6.5787,True,1.0.0,0.575
C18317,0,Cash-Advance Reliant,0.2614,3.0033,True,1.0.0,0.45
C18318,1,High-Spend Transactor,0.2444,4.4095,True,1.0.0,0.575
C18319,1,High-Spend Transactor,0.4162,4.0184,True,1.0.0,0.575
C18320,0,Cash-Advance Reliant,0.6926,1.9258,True,1.0.0,0.45
C18321,2,Revolving Borrower,0.2193,4.1843,True,1.0.0,0.45
C18322,1,High-Spend Transactor,0.6535,1.9747,True,1.0.0,0.575
C18323,1,High-Spend Transactor,0.4876,3.7279,True,1.0.0,0.575
C18324,2,Revolving Borrower,0.2765,4.3641,True,1.0.0,0.475
C18326,1,High-Spend Transactor,0.4843,2.694,True,1.0.0,0.575
C18327,1,High-Spend Transactor,0.5752,2.6963,True,1.0.0,0.575
C18328,1,High-Spend Transactor,0.5383,2.5586,True,1.0.0,0.575
C18329,1,High-Spend Transactor,0.4667,3.5358,True,1.0.0,0.575
C18330,1,High-Spend Transactor,0.4701,2.9306,True,1.0.0,0.6
C18331,0,Cash-Advance Reliant,0.4587,2.3999,True,1.0.0,0.45
C18332,1,High-Spend Transactor,0.5226,3.2181,True,1.0.0,0.575
C18333,2,Revolving Borrower,0.0101,4.3043,False,1.0.0,0.35
C18334,1,High-Spend Transactor,0.4847,3.4388,True,1.0.0,0.575
C18335,1,High-Spend Transactor,0.4154,3.86,True,1.0.0,0.575
C18336,1,High-Spend Transactor,0.5482,3.0113,True,1.0.0,0.575
C18337,1,High-Spend Transactor,0.3176,3.6943,True,1.0.0,0.575
C18338,2,Revolving Borrower,0.1132,3.4798,False,1.0.0,0.475
C18339,0,Cash-Advance Reliant,0.6527,2.0359,True,1.0.0,0.45
C18340,0,Cash-Advance Reliant,0.8215,1.0827,True,1.0.0,0.45
C18341,0,Cash-Advance Reliant,0.6996,1.8783,True,1.0.0,0.45
C18342,0,Cash-Advance Reliant,0.7239,1.7153,True,1.0.0,0.45
C18343,1,High-Spend Transactor,0.5934,2.3174,True,1.0.0,0.575
C18344,2,Revolving Borrower,0.3892,3.2688,True,1.0.0,0.475
C18345,1,High-Spend Transactor,0.3237,3.5081,True,1.0.0,0.575
C18346,1,High-Spend Transactor,0.5439,3.0402,True,1.0.0,0.575
C18347,2,Revolving Borrower,0.4511,3.0334,True,1.0.0,0.475
C18348,2,Revolving Borrower,0.485,2.4261,True,1.0.0,0.475
C18349,1,High-Spend Transactor,0.5498,2.7408,True,1.0.0,0.575
C18350,1,High-Spend Transactor,0.2732,3.7925,True,1.0.0,0.6
C18351,0,Cash-Advance Reliant,0.7749,1.3764,True,1.0.0,0.45
C18352,1,High-Spend Transactor,0.3753,4.0367,True,1.0.0,0.575
C18353,2,Revolving Borrower,0.1837,3.5439,True,1.0.0,0.475
C18354,1,High-Spend Transactor,0.3796,3.8353,True,1.0.0,0.575
C18355,1,High-Spend Transactor,0.387,3.1494,True,1.0.0,0.575
C18356,1,High-Spend Transactor,0.652,2.1098,True,1.0.0,0.575
C18357,0,Cash-Advance Reliant,0.2452,6.9231,True,1.0.0,0.45
C18358,0,Cash-Advance Reliant,0.6999,1.8265,True,1.0.0,0.45
C18359,0,Cash-Advance Reliant,0.6775,2.0769,True,1.0.0,0.45
C18360,0,Cash-Advance Reliant,0.7385,1.5554,True,1.0.0,0.45
C18361,2,Revolving Borrower,0.383,3.1757,True,1.0.0,0.475
C18362,0,Cash-Advance Reliant,0.681,2.167,True,1.0.0,0.45
C18363,0,Cash-Advance Reliant,0.6938,1.93,True,1.0.0,0.45
C18364,1,High-Spend Transactor,0.5726,2.5181,True,1.0.0,0.575
C18365,0,Cash-Advance Reliant,0.6727,2.0869,True,1.0.0,0.45
C18366,2,Revolving Borrower,0.7236,1.3404,True,1.0.0,0.475
C18367,0,Cash-Advance Reliant,0.7057,1.8309,True,1.0.0,0.45
C18368,2,Revolving Borrower,0.8131,1.0366,True,1.0.0,0.475
C18369,1,High-Spend Transactor,0.2109,3.9438,True,1.0.0,0.575
C18370,0,Cash-Advance Reliant,0.353,2.7828,True,1.0.0,0.45
C18371,0,Cash-Advance Reliant,0.6691,1.956,True,1.0.0,0.45
C18372,1,High-Spend Transactor,0.5198,3.3626,True,1.0.0,0.575
C18373,1,High-Spend Transactor,0.5025,3.2713,True,1.0.0,0.575
C18374,0,Cash-Advance Reliant,0.2223,3.5039,True,1.0.0,0.45
C18375,1,High-Spend Transactor,0.48,2.9405,True,1.0.0,0.575
C18376,1,High-Spend Transactor,0.3402,4.1986,True,1.0.0,0.575
C18377,0,Cash-Advance Reliant,0.0415,4.8314,False,1.0.0,0.375
C18378,0,Cash-Advance Reliant,0.282,5.4248,True,1.0.0,0.45
C18379,1,High-Spend Transactor,0.4157,3.3612,True,1.0.0,0.6
C18380,0,Cash-Advance Reliant,0.5202,3.246,True,1.0.0,0.45
C18381,1,High-Spend Transactor,0.2756,3.7635,True,1.0.0,0.575
C18382,2,Revolving Borrower,0.1896,3.0126,True,1.0.0,0.45
C18383,2,Revolving Borrower,0.1155,3.5842,False,1.0.0,0.475
C18384,2,Revolving Borrower,0.6091,1.8328,True,1.0.0,0.475
C18385,1,High-Spend Transactor,0.3254,3.0918,True,1.0.0,0.575
C18386,1,High-Spend Transactor,0.0119,4.8097,False,1.0.0,0.45
C18387,2,Revolving Borrower,0.0748,4.5899,False,1.0.0,0.45
C18388,1,High-Spend Transactor,0.3566,3.8233,True,1.0.0,0.575
C18389,1,High-Spend Transactor,0.2782,5.8471,True,1.0.0,0.575
C18390,0,Cash-Advance Reliant,0.4496,3.9758,True,1.0.0,0.45
C18391,2,Revolving Borrower,0.2949,3.496,True,1.0.0,0.475
C18392,1,High-Spend Transactor,0.5474,2.9838,True,1.0.0,0.575
C18393,1,High-Spend Transactor,0.4727,3.6004,True,1.0.0,0.575
C18394,2,Revolving Borrower,0.1148,3.8673,False,1.0.0,0.475
C18395,1,High-Spend Transactor,0.5376,2.751,True,1.0.0,0.575
C18396,1,High-Spend Transactor,0.5267,2.9848,True,1.0.0,0.575
C18397,1,High-Spend Transactor,0.5053,2.5244,True,1.0.0,0.575
C18398,1,High-Spend Transactor,0.4249,3.551,True,1.0.0,0.575
C18399,1,High-Spend Transactor,0.5649,2.4207,True,1.0.0,0.575
C18400,0,Cash-Advance Reliant,0.5933,2.655,True,1.0.0,0.45
C18401,1,High-Spend Transactor,0.4723,2.1953,True,1.0.0,0.575
C18402,2,Revolving Borrower,0.2736,4.3516,True,1.0.0,0.475
C18403,2,Revolving Borrower,0.5545,1.9774,True,1.0.0,0.475
C18404,1,High-Spend Transactor,0.3791,3.9505,True,1.0.0,0.575
C18405,1,High-Spend Transactor,0.2412,4.1149,True,1.0.0,0.575
C18406,1,High-Spend Transactor,0.2328,4.1145,True,1.0.0,0.575
C18407,0,Cash-Advance Reliant,0.6997,1.8718,True,1.0.0,0.45
C18408,0,Cash-Advance Reliant,0.6479,2.3351,True,1.0.0,0.45
C18409,1,High-Spend Transactor,0.5568,2.4737,True,1.0.0,0.575
C18410,1,High-Spend Transactor,0.4329,3.8705,True,1.0.0,0.575
C18411,1,High-Spend Transactor,0.2478,6.2898,True,1.0.0,0.575
C18412,1,High-Spend Transactor,0.2549,3.8618,True,1.0.0,0.575
C18413,0,Cash-Advance Reliant,0.8649,0.8095,True,1.0.0,0.45
C18414,1,High-Spend Transactor,0.1547,5.632,True,1.0.0,0.575
C18415,0,Cash-Advance Reliant,0.099,4.2174,False,1.0.0,0.45
C18416,1,High-Spend Transactor,0.5302,2.564,True,1.0.0,0.575
C18417,1,High-Spend Transactor,0.2855,3.2521,True,1.0.0,0.575
C18418,1,High-Spend Transactor,0.2277,5.835,True,1.0.0,0.575
C18419,2,Revolving Borrower,0.373,3.0746,True,1.0.0,0.475
C18420,2,Revolving Borrower,0.4706,2.6168,True,1.0.0,0.475
C18421,1,High-Spend Transactor,0.5205,3.0814,True,1.0.0,0.575
C18422,1,High-Spend Transactor,0.5188,3.0627,True,1.0.0,0.575
C18423,0,Cash-Advance Reliant,0.6831,2.018,True,1.0.0,0.45
C18424,0,Cash-Advance Reliant,0.3754,2.7543,True,1.0.0,0.45
C18425,1,High-Spend Transactor,0.566,2.3373,True,1.0.0,0.575
C18426,0,Cash-Advance Reliant,0.8067,1.1654,True,1.0.0,0.45
C18427,0,Cash-Advance Reliant,0.7665,1.4183,True,1.0.0,0.45
C18428,0,Cash-Advance Reliant,0.527,3.1113,True,1.0.0,0.45
C18429,1,High-Spend Transactor,0.2422,3.7778,True,1.0.0,0.575
C18430,1,High-Spend Transactor,0.4686,3.0369,True,1.0.0,0.575
C18431,0,Cash-Advance Reliant,0.7215,1.8574,True,1.0.0,0.45
C18432,1,High-Spend Transactor,0.1678,6.4829,True,1.0.0,0.575
C18433,0,Cash-Advance Reliant,0.2222,4.5834,True,1.0.0,0.45
C18434,1,High-Spend Transactor,0.4823,3.1408,True,1.0.0,0.575
C18435,2,Revolving Borrower,0.4564,2.9781,True,1.0.0,0.475
C18436,2,Revolving Borrower,0.1991,2.9446,True,1.0.0,0.45
C18437,2,Revolving Borrower,0.437,3.0673,True,1.0.0,0.475
C18438,1,High-Spend Transactor,0.2071,4.5804,True,1.0.0,0.575
C18439,1,High-Spend Transactor,0.5486,3.0517,True,1.0.0,0.575
C18440,1,High-Spend Transactor,0.0664,4.9924,False,1.0.0,0.575
C18441,1,High-Spend Transactor,0.5334,3.0688,True,1.0.0,0.575
C18442,0,Cash-Advance Reliant,0.1438,4.1262,False,1.0.0,0.45
C18443,2,Revolving Borrower,0.1031,3.3113,False,1.0.0,0.425
C18444,1,High-Spend Transactor,0.5431,2.8389,True,1.0.0,0.575
C18445,1,High-Spend Transactor,0.4165,3.6439,True,1.0.0,0.575
C18446,0,Cash-Advance Reliant,0.3336,4.9946,True,1.0.0,0.45
C18447,2,Revolving Borrower,0.5589,2.6499,True,1.0.0,0.475
C18449,1,High-Spend Transactor,0.5594,2.7468,True,1.0.0,0.575
C18450,1,High-Spend Transactor,0.1648,7.2478,True,1.0.0,0.575
C18451,0,Cash-Advance Reliant,0.3329,4.4695,True,1.0.0,0.45
C18452,1,High-Spend Transactor,0.0606,5.1418,False,1.0.0,0.575
C18453,1,High-Spend Transactor,0.4408,3.2084,True,1.0.0,0.575
C18454,1,High-Spend Transactor,0.5843,2.6252,True,1.0.0,0.575
C18455,1,High-Spend Transactor,0.4661,3.3578,True,1.0.0,0.575
C18456,0,Cash-Advance Reliant,0.8172,1.1219,True,1.0.0,0.45
C18457,1,High-Spend Transactor,0.328,3.8006,True,1.0.0,0.575
C18458,0,Cash-Advance Reliant,0.4493,3.5359,True,1.0.0,0.45
C18459,1,High-Spend Transactor,0.6108,1.904,True,1.0.0,0.575
C18460,1,High-Spend Transactor,0.3356,3.4716,True,1.0.0,0.575
C18461,2,Revolving Borrower,0.2958,3.8856,True,1.0.0,0.475
C18462,1,High-Spend Transactor,0.4769,3.5933,True,1.0.0,0.575
C18463,0,Cash-Advance Reliant,0.7549,1.4867,True,1.0.0,0.45
C18464,0,Cash-Advance Reliant,0.6085,2.6722,True,1.0.0,0.45
C18465,0,Cash-Advance Reliant,0.4457,3.4984,True,1.0.0,0.45
C18466,1,High-Spend Transactor,0.6543,1.9031,True,1.0.0,0.575
C18467,1,High-Spend Transactor,0.5441,2.7785,True,1.0.0,0.575
C18468,1,High-Spend Transactor,0.5684,2.6988,True,1.0.0,0.575
C18469,1,High-Spend Transactor,0.552,2.65,True,1.0.0,0.575
C18470,1,High-Spend Transactor,0.6363,2.2643,True,1.0.0,0.575
C18471,0,Cash-Advance Reliant,0.6903,1.985,True,1.0.0,0.45
C18472,0,Cash-Advance Reliant,0.6879,1.842,True,1.0.0,0.45
C18473,1,High-Spend Transactor,0.5701,2.5588,True,1.0.0,0.575
C18474,1,High-Spend Transactor,0.7323,1.3593,True,1.0.0,0.575
C18475,0,Cash-Advance Reliant,0.8625,0.8292,True,1.0.0,0.45
C18476,1,High-Spend Transactor,0.5767,2.3941,True,1.0.0,0.575
C18477,1,High-Spend Transactor,0.279,4.2159,True,1.0.0,0.575
C18478,2,Revolving Borrower,0.0866,3.4011,False,1.0.0,0.45
C18479,2,Revolving Borrower,0.69,1.7538,True,1.0.0,0.475
C18480,1,High-Spend Transactor,0.3936,3.225,True,1.0.0,0.575
C18481,1,High-Spend Transactor,0.2767,4.6292,True,1.0.0,0.575
C18482,1,High-Spend Transactor,0.5503,2.6317,True,1.0.0,0.575
C18483,1,High-Spend Transactor,0.5314,2.9408,True,1.0.0,0.575
C18484,1,High-Spend Transactor,0.5259,2.8333,True,1.0.0,0.575
C18485,0,Cash-Advance Reliant,0.286,6.4933,True,1.0.0,0.45
C18486,0,Cash-Advance Reliant,0.1878,3.4407,True,1.0.0,0.45
C18487,2,Revolving Borrower,0.4505,2.6593,True,1.0.0,0.475
C18488,0,Cash-Advance Reliant,0.8201,1.0696,True,1.0.0,0.45
C18489,0,Cash-Advance Reliant,0.2852,6.5071,True,1.0.0,0.45
C18490,2,Revolving Borrower,0.3536,3.0363,True,1.0.0,0.475
C18491,2,Revolving Borrower,0.434,2.1486,True,1.0.0,0.475
C18492,2,Revolving Borrower,0.1999,4.5113,True,1.0.0,0.475
C18493,2,Revolving Borrower,0.5379,2.6359,True,1.0.0,0.475
C18494,1,High-Spend Transactor,0.6622,1.9767,True,1.0.0,0.575
C18495,2,Revolving Borrower,0.3327,4.2464,True,1.0.0,0.475
C18496,1,High-Spend Transactor,0.3661,3.7979,True,1.0.0,0.575
C18497,0,Cash-Advance Reliant,0.7785,1.3413,True,1.0.0,0.45
C18498,1,High-Spend Transactor,0.3706,4.102,True,1.0.0,0.575
C18499,1,High-Spend Transactor,0.5731,2.602,True,1.0.0,0.575
C18500,2,Revolving Borrower,0.3257,3.2187,True,1.0.0,0.475
C18501,2,Revolving Borrower,0.0147,4.4589,False,1.0.0,0.45
C18502,0,Cash-Advance Reliant,0.6125,2.6188,True,1.0.0,0.45
C18503,0,Cash-Advance Reliant,0.7529,1.5305,True,1.0.0,0.45
C18504,0,Cash-Advance Reliant,0.6294,2.274,True,1.0.0,0.45
C18505,0,Cash-Advance Reliant,0.6827,1.9612,True,1.0.0,0.45
C18506,1,High-Spend Transactor,0.5041,2.6878,True,1.0.0,0.575
C18507,1,High-Spend Transactor,0.5267,2.961,True,1.0.0,0.575
C18508,0,Cash-Advance Reliant,0.458,2.2673,True,1.0.0,0.45
C18509,0,Cash-Advance Reliant,0.7582,1.4761,True,1.0.0,0.45
C18510,1,High-Spend Transactor,0.5094,2.9339,True,1.0.0,0.575
C18511,1,High-Spend Transactor,0.447,3.5538,True,1.0.0,0.575
C18512,1,High-Spend Transactor,0.5212,2.9382,True,1.0.0,0.575
C18513,2,Revolving Borrower,0.5898,2.1611,True,1.0.0,0.475
C18514,1,High-Spend Transactor,0.4086,3.7113,True,1.0.0,0.575
C18515,1,High-Spend Transactor,0.4456,3.5517,True,1.0.0,0.575
C18516,1,High-Spend Transactor,0.4985,2.8012,True,1.0.0,0.575
C18517,2,Revolving Borrower,0.4045,3.4695,True,1.0.0,0.475
C18518,0,Cash-Advance Reliant,0.5931,2.8835,True,1.0.0,0.45
C18519,0,Cash-Advance Reliant,0.78,1.3192,True,1.0.0,0.45
C18520,1,High-Spend Transactor,0.5442,2.8414,True,1.0.0,0.575
C18521,1,High-Spend Transactor,0.5483,2.7783,True,1.0.0,0.575
C18522,0,Cash-Advance Reliant,0.7737,1.3419,True,1.0.0,0.45
C18523,0,Cash-Advance Reliant,0.6267,2.3992,True,1.0.0,0.45
C18524,1,High-Spend Transactor,0.4715,3.3775,True,1.0.0,0.575
C18525,1,High-Spend Transactor,0.2628,4.2317,True,1.0.0,0.6
C18526,2,Revolving Borrower,0.1629,3.9918,True,1.0.0,0.45
C18527,0,Cash-Advance Reliant,0.7987,1.1844,True,1.0.0,0.45
C18528,2,Revolving Borrower,0.4856,3.2729,True,1.0.0,0.475
C18529,2,Revolving Borrower,0.1132,3.5037,False,1.0.0,0.45
C18530,0,Cash-Advance Reliant,0.7019,1.7874,True,1.0.0,0.45
C18531,2,Revolving Borrower,0.5735,2.2525,True,1.0.0,0.475
C18532,2,Revolving Borrower,0.5824,2.0469,True,1.0.0,0.475
C18533,1,High-Spend Transactor,0.5337,2.8992,True,1.0.0,0.575
C18534,1,High-Spend Transactor,0.3416,3.7125,True,1.0.0,0.575
C18535,2,Revolving Borrower,0.1048,4.4827,False,1.0.0,0.45
C18536,0,Cash-Advance Reliant,0.552,2.7118,True,1.0.0,0.45
C18537,0,Cash-Advance Reliant,0.5371,3.3032,True,1.0.0,0.45
C18538,0,Cash-Advance Reliant,0.4225,2.9738,True,1.0.0,0.45
C18539,0,Cash-Advance Reliant,0.7193,1.7536,True,1.0.0,0.45
C18540,0,Cash-Advance Reliant,0.6922,2.0374,True,1.0.0,0.45
C18541,0,Cash-Advance Reliant,0.7943,1.2618,True,1.0.0,0.45
C18542,1,High-Spend Transactor,0.2554,4.6728,True,1.0.0,0.575
C18543,0,Cash-Advance Reliant,0.1448,4.3144,False,1.0.0,0.45
C18544,1,High-Spend Transactor,0.2478,4.5773,True,1.0.0,0.575
C18545,2,Revolving Borrower,0.3333,4.4102,True,1.0.0,0.475
C18546,1,High-Spend Transactor,0.4406,3.2789,True,1.0.0,0.575
C18547,1,High-Spend Transactor,0.5513,2.47,True,1.0.0,0.575
C18548,0,Cash-Advance Reliant,0.3478,4.041,True,1.0.0,0.45
C18549,1,High-Spend Transactor,0.0021,4.1419,False,1.0.0,0.425
C18550,1,High-Spend Transactor,0.2141,6.2413,True,1.0.0,0.575
C18551,2,Revolving Borrower,0.3508,4.1325,True,1.0.0,0.475
C18552,1,High-Spend Transactor,0.5212,3.0459,True,1.0.0,0.575
C18553,0,Cash-Advance Reliant,0.2878,6.1319,True,1.0.0,0.45
C18554,0,Cash-Advance Reliant,0.1574,6.423,True,1.0.0,0.45
C18555,1,High-Spend Transactor,0.4975,3.5102,True,1.0.0,0.575
C18556,1,High-Spend Transactor,0.393,3.191,True,1.0.0,0.575
C18557,1,High-Spend Transactor,0.362,4.0714,True,1.0.0,0.575
C18558,1,High-Spend Transactor,0.4289,3.8014,True,1.0.0,0.575
C18559,0,Cash-Advance Reliant,0.4573,2.8145,True,1.0.0,0.45
C18560,1,High-Spend Transactor,0.5721,2.6342,True,1.0.0,0.575
C18561,1,High-Spend Transactor,0.4568,3.2471,True,1.0.0,0.575
C18562,1,High-Spend Transactor,0.554,2.5093,True,1.0.0,0.575
C18563,1,High-Spend Transactor,0.7388,1.065,True,1.0.0,0.575
C18564,1,High-Spend Transactor,0.3468,4.3028,True,1.0.0,0.575
C18565,2,Revolving Borrower,0.4565,2.4589,True,1.0.0,0.475
C18566,1,High-Spend Transactor,0.5289,3.2502,True,1.0.0,0.575
C18567,0,Cash-Advance Reliant,0.7097,1.8318,True,1.0.0,0.45
C18568,0,Cash-Advance Reliant,0.5195,3.1291,True,1.0.0,0.45
C18569,1,High-Spend Transactor,0.5193,2.9557,True,1.0.0,0.575
C18570,1,High-Spend Transactor,0.1267,5.0116,False,1.0.0,0.575
C18571,0,Cash-Advance Reliant,0.004,3.9195,False,1.0.0,0.225
C18572,0,Cash-Advance Reliant,0.3211,5.2048,True,1.0.0,0.45
C18573,1,High-Spend Transactor,0.179,4.2829,True,1.0.0,0.575
C18574,1,High-Spend Transactor,0.2386,3.873,True,1.0.0,0.575
C18575,0,Cash-Advance Reliant,0.1776,3.8028,True,1.0.0,0.45
C18577,1,High-Spend Transactor,0.2843,3.9332,True,1.0.0,0.575
C18578,1,High-Spend Transactor,0.5256,2.5019,True,1.0.0,0.6
C18579,1,High-Spend Transactor,0.4374,3.1589,True,1.0.0,0.575
C18580,2,Revolving Borrower,0.3999,3.0479,True,1.0.0,0.475
C18582,1,High-Spend Transactor,0.1717,4.1554,True,1.0.0,0.575
C18583,1,High-Spend Transactor,0.3926,3.2775,True,1.0.0,0.575
C18584,1,High-Spend Transactor,0.546,2.9999,True,1.0.0,0.575
C18585,2,Revolving Borrower,0.5142,2.7542,True,1.0.0,0.475
C18586,1,High-Spend Transactor,0.4705,3.1648,True,1.0.0,0.575
C18587,1,High-Spend Transactor,0.569,2.6992,True,1.0.0,0.575
C18588,0,Cash-Advance Reliant,0.7132,1.7217,True,1.0.0,0.45
C18589,0,Cash-Advance Reliant,0.6229,2.5117,True,1.0.0,0.45
C18590,1,High-Spend Transactor,0.4989,3.0206,True,1.0.0,0.575
C18591,1,High-Spend Transactor,0.3801,3.8952,True,1.0.0,0.575
C18592,1,High-Spend Transactor,0.553,2.7594,True,1.0.0,0.575
C18593,0,Cash-Advance Reliant,0.4586,3.9059,True,1.0.0,0.45
C18594,0,Cash-Advance Reliant,0.8345,0.9768,True,1.0.0,0.45
C18595,1,High-Spend Transactor,0.4784,3.3991,True,1.0.0,0.575
C18596,1,High-Spend Transactor,0.4673,2.8461,True,1.0.0,0.575
C18598,0,Cash-Advance Reliant,0.7964,1.2827,True,1.0.0,0.45
C18599,2,Revolving Borrower,0.0809,3.9941,False,1.0.0,0.475
C18600,1,High-Spend Transactor,0.4557,3.6405,True,1.0.0,0.575
C18601,0,Cash-Advance Reliant,0.5923,2.7849,True,1.0.0,0.45
C18602,1,High-Spend Transactor,0.4703,3.2496,True,1.0.0,0.575
C18603,1,High-Spend Transactor,0.5854,2.1831,True,1.0.0,0.575
C18604,2,Revolving Borrower,0.3721,2.688,True,1.0.0,0.475
C18605,1,High-Spend Transactor,0.5038,3.1085,True,1.0.0,0.575
C18606,1,High-Spend Transactor,0.5023,3.2972,True,1.0.0,0.575
C18607,1,High-Spend Transactor,0.3322,2.9852,True,1.0.0,0.575
C18608,1,High-Spend Transactor,0.3908,4.0494,True,1.0.0,0.575
C18609,1,High-Spend Transactor,0.3455,4.0522,True,1.0.0,0.575
C18610,1,High-Spend Transactor,0.3878,4.2656,True,1.0.0,0.575
C18611,1,High-Spend Transactor,0.2879,4.5128,True,1.0.0,0.575
C18613,1,High-Spend Transactor,0.4953,2.7926,True,1.0.0,0.575
C18614,1,High-Spend Transactor,0.5812,2.0152,True,1.0.0,0.575
C18615,1,High-Spend Transactor,0.637,2.1613,True,1.0.0,0.575
C18616,0,Cash-Advance Reliant,0.6856,2.0225,True,1.0.0,0.45
C18617,1,High-Spend Transactor,0.3088,3.5385,True,1.0.0,0.575
C18618,1,High-Spend Transactor,0.4183,4.0503,True,1.0.0,0.575
C18619,1,High-Spend Transactor,0.5503,2.5791,True,1.0.0,0.575
C18620,2,Revolving Borrower,0.3976,3.061,True,1.0.0,0.475
C18621,1,High-Spend Transactor,0.3459,3.0168,True,1.0.0,0.575
C18622,0,Cash-Advance Reliant,0.6064,2.5773,True,1.0.0,0.45
C18623,2,Revolving Borrower,0.5577,2.0935,True,1.0.0,0.475
C18624,1,High-Spend Transactor,0.3818,3.0124,True,1.0.0,0.575
C18625,1,High-Spend Transactor,0.2146,6.3,True,1.0.0,0.575
C18626,1,High-Spend Transactor,0.0209,6.0509,False,1.0.0,0.675
C18627,0,Cash-Advance Reliant,0.7999,1.2131,True,1.0.0,0.45
C18628,1,High-Spend Transactor,0.4991,3.4242,True,1.0.0,0.575
C18629,1,High-Spend Transactor,0.2274,6.6472,True,1.0.0,0.575
C18631,1,High-Spend Transactor,0.4374,3.8069,True,1.0.0,0.575
C18632,1,High-Spend Transactor,0.4488,2.4728,True,1.0.0,0.575
C18633,1,High-Spend Transactor,0.4829,3.3067,True,1.0.0,0.575
C18634,1,High-Spend Transactor,0.6252,1.9705,True,1.0.0,0.575
C18635,0,Cash-Advance Reliant,0.7556,1.5794,True,1.0.0,0.45
C18636,0,Cash-Advance Reliant,0.591,2.5476,True,1.0.0,0.45
C18637,0,Cash-Advance Reliant,0.5884,2.5254,True,1.0.0,0.45
C18638,1,High-Spend Transactor,0.3211,4.5049,True,1.0.0,0.575
C18639,1,High-Spend Transactor,0.5708,2.6899,True,1.0.0,0.575
C18640,1,High-Spend Transactor,0.144,3.2306,False,1.0.0,0.575
C18641,2,Revolving Borrower,0.2327,3.3798,True,1.0.0,0.475
C18642,1,High-Spend Transactor,0.5253,3.2293,True,1.0.0,0.575
C18643,2,Revolving Borrower,0.5439,2.1545,True,1.0.0,0.475
C18644,2,Revolving Borrower,0.293,2.6196,True,1.0.0,0.475
C18645,2,Revolving Borrower,0.2594,3.3459,True,1.0.0,0.475
C18646,1,High-Spend Transactor,0.7346,1.383,True,1.0.0,0.575
C18647,0,Cash-Advance Reliant,0.7736,1.3495,True,1.0.0,0.45
C18648,0,Cash-Advance Reliant,0.5348,2.8359,True,1.0.0,0.45
C18649,0,Cash-Advance Reliant,0.6064,2.4768,True,1.0.0,0.45
C18650,0,Cash-Advance Reliant,0.6802,2.072,True,1.0.0,0.45
C18652,0,Cash-Advance Reliant,0.7738,1.4019,True,1.0.0,0.45
C18653,1,High-Spend Transactor,0.6744,1.8654,True,1.0.0,0.575
C18654,1,High-Spend Transactor,0.3534,4.1518,True,1.0.0,0.575
C18655,2,Revolving Borrower,0.1834,4.261,True,1.0.0,0.45
C18656,1,High-Spend Transactor,0.5435,2.9053,True,1.0.0,0.575
C18657,0,Cash-Advance Reliant,0.2762,6.6709,True,1.0.0,0.45
C18658,1,High-Spend Transactor,0.4957,3.5125,True,1.0.0,0.575
C18660,1,High-Spend Transactor,0.3669,3.6849,True,1.0.0,0.575
C18661,1,High-Spend Transactor,0.4908,3.2956,True,1.0.0,0.575
C18662,1,High-Spend Transactor,0.6237,2.0321,True,1.0.0,0.575
C18663,0,Cash-Advance Reliant,0.0202,4.5949,False,1.0.0,0.35
C18664,2,Revolving Borrower,0.5917,2.6552,True,1.0.0,0.475
C18665,2,Revolving Borrower,0.2356,4.0212,True,1.0.0,0.475
C18666,0,Cash-Advance Reliant,0.5877,2.5453,True,1.0.0,0.45
C18667,2,Revolving Borrower,0.1554,3.9696,True,1.0.0,0.475
C18668,2,Revolving Borrower,0.1915,4.5055,True,1.0.0,0.475
C18669,0,Cash-Advance Reliant,0.4723,3.5166,True,1.0.0,0.45
C18671,1,High-Spend Transactor,0.1874,6.8573,True,1.0.0,0.575
C18672,1,High-Spend Transactor,0.4801,3.0491,True,1.0.0,0.575
C18673,1,High-Spend Transactor,0.3543,4.6833,True,1.0.0,0.575
C18674,0,Cash-Advance Reliant,0.7081,1.942,True,1.0.0,0.45
C18675,2,Revolving Borrower,0.518,2.8789,True,1.0.0,0.475
C18676,1,High-Spend Transactor,0.3048,4.3014,True,1.0.0,0.575
C18677,1,High-Spend Transactor,0.5614,2.4332,True,1.0.0,0.575
C18678,1,High-Spend Transactor,0.4953,3.483,True,1.0.0,0.575
C18679,1,High-Spend Transactor,0.2353,4.1657,True,1.0.0,0.575
C18680,0,Cash-Advance Reliant,0.7317,1.6373,True,1.0.0,0.45
C18682,1,High-Spend Transactor,0.4058,3.0526,True,1.0.0,0.575
C18683,0,Cash-Advance Reliant,0.2424,3.0621,True,1.0.0,0.45
C18684,1,High-Spend Transactor,0.4131,3.1983,True,1.0.0,0.575
C18685,1,High-Spend Transactor,0.2106,4.8222,True,1.0.0,0.575
C18686,1,High-Spend Transactor,0.2203,4.0781,True,1.0.0,0.575
C18687,0,Cash-Advance Reliant,0.2897,3.0685,True,1.0.0,0.45
C18688,0,Cash-Advance Reliant,0.5272,3.2202,True,1.0.0,0.45
C18689,1,High-Spend Transactor,0.4461,3.6558,True,1.0.0,0.575
C18690,1,High-Spend Transactor,0.548,2.864,True,1.0.0,0.575
C18691,2,Revolving Borrower,0.5687,1.6131,True,1.0.0,0.475
C18692,1,High-Spend Transactor,0.5302,3.1469,True,1.0.0,0.575
C18693,0,Cash-Advance Reliant,0.0634,3.7897,False,1.0.0,0.425
C18694,0,Cash-Advance Reliant,0.4809,3.6452,True,1.0.0,0.45
C18695,1,High-Spend Transactor,0.3557,3.8583,True,1.0.0,0.6
C18696,1,High-Spend Transactor,0.5557,2.7072,True,1.0.0,0.575
C18697,1,High-Spend Transactor,0.309,3.7852,True,1.0.0,0.6
C18698,1,High-Spend Transactor,0.5269,2.9629,True,1.0.0,0.575
C18699,2,Revolving Borrower,0.5582,2.2143,True,1.0.0,0.475
C18700,2,Revolving Borrower,0.5339,2.7027,True,1.0.0,0.475
C18701,0,Cash-Advance Reliant,0.679,2.0058,True,1.0.0,0.45
C18702,1,High-Spend Transactor,0.5664,2.8286,True,1.0.0,0.575
C18703,1,High-Spend Transactor,0.3222,3.8533,True,1.0.0,0.575
C18704,1,High-Spend Transactor,0.5229,3.2149,True,1.0.0,0.575
C18705,1,High-Spend Transactor,0.5567,2.638,True,1.0.0,0.575
C18706,0,Cash-Advance Reliant,0.7418,1.5248,True,1.0.0,0.45
C18707,0,Cash-Advance Reliant,0.3861,4.2077,True,1.0.0,0.45
C18708,0,Cash-Advance Reliant,0.7317,1.777,True,1.0.0,0.45
C18709,2,Revolving Borrower,0.273,3.6241,True,1.0.0,0.45
C18710,1,High-Spend Transactor,0.1851,6.8642,True,1.0.0,0.575
C18711,1,High-Spend Transactor,0.4549,3.8123,True,1.0.0,0.575
C18712,1,High-Spend Transactor,0.5414,2.7722,True,1.0.0,0.575
C18713,0,Cash-Advance Reliant,0.2132,7.1836,True,1.0.0,0.45
C18714,1,High-Spend Transactor,0.3143,5.531,True,1.0.0,0.575
C18715,1,High-Spend Transactor,0.5638,2.8594,True,1.0.0,0.575
C18716,1,High-Spend Transactor,0.452,3.4259,True,1.0.0,0.575
C18717,1,High-Spend Transactor,0.5359,3.1537,True,1.0.0,0.575
C18718,2,Revolving Borrower,0.2362,3.6934,True,1.0.0,0.475
C18719,1,High-Spend Transactor,0.3378,3.6958,True,1.0.0,0.575
C18720,1,High-Spend Transactor,0.2274,4.5874,True,1.0.0,0.575
C18721,1,High-Spend Transactor,0.3001,5.0364,True,1.0.0,0.575
C18722,1,High-Spend Transactor,0.2317,3.6408,True,1.0.0,0.575
C18723,1,High-Spend Transactor,0.4872,2.8672,True,1.0.0,0.575
C18724,1,High-Spend Transactor,0.2977,4.5015,True,1.0.0,0.575
C18725,1,High-Spend Transactor,0.3479,2.9882,True,1.0.0,0.575
C18726,1,High-Spend Transactor,0.5035,2.9755,True,1.0.0,0.575
C18728,1,High-Spend Transactor,0.2674,4.4715,True,1.0.0,0.575
C18729,1,High-Spend Transactor,0.54,2.7956,True,1.0.0,0.575
C18730,1,High-Spend Transactor,0.5348,3.1077,True,1.0.0,0.575
C18731,1,High-Spend Transactor,0.2806,5.9496,True,1.0.0,0.575
C18732,0,Cash-Advance Reliant,0.7322,1.6637,True,1.0.0,0.45
C18733,0,Cash-Advance Reliant,0.658,2.2486,True,1.0.0,0.45
C18734,0,Cash-Advance Reliant,0.7145,1.6579,True,1.0.0,0.45
C18735,0,Cash-Advance Reliant,0.2588,6.6738,True,1.0.0,0.45
C18736,1,High-Spend Transactor,0.1883,7.1519,True,1.0.0,0.575
C18737,0,Cash-Advance Reliant,0.6171,2.5017,True,1.0.0,0.45
C18738,2,Revolving Borrower,0.285,3.1694,True,1.0.0,0.475
C18739,0,Cash-Advance Reliant,0.4825,3.7805,True,1.0.0,0.45
C18740,1,High-Spend Transactor,0.5073,2.9196,True,1.0.0,0.575
C18741,1,High-Spend Transactor,0.5285,3.23,True,1.0.0,0.575
C18742,1,High-Spend Transactor,0.5513,2.9029,True,1.0.0,0.575
C18743,1,High-Spend Transactor,0.52,3.3533,True,1.0.0,0.575
C18744,1,High-Spend Transactor,0.6051,2.1311,True,1.0.0,0.575
C18745,2,Revolving Borrower,0.3121,3.4047,True,1.0.0,0.475
C18746,2,Revolving Borrower,0.3351,4.0977,True,1.0.0,0.475
C18747,1,High-Spend Transactor,0.53,3.371,True,1.0.0,0.575
C18748,1,High-Spend Transactor,0.5673,2.3955,True,1.0.0,0.575
C18749,0,Cash-Advance Reliant,0.4562,2.2701,True,1.0.0,0.45
C18750,1,High-Spend Transactor,0.1605,6.9044,True,1.0.0,0.575
C18751,1,High-Spend Transactor,0.5567,2.8826,True,1.0.0,0.575
C18752,0,Cash-Advance Reliant,0.781,1.3361,True,1.0.0,0.45
C18753,1,High-Spend Transactor,0.5824,2.3064,True,1.0.0,0.575
C18754,1,High-Spend Transactor,0.5138,3.3444,True,1.0.0,0.575
C18755,1,High-Spend Transactor,0.5161,3.3217,True,1.0.0,0.575
C18756,2,Revolving Borrower,0.6512,1.55,True,1.0.0,0.475
C18757,1,High-Spend Transactor,0.4915,3.6491,True,1.0.0,0.575
C18758,1,High-Spend Transactor,0.5943,2.5016,True,1.0.0,0.575
C18760,1,High-Spend Transactor,0.6977,1.6683,True,1.0.0,0.575
C18761,2,Revolving Borrower,0.4235,3.3418,True,1.0.0,0.475
C18762,1,High-Spend Transactor,0.5538,2.9423,True,1.0.0,0.575
C18763,1,High-Spend Transactor,0.1102,5.0068,False,1.0.0,0.575
C18764,0,Cash-Advance Reliant,0.2003,4.8544,True,1.0.0,0.45
C18765,2,Revolving Borrower,0.2136,4.1625,True,1.0.0,0.475
C18766,1,High-Spend Transactor,0.7154,1.5723,True,1.0.0,0.575
C18767,2,Revolving Borrower,0.4415,2.9468,True,1.0.0,0.475
C18768,1,High-Spend Transactor,0.5358,3.1699,True,1.0.0,0.575
C18769,1,High-Spend Transactor,0.495,3.1468,True,1.0.0,0.575
C18770,1,High-Spend Transactor,0.4405,3.0695,True,1.0.0,0.575
C18771,2,Revolving Borrower,0.3434,3.1992,True,1.0.0,0.475
C18772,0,Cash-Advance Reliant,0.6657,2.1984,True,1.0.0,0.45
C18773,1,High-Spend Transactor,0.11,4.6289,False,1.0.0,0.575
C18774,1,High-Spend Transactor,0.3477,4.4644,True,1.0.0,0.575
C18775,1,High-Spend Transactor,0.5704,2.6907,True,1.0.0,0.575
C18776,0,Cash-Advance Reliant,0.7971,1.2656,True,1.0.0,0.45
C18778,0,Cash-Advance Reliant,0.5344,3.0212,True,1.0.0,0.45
C18779,2,Revolving Borrower,0.4767,3.0575,True,1.0.0,0.475
C18780,1,High-Spend Transactor,0.4869,2.8942,True,1.0.0,0.6
C18781,2,Revolving Borrower,0.468,2.9156,True,1.0.0,0.475
C18782,0,Cash-Advance Reliant,0.4527,3.9253,True,1.0.0,0.45
C18783,0,Cash-Advance Reliant,0.6066,2.6896,True,1.0.0,0.45
C18784,1,High-Spend Transactor,0.3041,4.0235,True,1.0.0,0.575
C18785,1,High-Spend Transactor,0.3561,3.5946,True,1.0.0,0.575
C18786,2,Revolving Borrower,0.0083,4.8612,False,1.0.0,0.425
C18787,2,Revolving Borrower,0.2541,4.5687,True,1.0.0,0.475
C18788,1,High-Spend Transactor,0.558,2.7762,True,1.0.0,0.575
C18789,0,Cash-Advance Reliant,0.5704,2.9208,True,1.0.0,0.45
C18790,1,High-Spend Transactor,0.5436,3.0541,True,1.0.0,0.575
C18791,1,High-Spend Transactor,0.4348,3.0073,True,1.0.0,0.6
C18792,0,Cash-Advance Reliant,0.1498,4.6619,False,1.0.0,0.45
C18793,0,Cash-Advance Reliant,0.7384,1.6319,True,1.0.0,0.45
C18794,1,High-Spend Transactor,0.3129,5.4041,True,1.0.0,0.575
C18795,1,High-Spend Transactor,0.4439,3.5412,True,1.0.0,0.575
C18796,1,High-Spend Transactor,0.4336,2.9975,True,1.0.0,0.575
C18797,0,Cash-Advance Reliant,0.5007,3.366,True,1.0.0,0.45
C18798,1,High-Spend Transactor,0.0602,6.7936,False,1.0.0,0.575
C18800,1,High-Spend Transactor,0.4842,3.331,True,1.0.0,0.575
C18801,0,Cash-Advance Reliant,0.6463,2.2521,True,1.0.0,0.45
C18802,1,High-Spend Transactor,0.4296,4.0459,True,1.0.0,0.575
C18803,0,Cash-Advance Reliant,0.6983,1.8797,True,1.0.0,0.45
C18804,1,High-Spend Transactor,0.3839,3.7717,True,1.0.0,0.575
C18805,1,High-Spend Transactor,0.4493,3.5625,True,1.0.0,0.575
C18806,1,High-Spend Transactor,0.5327,2.9616,True,1.0.0,0.575
C18807,1,High-Spend Transactor,0.4022,3.9398,True,1.0.0,0.575
C18808,0,Cash-Advance Reliant,0.4782,3.6148,True,1.0.0,0.45
C18809,0,Cash-Advance Reliant,0.0391,3.3088,False,1.0.0,0.35
C18810,1,High-Spend Transactor,0.5309,3.054,True,1.0.0,0.575
C18811,0,Cash-Advance Reliant,0.6868,1.994,True,1.0.0,0.45
C18812,0,Cash-Advance Reliant,0.3366,4.9699,True,1.0.0,0.45
C18813,2,Revolving Borrower,0.1524,5.1039,True,1.0.0,0.475
C18814,0,Cash-Advance Reliant,0.4179,4.1429,True,1.0.0,0.45
C18815,0,Cash-Advance Reliant,0.5156,3.612,True,1.0.0,0.45
C18816,0,Cash-Advance Reliant,0.6553,2.0407,True,1.0.0,0.45
C18817,0,Cash-Advance Reliant,0.3849,4.8838,True,1.0.0,0.45
C18818,2,Revolving Borrower,0.5268,2.4325,True,1.0.0,0.475
C18819,0,Cash-Advance Reliant,0.1288,3.5315,False,1.0.0,0.45
C18820,0,Cash-Advance Reliant,0.8465,0.9172,True,1.0.0,0.45
C18821,1,High-Spend Transactor,0.5515,2.9621,True,1.0.0,0.575
C18822,1,High-Spend Transactor,0.0178,5.0591,False,1.0.0,0.525
C18823,2,Revolving Borrower,0.432,3.6619,True,1.0.0,0.475
C18824,2,Revolving Borrower,0.3939,3.2214,True,1.0.0,0.475
C18825,2,Revolving Borrower,0.3868,2.7485,True,1.0.0,0.475
C18826,0,Cash-Advance Reliant,0.6928,1.8881,True,1.0.0,0.45
C18827,1,High-Spend Transactor,0.276,5.1297,True,1.0.0,0.575
C18828,1,High-Spend Transactor,0.3967,4.0578,True,1.0.0,0.575
C18829,1,High-Spend Transactor,0.5455,2.1773,True,1.0.0,0.575
C18830,1,High-Spend Transactor,0.2376,6.5216,True,1.0.0,0.575
C18831,0,Cash-Advance Reliant,0.7517,1.4496,True,1.0.0,0.45
C18832,0,Cash-Advance Reliant,0.8145,1.1713,True,1.0.0,0.45
C18833,0,Cash-Advance Reliant,0.6892,1.9787,True,1.0.0,0.45
C18834,1,High-Spend Transactor,0.5287,3.0667,True,1.0.0,0.575
C18835,1,High-Spend Transactor,0.6725,1.7191,True,1.0.0,0.575
C18836,2,Revolving Borrower,0.4262,3.0559,True,1.0.0,0.475
C18837,1,High-Spend Transactor,0.5132,3.1054,True,1.0.0,0.575
C18838,1,High-Spend Transactor,0.5368,3.0806,True,1.0.0,0.575
C18839,1,High-Spend Transactor,0.4016,4.1296,True,1.0.0,0.575
C18840,1,High-Spend Transactor,0.5102,2.9654,True,1.0.0,0.575
C18841,0,Cash-Advance Reliant,0.3919,4.0478,True,1.0.0,0.45
C18842,1,High-Spend Transactor,0.5504,2.971,True,1.0.0,0.575
C18843,0,Cash-Advance Reliant,0.5284,3.3079,True,1.0.0,0.45
C18844,2,Revolving Borrower,0.2163,3.9273,True,1.0.0,0.475
C18845,1,High-Spend Transactor,0.3127,4.6946,True,1.0.0,0.6
C18846,0,Cash-Advance Reliant,0.2819,5.2065,True,1.0.0,0.45
C18847,2,Revolving Borrower,0.1025,4.0338,False,1.0.0,0.475
C18848,2,Revolving Borrower,0.2301,4.4567,True,1.0.0,0.475
C18849,0,Cash-Advance Reliant,0.6632,2.2659,True,1.0.0,0.45
C18850,0,Cash-Advance Reliant,0.1907,2.9243,True,1.0.0,0.45
C18851,1,High-Spend Transactor,0.4556,2.608,True,1.0.0,0.575
C18852,1,High-Spend Transactor,0.6259,1.816,True,1.0.0,0.575
C18853,0,Cash-Advance Reliant,0.0348,7.0195,False,1.0.0,0.4
C18854,1,High-Spend Transactor,0.5026,3.5039,True,1.0.0,0.575
C18855,1,High-Spend Transactor,0.4332,3.6761,True,1.0.0,0.575
C18856,1,High-Spend Transactor,0.4148,3.8165,True,1.0.0,0.575
C18857,1,High-Spend Transactor,0.5329,2.6312,True,1.0.0,0.575
C18858,1,High-Spend Transactor,0.2657,4.0561,True,1.0.0,0.575
C18859,0,Cash-Advance Reliant,0.764,1.4633,True,1.0.0,0.45
C18860,0,Cash-Advance Reliant,0.7573,1.4368,True,1.0.0,0.45
C18861,2,Revolving Borrower,0.2788,2.496,True,1.0.0,0.475
C18862,1,High-Spend Transactor,0.5753,2.6383,True,1.0.0,0.575
C18863,1,High-Spend Transactor,0.5132,2.8077,True,1.0.0,0.575
C18864,1,High-Spend Transactor,0.445,3.0112,True,1.0.0,0.6
C18865,1,High-Spend Transactor,0.366,3.5892,True,1.0.0,0.575
C18866,1,High-Spend Transactor,0.5672,2.7433,True,1.0.0,0.575
C18867,2,Revolving Borrower,0.1526,4.398,True,1.0.0,0.45
C18868,1,High-Spend Transactor,0.2701,3.7587,True,1.0.0,0.575
C18869,1,High-Spend Transactor,0.3436,4.2593,True,1.0.0,0.575
C18870,1,High-Spend Transactor,0.5372,3.0591,True,1.0.0,0.575
C18871,0,Cash-Advance Reliant,0.0288,4.7846,False,1.0.0,0.4
C18872,1,High-Spend Transactor,0.0989,6.1836,False,1.0.0,0.575
C18873,0,Cash-Advance Reliant,0.6607,2.1863,True,1.0.0,0.45
C18874,1,High-Spend Transactor,0.5213,3.0025,True,1.0.0,0.575
C18875,1,High-Spend Transactor,0.4371,3.7183,True,1.0.0,0.575
C18877,1,High-Spend Transactor,0.4485,3.6075,True,1.0.0,0.575
C18878,1,High-Spend Transactor,0.4675,3.2654,True,1.0.0,0.575
C18879,1,High-Spend Transactor,0.5341,2.9572,True,1.0.0,0.575
C18880,0,Cash-Advance Reliant,0.6772,2.0017,True,1.0.0,0.45
C18881,0,Cash-Advance Reliant,0.766,1.5179,True,1.0.0,0.45
C18882,0,Cash-Advance Reliant,0.2332,6.9448,True,1.0.0,0.45
C18883,0,Cash-Advance Reliant,0.6566,2.2336,True,1.0.0,0.45
C18885,0,Cash-Advance Reliant,0.5278,3.2747,True,1.0.0,0.45
C18886,1,High-Spend Transactor,0.4515,3.1818,True,1.0.0,0.575
C18887,0,Cash-Advance Reliant,0.6691,2.1048,True,1.0.0,0.45
C18888,1,High-Spend Transactor,0.327,4.0175,True,1.0.0,0.575
C18889,0,Cash-Advance Reliant,0.7391,1.6565,True,1.0.0,0.45
C18890,1,High-Spend Transactor,0.5488,2.8447,True,1.0.0,0.575
C18891,2,Revolving Borrower,0.0995,4.0568,False,1.0.0,0.475
C18892,1,High-Spend Transactor,0.4421,3.6271,True,1.0.0,0.575
C18893,1,High-Spend Transactor,0.4525,3.1528,True,1.0.0,0.575
C18895,1,High-Spend Transactor,0.2755,4.326,True,1.0.0,0.575
C18896,2,Revolving Borrower,0.2948,4.4854,True,1.0.0,0.475
C18897,0,Cash-Advance Reliant,0.6312,2.47,True,1.0.0,0.45
C18898,1,High-Spend Transactor,0.3205,4.015,True,1.0.0,0.6
C18899,1,High-Spend Transactor,0.2444,4.0889,True,1.0.0,0.575
C18900,0,Cash-Advance Reliant,0.598,2.7526,True,1.0.0,0.45
C18901,1,High-Spend Transactor,0.5455,2.7349,True,1.0.0,0.575
C18902,0,Cash-Advance Reliant,0.7069,1.4402,True,1.0.0,0.45
C18903,1,High-Spend Transactor,0.5051,3.1689,True,1.0.0,0.575
C18904,1,High-Spend Transactor,0.5572,2.6254,True,1.0.0,0.575
C18905,0,Cash-Advance Reliant,0.3864,3.1336,True,1.0.0,0.45
C18906,1,High-Spend Transactor,0.4714,2.9372,True,1.0.0,0.575
C18907,1,High-Spend Transactor,0.401,3.9426,True,1.0.0,0.575
C18908,1,High-Spend Transactor,0.5888,2.4955,True,1.0.0,0.575
C18909,0,Cash-Advance Reliant,0.7516,1.4854,True,1.0.0,0.45
C18910,1,High-Spend Transactor,0.5607,2.8707,True,1.0.0,0.575
C18911,1,High-Spend Transactor,0.489,3.5495,True,1.0.0,0.575
C18912,0,Cash-Advance Reliant,0.6652,2.1052,True,1.0.0,0.45
C18913,0,Cash-Advance Reliant,0.6393,2.325,True,1.0.0,0.45
C18914,1,High-Spend Transactor,0.4616,4.0872,True,1.0.0,0.575
C18915,0,Cash-Advance Reliant,0.6975,1.9082,True,1.0.0,0.45
C18916,0,Cash-Advance Reliant,0.5676,2.8936,True,1.0.0,0.45
C18917,0,Cash-Advance Reliant,0.767,1.47,True,1.0.0,0.45
C18918,1,High-Spend Transactor,0.5359,2.944,True,1.0.0,0.575
C18919,1,High-Spend Transactor,0.5443,2.2431,True,1.0.0,0.575
C18920,1,High-Spend Transactor,0.6718,1.8793,True,1.0.0,0.575
C18921,2,Revolving Borrower,0.3235,3.1457,True,1.0.0,0.45
C18922,0,Cash-Advance Reliant,0.6206,2.3893,True,1.0.0,0.45
C18923,0,Cash-Advance Reliant,0.5206,3.0938,True,1.0.0,0.45
C18924,1,High-Spend Transactor,0.4575,3.9969,True,1.0.0,0.575
C18925,0,Cash-Advance Reliant,0.525,3.1149,True,1.0.0,0.45
C18926,1,High-Spend Transactor,0.2258,4.8993,True,1.0.0,0.575
C18927,0,Cash-Advance Reliant,0.5096,3.38,True,1.0.0,0.45
C18928,1,High-Spend Transactor,0.3605,3.7476,True,1.0.0,0.575
C18929,0,Cash-Advance Reliant,0.5927,2.771,True,1.0.0,0.45
C18930,1,High-Spend Transactor,0.5771,2.0981,True,1.0.0,0.575
C18931,0,Cash-Advance Reliant,0.7877,1.2603,True,1.0.0,0.45
C18932,1,High-Spend Transactor,0.4184,3.8955,True,1.0.0,0.575
C18933,1,High-Spend Transactor,0.4761,3.1672,True,1.0.0,0.575
C18934,1,High-Spend Transactor,0.2839,6.2091,True,1.0.0,0.575
C18935,2,Revolving Borrower,0.5096,2.6426,True,1.0.0,0.475
C18936,0,Cash-Advance Reliant,0.3512,4.9473,True,1.0.0,0.45
C18937,0,Cash-Advance Reliant,0.7061,1.8325,True,1.0.0,0.45
C18938,1,High-Spend Transactor,0.4285,3.9359,True,1.0.0,0.575
C18939,1,High-Spend Transactor,0.5372,2.8941,True,1.0.0,0.575
C18940,1,High-Spend Transactor,0.4513,3.5779,True,1.0.0,0.575
C18941,1,High-Spend Transactor,0.5349,2.9406,True,1.0.0,0.575
C18942,0,Cash-Advance Reliant,0.5171,2.9784,True,1.0.0,0.45
C18943,1,High-Spend Transactor,0.5276,2.8705,True,1.0.0,0.575
C18944,1,High-Spend Transactor,0.4223,3.3264,True,1.0.0,0.6
C18945,2,Revolving Borrower,0.3433,2.746,True,1.0.0,0.45
C18946,0,Cash-Advance Reliant,0.0437,4.9247,False,1.0.0,0.45
C18947,1,High-Spend Transactor,0.5196,3.331,True,1.0.0,0.575
C18948,1,High-Spend Transactor,0.5622,2.6249,True,1.0.0,0.575
C18949,1,High-Spend Transactor,0.4703,3.2012,True,1.0.0,0.575
C18950,0,Cash-Advance Reliant,0.1971,6.6432,True,1.0.0,0.45
C18951,1,High-Spend Transactor,0.5122,2.9309,True,1.0.0,0.575
C18952,1,High-Spend Transactor,0.3942,4.6787,True,1.0.0,0.575
C18953,1,High-Spend Transactor,0.2336,3.9015,True,1.0.0,0.575
C18954,1,High-Spend Transactor,0.4616,3.1638,True,1.0.0,0.575
C18955,1,High-Spend Transactor,0.1319,7.3214,False,1.0.0,0.575
C18956,0,Cash-Advance Reliant,0.3219,5.9517,True,1.0.0,0.45
C18957,2,Revolving Borrower,0.4175,3.0305,True,1.0.0,0.475
C18958,1,High-Spend Transactor,0.5101,3.3964,True,1.0.0,0.575
C18959,0,Cash-Advance Reliant,0.7647,1.4229,True,1.0.0,0.45
C18960,2,Revolving Borrower,0.1253,4.9638,False,1.0.0,0.475
C18961,2,Revolving Borrower,0.3853,4.0055,True,1.0.0,0.475
C18962,1,High-Spend Transactor,0.3437,2.8151,True,1.0.0,0.575
C18963,2,Revolving Borrower,0.4592,2.9923,True,1.0.0,0.475
C18964,0,Cash-Advance Reliant,0.0276,5.4411,False,1.0.0,0.45
C18965,1,High-Spend Transactor,0.5375,2.7346,True,1.0.0,0.575
C18966,0,Cash-Advance Reliant,0.7178,1.7216,True,1.0.0,0.45
C18967,0,Cash-Advance Reliant,0.425,3.8693,True,1.0.0,0.45
C18968,1,High-Spend Transactor,0.5335,2.9009,True,1.0.0,0.575
C18969,0,Cash-Advance Reliant,0.4234,4.7575,True,1.0.0,0.45
C18970,1,High-Spend Transactor,0.4768,3.6749,True,1.0.0,0.575
C18971,0,Cash-Advance Reliant,0.755,1.5791,True,1.0.0,0.45
C18972,1,High-Spend Transactor,0.5261,2.9735,True,1.0.0,0.575
C18973,2,Revolving Borrower,0.3713,4.275,True,1.0.0,0.475
C18975,2,Revolving Borrower,0.4448,3.54,True,1.0.0,0.475
C18976,1,High-Spend Transactor,0.2407,4.1306,True,1.0.0,0.575
C18977,2,Revolving Borrower,0.0268,6.7678,False,1.0.0,0.425
C18978,0,Cash-Advance Reliant,0.7453,1.5738,True,1.0.0,0.45
C18979,1,High-Spend Transactor,0.4968,3.0624,True,1.0.0,0.575
C18980,1,High-Spend Transactor,0.5794,2.3411,True,1.0.0,0.575
C18982,1,High-Spend Transactor,0.2002,6.8863,True,1.0.0,0.575
C18983,2,Revolving Borrower,0.2047,4.4306,True,1.0.0,0.45
C18984,0,Cash-Advance Reliant,0.6701,2.1544,True,1.0.0,0.45
C18985,2,Revolving Borrower,0.1285,6.5252,False,1.0.0,0.475
C18986,1,High-Spend Transactor,0.6066,2.386,True,1.0.0,0.575
C18987,1,High-Spend Transactor,0.1837,4.7318,True,1.0.0,0.575
C18988,1,High-Spend Transactor,0.5365,2.9045,True,1.0.0,0.575
C18989,1,High-Spend Transactor,0.5329,3.1936,True,1.0.0,0.575
C18990,1,High-Spend Transactor,0.486,3.8052,True,1.0.0,0.575
C18991,0,Cash-Advance Reliant,0.1709,6.837,True,1.0.0,0.45
C18992,1,High-Spend Transactor,0.324,5.2206,True,1.0.0,0.575
C18993,2,Revolving Borrower,0.2707,3.5103,True,1.0.0,0.475
C18994,0,Cash-Advance Reliant,0.2331,6.4793,True,1.0.0,0.45
C18995,1,High-Spend Transactor,0.5527,2.7494,True,1.0.0,0.575
C18996,0,Cash-Advance Reliant,0.6943,1.9247,True,1.0.0,0.45
C18997,1,High-Spend Transactor,0.1547,4.8668,True,1.0.0,0.575
C18998,1,High-Spend Transactor,0.5806,2.5314,True,1.0.0,0.575
C18999,2,Revolving Borrower,0.3573,2.3384,True,1.0.0,0.475
C19000,2,Revolving Borrower,0.1355,3.8303,False,1.0.0,0.475
C19001,1,High-Spend Transactor,0.4574,3.5415,True,1.0.0,0.575
C19002,2,Revolving Borrower,0.0169,3.8797,False,1.0.0,0.475
C19003,1,High-Spend Transactor,0.3875,2.9418,True,1.0.0,0.575
C19004,1,High-Spend Transactor,0.0236,6.5837,False,1.0.0,0.6
C19005,1,High-Spend Transactor,0.4646,3.6906,True,1.0.0,0.575
C19006,1,High-Spend Transactor,0.4796,3.3076,True,1.0.0,0.575
C19007,2,Revolving Borrower,0.3312,4.0617,True,1.0.0,0.475
C19008,1,High-Spend Transactor,0.5602,2.4089,True,1.0.0,0.575
C19009,1,High-Spend Transactor,0.4569,3.4488,True,1.0.0,0.575
C19010,0,Cash-Advance Reliant,0.5921,2.7984,True,1.0.0,0.45
C19011,1,High-Spend Transactor,0.451,3.9152,True,1.0.0,0.575
C19012,1,High-Spend Transactor,0.4745,3.3994,True,1.0.0,0.575
C19013,1,High-Spend Transactor,0.437,2.4583,True,1.0.0,0.575
C19014,1,High-Spend Transactor,0.4569,3.4781,True,1.0.0,0.575
C19015,1,High-Spend Transactor,0.4548,3.4584,True,1.0.0,0.575
C19016,0,Cash-Advance Reliant,0.696,1.8803,True,1.0.0,0.45
C19017,2,Revolving Borrower,0.0555,5.8144,False,1.0.0,0.475
C19018,0,Cash-Advance Reliant,0.5606,3.1037,True,1.0.0,0.45
C19019,0,Cash-Advance Reliant,0.5908,2.6411,True,1.0.0,0.45
C19020,1,High-Spend Transactor,0.49,3.2101,True,1.0.0,0.575
C19021,0,Cash-Advance Reliant,0.5162,3.4351,True,1.0.0,0.45
C19022,1,High-Spend Transactor,0.4407,3.9572,True,1.0.0,0.575
C19023,1,High-Spend Transactor,0.2649,5.0,True,1.0.0,0.575
C19024,2,Revolving Borrower,0.0096,4.004,False,1.0.0,0.475
C19025,1,High-Spend Transactor,0.4683,3.3142,True,1.0.0,0.575
C19026,1,High-Spend Transactor,0.4635,3.7057,True,1.0.0,0.575
C19027,1,High-Spend Transactor,0.4001,3.6939,True,1.0.0,0.575
C19028,0,Cash-Advance Reliant,0.5567,3.0467,True,1.0.0,0.45
C19030,2,Revolving Borrower,0.1556,4.4119,True,1.0.0,0.475
C19031,0,Cash-Advance Reliant,0.4815,3.9743,True,1.0.0,0.45
C19032,2,Revolving Borrower,0.516,2.8899,True,1.0.0,0.475
C19033,0,Cash-Advance Reliant,0.2576,5.8063,True,1.0.0,0.45
C19034,1,High-Spend Transactor,0.4189,3.7143,True,1.0.0,0.575
C19035,0,Cash-Advance Reliant,0.0174,4.0632,False,1.0.0,0.35
C19036,2,Revolving Borrower,0.0279,4.451,False,1.0.0,0.45
C19037,1,High-Spend Transactor,0.4232,3.8609,True,1.0.0,0.575
C19038,1,High-Spend Transactor,0.4568,3.5137,True,1.0.0,0.575
C19039,1,High-Spend Transactor,0.4139,4.3216,True,1.0.0,0.575
C19040,1,High-Spend Transactor,0.4228,4.0331,True,1.0.0,0.575
C19041,1,High-Spend Transactor,0.2295,4.9075,True,1.0.0,0.6
C19042,0,Cash-Advance Reliant,0.5893,2.839,True,1.0.0,0.45
C19043,2,Revolving Borrower,0.0923,6.7415,False,1.0.0,0.475
C19044,0,Cash-Advance Reliant,0.7282,1.6926,True,1.0.0,0.45
C19045,2,Revolving Borrower,0.2544,4.539,True,1.0.0,0.475
C19046,1,High-Spend Transactor,0.4448,3.7138,True,1.0.0,0.575
C19047,1,High-Spend Transactor,0.2511,5.0479,True,1.0.0,0.575
C19048,2,Revolving Borrower,0.315,3.9384,True,1.0.0,0.475
C19049,1,High-Spend Transactor,0.4369,3.9866,True,1.0.0,0.575
C19050,1,High-Spend Transactor,0.4801,3.1699,True,1.0.0,0.575
C19051,1,High-Spend Transactor,0.2696,5.0362,True,1.0.0,0.575
C19052,0,Cash-Advance Reliant,0.3188,4.8981,True,1.0.0,0.45
C19053,0,Cash-Advance Reliant,0.7531,1.4953,True,1.0.0,0.45
C19054,1,High-Spend Transactor,0.4537,3.7336,True,1.0.0,0.575
C19055,0,Cash-Advance Reliant,0.4977,3.7425,True,1.0.0,0.45
C19056,0,Cash-Advance Reliant,0.234,3.9687,True,1.0.0,0.45
C19057,1,High-Spend Transactor,0.4033,3.9374,True,1.0.0,0.575
C19058,1,High-Spend Transactor,0.432,3.5896,True,1.0.0,0.575
C19059,0,Cash-Advance Reliant,0.6399,2.3877,True,1.0.0,0.45
C19060,1,High-Spend Transactor,0.4056,4.4986,True,1.0.0,0.575
C19061,1,High-Spend Transactor,0.5107,2.9356,True,1.0.0,0.575
C19062,1,High-Spend Transactor,0.434,3.3836,True,1.0.0,0.575
C19063,1,High-Spend Transactor,0.4986,3.093,True,1.0.0,0.575
C19064,1,High-Spend Transactor,0.4316,3.3843,True,1.0.0,0.575
C19065,1,High-Spend Transactor,0.4681,2.9795,True,1.0.0,0.575
C19066,1,High-Spend Transactor,0.4369,3.6791,True,1.0.0,0.575
C19068,1,High-Spend Transactor,0.4654,3.4497,True,1.0.0,0.575
C19069,0,Cash-Advance Reliant,0.6429,2.2921,True,1.0.0,0.45
C19070,1,High-Spend Transactor,0.4222,4.2058,True,1.0.0,0.575
C19071,0,Cash-Advance Reliant,0.2272,6.7006,True,1.0.0,0.45
C19072,0,Cash-Advance Reliant,0.5206,3.4529,True,1.0.0,0.45
C19073,1,High-Spend Transactor,0.3391,4.5732,True,1.0.0,0.575
C19074,0,Cash-Advance Reliant,0.5092,3.5969,True,1.0.0,0.45
C19075,1,High-Spend Transactor,0.4539,3.1122,True,1.0.0,0.575
C19076,2,Revolving Borrower,0.5204,3.1619,True,1.0.0,0.475
C19077,1,High-Spend Transactor,0.3994,3.806,True,1.0.0,0.575
C19078,1,High-Spend Transactor,0.3864,3.5868,True,1.0.0,0.575
C19079,0,Cash-Advance Reliant,0.0629,6.3331,False,1.0.0,0.45
C19080,2,Revolving Borrower,0.4825,3.1813,True,1.0.0,0.475
C19081,2,Revolving Borrower,0.447,3.3314,True,1.0.0,0.475
C19082,1,High-Spend Transactor,0.3264,4.3979,True,1.0.0,0.575
C19083,0,Cash-Advance Reliant,0.4333,4.313,True,1.0.0,0.45
C19084,1,High-Spend Transactor,0.2424,4.648,True,1.0.0,0.575
C19085,2,Revolving Borrower,0.2004,3.7587,True,1.0.0,0.45
C19086,0,Cash-Advance Reliant,0.6462,2.348,True,1.0.0,0.45
C19087,2,Revolving Borrower,0.267,4.4729,True,1.0.0,0.475
C19088,1,High-Spend Transactor,0.4474,3.0897,True,1.0.0,0.575
C19089,2,Revolving Borrower,0.2487,4.3935,True,1.0.0,0.475
C19090,1,High-Spend Transactor,0.4305,3.8546,True,1.0.0,0.575
C19091,1,High-Spend Transactor,0.4625,3.3887,True,1.0.0,0.575
C19092,0,Cash-Advance Reliant,0.5808,2.8946,True,1.0.0,0.45
C19093,1,High-Spend Transactor,0.446,3.7349,True,1.0.0,0.575
C19094,0,Cash-Advance Reliant,0.59,2.8126,True,1.0.0,0.45
C19095,1,High-Spend Transactor,0.1316,7.4958,False,1.0.0,0.575
C19096,0,Cash-Advance Reliant,0.337,5.342,True,1.0.0,0.45
C19097,2,Revolving Borrower,0.0708,4.5842,False,1.0.0,0.475
C19098,2,Revolving Borrower,0.4171,3.7124,True,1.0.0,0.475
C19099,0,Cash-Advance Reliant,0.3254,3.1886,True,1.0.0,0.45
C19100,1,High-Spend Transactor,0.4382,3.8851,True,1.0.0,0.575
C19101,1,High-Spend Transactor,0.4011,3.83,True,1.0.0,0.575
C19102,1,High-Spend Transactor,0.4395,3.6384,True,1.0.0,0.575
C19103,1,High-Spend Transactor,0.2832,4.74,True,1.0.0,0.575
C19104,2,Revolving Borrower,0.3205,3.6517,True,1.0.0,0.475
C19105,1,High-Spend Transactor,0.5346,2.5671,True,1.0.0,0.575
C19106,1,High-Spend Transactor,0.4179,4.0512,True,1.0.0,0.575
C19107,1,High-Spend Transactor,0.4093,3.7004,True,1.0.0,0.575
C19108,1,High-Spend Transactor,0.2569,4.5749,True,1.0.0,0.575
C19109,0,Cash-Advance Reliant,0.5188,3.4586,True,1.0.0,0.45
C19110,2,Revolving Borrower,0.3201,3.7234,True,1.0.0,0.475
C19111,1,High-Spend Transactor,0.4146,3.7221,True,1.0.0,0.575
C19112,1,High-Spend Transactor,0.2547,4.5374,True,1.0.0,0.575
C19113,2,Revolving Borrower,0.2374,4.6761,True,1.0.0,0.475
C19114,2,Revolving Borrower,0.2817,4.7744,True,1.0.0,0.475
C19115,2,Revolving Borrower,0.3154,3.6256,True,1.0.0,0.475
C19116,1,High-Spend Transactor,0.4387,3.7552,True,1.0.0,0.575
C19117,2,Revolving Borrower,0.0372,5.7103,False,1.0.0,0.475
C19118,1,High-Spend Transactor,0.4034,3.9957,True,1.0.0,0.575
C19119,0,Cash-Advance Reliant,0.5854,2.8623,True,1.0.0,0.45
C19120,1,High-Spend Transactor,0.4228,3.4608,True,1.0.0,0.575
C19121,0,Cash-Advance Reliant,0.1992,4.7243,True,1.0.0,0.45
C19122,2,Revolving Borrower,0.4108,3.8155,True,1.0.0,0.475
C19123,0,Cash-Advance Reliant,0.3424,5.4369,True,1.0.0,0.45
C19124,2,Revolving Borrower,0.3456,4.1678,True,1.0.0,0.475
C19125,0,Cash-Advance Reliant,0.262,5.6655,True,1.0.0,0.45
C19126,1,High-Spend Transactor,0.4998,3.2691,True,1.0.0,0.575
C19127,0,Cash-Advance Reliant,0.4949,3.6942,True,1.0.0,0.45
C19128,1,High-Spend Transactor,0.4068,3.3555,True,1.0.0,0.575
C19129,1,High-Spend Transactor,0.4218,4.0824,True,1.0.0,0.575
C19130,2,Revolving Borrower,0.1983,3.7206,True,1.0.0,0.475
C19131,1,High-Spend Transactor,0.4312,3.6642,True,1.0.0,0.575
C19132,1,High-Spend Transactor,0.4388,3.8015,True,1.0.0,0.575
C19133,0,Cash-Advance Reliant,0.2093,6.7192,True,1.0.0,0.45
C19134,2,Revolving Borrower,0.0902,4.9055,False,1.0.0,0.475
C19135,1,High-Spend Transactor,0.5214,2.8437,True,1.0.0,0.575
C19136,2,Revolving Borrower,0.3161,4.0647,True,1.0.0,0.475
C19137,2,Revolving Borrower,0.2513,4.3329,True,1.0.0,0.475
C19138,1,High-Spend Transactor,0.2699,4.3074,True,1.0.0,0.575
C19139,2,Revolving Borrower,0.2153,4.3459,True,1.0.0,0.475
C19140,0,Cash-Advance Reliant,0.2768,5.6486,True,1.0.0,0.45
C19141,1,High-Spend Transactor,0.4673,3.4981,True,1.0.0,0.575
C19142,0,Cash-Advance Reliant,0.4999,3.6987,True,1.0.0,0.45
C19143,1,High-Spend Transactor,0.4737,3.421,True,1.0.0,0.575
C19144,1,High-Spend Transactor,0.3367,3.7719,True,1.0.0,0.575
C19145,1,High-Spend Transactor,0.428,3.7413,True,1.0.0,0.575
C19146,1,High-Spend Transactor,0.4336,3.9907,True,1.0.0,0.575
C19147,0,Cash-Advance Reliant,0.0947,5.2145,False,1.0.0,0.45
C19148,1,High-Spend Transactor,0.4251,4.2655,True,1.0.0,0.575
C19149,1,High-Spend Transactor,0.44,3.7606,True,1.0.0,0.575
C19150,1,High-Spend Transactor,0.1833,5.1602,True,1.0.0,0.575
C19151,1,High-Spend Transactor,0.2709,4.612,True,1.0.0,0.575
C19152,1,High-Spend Transactor,0.4064,4.2785,True,1.0.0,0.575
C19153,2,Revolving Borrower,0.2398,4.5063,True,1.0.0,0.475
C19154,1,High-Spend Transactor,0.4499,3.6993,True,1.0.0,0.575
C19155,0,Cash-Advance Reliant,0.3623,4.9394,True,1.0.0,0.45
C19156,2,Revolving Borrower,0.0688,4.9915,False,1.0.0,0.45
C19157,1,High-Spend Transactor,0.4678,3.687,True,1.0.0,0.575
C19158,0,Cash-Advance Reliant,0.6603,2.1647,True,1.0.0,0.45
C19159,1,High-Spend Transactor,0.4166,4.3888,True,1.0.0,0.575
C19160,1,High-Spend Transactor,0.197,7.1475,True,1.0.0,0.575
C19161,0,Cash-Advance Reliant,0.5813,2.9357,True,1.0.0,0.45
C19162,1,High-Spend Transactor,0.405,4.5468,True,1.0.0,0.575
C19163,1,High-Spend Transactor,0.4484,3.6743,True,1.0.0,0.575
C19164,1,High-Spend Transactor,0.3213,3.6898,True,1.0.0,0.575
C19165,1,High-Spend Transactor,0.2903,4.7042,True,1.0.0,0.575
C19166,1,High-Spend Transactor,0.4581,3.4299,True,1.0.0,0.575
C19167,1,High-Spend Transactor,0.4273,3.9592,True,1.0.0,0.575
C19168,1,High-Spend Transactor,0.4921,2.9342,True,1.0.0,0.575
C19169,1,High-Spend Transactor,0.4286,3.7688,True,1.0.0,0.575
C19170,0,Cash-Advance Reliant,0.2921,6.4089,True,1.0.0,0.45
C19171,2,Revolving Borrower,0.0762,5.017,False,1.0.0,0.45
C19172,1,High-Spend Transactor,0.4673,3.5799,True,1.0.0,0.575
C19173,1,High-Spend Transactor,0.4404,3.7529,True,1.0.0,0.575
C19174,2,Revolving Borrower,0.3079,4.0682,True,1.0.0,0.475
C19175,1,High-Spend Transactor,0.4523,3.861,True,1.0.0,0.575
C19176,1,High-Spend Transactor,0.2293,6.0036,True,1.0.0,0.575
C19177,1,High-Spend Transactor,0.4183,3.7358,True,1.0.0,0.575
C19178,0,Cash-Advance Reliant,0.4842,3.8562,True,1.0.0,0.45
C19179,0,Cash-Advance Reliant,0.3233,5.51,True,1.0.0,0.45
C19180,2,Revolving Borrower,0.1684,5.0759,True,1.0.0,0.475
C19181,1,High-Spend Transactor,0.4238,3.6846,True,1.0.0,0.575
C19182,2,Revolving Borrower,0.2866,3.5016,True,1.0.0,0.45
C19183,1,High-Spend Transactor,0.4331,3.8088,True,1.0.0,0.575
C19184,1,High-Spend Transactor,0.1727,5.6712,True,1.0.0,0.575
C19185,1,High-Spend Transactor,0.1746,6.9816,True,1.0.0,0.575
C19186,1,High-Spend Transactor,0.4336,3.8835,True,1.0.0,0.575
C19187,1,High-Spend Transactor,0.2823,5.204,True,1.0.0,0.575
C19188,1,High-Spend Transactor,0.4298,4.0243,True,1.0.0,0.575
C19189,0,Cash-Advance Reliant,0.3389,4.9223,True,1.0.0,0.45
C19190,2,Revolving Borrower,0.0953,5.1866,False,1.0.0,0.475
