row_id,planet_name,planet_host,discovery_method_group,orbital_period_days,planet_mass_earth,cluster_numeric_id,cluster_label,hz_reported,hz_derived,flux_zone_reported,flux_zone_derived,giant_or_evolved_host_flag,compact_or_hot_subdwarf_host_flag,ultra_short_period_flag,high_mass_companion_flag,extreme_wide_period_flag
1,11 Com b,11 Com,Radial Velocity,326.03,6165.6,2,Long-period giants,,0.0,,too_hot,True,False,False,True,False
2,11 UMi b,11 UMi,Radial Velocity,516.21997,4684.8142,2,Long-period giants,,0.0,,too_hot,True,False,False,True,False
3,14 And b,14 And,Radial Velocity,185.84,1525.5,2,Long-period giants,,0.0,,too_hot,True,False,False,False,False
4,14 Her b,14 Her,Radial Velocity,1773.40002,1481.0878,2,Long-period giants,,0.0,,too_cold,False,False,False,False,False
5,16 Cyg B b,16 Cyg B,Radial Velocity,798.5,565.7374,2,Long-period giants,,1.0,,habitable_zone,False,False,False,False,False
6,17 Sco b,17 Sco,Radial Velocity,578.38,1373.01872,2,Long-period giants,,0.0,,too_hot,True,False,False,False,False
7,18 Del b,18 Del,Radial Velocity,993.3,3273.5,2,Long-period giants,,0.0,,too_hot,True,False,False,False,False
9,24 Boo b,24 Boo,Radial Velocity,30.3506,289.2253,1,Hot/warm giants,,0.0,,too_hot,True,False,False,False,False
10,24 Sex b,24 Sex,Radial Velocity,452.8,632.46,2,Long-period giants,,0.0,,too_hot,True,False,False,False,False
11,24 Sex c,24 Sex,Radial Velocity,883.0,273.32,2,Long-period giants,,0.0,,too_hot,True,False,False,False,False
17,2MASS J19383260+4603591 b,2MASS J19383260+4603591,Other methods,416.0,603.877,2,Long-period giants,,,,,False,False,False,False,False
18,2MASS J21402931+1625183 A b,2MASS J21402931+1625183 A,Imaging,7336.5,6657.48,2,Long-period giants,,0.0,,too_cold,False,False,False,True,False
20,30 Ari B b,30 Ari B,Radial Velocity,335.10001,4392.4106,2,Long-period giants,,0.0,,too_hot,False,False,False,True,False
21,4 UMa b,4 UMa,Radial Velocity,269.3,2256.5,2,Long-period giants,,0.0,,too_hot,True,False,False,False,False
22,42 Dra b,42 Dra,Radial Velocity,479.1,1233.13,2,Long-period giants,,0.0,,too_hot,True,False,False,False,False
23,47 UMa b,47 UMa,Radial Velocity,1078.0,804.08,2,Long-period giants,,1.0,,habitable_zone,False,False,False,False,False
24,47 UMa c,47 UMa,Radial Velocity,2391.0,171.621,2,Long-period giants,,0.0,,too_cold,False,False,False,False,False
25,47 UMa d,47 UMa,Radial Velocity,14002.0,521.22,2,Long-period giants,,0.0,,too_cold,False,False,False,False,False
27,51 Peg b,51 Peg,Radial Velocity,4.230785,150.009,1,Hot/warm giants,,0.0,,too_hot,False,False,False,False,False
28,55 Cnc b,55 Cnc,Radial Velocity,14.6516,255.4,1,Hot/warm giants,,0.0,,too_hot,False,False,False,False,False
29,55 Cnc c,55 Cnc,Radial Velocity,44.3989,51.2,3,Intermediate-mass moderate-period,,0.0,,too_hot,False,False,False,False,False
30,55 Cnc d,55 Cnc,Radial Velocity,5574.2,991.6,2,Long-period giants,,0.0,,too_cold,False,False,False,False,False
31,55 Cnc e,55 Cnc,Radial Velocity,0.7365474,7.99,0,Low-mass short-period,,0.0,,too_hot,False,False,True,False,False
32,55 Cnc f,55 Cnc,Radial Velocity,259.88,47.8,3,Intermediate-mass moderate-period,,1.0,,habitable_zone,False,False,False,False,False
33,6 Lyn b,6 Lyn,Radial Velocity,934.3,638.8383,2,Long-period giants,,0.0,,too_hot,True,False,False,False,False
34,61 Vir b,61 Vir,Radial Velocity,4.215,5.1,0,Low-mass short-period,,0.0,,too_hot,False,False,False,False,False
35,61 Vir c,61 Vir,Radial Velocity,38.021,18.2,3,Intermediate-mass moderate-period,,0.0,,too_hot,False,False,False,False,False
36,61 Vir d,61 Vir,Radial Velocity,123.01,22.9,3,Intermediate-mass moderate-period,,0.0,,too_hot,False,False,False,False,False
37,7 CMa b,7 CMa,Radial Velocity,735.1,587.9855,2,Long-period giants,,0.0,,too_hot,True,False,False,False,False
38,7 CMa c,7 CMa,Radial Velocity,996.0,276.5121,2,Long-period giants,,0.0,,too_hot,True,False,False,False,False
39,70 Vir b,70 Vir,Radial Velocity,116.688,2357.02728,2,Long-period giants,,0.0,,too_hot,False,False,False,False,False
40,75 Cet b,75 Cet,Radial Velocity,691.9,953.49,2,Long-period giants,,0.0,,too_hot,True,False,False,False,False
41,8 UMi b,8 UMi,Radial Velocity,93.4,416.3573,2,Long-period giants,,0.0,,too_hot,True,False,False,False,False
42,81 Cet b,81 Cet,Radial Velocity,952.7,1684.4,2,Long-period giants,,0.0,,too_hot,True,False,False,False,False
43,91 Aqr b,91 Aqr,Radial Velocity,181.4,1017.0,2,Long-period giants,,0.0,,too_hot,True,False,False,False,False
45,AU Mic b,AU Mic,Transit,8.463,17.0,0,Low-mass short-period,,0.0,,too_hot,False,False,False,False,False
46,AU Mic c,AU Mic,Transit,18.859019,13.6,0,Low-mass short-period,,0.0,,too_hot,False,False,False,False,False
47,BD+03 2562 b,BD+03 2562,Radial Velocity,481.9,2034.112,2,Long-period giants,,0.0,,too_hot,True,False,False,False,False
48,BD+14 4559 b,BD+14 4559,Radial Velocity,268.94,330.5432,2,Long-period giants,,1.0,,habitable_zone,False,False,False,False,False
49,BD+15 2375 b,BD+15 2375,Radial Velocity,153.22,337.21763,2,Long-period giants,,0.0,,too_hot,True,False,False,False,False
50,BD+15 2940 b,BD+15 2940,Radial Velocity,137.48,352.78,2,Long-period giants,,0.0,,too_hot,True,False,False,False,False
51,BD+20 2457 b,BD+20 2457,Radial Velocity,379.63,17668.1697,2,Long-period giants,,0.0,,too_hot,True,False,False,True,False
52,BD+20 2457 c,BD+20 2457,Radial Velocity,621.99,3963.17,2,Long-period giants,,0.0,,too_hot,True,False,False,False,False
53,BD+20 274 b,BD+20 274,Radial Velocity,578.2,1334.886,2,Long-period giants,,0.0,,too_hot,True,False,False,False,False
54,BD+20 594 b,BD+20 594,Transit,41.6855,22.2481,3,Intermediate-mass moderate-period,,0.0,,too_hot,False,False,False,False,False
55,BD+45 564 b,BD+45 564,Radial Velocity,307.88,432.24663,2,Long-period giants,,,,,False,False,False,False,False
56,BD+48 738 b,BD+48 738,Radial Velocity,392.6,289.2253,2,Long-period giants,,0.0,,too_hot,True,False,False,False,False
57,BD+48 740 b,BD+48 740,Radial Velocity,733.0,540.311,2,Long-period giants,,0.0,,too_hot,True,False,False,False,False
58,BD+49 828 b,BD+49 828,Radial Velocity,2590.0,508.5,2,Long-period giants,,0.0,,too_hot,True,False,False,False,False
59,BD+55 362 b,BD+55 362,Radial Velocity,265.59,228.83645,2,Long-period giants,,,,,False,False,False,False,False
60,BD+63 1405 b,BD+63 1405,Radial Velocity,1198.48,1258.60049,2,Long-period giants,,,,,False,False,False,False,False
61,BD-00 4475 b,BD-00 4475,Radial Velocity,723.2,7961.6016,2,Long-period giants,,,,,False,False,False,True,False
62,BD-06 1339 b,BD-06 1339,Radial Velocity,3.8728,8.5,0,Low-mass short-period,,,,,False,False,False,False,False
63,BD-06 1339 c,BD-06 1339,Radial Velocity,125.94,53.0,3,Intermediate-mass moderate-period,,,,,False,False,False,False,False
64,BD-08 2823 b,BD-08 2823,Radial Velocity,5.6,12.7132,0,Low-mass short-period,,0.0,,too_hot,False,False,False,False,False
65,BD-08 2823 c,BD-08 2823,Radial Velocity,237.6,104.0,3,Intermediate-mass moderate-period,,,,,False,False,False,False,False
66,BD-10 3166 b,BD-10 3166,Radial Velocity,3.48777,187.5197,1,Hot/warm giants,,0.0,,too_hot,False,False,False,False,False
67,BD-11 4672 b,BD-11 4672,Radial Velocity,1634.0,206.5895,2,Long-period giants,,0.0,,too_cold,False,False,False,False,False
68,BD-11 4672 c,BD-11 4672,Radial Velocity,74.2,15.37,3,Intermediate-mass moderate-period,,0.0,,too_hot,False,False,False,False,False
69,BD-13 2130 b,BD-13 2130,Radial Velocity,714.29999,3108.3774,2,Long-period giants,,0.0,,too_hot,True,False,False,False,False
70,BD-17 63 b,BD-17 63,Radial Velocity,655.6,1620.9,2,Long-period giants,,0.0,,too_cold,False,False,False,False,False
71,CD Cet b,CD Cet,Radial Velocity,2.2907,3.95,0,Low-mass short-period,0.0,0.0,too_hot,too_hot,False,False,False,False,False
72,CFBDSIR J145829+101343 b,CFBDSIR J145829+101343,Imaging,10037.5,3337.1,2,Long-period giants,,,,,False,False,False,False,False
73,CFHTWIR-Oph 98 b,CFHTWIR-Oph 98 A,Imaging,8040000.0,2479.06157,2,Long-period giants,,0.0,,too_cold,False,False,False,False,True
75,CI Tau b,CI Tau,Radial Velocity,8.9891,3686.828,1,Hot/warm giants,,,,,False,False,False,False,False
76,COCONUTS-2 b,COCONUTS-2 A,Imaging,402000000.0,2002.31896,2,Long-period giants,,0.0,,too_cold,False,False,False,False,True
78,CoRoT-1 b,CoRoT-1,Transit,1.5089557,327.35,1,Hot/warm giants,,0.0,,too_hot,False,False,False,False,False
79,CoRoT-10 b,CoRoT-10,Transit,13.2406,874.0,1,Hot/warm giants,,0.0,,too_hot,False,False,False,False,False
80,CoRoT-11 b,CoRoT-11,Transit,2.99433,740.51,1,Hot/warm giants,,0.0,,too_hot,False,False,False,False,False
81,CoRoT-12 b,CoRoT-12,Transit,2.828042,291.438,1,Hot/warm giants,,0.0,,too_hot,False,False,False,False,False
82,CoRoT-13 b,CoRoT-13,Transit,4.03519,415.704,1,Hot/warm giants,,0.0,,too_hot,False,False,False,False,False
83,CoRoT-14 b,CoRoT-14,Transit,1.51214,2415.4,1,Hot/warm giants,,0.0,,too_hot,False,False,False,False,False
84,CoRoT-16 b,CoRoT-16,Transit,5.35227,170.032,1,Hot/warm giants,,0.0,,too_hot,False,False,False,False,False
85,CoRoT-17 b,CoRoT-17,Transit,3.7681,772.29,1,Hot/warm giants,,0.0,,too_hot,False,False,False,False,False
86,CoRoT-18 b,CoRoT-18,Transit,1.9000693,1102.82,1,Hot/warm giants,,0.0,,too_hot,False,False,False,False,False
87,CoRoT-19 b,CoRoT-19,Transit,3.89713,352.78,1,Hot/warm giants,,0.0,,too_hot,False,False,False,False,False
88,CoRoT-2 b,CoRoT-2,Transit,1.7429935,1102.82,1,Hot/warm giants,,0.0,,too_hot,False,False,False,False,False
89,CoRoT-20 b,CoRoT-20,Transit,9.24285,1366.669,1,Hot/warm giants,,,,,False,False,False,False,False
90,CoRoT-20 c,CoRoT-20,Radial Velocity,1675.0,5403.11,2,Long-period giants,,,,,False,False,False,True,False
91,CoRoT-21 b,CoRoT-21,Transit,2.72474,718.2958,1,Hot/warm giants,,0.0,,too_hot,False,False,False,False,False
92,CoRoT-22 b,CoRoT-22,Transit,9.75598,12.2,0,Low-mass short-period,,0.0,,too_hot,False,False,False,False,False
93,CoRoT-23 b,CoRoT-23,Transit,3.6313,889.9,1,Hot/warm giants,,0.0,,too_hot,False,False,False,False,False
94,CoRoT-24 b,CoRoT-24,Transit,5.1134,5.7,0,Low-mass short-period,,0.0,,too_hot,False,False,False,False,False
95,CoRoT-24 c,CoRoT-24,Transit,11.759,28.0,3,Intermediate-mass moderate-period,,0.0,,too_hot,False,False,False,False,False
96,CoRoT-25 b,CoRoT-25,Transit,4.86069,85.81,1,Hot/warm giants,,0.0,,too_hot,False,False,False,False,False
97,CoRoT-26 b,CoRoT-26,Transit,4.20474,165.26,1,Hot/warm giants,,0.0,,too_hot,False,False,False,False,False
98,CoRoT-27 b,CoRoT-27,Transit,3.57532,3302.11,1,Hot/warm giants,,0.0,,too_hot,False,False,False,False,False
99,CoRoT-28 b,CoRoT-28,Transit,5.20851,153.82972,1,Hot/warm giants,,0.0,,too_hot,False,False,False,False,False
100,CoRoT-29 b,CoRoT-29,Transit,2.85057,270.1555,1,Hot/warm giants,,0.0,,too_hot,False,False,False,False,False
101,CoRoT-3 b,CoRoT-3,Transit,4.2568,6883.91,1,Hot/warm giants,,0.0,,too_hot,False,False,False,True,False
102,CoRoT-30 b,CoRoT-30,Transit,9.06005,921.707,1,Hot/warm giants,,0.0,,too_hot,False,False,False,False,False
103,CoRoT-31 b,CoRoT-31,Transit,4.62941,266.9772,1,Hot/warm giants,,0.0,,too_hot,False,False,False,False,False
104,CoRoT-4 b,CoRoT-4,Transit,9.20205,228.83,1,Hot/warm giants,,0.0,,too_hot,False,False,False,False,False
105,CoRoT-5 b,CoRoT-5,Transit,4.0378962,148.42,1,Hot/warm giants,,0.0,,too_hot,False,False,False,False,False
106,CoRoT-6 b,CoRoT-6,Transit,8.886593,940.74,1,Hot/warm giants,,0.0,,too_hot,False,False,False,False,False
107,CoRoT-7 b,CoRoT-7,Transit,0.85359163,4.07661,0,Low-mass short-period,,0.0,,too_hot,False,False,True,False,False
108,CoRoT-7 c,CoRoT-7,Radial Velocity,3.698,8.4,0,Low-mass short-period,,0.0,,too_hot,False,False,False,False,False
109,CoRoT-8 b,CoRoT-8,Transit,6.21229,69.92,1,Hot/warm giants,,0.0,,too_hot,False,False,False,False,False
110,CoRoT-9 b,CoRoT-9,Transit,95.272656,266.9772,2,Long-period giants,,0.0,,too_hot,False,False,False,False,False
111,CoRoTID 223977153 b,CoRoTID 223977153,Transit,6.71837,47.6745,1,Hot/warm giants,0.0,0.0,too_hot,too_hot,False,False,False,False,False
112,DE CVn b,DE CVn,Other methods,4098.1,3823.2733,2,Long-period giants,,,,,False,False,False,False,False
113,DENIS-P J082303.1-491201 b,DENIS-P J082303.1-491201,Other methods,246.36,9057.77,2,Long-period giants,,,,,False,False,False,True,False
115,DMPP-1 b,DMPP-1,Radial Velocity,18.57,24.27,3,Intermediate-mass moderate-period,,0.0,,too_hot,False,False,False,False,False
116,DMPP-1 c,DMPP-1,Radial Velocity,6.584,9.6,0,Low-mass short-period,,0.0,,too_hot,False,False,False,False,False
117,DMPP-1 d,DMPP-1,Radial Velocity,2.882,3.35,0,Low-mass short-period,,0.0,,too_hot,False,False,False,False,False
118,DMPP-1 e,DMPP-1,Radial Velocity,5.516,4.13,0,Low-mass short-period,,0.0,,too_hot,False,False,False,False,False
119,DMPP-2 b,DMPP-2,Radial Velocity,5.2072,138.89171,1,Hot/warm giants,,0.0,,too_hot,False,False,False,False,False
120,DMPP-3 A b,DMPP-3 A,Radial Velocity,6.6732,2.58,0,Low-mass short-period,,0.0,,too_hot,False,False,False,False,False
121,DP Leo b,DP Leo,Other methods,10220.0,1922.79,2,Long-period giants,,,,,False,False,False,False,False
159,EPIC 246851721 b,EPIC 246851721,Transit,6.180235,953.49,1,Hot/warm giants,0.0,0.0,too_hot,too_hot,False,False,False,False,False
160,EPIC 248847494 b,EPIC 248847494,Transit,3650.0,4131.79,2,Long-period giants,0.0,0.0,too_cold,too_cold,False,False,False,True,False
161,EPIC 249893012 b,EPIC 249893012,Transit,3.5951,8.75,0,Low-mass short-period,0.0,0.0,too_hot,too_hot,False,False,False,False,False
162,EPIC 249893012 c,EPIC 249893012,Transit,15.624,14.67,0,Low-mass short-period,0.0,0.0,too_hot,too_hot,False,False,False,False,False
163,EPIC 249893012 d,EPIC 249893012,Transit,35.747,10.18,3,Intermediate-mass moderate-period,0.0,0.0,too_hot,too_hot,False,False,False,False,False
165,G 264-012 b,G 264-012,Radial Velocity,2.30538,2.5,0,Low-mass short-period,0.0,0.0,too_hot,too_hot,False,False,False,False,False
166,G 264-012 c,G 264-012,Radial Velocity,8.0518,3.75,0,Low-mass short-period,0.0,0.0,too_hot,too_hot,False,False,False,False,False
168,GJ 1061 b,GJ 1061,Radial Velocity,3.204,1.37,0,Low-mass short-period,0.0,0.0,too_hot,too_hot,False,False,False,False,False
169,GJ 1061 c,GJ 1061,Radial Velocity,6.689,1.74,0,Low-mass short-period,1.0,1.0,habitable_zone,habitable_zone,False,False,False,False,False
170,GJ 1061 d,GJ 1061,Radial Velocity,13.031,1.64,0,Low-mass short-period,1.0,1.0,habitable_zone,habitable_zone,False,False,False,False,False
171,GJ 1132 b,GJ 1132,Transit,1.628931,1.66,0,Low-mass short-period,,0.0,,too_hot,False,False,False,False,False
172,GJ 1132 c,GJ 1132,Radial Velocity,8.929,2.64,0,Low-mass short-period,,0.0,,too_hot,False,False,False,False,False
173,GJ 1148 b,GJ 1148,Radial Velocity,41.38,96.7,3,Intermediate-mass moderate-period,,1.0,,habitable_zone,False,False,False,False,False
174,GJ 1148 c,GJ 1148,Radial Velocity,532.58,68.06,3,Intermediate-mass moderate-period,,0.0,,too_cold,False,False,False,False,False
175,GJ 1151 b,GJ 1151,Radial Velocity,2.018,2.5,0,Low-mass short-period,,,,,False,False,False,False,False
176,GJ 1214 b,GJ 1214,Transit,1.58040433,8.17,0,Low-mass short-period,0.0,0.0,too_hot,too_hot,False,False,False,False,False
177,GJ 1252 b,GJ 1252,Transit,0.5182349,2.09,0,Low-mass short-period,,0.0,,too_hot,False,False,True,False,False
178,GJ 1265 b,GJ 1265,Radial Velocity,3.6511,7.4,0,Low-mass short-period,,0.0,,too_hot,False,False,False,False,False
179,GJ 143 b,GJ 143,Transit,35.61253,22.7,3,Intermediate-mass moderate-period,,0.0,,too_hot,False,False,False,False,False
180,GJ 15 A b,GJ 15 A,Radial Velocity,11.4407,3.03,0,Low-mass short-period,,0.0,,too_hot,False,False,False,False,False
181,GJ 15 A c,GJ 15 A,Radial Velocity,7600.0,36.0,2,Long-period giants,,0.0,,too_cold,False,False,False,False,False
182,GJ 160.2 b,GJ 160.2,Radial Velocity,5.2354,10.2,0,Low-mass short-period,,,,,False,False,False,False,False
183,GJ 163 b,GJ 163,Radial Velocity,8.63182,10.6,0,Low-mass short-period,,,,,False,False,False,False,False
184,GJ 163 c,GJ 163,Radial Velocity,25.63058,6.8,0,Low-mass short-period,,,,,False,False,False,False,False
185,GJ 163 d,GJ 163,Radial Velocity,603.95116,29.4,3,Intermediate-mass moderate-period,,,,,False,False,False,False,False
186,GJ 179 b,GJ 179,Radial Velocity,2288.0,260.61,2,Long-period giants,,0.0,,too_cold,False,False,False,False,False
187,GJ 180 b,GJ 180,Radial Velocity,17.133,6.49,0,Low-mass short-period,,,,,False,False,False,False,False
188,GJ 180 c,GJ 180,Radial Velocity,24.329,6.4,0,Low-mass short-period,,,,,False,False,False,False,False
189,GJ 180 d,GJ 180,Radial Velocity,106.3,7.56,3,Intermediate-mass moderate-period,,,,,False,False,False,False,False
190,GJ 2056 b,GJ 2056,Radial Velocity,69.971,16.2,3,Intermediate-mass moderate-period,,,,,False,False,False,False,False
191,GJ 229 A c,GJ 229,Radial Velocity,121.995,7.268,3,Intermediate-mass moderate-period,,,,,False,False,False,False,False
192,GJ 229 b,GJ 229,Radial Velocity,526.115,8.478,3,Intermediate-mass moderate-period,,,,,False,False,False,False,False
193,GJ 251 b,GJ 251,Radial Velocity,14.238,4.0,0,Low-mass short-period,0.0,0.0,too_hot,too_hot,False,False,False,False,False
194,GJ 27.1 b,GJ 27.1,Radial Velocity,15.819,13.0,0,Low-mass short-period,,,,,False,False,False,False,False
195,GJ 273 b,GJ 273,Radial Velocity,18.6498,2.89,0,Low-mass short-period,1.0,1.0,habitable_zone,habitable_zone,False,False,False,False,False
196,GJ 273 c,GJ 273,Radial Velocity,4.7234,1.18,0,Low-mass short-period,0.0,0.0,too_hot,too_hot,False,False,False,False,False
197,GJ 3021 b,GJ 3021,Radial Velocity,133.71,1071.04,2,Long-period giants,,0.0,,too_hot,False,False,False,False,False
198,GJ 3082 b,GJ 3082,Radial Velocity,11.949,8.2,0,Low-mass short-period,,,,,False,False,False,False,False
199,GJ 3138 b,GJ 3138,Radial Velocity,1.22003,1.78,0,Low-mass short-period,0.0,0.0,too_hot,too_hot,False,False,False,False,False
200,GJ 3138 c,GJ 3138,Radial Velocity,5.974,4.18,0,Low-mass short-period,0.0,0.0,too_hot,too_hot,False,False,False,False,False
201,GJ 3138 d,GJ 3138,Radial Velocity,257.8,10.5,3,Intermediate-mass moderate-period,0.0,0.0,too_cold,too_cold,False,False,False,False,False
202,GJ 317 b,GJ 317,Radial Velocity,695.66,557.1,2,Long-period giants,,,,,False,False,False,False,False
203,GJ 317 c,GJ 317,Radial Velocity,6739.323,522.5,2,Long-period giants,,,,,False,False,False,False,False
204,GJ 328 b,GJ 328,Radial Velocity,4100.0,731.0,2,Long-period giants,,,,,False,False,False,False,False
205,GJ 3293 b,GJ 3293,Radial Velocity,30.5987,23.54,3,Intermediate-mass moderate-period,1.0,1.0,habitable_zone,habitable_zone,False,False,False,False,False
206,GJ 3293 c,GJ 3293,Radial Velocity,122.6196,21.09,3,Intermediate-mass moderate-period,0.0,0.0,too_cold,too_cold,False,False,False,False,False
207,GJ 3293 d,GJ 3293,Radial Velocity,48.1345,7.6,3,Intermediate-mass moderate-period,1.0,1.0,habitable_zone,habitable_zone,False,False,False,False,False
208,GJ 3293 e,GJ 3293,Radial Velocity,13.2543,3.28,0,Low-mass short-period,0.0,0.0,too_hot,too_hot,False,False,False,False,False
209,GJ 3323 b,GJ 3323,Radial Velocity,5.3636,2.02,0,Low-mass short-period,0.0,1.0,too_hot,habitable_zone,False,False,False,False,False
210,GJ 3323 c,GJ 3323,Radial Velocity,40.54,2.31,0,Low-mass short-period,0.0,0.0,too_cold,too_cold,False,False,False,False,False
211,GJ 3341 b,GJ 3341,Radial Velocity,14.207,6.6,0,Low-mass short-period,,0.0,,too_hot,False,False,False,False,False
212,GJ 338 B b,GJ 338 B,Radial Velocity,24.45,10.27,0,Low-mass short-period,,0.0,,too_hot,False,False,False,False,False
213,GJ 3470 b,GJ 3470,Radial Velocity,3.3366496,13.9,0,Low-mass short-period,,0.0,,too_hot,False,False,False,False,False
214,GJ 3473 b,GJ 3473,Transit,1.1980035,1.86,0,Low-mass short-period,0.0,0.0,too_hot,too_hot,False,False,False,False,False
215,GJ 3473 c,GJ 3473,Radial Velocity,15.509,7.41,0,Low-mass short-period,0.0,0.0,too_hot,too_hot,False,False,False,False,False
216,GJ 3512 b,GJ 3512,Radial Velocity,203.59,147.15529,3,Intermediate-mass moderate-period,,0.0,,too_cold,False,False,False,False,False
217,GJ 357 b,GJ 357,Transit,3.93072,1.84,0,Low-mass short-period,0.0,0.0,too_hot,too_hot,False,False,False,False,False
218,GJ 357 c,GJ 357,Radial Velocity,9.1247,3.4,0,Low-mass short-period,0.0,0.0,too_hot,too_hot,False,False,False,False,False
219,GJ 357 d,GJ 357,Radial Velocity,55.661,6.1,3,Intermediate-mass moderate-period,1.0,1.0,habitable_zone,habitable_zone,False,False,False,False,False
220,GJ 3634 b,GJ 3634,Radial Velocity,2.64561,8.4,0,Low-mass short-period,,,,,False,False,False,False,False
221,GJ 3779 b,GJ 3779,Radial Velocity,3.0232,8.0,0,Low-mass short-period,,0.0,,too_hot,False,False,False,False,False
222,GJ 393 b,GJ 393,Radial Velocity,7.02679,1.71,0,Low-mass short-period,0.0,0.0,too_hot,too_hot,False,False,False,False,False
223,GJ 3942 b,GJ 3942,Radial Velocity,6.905,7.14,0,Low-mass short-period,,0.0,,too_hot,False,False,False,False,False
224,GJ 3998 b,GJ 3998,Radial Velocity,2.64977,2.47,0,Low-mass short-period,,0.0,,too_hot,False,False,False,False,False
225,GJ 3998 c,GJ 3998,Radial Velocity,13.74,6.26,0,Low-mass short-period,,0.0,,too_hot,False,False,False,False,False
226,GJ 411 b,GJ 411,Radial Velocity,12.946,2.69,0,Low-mass short-period,0.0,0.0,too_hot,too_hot,False,False,False,False,False
227,GJ 414 A b,GJ 414 A,Radial Velocity,50.8,7.6,3,Intermediate-mass moderate-period,,0.0,,too_hot,False,False,False,False,False
228,GJ 414 A c,GJ 414 A,Radial Velocity,749.83,53.83,3,Intermediate-mass moderate-period,,0.0,,too_cold,False,False,False,False,False
229,GJ 422 b,GJ 422,Radial Velocity,20.129,11.07,0,Low-mass short-period,,,,,False,False,False,False,False
230,GJ 4276 b,GJ 4276,Radial Velocity,13.352,16.57,0,Low-mass short-period,,0.0,,too_hot,False,False,False,False,False
231,GJ 433 b,GJ 433,Radial Velocity,7.3705,6.043,0,Low-mass short-period,,,,,False,False,False,False,False
232,GJ 433 c,GJ 433,Radial Velocity,5094.105,32.422,3,Intermediate-mass moderate-period,,,,,False,False,False,False,False
233,GJ 433 d,GJ 433,Radial Velocity,36.059,5.223,0,Low-mass short-period,,,,,False,False,False,False,False
234,GJ 436 b,GJ 436,Radial Velocity,2.64388312,22.1,0,Low-mass short-period,,,,,False,False,False,False,False
235,GJ 480 b,GJ 480,Radial Velocity,9.567,13.2,0,Low-mass short-period,,,,,False,False,False,False,False
236,GJ 486 b,GJ 486,Radial Velocity,1.467119,2.82,0,Low-mass short-period,0.0,0.0,too_hot,too_hot,False,False,False,False,False
238,GJ 536 b,GJ 536,Radial Velocity,8.7076,5.36,0,Low-mass short-period,,0.0,,too_hot,False,False,False,False,False
239,GJ 581 b,GJ 581,Radial Velocity,5.3686,15.8,0,Low-mass short-period,,0.0,,too_hot,False,False,False,False,False
240,GJ 581 c,GJ 581,Radial Velocity,12.914,5.5,0,Low-mass short-period,,0.0,,too_hot,False,False,False,False,False
241,GJ 581 e,GJ 581,Radial Velocity,3.149,1.7,0,Low-mass short-period,,0.0,,too_hot,False,False,False,False,False
242,GJ 625 b,GJ 625,Radial Velocity,14.628,2.82,0,Low-mass short-period,,0.0,,too_hot,False,False,False,False,False
243,GJ 649 b,GJ 649,Radial Velocity,598.3,104.244,2,Long-period giants,,,,,False,False,False,False,False
244,GJ 667 C b,GJ 667 C,Radial Velocity,7.2004,5.6,0,Low-mass short-period,,,,,False,False,False,False,False
245,GJ 667 C c,GJ 667 C,Radial Velocity,28.14,3.8,0,Low-mass short-period,,,,,False,False,False,False,False
246,GJ 667 C e,GJ 667 C,Radial Velocity,62.24,2.7,0,Low-mass short-period,,,,,False,False,False,False,False
247,GJ 667 C f,GJ 667 C,Radial Velocity,39.026,2.7,0,Low-mass short-period,,,,,False,False,False,False,False
248,GJ 667 C g,GJ 667 C,Radial Velocity,256.2,4.6,3,Intermediate-mass moderate-period,,,,,False,False,False,False,False
249,GJ 674 b,GJ 674,Radial Velocity,4.6938,11.09,0,Low-mass short-period,,,,,False,False,False,False,False
250,GJ 676 A b,GJ 676 A,Radial Velocity,1056.80005,1576.4368,2,Long-period giants,,0.0,,too_cold,False,False,False,False,False
251,GJ 676 A c,GJ 676 A,Radial Velocity,7337.0,2161.244,2,Long-period giants,,,,,False,False,False,False,False
252,GJ 676 A d,GJ 676 A,Radial Velocity,3.6005,4.4,0,Low-mass short-period,,,,,False,False,False,False,False
253,GJ 676 A e,GJ 676 A,Radial Velocity,35.39,8.1,3,Intermediate-mass moderate-period,,,,,False,False,False,False,False
254,GJ 682 b,GJ 682,Radial Velocity,17.478,4.4,0,Low-mass short-period,,,,,False,False,False,False,False
255,GJ 682 c,GJ 682,Radial Velocity,57.32,8.7,3,Intermediate-mass moderate-period,,,,,False,False,False,False,False
256,GJ 685 b,GJ 685,Radial Velocity,24.16,9.0,0,Low-mass short-period,,0.0,,too_hot,False,False,False,False,False
257,GJ 687 b,GJ 687,Radial Velocity,38.142,17.2,3,Intermediate-mass moderate-period,,,,,False,False,False,False,False
258,GJ 687 c,GJ 687,Radial Velocity,727.562,16.0,3,Intermediate-mass moderate-period,,,,,False,False,False,False,False
259,GJ 720 A b,GJ 720 A,Radial Velocity,19.466,13.64,0,Low-mass short-period,,0.0,,too_hot,False,False,False,False,False
260,GJ 740 b,GJ 740,Radial Velocity,2.37756,2.96,0,Low-mass short-period,0.0,0.0,too_hot,too_hot,False,False,False,False,False
261,GJ 832 b,GJ 832,Radial Velocity,3657.0,216.0,2,Long-period giants,,,,,False,False,False,False,False
262,GJ 832 c,GJ 832,Radial Velocity,35.68,5.4,0,Low-mass short-period,,,,,False,False,False,False,False
263,GJ 849 b,GJ 849,Radial Velocity,1915.0,286.04557,2,Long-period giants,,,,,False,False,False,False,False
264,GJ 849 c,GJ 849,Radial Velocity,7068.0,223.11554,2,Long-period giants,,,,,False,False,False,False,False
265,GJ 86 b,GJ 86,Radial Velocity,15.76491,1404.8086,1,Hot/warm giants,,0.0,,too_hot,False,False,False,False,False
266,GJ 876 b,GJ 876,Radial Velocity,61.1166,723.2235,2,Long-period giants,,,,,False,False,False,False,False
267,GJ 876 c,GJ 876,Radial Velocity,30.0881,226.9846,1,Hot/warm giants,,,,,False,False,False,False,False
268,GJ 876 d,GJ 876,Radial Velocity,1.93778,6.83,0,Low-mass short-period,,,,,False,False,False,False,False
269,GJ 876 e,GJ 876,Radial Velocity,124.26,14.6,3,Intermediate-mass moderate-period,,,,,False,False,False,False,False
270,GJ 887 b,GJ 887,Radial Velocity,9.262,4.2,0,Low-mass short-period,0.0,0.0,too_hot,too_hot,False,False,False,False,False
271,GJ 887 c,GJ 887,Radial Velocity,21.789,7.6,0,Low-mass short-period,0.0,0.0,too_hot,too_hot,False,False,False,False,False
272,GJ 9066 b,GJ 9066,Radial Velocity,241.883,30.9,3,Intermediate-mass moderate-period,,,,,False,False,False,False,False
273,GJ 9066 c,GJ 9066,Radial Velocity,767.887,71.6,3,Intermediate-mass moderate-period,,,,,False,False,False,False,False
274,GJ 96 b,GJ 96,Radial Velocity,73.94,19.66,3,Intermediate-mass moderate-period,,,,,False,False,False,False,False
275,GJ 9689 b,GJ 9689,Radial Velocity,18.27,9.65,0,Low-mass short-period,,0.0,,too_hot,False,False,False,False,False
276,GJ 9827 b,GJ 9827,Transit,1.2089819,4.91,0,Low-mass short-period,,0.0,,too_hot,False,False,False,False,False
277,GJ 9827 c,GJ 9827,Transit,3.6480957,0.84,0,Low-mass short-period,,0.0,,too_hot,False,False,False,False,False
278,GJ 9827 d,GJ 9827,Transit,6.2014698,4.04,0,Low-mass short-period,,0.0,,too_hot,False,False,False,False,False
279,GPX-1 b,GPX-1,Transit,1.744579,6261.21962,1,Hot/warm giants,0.0,0.0,too_hot,too_hot,False,False,False,True,False
283,Gl 378 b,Gl 378,Radial Velocity,3.822,13.02,0,Low-mass short-period,,0.0,,too_hot,False,False,False,False,False
284,Gl 49 b,Gl 49,Radial Velocity,13.8508,5.63,0,Low-mass short-period,,0.0,,too_hot,False,False,False,False,False
285,Gl 686 b,Gl 686,Radial Velocity,15.53,6.624,0,Low-mass short-period,,0.0,,too_hot,False,False,False,False,False
286,HAT-P-1 b,HAT-P-1,Transit,4.46529976,166.86075,1,Hot/warm giants,,0.0,,too_hot,False,False,False,False,False
287,HAT-P-11 b,HAT-P-11,Transit,4.88780244,23.4,0,Low-mass short-period,,0.0,,too_hot,False,False,False,False,False
288,HAT-P-11 c,HAT-P-11,Radial Velocity,3407.0,507.0,2,Long-period giants,,0.0,,too_cold,False,False,False,False,False
289,HAT-P-12 b,HAT-P-12,Transit,3.2130598,67.059,1,Hot/warm giants,,0.0,,too_hot,False,False,False,False,False
290,HAT-P-13 b,HAT-P-13,Transit,2.91625,270.462,1,Hot/warm giants,,,,,False,False,False,False,False
291,HAT-P-13 c,HAT-P-13,Radial Velocity,446.27,4538.421,2,Long-period giants,,,,,False,False,False,True,False
292,HAT-P-14 b,HAT-P-14,Transit,4.62767,1093.3352,1,Hot/warm giants,,0.0,,too_hot,False,False,False,False,False
293,HAT-P-15 b,HAT-P-15,Transit,10.8635,616.5902,1,Hot/warm giants,,0.0,,too_hot,False,False,False,False,False
294,HAT-P-16 b,HAT-P-16,Transit,2.77596,1332.605,1,Hot/warm giants,,0.0,,too_hot,False,False,False,False,False
295,HAT-P-17 b,HAT-P-17,Transit,10.33852,184.3414,1,Hot/warm giants,,0.0,,too_hot,False,False,False,False,False
296,HAT-P-17 c,HAT-P-17,Radial Velocity,5584.0,1080.6,2,Long-period giants,,0.0,,too_cold,False,False,False,False,False
297,HAT-P-18 b,HAT-P-18,Transit,5.508023,62.61,1,Hot/warm giants,,0.0,,too_hot,False,False,False,False,False
298,HAT-P-19 b,HAT-P-19,Transit,4.008778,92.802,1,Hot/warm giants,,0.0,,too_hot,False,False,False,False,False
299,HAT-P-2 b,HAT-P-2,Transit,5.6335158,2739.6946,1,Hot/warm giants,,0.0,,too_hot,False,False,False,False,False
300,HAT-P-20 b,HAT-P-20,Transit,2.875317,2302.899,1,Hot/warm giants,,0.0,,too_hot,False,False,False,False,False
301,HAT-P-21 b,HAT-P-21,Transit,4.12448,1547.8321,1,Hot/warm giants,,0.0,,too_hot,False,False,False,False,False
302,HAT-P-22 b,HAT-P-22,Transit,3.21222,785.0401,1,Hot/warm giants,,0.0,,too_hot,False,False,False,False,False
303,HAT-P-23 b,HAT-P-23,Transit,1.21288,425.8922,1,Hot/warm giants,,0.0,,too_hot,False,False,False,False,False
304,HAT-P-24 b,HAT-P-24,Transit,3.35524,238.3725,1,Hot/warm giants,,0.0,,too_hot,False,False,False,False,False
305,HAT-P-25 b,HAT-P-25,Transit,3.65281514,180.84527,1,Hot/warm giants,0.0,0.0,too_hot,too_hot,False,False,False,False,False
306,HAT-P-26 b,HAT-P-26,Transit,4.23452,22.2481,0,Low-mass short-period,,0.0,,too_hot,False,False,False,False,False
307,HAT-P-27 b,HAT-P-27,Transit,3.039577,197.05,1,Hot/warm giants,,0.0,,too_hot,False,False,False,False,False
308,HAT-P-28 b,HAT-P-28,Transit,3.257215,198.953,1,Hot/warm giants,,0.0,,too_hot,False,False,False,False,False
309,HAT-P-29 b,HAT-P-29,Transit,5.72319,279.6904,1,Hot/warm giants,,0.0,,too_hot,False,False,False,False,False
310,HAT-P-3 b,HAT-P-3,Transit,2.8997,206.5895,1,Hot/warm giants,,0.0,,too_hot,False,False,False,False,False
311,HAT-P-30 b,HAT-P-30,Transit,2.8106,263.7989,1,Hot/warm giants,,0.0,,too_hot,False,False,False,False,False
312,HAT-P-31 b,HAT-P-31,Transit,5.00542,721.4741,1,Hot/warm giants,,0.0,,too_hot,False,False,False,False,False
313,HAT-P-32 b,HAT-P-32,Transit,2.1500082,216.1244,1,Hot/warm giants,0.0,0.0,too_hot,too_hot,False,False,False,False,False
314,HAT-P-33 b,HAT-P-33,Transit,3.47447,292.4036,1,Hot/warm giants,,0.0,,too_hot,False,False,False,False,False
315,HAT-P-34 b,HAT-P-34,Transit,5.452654,1058.3739,1,Hot/warm giants,,0.0,,too_hot,False,False,False,False,False
316,HAT-P-35 b,HAT-P-35,Transit,3.646706,335.62848,1,Hot/warm giants,,0.0,,too_hot,False,False,False,False,False
317,HAT-P-36 b,HAT-P-36,Transit,1.32734683,587.41341,1,Hot/warm giants,,0.0,,too_hot,False,False,False,False,False
318,HAT-P-37 b,HAT-P-37,Transit,2.797436,371.528,1,Hot/warm giants,,0.0,,too_hot,False,False,False,False,False
319,HAT-P-38 b,HAT-P-38,Transit,4.640382,84.857,1,Hot/warm giants,,0.0,,too_hot,False,False,False,False,False
320,HAT-P-39 b,HAT-P-39,Transit,3.54387,190.372,1,Hot/warm giants,,0.0,,too_hot,False,False,False,False,False
321,HAT-P-4 b,HAT-P-4,Transit,3.056536,213.255,1,Hot/warm giants,,,,,False,False,False,False,False
322,HAT-P-40 b,HAT-P-40,Transit,4.45724,152.5584,1,Hot/warm giants,,0.0,,too_hot,False,False,False,False,False
323,HAT-P-41 b,HAT-P-41,Transit,2.69405,378.2177,1,Hot/warm giants,,0.0,,too_hot,False,False,False,False,False
324,HAT-P-42 b,HAT-P-42,Transit,4.641878,331.801,1,Hot/warm giants,,0.0,,too_hot,False,False,False,False,False
326,HAT-P-44 b,HAT-P-44,Transit,4.301219,111.871,1,Hot/warm giants,,0.0,,too_hot,False,False,False,False,False
327,HAT-P-44 c,HAT-P-44,Radial Velocity,872.2,1271.3,2,Long-period giants,,0.0,,too_cold,False,False,False,False,False
328,HAT-P-45 b,HAT-P-45,Transit,3.128992,283.492,1,Hot/warm giants,,0.0,,too_hot,False,False,False,False,False
329,HAT-P-46 b,HAT-P-46,Transit,4.463129,156.684,1,Hot/warm giants,,0.0,,too_hot,False,False,False,False,False
330,HAT-P-49 b,HAT-P-49,Transit,2.69155,699.226,1,Hot/warm giants,,0.0,,too_hot,False,False,False,False,False
331,HAT-P-5 b,HAT-P-5,Transit,2.78849,311.4734,1,Hot/warm giants,,0.0,,too_hot,False,False,False,False,False
332,HAT-P-50 b,HAT-P-50,Transit,3.1220109,429.0705,1,Hot/warm giants,,0.0,,too_hot,False,False,False,False,False
333,HAT-P-51 b,HAT-P-51,Transit,4.2180278,98.20947,1,Hot/warm giants,,0.0,,too_hot,False,False,False,False,False
334,HAT-P-52 b,HAT-P-52,Transit,2.7535953,259.98494,1,Hot/warm giants,,0.0,,too_hot,False,False,False,False,False
335,HAT-P-53 b,HAT-P-53,Transit,1.9616241,471.65972,1,Hot/warm giants,,0.0,,too_hot,False,False,False,False,False
336,HAT-P-54 b,HAT-P-54,Transit,3.799847,241.5508,1,Hot/warm giants,,0.0,,too_hot,False,False,False,False,False
337,HAT-P-55 b,HAT-P-55,Transit,3.5852467,184.97706,1,Hot/warm giants,,0.0,,too_hot,False,False,False,False,False
338,HAT-P-56 b,HAT-P-56,Transit,2.79083,734.1873,1,Hot/warm giants,,0.0,,too_hot,True,False,False,False,False
339,HAT-P-57 b,HAT-P-57,Transit,2.4653,448.1403,1,Hot/warm giants,,0.0,,too_hot,False,False,False,False,False
340,HAT-P-58 b,HAT-P-58,Transit,4.0138379,118.23217,1,Hot/warm giants,0.0,0.0,too_hot,too_hot,False,False,False,False,False
341,HAT-P-59 b,HAT-P-59,Transit,4.1419771,489.45575,1,Hot/warm giants,0.0,0.0,too_hot,too_hot,False,False,False,False,False
342,HAT-P-6 b,HAT-P-6,Transit,3.85298,419.5356,1,Hot/warm giants,,0.0,,too_hot,False,False,False,False,False
343,HAT-P-60 b,HAT-P-60,Transit,4.7947813,182.43351,1,Hot/warm giants,0.0,0.0,too_hot,too_hot,False,False,False,False,False
344,HAT-P-61 b,HAT-P-61,Transit,1.90231289,335.94463,1,Hot/warm giants,0.0,0.0,too_hot,too_hot,False,False,False,False,False
345,HAT-P-62 b,HAT-P-62,Transit,2.6453235,241.86742,1,Hot/warm giants,0.0,0.0,too_hot,too_hot,False,False,False,False,False
346,HAT-P-63 b,HAT-P-63,Transit,3.377728,195.14664,1,Hot/warm giants,0.0,0.0,too_hot,too_hot,False,False,False,False,False
347,HAT-P-64 b,HAT-P-64,Transit,4.007232,184.34048,1,Hot/warm giants,0.0,0.0,too_hot,too_hot,False,False,False,False,False
348,HAT-P-65 b,HAT-P-65,Transit,2.6054552,167.49641,1,Hot/warm giants,,0.0,,too_hot,False,False,False,False,False
349,HAT-P-66 b,HAT-P-66,Transit,2.972086,248.86089,1,Hot/warm giants,,0.0,,too_hot,False,False,False,False,False
350,HAT-P-67 b,HAT-P-67,Transit,4.8101025,108.0622,1,Hot/warm giants,,0.0,,too_hot,False,False,False,False,False
351,HAT-P-68 b,HAT-P-68,Transit,2.29840551,230.10892,1,Hot/warm giants,0.0,0.0,too_hot,too_hot,False,False,False,False,False
352,HAT-P-69 b,HAT-P-69,Transit,4.7869491,1137.8314,1,Hot/warm giants,,0.0,,too_hot,False,False,False,False,False
353,HAT-P-7 b,HAT-P-7,Transit,2.20474,584.8072,1,Hot/warm giants,,0.0,,too_hot,False,False,False,False,False
354,HAT-P-70 b,HAT-P-70,Transit,2.74432452,2154.8874,1,Hot/warm giants,,0.0,,too_hot,False,False,False,False,False
355,HAT-P-8 b,HAT-P-8,Transit,3.07634,406.8224,1,Hot/warm giants,,0.0,,too_hot,False,False,False,False,False
356,HAT-P-9 b,HAT-P-9,Transit,3.92281072,238.05467,1,Hot/warm giants,0.0,0.0,too_hot,too_hot,False,False,False,False,False
357,HATS-1 b,HATS-1,Transit,3.446459,589.55,1,Hot/warm giants,,0.0,,too_hot,False,False,False,False,False
358,HATS-10 b,HATS-10,Transit,3.312846,167.17858,1,Hot/warm giants,,0.0,,too_hot,False,False,False,False,False
361,HATS-13 b,HATS-13,Transit,3.0440499,172.58169,1,Hot/warm giants,,0.0,,too_hot,False,False,False,False,False
362,HATS-14 b,HATS-14,Transit,2.7667641,340.39593,1,Hot/warm giants,,0.0,,too_hot,False,False,False,False,False
363,HATS-15 b,HATS-15,Transit,1.74748753,689.6911,1,Hot/warm giants,,0.0,,too_hot,False,False,False,False,False
364,HATS-16 b,HATS-16,Transit,2.686502,1039.3041,1,Hot/warm giants,,0.0,,too_hot,False,False,False,False,False
365,HATS-17 b,HATS-17,Transit,16.254611,425.25654,1,Hot/warm giants,0.0,0.0,too_hot,too_hot,False,False,False,False,False
366,HATS-18 b,HATS-18,Transit,0.83784,629.14449,1,Hot/warm giants,,0.0,,too_hot,False,False,True,False,False
367,HATS-2 b,HATS-2,Transit,1.354133,427.463,1,Hot/warm giants,,0.0,,too_hot,False,False,False,False,False
368,HATS-22 b,HATS-22,Transit,4.7228124,870.8542,1,Hot/warm giants,,0.0,,too_hot,False,False,False,False,False
369,HATS-23 b,HATS-23,Transit,2.1605156,467.2101,1,Hot/warm giants,,0.0,,too_hot,False,False,False,False,False
370,HATS-24 b,HATS-24,Transit,1.3484978,718.2958,1,Hot/warm giants,,0.0,,too_hot,False,False,False,False,False
371,HATS-25 b,HATS-25,Transit,4.2986432,194.82979,1,Hot/warm giants,,0.0,,too_hot,False,False,False,False,False
372,HATS-26 b,HATS-26,Transit,3.3023881,206.5895,1,Hot/warm giants,,0.0,,too_hot,False,False,False,False,False
373,HATS-27 b,HATS-27,Transit,4.637038,168.4499,1,Hot/warm giants,,0.0,,too_hot,False,False,False,False,False
374,HATS-28 b,HATS-28,Transit,3.1810781,213.58176,1,Hot/warm giants,,0.0,,too_hot,False,False,False,False,False
375,HATS-29 b,HATS-29,Transit,4.6058749,207.54299,1,Hot/warm giants,,0.0,,too_hot,False,False,False,False,False
376,HATS-3 b,HATS-3,Transit,3.547851,340.382,1,Hot/warm giants,,0.0,,too_hot,False,False,False,False,False
377,HATS-30 b,HATS-30,Transit,3.1743516,224.38798,1,Hot/warm giants,,0.0,,too_hot,False,False,False,False,False
378,HATS-31 b,HATS-31,Transit,3.37796,279.6904,1,Hot/warm giants,,0.0,,too_hot,False,False,False,False,False
379,HATS-32 b,HATS-32,Transit,2.8126548,292.4036,1,Hot/warm giants,,0.0,,too_hot,False,False,False,False,False
380,HATS-33 b,HATS-33,Transit,2.5495551,378.85336,1,Hot/warm giants,,0.0,,too_hot,False,False,False,False,False
381,HATS-34 b,HATS-34,Transit,2.1061607,299.07803,1,Hot/warm giants,,0.0,,too_hot,False,False,False,False,False
382,HATS-35 b,HATS-35,Transit,1.8209993,388.38826,1,Hot/warm giants,,0.0,,too_hot,False,False,False,False,False
384,HATS-37 A b,HATS-37 A,Transit,4.3315366,31.46517,0,Low-mass short-period,0.0,0.0,too_hot,too_hot,False,False,False,False,False
385,HATS-38 b,HATS-38,Transit,4.375021,23.51942,0,Low-mass short-period,0.0,0.0,too_hot,too_hot,False,False,False,False,False
386,HATS-39 b,HATS-39,Transit,4.5776348,200.2329,1,Hot/warm giants,,0.0,,too_hot,False,False,False,False,False
387,HATS-4 b,HATS-4,Transit,2.516729,420.471,1,Hot/warm giants,,0.0,,too_hot,False,False,False,False,False
388,HATS-40 b,HATS-40,Transit,3.2642736,505.3497,1,Hot/warm giants,,0.0,,too_hot,False,False,False,False,False
389,HATS-41 b,HATS-41,Transit,4.193649,3082.951,1,Hot/warm giants,,0.0,,too_hot,False,False,False,False,False
390,HATS-42 b,HATS-42,Transit,2.292102,597.5204,1,Hot/warm giants,,0.0,,too_hot,False,False,False,False,False
391,HATS-43 b,HATS-43,Transit,4.3888497,82.95363,1,Hot/warm giants,,0.0,,too_hot,False,False,False,False,False
392,HATS-44 b,HATS-44,Transit,2.7439004,177.9848,1,Hot/warm giants,,0.0,,too_hot,False,False,False,False,False
393,HATS-45 b,HATS-45,Transit,4.1876244,222.481,1,Hot/warm giants,,0.0,,too_hot,False,False,False,False,False
394,HATS-46 b,HATS-46,Transit,4.7423729,54.98459,1,Hot/warm giants,,0.0,,too_hot,False,False,False,False,False
395,HATS-47 b,HATS-47,Transit,3.9228038,117.27927,1,Hot/warm giants,0.0,0.0,too_hot,too_hot,False,False,False,False,False
396,HATS-48 A b,HATS-48 A,Transit,3.1316666,77.23269,1,Hot/warm giants,0.0,0.0,too_hot,too_hot,False,False,False,False,False
397,HATS-49 b,HATS-49,Transit,4.1480467,112.19399,1,Hot/warm giants,0.0,0.0,too_hot,too_hot,False,False,False,False,False
398,HATS-5 b,HATS-5,Transit,4.763387,75.323,1,Hot/warm giants,,0.0,,too_hot,False,False,False,False,False
399,HATS-50 b,HATS-50,Transit,3.8297015,123.9537,1,Hot/warm giants,,0.0,,too_hot,False,False,False,False,False
400,HATS-51 b,HATS-51,Transit,3.3488702,244.09344,1,Hot/warm giants,,0.0,,too_hot,False,False,False,False,False
401,HATS-52 b,HATS-52,Transit,1.36665436,711.9392,1,Hot/warm giants,,0.0,,too_hot,False,False,False,False,False
402,HATS-53 b,HATS-53,Transit,3.8537768,189.10885,1,Hot/warm giants,,0.0,,too_hot,False,False,False,False,False
403,HATS-54 b,HATS-54,Transit,2.5441828,241.5508,1,Hot/warm giants,,0.0,,too_hot,False,False,False,False,False
404,HATS-55 b,HATS-55,Transit,4.2042001,292.72143,1,Hot/warm giants,,0.0,,too_hot,False,False,False,False,False
405,HATS-56 b,HATS-56,Transit,4.324799,191.33366,1,Hot/warm giants,,0.0,,too_hot,False,False,False,False,False
406,HATS-57 b,HATS-57,Transit,2.350621,1000.21101,1,Hot/warm giants,,0.0,,too_hot,False,False,False,False,False
407,HATS-58 A b,HATS-58 A,Transit,4.2180896,327.3649,1,Hot/warm giants,,0.0,,too_hot,False,False,False,False,False
408,HATS-59 b,HATS-59,Transit,5.416081,256.17098,1,Hot/warm giants,0.0,0.0,too_hot,too_hot,False,False,False,False,False
409,HATS-59 c,HATS-59,Radial Velocity,1422.0,4036.441,2,Long-period giants,0.0,0.0,too_cold,too_cold,False,False,False,False,False
410,HATS-6 b,HATS-6,Transit,3.3252725,101.38777,1,Hot/warm giants,,0.0,,too_hot,False,False,False,False,False
411,HATS-60 b,HATS-60,Transit,3.560829,210.40346,1,Hot/warm giants,0.0,0.0,too_hot,too_hot,False,False,False,False,False
412,HATS-61 b,HATS-61,Transit,7.817953,1080.622,1,Hot/warm giants,0.0,0.0,too_hot,too_hot,False,False,False,False,False
413,HATS-62 b,HATS-62,Transit,3.2768837,56.89157,1,Hot/warm giants,0.0,0.0,too_hot,too_hot,False,False,False,False,False
414,HATS-63 b,HATS-63,Transit,3.0566527,305.1168,1,Hot/warm giants,0.0,0.0,too_hot,too_hot,False,False,False,False,False
415,HATS-64 b,HATS-64,Transit,4.908897,305.1168,1,Hot/warm giants,0.0,0.0,too_hot,too_hot,False,False,False,False,False
416,HATS-65 b,HATS-65,Transit,3.105161,260.93843,1,Hot/warm giants,0.0,0.0,too_hot,too_hot,False,False,False,False,False
417,HATS-66 b,HATS-66,Transit,3.1414391,1694.0339,1,Hot/warm giants,0.0,0.0,too_hot,too_hot,False,False,False,False,False
418,HATS-67 b,HATS-67,Transit,1.6091788,460.8535,1,Hot/warm giants,0.0,0.0,too_hot,too_hot,False,False,False,False,False
419,HATS-68 b,HATS-68,Transit,3.5862202,410.0007,1,Hot/warm giants,0.0,0.0,too_hot,too_hot,False,False,False,False,False
420,HATS-69 b,HATS-69,Transit,2.2252577,183.38791,1,Hot/warm giants,0.0,0.0,too_hot,too_hot,False,False,False,False,False
421,HATS-7 b,HATS-7,Transit,3.185315,38.1396,0,Low-mass short-period,,0.0,,too_hot,False,False,False,False,False
422,HATS-70 b,HATS-70,Transit,1.8882378,4100.007,1,Hot/warm giants,0.0,0.0,too_hot,too_hot,False,False,False,False,False
423,HATS-71 b,HATS-71,Transit,3.7955202,117.5971,1,Hot/warm giants,,0.0,,too_hot,False,False,False,False,False
424,HATS-72 b,HATS-72,Transit,7.3279474,39.85588,0,Low-mass short-period,0.0,0.0,too_hot,too_hot,False,False,False,False,False
425,HATS-8 b,HATS-8,Transit,3.583893,43.86054,1,Hot/warm giants,,0.0,,too_hot,False,False,False,False,False
428,HD 100655 b,HD 100655,Radial Velocity,157.57001,511.7063,2,Long-period giants,,0.0,,too_hot,True,False,False,False,False
429,HD 100777 b,HD 100777,Radial Velocity,383.70001,327.3649,2,Long-period giants,,1.0,,habitable_zone,False,False,False,False,False
430,HD 10180 c,HD 10180,Radial Velocity,5.75969,13.22173,0,Low-mass short-period,,0.0,,too_hot,False,False,False,False,False
431,HD 10180 d,HD 10180,Radial Velocity,16.357,12.01397,0,Low-mass short-period,,0.0,,too_hot,False,False,False,False,False
432,HD 10180 e,HD 10180,Radial Velocity,49.748,25.58532,3,Intermediate-mass moderate-period,,0.0,,too_hot,False,False,False,False,False
433,HD 10180 f,HD 10180,Radial Velocity,122.744,22.94733,3,Intermediate-mass moderate-period,,0.0,,too_hot,False,False,False,False,False
434,HD 10180 g,HD 10180,Radial Velocity,604.67,23.26516,3,Intermediate-mass moderate-period,,1.0,,habitable_zone,False,False,False,False,False
435,HD 10180 h,HD 10180,Radial Velocity,2205.0,65.66368,2,Long-period giants,,0.0,,too_cold,False,False,False,False,False
436,HD 101930 b,HD 101930,Radial Velocity,70.46,79.4575,3,Intermediate-mass moderate-period,,0.0,,too_hot,False,False,False,False,False
437,HD 102117 b,HD 102117,Radial Velocity,20.8133,54.0311,3,Intermediate-mass moderate-period,,0.0,,too_hot,False,False,False,False,False
438,HD 102195 b,HD 102195,Radial Velocity,4.11377,130.3103,1,Hot/warm giants,,0.0,,too_hot,False,False,False,False,False
439,HD 102272 b,HD 102272,Radial Velocity,127.58,1570.0802,2,Long-period giants,,0.0,,too_hot,True,False,False,False,False
440,HD 102329 b,HD 102329,Radial Velocity,778.09998,2593.4928,2,Long-period giants,,0.0,,too_hot,True,False,False,False,False
441,HD 102329 c,HD 102329,Radial Velocity,1123.0,483.1016,2,Long-period giants,,,,,False,False,False,False,False
442,HD 102365 b,HD 102365,Radial Velocity,122.1,16.0,3,Intermediate-mass moderate-period,,,,,False,False,False,False,False
443,HD 102843 b,HD 102843,Radial Velocity,3090.942,113.9,2,Long-period giants,,,,,False,False,False,False,False
444,HD 102956 b,HD 102956,Radial Velocity,6.4947,305.1168,1,Hot/warm giants,,0.0,,too_hot,True,False,False,False,False
445,HD 103197 b,HD 103197,Radial Velocity,47.84,28.6047,3,Intermediate-mass moderate-period,,0.0,,too_hot,False,False,False,False,False
446,HD 103720 b,HD 103720,Radial Velocity,4.5557,197.046,1,Hot/warm giants,,0.0,,too_hot,False,False,False,False,False
447,HD 103774 b,HD 103774,Radial Velocity,5.8881,116.0,1,Hot/warm giants,,,,,False,False,False,False,False
448,HD 103949 b,HD 103949,Radial Velocity,120.878,11.2,3,Intermediate-mass moderate-period,,,,,False,False,False,False,False
449,HD 104067 b,HD 104067,Radial Velocity,55.806,50.8528,3,Intermediate-mass moderate-period,,0.0,,too_hot,False,False,False,False,False
450,HD 10442 b,HD 10442,Radial Velocity,1032.3,472.61321,2,Long-period giants,,1.0,,habitable_zone,True,False,False,False,False
451,HD 104985 b,HD 104985,Radial Velocity,199.505,2637.9,2,Long-period giants,,0.0,,too_hot,True,False,False,False,False
452,HD 106252 b,HD 106252,Radial Velocity,1531.0,2202.5619,2,Long-period giants,,0.0,,too_cold,False,False,False,False,False
453,HD 106270 b,HD 106270,Radial Velocity,1888.0,3219.6179,2,Long-period giants,,1.0,,habitable_zone,False,False,False,False,False
454,HD 106315 b,HD 106315,Transit,9.55237,12.6,0,Low-mass short-period,,0.0,,too_hot,False,False,False,False,False
455,HD 106315 c,HD 106315,Transit,21.05704,15.2,3,Intermediate-mass moderate-period,,0.0,,too_hot,False,False,False,False,False
456,HD 10647 b,HD 10647,Radial Velocity,989.2,298.75,2,Long-period giants,,1.0,,habitable_zone,False,False,False,False,False
457,HD 106515 A b,HD 106515 A,Radial Velocity,3630.0,3054.22,2,Long-period giants,,0.0,,too_cold,False,False,False,False,False
459,HD 10697 b,HD 10697,Radial Velocity,1075.69,2028.70889,2,Long-period giants,,1.0,,habitable_zone,False,False,False,False,False
460,HD 107148 b,HD 107148,Radial Velocity,48.056,66.741,3,Intermediate-mass moderate-period,,,,,False,False,False,False,False
461,HD 107148 c,HD 107148,Radial Velocity,18.3267,19.89606,3,Intermediate-mass moderate-period,,0.0,,too_hot,False,False,False,False,False
462,HD 108147 b,HD 108147,Radial Velocity,10.8985,82.95,1,Hot/warm giants,,0.0,,too_hot,False,False,False,False,False
468,HD 108341 b,HD 108341,Radial Velocity,1129.0,1112.4,2,Long-period giants,,0.0,,too_cold,False,False,False,False,False
469,HD 108863 b,HD 108863,Radial Velocity,437.7,767.24162,2,Long-period giants,,0.0,,too_hot,True,False,False,False,False
470,HD 108874 b,HD 108874,Radial Velocity,394.48123,451.3186,2,Long-period giants,,1.0,,habitable_zone,False,False,False,False,False
471,HD 108874 c,HD 108874,Radial Velocity,1624.0,314.64,2,Long-period giants,,,,,False,False,False,False,False
472,HD 109246 b,HD 109246,Radial Velocity,68.27,273.3338,3,Intermediate-mass moderate-period,,0.0,,too_hot,False,False,False,False,False
473,HD 109271 b,HD 109271,Radial Velocity,7.8543,17.162,0,Low-mass short-period,,,,,False,False,False,False,False
474,HD 109271 c,HD 109271,Radial Velocity,30.93,24.154,3,Intermediate-mass moderate-period,,,,,False,False,False,False,False
475,HD 109286 b,HD 109286,Radial Velocity,520.1,950.30694,2,Long-period giants,1.0,1.0,habitable_zone,habitable_zone,False,False,False,False,False
476,HD 109749 b,HD 109749,Radial Velocity,5.239891,85.8141,1,Hot/warm giants,,0.0,,too_hot,False,False,False,False,False
477,HD 110014 b,HD 110014,Radial Velocity,835.477,3524.59,2,Long-period giants,,0.0,,too_hot,True,False,False,False,False
479,HD 110113 b,HD 110113,Transit,2.541,4.55,0,Low-mass short-period,0.0,0.0,too_hot,too_hot,False,False,False,False,False
480,HD 110113 c,HD 110113,Radial Velocity,6.744,10.5,0,Low-mass short-period,0.0,0.0,too_hot,too_hot,False,False,False,False,False
481,HD 111232 b,HD 111232,Radial Velocity,1143.0,2269.3062,2,Long-period giants,,0.0,,too_cold,False,False,False,False,False
482,HD 111591 b,HD 111591,Radial Velocity,1056.4,1398.452,2,Long-period giants,,0.0,,too_hot,True,False,False,False,False
483,HD 111998 b,HD 111998,Radial Velocity,825.9,1433.4133,2,Long-period giants,,1.0,,habitable_zone,False,False,False,False,False
484,HD 112640 b,HD 112640,Radial Velocity,613.2,1589.15,2,Long-period giants,,0.0,,too_hot,True,False,False,False,False
485,HD 113337 b,HD 113337,Radial Velocity,324.0,899.42,2,Long-period giants,,0.0,,too_hot,False,False,False,False,False
486,HD 113538 b,HD 113538,Radial Velocity,663.2,114.41,2,Long-period giants,,0.0,,too_cold,False,False,False,False,False
487,HD 113538 c,HD 113538,Radial Velocity,1818.0,295.57,2,Long-period giants,,0.0,,too_cold,False,False,False,False,False
488,HD 113996 b,HD 113996,Radial Velocity,610.2,2002.329,2,Long-period giants,,0.0,,too_hot,True,False,False,False,False
489,HD 114386 b,HD 114386,Radial Velocity,937.70001,362.3262,2,Long-period giants,,0.0,,too_cold,False,False,False,False,False
490,HD 114613 b,HD 114613,Radial Velocity,4000.0,113.46531,2,Long-period giants,,0.0,,too_cold,False,False,False,False,False
491,HD 114729 b,HD 114729,Radial Velocity,1121.79,262.20975,2,Long-period giants,,1.0,,habitable_zone,False,False,False,False,False
492,HD 114762 b,HD 114762,Radial Velocity,83.9151,3397.6027,2,Long-period giants,,0.0,,too_hot,False,False,False,False,False
493,HD 114783 b,HD 114783,Radial Velocity,493.7,349.6,2,Long-period giants,,,,,False,False,False,False,False
494,HD 114783 c,HD 114783,Radial Velocity,4319.0,194.19413,2,Long-period giants,,,,,False,False,False,False,False
495,HD 11506 b,HD 11506,Radial Velocity,1622.1,1535.1189,2,Long-period giants,,0.0,,too_cold,False,False,False,False,False
496,HD 11506 c,HD 11506,Radial Velocity,223.41,129.67464,3,Intermediate-mass moderate-period,,0.0,,too_hot,False,False,False,False,False
497,HD 115954 b,HD 115954,Radial Velocity,3700.0,2634.79749,2,Long-period giants,0.0,0.0,too_cold,too_cold,False,False,False,False,False
498,HD 116029 b,HD 116029,Radial Velocity,670.0,444.962,2,Long-period giants,,0.0,,too_hot,True,False,False,False,False
499,HD 116029 c,HD 116029,Radial Velocity,907.0,403.6441,2,Long-period giants,,,,,False,False,False,False,False
500,HD 117207 b,HD 117207,Radial Velocity,2621.75,612.14058,2,Long-period giants,,0.0,,too_cold,False,False,False,False,False
501,HD 11755 b,HD 11755,Radial Velocity,433.70001,1789.3829,2,Long-period giants,,0.0,,too_hot,True,False,False,False,False
502,HD 117618 b,HD 117618,Radial Velocity,25.8,55.30242,3,Intermediate-mass moderate-period,,,,,False,False,False,False,False
503,HD 118203 b,HD 118203,Radial Velocity,6.1335,886.7457,1,Hot/warm giants,,0.0,,too_hot,False,False,False,False,False
504,HD 11964 b,HD 11964,Radial Velocity,1945.0,198.0,2,Long-period giants,,0.0,,too_cold,False,False,False,False,False
505,HD 11964 c,HD 11964,Radial Velocity,37.91,25.0,3,Intermediate-mass moderate-period,,0.0,,too_hot,False,False,False,False,False
506,HD 11977 b,HD 11977,Radial Velocity,711.0,2080.0,2,Long-period giants,,0.0,,too_hot,True,False,False,False,False
507,HD 120084 b,HD 120084,Radial Velocity,2082.0,1430.2,2,Long-period giants,,0.0,,too_hot,True,False,False,False,False
508,HD 121504 b,HD 121504,Radial Velocity,63.33,479.9233,1,Hot/warm giants,,0.0,,too_hot,False,False,False,False,False
509,HD 124330 b,HD 124330,Radial Velocity,270.66,238.37131,2,Long-period giants,,,,,False,False,False,False,False
510,HD 12484 b,HD 12484,Radial Velocity,58.83,947.1334,2,Long-period giants,,,,,False,False,False,False,False
511,HD 125390 b,HD 125390,Radial Velocity,1756.2,7043.1128,2,Long-period giants,,0.0,,too_hot,True,False,False,True,False
512,HD 125595 b,HD 125595,Radial Velocity,9.6737,6.3566,0,Low-mass short-period,,0.0,,too_hot,False,False,False,False,False
513,HD 125612 b,HD 125612,Radial Velocity,557.04,985.273,2,Long-period giants,,1.0,,habitable_zone,False,False,False,False,False
514,HD 125612 c,HD 125612,Radial Velocity,4.15514,17.48065,0,Low-mass short-period,,0.0,,too_hot,False,False,False,False,False
515,HD 125612 d,HD 125612,Radial Velocity,2835.0,2313.8024,2,Long-period giants,,0.0,,too_cold,False,False,False,False,False
516,HD 12648 b,HD 12648,Radial Velocity,133.60001,622.9468,2,Long-period giants,,0.0,,too_hot,True,False,False,False,False
517,HD 126525 b,HD 126525,Radial Velocity,960.41,75.32571,3,Intermediate-mass moderate-period,,0.0,,too_cold,False,False,False,False,False
518,HD 12661 b,HD 12661,Radial Velocity,262.70862,772.3269,2,Long-period giants,,0.0,,too_hot,False,False,False,False,False
519,HD 12661 c,HD 12661,Radial Velocity,1708.0,575.884,2,Long-period giants,,0.0,,too_cold,False,False,False,False,False
520,HD 126614 b,HD 126614,Radial Velocity,1244.0,130.3103,2,Long-period giants,,0.0,,too_cold,False,False,False,False,False
521,HD 128311 b,HD 128311,Radial Velocity,453.019,562.24127,2,Long-period giants,,,,,False,False,False,False,False
522,HD 128311 c,HD 128311,Radial Velocity,921.538,1204.25787,2,Long-period giants,,,,,False,False,False,False,False
523,HD 128356 b,HD 128356,Radial Velocity,298.2,282.8687,2,Long-period giants,,1.0,,habitable_zone,False,False,False,False,False
524,HD 129445 b,HD 129445,Radial Velocity,1840.0,508.507,2,Long-period giants,,,,,False,False,False,False,False
525,HD 130322 b,HD 130322,Radial Velocity,10.70871,365.49,1,Hot/warm giants,,0.0,,too_hot,False,False,False,False,False
526,HD 131496 b,HD 131496,Radial Velocity,896.0,572.094,2,Long-period giants,,0.0,,too_hot,True,False,False,False,False
527,HD 131664 b,HD 131664,Radial Velocity,1951.0,6076.9096,2,Long-period giants,,0.0,,too_cold,False,False,False,True,False
528,HD 13167 b,HD 13167,Radial Velocity,2613.0,1052.0173,2,Long-period giants,,0.0,,too_cold,False,False,False,False,False
529,HD 13189 b,HD 13189,Radial Velocity,471.60001,3480.2385,2,Long-period giants,,0.0,,too_hot,True,False,False,False,False
530,HD 132406 b,HD 132406,Radial Velocity,974.0,1709.9254,2,Long-period giants,,1.0,,habitable_zone,False,False,False,False,False
531,HD 132563 b,HD 132563,Radial Velocity,1544.0,473.547,2,Long-period giants,,0.0,,too_cold,False,False,False,False,False
532,HD 133131 A b,HD 133131 A,Radial Velocity,649.0,451.3186,2,Long-period giants,,,,,False,False,False,False,False
533,HD 133131 A c,HD 133131 A,Radial Velocity,3568.0,133.4886,2,Long-period giants,,,,,False,False,False,False,False
534,HD 133131 B b,HD 133131 B,Radial Velocity,5769.0,794.575,2,Long-period giants,,,,,False,False,False,False,False
535,HD 134060 b,HD 134060,Radial Velocity,3.2696,10.1,0,Low-mass short-period,,,,,False,False,False,False,False
536,HD 134060 c,HD 134060,Radial Velocity,1291.5646,29.29,3,Intermediate-mass moderate-period,,,,,False,False,False,False,False
537,HD 134987 b,HD 134987,Radial Velocity,258.17999,511.7063,2,Long-period giants,,0.0,,too_hot,False,False,False,False,False
538,HD 134987 c,HD 134987,Radial Velocity,5000.0,260.0,2,Long-period giants,,0.0,,too_cold,False,False,False,False,False
539,HD 136352 b,HD 136352,Radial Velocity,11.57797,4.72,0,Low-mass short-period,0.0,0.0,too_hot,too_hot,False,False,False,False,False
540,HD 136352 c,HD 136352,Radial Velocity,27.59221,11.24,3,Intermediate-mass moderate-period,0.0,0.0,too_hot,too_hot,False,False,False,False,False
541,HD 136352 d,HD 136352,Radial Velocity,107.245,8.82,3,Intermediate-mass moderate-period,0.0,0.0,too_hot,too_hot,False,False,False,False,False
542,HD 136418 b,HD 136418,Radial Velocity,464.29999,680.1562,2,Long-period giants,,0.0,,too_hot,True,False,False,False,False
543,HD 136925 b,HD 136925,Radial Velocity,4540.0,266.97586,2,Long-period giants,,0.0,,too_cold,False,False,False,False,False
544,HD 137388 b,HD 137388,Radial Velocity,330.0,63.566,3,Intermediate-mass moderate-period,,1.0,,habitable_zone,False,False,False,False,False
545,HD 137496 b,HD 137496,Transit,1.62116,4.04,0,Low-mass short-period,,0.0,,too_hot,False,False,False,False,False
546,HD 137496 c,HD 137496,Radial Velocity,479.9,2434.5656,2,Long-period giants,,1.0,,habitable_zone,False,False,False,False,False
547,HD 13808 b,HD 13808,Radial Velocity,14.1815,11.2,0,Low-mass short-period,,0.0,,too_hot,False,False,False,False,False
548,HD 13808 c,HD 13808,Radial Velocity,53.753,9.96,3,Intermediate-mass moderate-period,,0.0,,too_hot,False,False,False,False,False
549,HD 13908 b,HD 13908,Radial Velocity,19.382,274.91,1,Hot/warm giants,,0.0,,too_hot,False,False,False,False,False
550,HD 13908 c,HD 13908,Radial Velocity,931.0,1630.4,2,Long-period giants,,1.0,,habitable_zone,False,False,False,False,False
551,HD 13931 b,HD 13931,Radial Velocity,4218.0,699.226,2,Long-period giants,,0.0,,too_cold,False,False,False,False,False
552,HD 139357 b,HD 139357,Radial Velocity,1125.7,3101.89,2,Long-period giants,,0.0,,too_hot,True,False,False,False,False
553,HD 1397 b,HD 1397,Transit,11.53533,131.89945,1,Hot/warm giants,0.0,0.0,too_hot,too_hot,False,False,False,False,False
554,HD 14067 b,HD 14067,Radial Velocity,1455.0,2479.0,2,Long-period giants,,0.0,,too_hot,True,False,False,False,False
555,HD 141004 b,HD 141004,Radial Velocity,15.5083,13.63484,0,Low-mass short-period,,0.0,,too_hot,False,False,False,False,False
556,HD 141399 b,HD 141399,Radial Velocity,94.44,143.34133,3,Intermediate-mass moderate-period,,,,,False,False,False,False,False
557,HD 141399 c,HD 141399,Radial Velocity,201.99,422.7139,2,Long-period giants,,,,,False,False,False,False,False
558,HD 141399 d,HD 141399,Radial Velocity,1069.8,375.0394,2,Long-period giants,,,,,False,False,False,False,False
559,HD 141399 e,HD 141399,Radial Velocity,5000.0,209.7678,2,Long-period giants,,,,,False,False,False,False,False
560,HD 141937 b,HD 141937,Radial Velocity,653.21997,3079.7727,2,Long-period giants,,1.0,,habitable_zone,False,False,False,False,False
561,HD 142 b,HD 142,Radial Velocity,349.7,397.27,2,Long-period giants,,0.0,,too_hot,False,False,False,False,False
562,HD 142 c,HD 142,Radial Velocity,6005.0,1684.4,2,Long-period giants,,0.0,,too_cold,False,False,False,False,False
563,HD 142022 A b,HD 142022 A,Radial Velocity,1928.0,1411.1652,2,Long-period giants,,0.0,,too_cold,False,False,False,False,False
564,HD 142245 b,HD 142245,Radial Velocity,1299.0,975.7381,2,Long-period giants,,1.0,,habitable_zone,True,False,False,False,False
565,HD 142415 b,HD 142415,Radial Velocity,386.29999,530.7761,2,Long-period giants,,1.0,,habitable_zone,False,False,False,False,False
566,HD 143105 b,HD 143105,Radial Velocity,2.1974,384.5743,1,Hot/warm giants,,,,,False,False,False,False,False
567,HD 143361 b,HD 143361,Radial Velocity,1039.15,1122.57556,2,Long-period giants,,0.0,,too_cold,False,False,False,False,False
568,HD 145377 b,HD 145377,Radial Velocity,103.95,1913.3366,2,Long-period giants,,0.0,,too_hot,False,False,False,False,False
569,HD 145457 b,HD 145457,Radial Velocity,176.3,708.7609,2,Long-period giants,,0.0,,too_hot,True,False,False,False,False
570,HD 145675 c,14 Her,Radial Velocity,25000.0,1843.40476,2,Long-period giants,,0.0,,too_cold,False,False,False,False,False
571,HD 145934 b,HD 145934,Radial Velocity,2730.0,724.62,2,Long-period giants,,,,,True,False,False,False,False
572,HD 1461 b,HD 1461,Radial Velocity,5.77152,6.44,0,Low-mass short-period,,,,,False,False,False,False,False
573,HD 1461 c,HD 1461,Radial Velocity,13.5052,5.59,0,Low-mass short-period,,,,,False,False,False,False,False
574,HD 147018 b,HD 147018,Radial Velocity,44.236,674.0,1,Hot/warm giants,,,,,False,False,False,False,False
575,HD 147018 c,HD 147018,Radial Velocity,1008.0,2080.0,2,Long-period giants,,,,,False,False,False,False,False
576,HD 147379 b,HD 147379,Radial Velocity,86.78,28.55,3,Intermediate-mass moderate-period,,,,,False,False,False,False,False
577,HD 147513 b,HD 147513,Radial Velocity,528.4,385.0,2,Long-period giants,,,,,False,False,False,False,False
578,HD 14787 b,HD 14787,Radial Velocity,676.6,356.28743,2,Long-period giants,,0.0,,too_hot,True,False,False,False,False
579,HD 147873 b,HD 147873,Radial Velocity,116.596,1633.6462,2,Long-period giants,,0.0,,too_hot,False,False,False,False,False
580,HD 147873 c,HD 147873,Radial Velocity,491.54,731.009,2,Long-period giants,,0.0,,too_hot,False,False,False,False,False
581,HD 148156 b,HD 148156,Radial Velocity,1027.0,270.144,2,Long-period giants,,0.0,,too_cold,False,False,False,False,False
582,HD 148164 b,HD 148164,Radial Velocity,328.55,390.9309,2,Long-period giants,,0.0,,too_hot,False,False,False,False,False
583,HD 148164 c,HD 148164,Radial Velocity,5062.0,1640.0028,2,Long-period giants,,0.0,,too_cold,False,False,False,False,False
584,HD 148427 b,HD 148427,Radial Velocity,331.5,413.179,2,Long-period giants,,0.0,,too_hot,True,False,False,False,False
585,HD 149026 b,HD 149026,Radial Velocity,2.87589,120.7754,1,Hot/warm giants,,0.0,,too_hot,False,False,False,False,False
586,HD 149143 b,HD 149143,Radial Velocity,4.07182,422.7139,1,Hot/warm giants,,0.0,,too_hot,False,False,False,False,False
587,HD 1502 b,HD 1502,Radial Velocity,428.5,874.0325,2,Long-period giants,,0.0,,too_hot,True,False,False,False,False
588,HD 150706 b,HD 150706,Radial Velocity,5894.0,861.28,2,Long-period giants,,0.0,,too_cold,False,False,False,False,False
589,HD 152079 b,HD 152079,Radial Velocity,2918.92,845.74563,2,Long-period giants,,0.0,,too_cold,False,False,False,False,False
590,HD 152581 b,HD 152581,Radial Velocity,686.5,594.02427,2,Long-period giants,,0.0,,too_hot,True,False,False,False,False
591,HD 152843 b,HD 152843,Transit,11.6264,11.56,0,Low-mass short-period,0.0,0.0,too_hot,too_hot,False,False,False,False,False
592,HD 152843 c,HD 152843,Transit,24.38,27.5,3,Intermediate-mass moderate-period,,0.0,,too_hot,False,False,False,False,False
593,HD 15337 b,HD 15337,Transit,4.75615,7.51,0,Low-mass short-period,,0.0,,too_hot,False,False,False,False,False
594,HD 15337 c,HD 15337,Transit,17.1784,8.11,0,Low-mass short-period,,0.0,,too_hot,False,False,False,False,False
595,HD 153950 b,HD 153950,Radial Velocity,499.39999,937.5985,2,Long-period giants,,1.0,,habitable_zone,False,False,False,False,False
596,HD 154088 b,HD 154088,Radial Velocity,18.56,6.6,0,Low-mass short-period,,,,,False,False,False,False,False
597,HD 154345 b,HD 154345,Radial Velocity,3341.55884,260.6206,2,Long-period giants,,0.0,,too_cold,False,False,False,False,False
598,HD 154672 b,HD 154672,Radial Velocity,163.94,1706.7471,2,Long-period giants,,0.0,,too_hot,False,False,False,False,False
599,HD 154857 b,HD 154857,Radial Velocity,408.60001,778.6835,2,Long-period giants,,0.0,,too_hot,False,False,False,False,False
600,HD 154857 c,HD 154857,Radial Velocity,3452.0,819.97,2,Long-period giants,,0.0,,too_cold,False,False,False,False,False
601,HD 155193 b,HD 155193,Radial Velocity,352.65,238.37131,2,Long-period giants,,,,,False,False,False,False,False
602,HD 155233 b,HD 155233,Radial Velocity,818.8,826.358,2,Long-period giants,,0.0,,too_hot,True,False,False,False,False
603,HD 155358 b,HD 155358,Radial Velocity,194.3,314.6517,2,Long-period giants,,0.0,,too_hot,False,False,False,False,False
604,HD 155358 c,HD 155358,Radial Velocity,391.9,261.0,2,Long-period giants,,,,,False,False,False,False,False
605,HD 156279 b,HD 156279,Radial Velocity,131.05,3140.1604,2,Long-period giants,,0.0,,too_hot,False,False,False,False,False
606,HD 156279 c,HD 156279,Radial Velocity,4191.0,2733.338,2,Long-period giants,,,,,False,False,False,False,False
607,HD 156411 b,HD 156411,Radial Velocity,842.2,235.18,2,Long-period giants,,1.0,,habitable_zone,False,False,False,False,False
608,HD 156668 b,HD 156668,Radial Velocity,4.6455,4.15,0,Low-mass short-period,,0.0,,too_hot,False,False,False,False,False
609,HD 156668 c,HD 156668,Radial Velocity,811.3,31.4968,3,Intermediate-mass moderate-period,,0.0,,too_cold,False,False,False,False,False
610,HD 156846 b,HD 156846,Radial Velocity,359.51001,3391.2461,2,Long-period giants,,0.0,,too_hot,False,False,False,False,False
611,HD 158038 b,HD 158038,Radial Velocity,521.0,486.2799,2,Long-period giants,,0.0,,too_hot,True,False,False,False,False
612,HD 158259 b,HD 158259,Radial Velocity,2.178,2.22,0,Low-mass short-period,,,,,False,False,False,False,False
613,HD 158259 c,HD 158259,Radial Velocity,3.432,5.6,0,Low-mass short-period,,,,,False,False,False,False,False
614,HD 158259 d,HD 158259,Radial Velocity,5.1980814,5.41,0,Low-mass short-period,,,,,False,False,False,False,False
615,HD 158259 e,HD 158259,Radial Velocity,7.951,6.08,0,Low-mass short-period,,,,,False,False,False,False,False
616,HD 158259 f,HD 158259,Radial Velocity,12.028,6.14,0,Low-mass short-period,,,,,False,False,False,False,False
617,HD 158996 b,HD 158996,Radial Velocity,820.2,4449.62,2,Long-period giants,,0.0,,too_hot,True,False,False,True,False
618,HD 159243 b,HD 159243,Radial Velocity,12.62,359.13,1,Hot/warm giants,,0.0,,too_hot,False,False,False,False,False
619,HD 159243 c,HD 159243,Radial Velocity,248.4,603.9,2,Long-period giants,,0.0,,too_hot,False,False,False,False,False
620,HD 159868 b,HD 159868,Radial Velocity,1184.1,704.94694,2,Long-period giants,,1.0,,habitable_zone,False,False,False,False,False
621,HD 159868 c,HD 159868,Radial Velocity,351.0,244.09344,2,Long-period giants,,0.0,,too_hot,False,False,False,False,False
622,HD 1605 b,HD 1605,Radial Velocity,577.2,296.85322,2,Long-period giants,,0.0,,too_hot,True,False,False,False,False
623,HD 1605 c,HD 1605,Radial Velocity,2149.0,1150.5446,2,Long-period giants,,1.0,,habitable_zone,True,False,False,False,False
624,HD 160691 b,HD 160691,Radial Velocity,643.25,532.68308,2,Long-period giants,,,,,False,False,False,False,False
625,HD 160691 c,HD 160691,Radial Velocity,4205.8,576.519,2,Long-period giants,,,,,False,False,False,False,False
626,HD 160691 d,HD 160691,Radial Velocity,9.6386,10.5547,0,Low-mass short-period,,,,,False,False,False,False,False
627,HD 160691 e,HD 160691,Radial Velocity,310.55,165.8685,2,Long-period giants,,,,,False,False,False,False,False
628,HD 16141 b,HD 16141,Radial Velocity,75.523,82.6358,3,Intermediate-mass moderate-period,,0.0,,too_hot,False,False,False,False,False
629,HD 16175 b,HD 16175,Radial Velocity,990.0,1620.933,2,Long-period giants,,1.0,,habitable_zone,False,False,False,False,False
630,HD 162020 b,HD 162020,Radial Velocity,8.4282,3127.4472,1,Hot/warm giants,,0.0,,too_hot,False,False,False,False,False
631,HD 163607 b,HD 163607,Radial Velocity,75.2203,249.05159,3,Intermediate-mass moderate-period,,0.0,,too_hot,False,False,False,False,False
632,HD 163607 c,HD 163607,Radial Velocity,1272.0,699.54383,2,Long-period giants,,1.0,,habitable_zone,False,False,False,False,False
633,HD 16417 b,HD 16417,Radial Velocity,17.24,22.1,3,Intermediate-mass moderate-period,,,,,False,False,False,False,False
634,HD 164509 b,HD 164509,Radial Velocity,280.17,140.79869,3,Intermediate-mass moderate-period,,1.0,,habitable_zone,False,False,False,False,False
635,HD 164595 b,HD 164595,Radial Velocity,40.0,16.14,3,Intermediate-mass moderate-period,,,,,False,False,False,False,False
636,HD 164604 b,HD 164604,Radial Velocity,641.472,635.0,2,Long-period giants,,,,,False,False,False,False,False
637,HD 164922 b,HD 164922,Radial Velocity,1207.0,116.0,2,Long-period giants,,0.0,,too_cold,False,False,False,False,False
638,HD 164922 c,HD 164922,Radial Velocity,75.74,13.0,3,Intermediate-mass moderate-period,,0.0,,too_hot,False,False,False,False,False
639,HD 164922 d,HD 164922,Radial Velocity,12.458,4.0,0,Low-mass short-period,,0.0,,too_hot,False,False,False,False,False
640,HD 164922 e,HD 164922,Radial Velocity,41.763,10.52012,3,Intermediate-mass moderate-period,,0.0,,too_hot,False,False,False,False,False
641,HD 165155 b,HD 165155,Radial Velocity,434.5,918.5287,2,Long-period giants,,1.0,,habitable_zone,False,False,False,False,False
642,HD 1666 b,HD 1666,Radial Velocity,270.0,2040.0,2,Long-period giants,,0.0,,too_hot,False,False,False,False,False
643,HD 166724 b,HD 166724,Radial Velocity,5144.0,1121.89,2,Long-period giants,,,,,False,False,False,False,False
644,HD 167042 b,HD 167042,Radial Velocity,420.77,540.29,2,Long-period giants,,,,,False,False,False,False,False
645,HD 168009 b,HD 168009,Radial Velocity,15.1479,9.53485,0,Low-mass short-period,,0.0,,too_hot,False,False,False,False,False
646,HD 168443 b,HD 168443,Radial Velocity,58.11247,2434.157,2,Long-period giants,,0.0,,too_hot,False,False,False,False,False
647,HD 168443 c,HD 168443,Radial Velocity,1749.83,5464.221,2,Long-period giants,,0.0,,too_cold,False,False,False,True,False
648,HD 168746 b,HD 168746,Radial Velocity,6.404,85.8141,1,Hot/warm giants,,0.0,,too_hot,False,False,False,False,False
649,HD 1690 b,HD 1690,Radial Velocity,533.0,2793.7257,2,Long-period giants,,0.0,,too_hot,True,False,False,False,False
650,HD 169830 b,HD 169830,Radial Velocity,225.62,915.31,2,Long-period giants,,,,,False,False,False,False,False
651,HD 169830 c,HD 169830,Radial Velocity,2102.0,1283.98,2,Long-period giants,,,,,False,False,False,False,False
652,HD 170469 b,HD 170469,Radial Velocity,1145.0,209.7678,2,Long-period giants,,0.0,,too_cold,False,False,False,False,False
653,HD 17092 b,HD 17092,Radial Velocity,359.89999,3219.6179,2,Long-period giants,,0.0,,too_hot,True,False,False,False,False
654,HD 171028 b,HD 171028,Radial Velocity,550.0,832.7146,2,Long-period giants,,0.0,,too_hot,False,False,False,False,False
655,HD 171238 b,HD 171238,Radial Velocity,1532.0,864.4976,2,Long-period giants,,0.0,,too_cold,False,False,False,False,False
656,HD 17156 b,HD 17156,Radial Velocity,21.21663,1115.5833,1,Hot/warm giants,,0.0,,too_hot,False,False,False,False,False
657,HD 173416 b,HD 173416,Radial Velocity,323.6,858.1,2,Long-period giants,,0.0,,too_hot,True,False,False,False,False
658,HD 175167 b,HD 175167,Radial Velocity,1290.0,2850.9351,2,Long-period giants,,1.0,,habitable_zone,False,False,False,False,False
659,HD 175541 b,HD 175541,Radial Velocity,298.43,190.06234,2,Long-period giants,,0.0,,too_hot,True,False,False,False,False
660,HD 175607 b,HD 175607,Radial Velocity,29.01,8.98,0,Low-mass short-period,,0.0,,too_hot,False,False,False,False,False
661,HD 17674 b,HD 17674,Radial Velocity,623.8,276.5121,2,Long-period giants,,1.0,,habitable_zone,False,False,False,False,False
662,HD 176986 b,HD 176986,Radial Velocity,6.4898,5.74,0,Low-mass short-period,0.0,0.0,too_hot,too_hot,False,False,False,False,False
663,HD 176986 c,HD 176986,Radial Velocity,16.8191,9.18,0,Low-mass short-period,0.0,0.0,too_hot,too_hot,False,False,False,False,False
664,HD 177565 b,HD 177565,Radial Velocity,44.505,15.1,3,Intermediate-mass moderate-period,,,,,False,False,False,False,False
665,HD 177830 b,HD 177830,Radial Velocity,410.10001,537.1327,2,Long-period giants,,0.0,,too_hot,True,False,False,False,False
666,HD 177830 c,HD 177830,Radial Velocity,110.9,47.6725,3,Intermediate-mass moderate-period,,0.0,,too_hot,False,False,False,False,False
667,HD 178911 B b,HD 178911 B,Radial Velocity,71.484,2552.1749,2,Long-period giants,,0.0,,too_hot,False,False,False,False,False
668,HD 179079 b,HD 179079,Radial Velocity,14.479,25.74423,3,Intermediate-mass moderate-period,,0.0,,too_hot,False,False,False,False,False
669,HD 179949 b,HD 179949,Radial Velocity,3.092514,291.12,1,Hot/warm giants,,,,,False,False,False,False,False
670,HD 180053 b,HD 180053,Radial Velocity,213.72,697.31902,2,Long-period giants,,0.0,,too_hot,True,False,False,False,False
671,HD 18015 b,HD 18015,Radial Velocity,2278.0,1010.6994,2,Long-period giants,,1.0,,habitable_zone,True,False,False,False,False
672,HD 180314 b,HD 180314,Radial Velocity,396.03,6397.9179,2,Long-period giants,,0.0,,too_hot,True,False,False,True,False
673,HD 180617 b,HD 180617,Radial Velocity,105.911,12.214,3,Intermediate-mass moderate-period,,0.0,,too_cold,False,False,False,False,False
674,HD 180902 b,HD 180902,Radial Velocity,510.9,535.54355,2,Long-period giants,,0.0,,too_hot,True,False,False,False,False
675,HD 181234 b,HD 181234,Radial Velocity,7462.0575,2660.2371,2,Long-period giants,,0.0,,too_cold,False,False,False,False,False
676,HD 181342 b,HD 181342,Radial Velocity,564.1,807.2882,2,Long-period giants,,0.0,,too_hot,True,False,False,False,False
677,HD 181433 b,HD 181433,Radial Velocity,9.3743,6.3566,0,Low-mass short-period,,0.0,,too_hot,False,False,False,False,False
678,HD 181433 c,HD 181433,Radial Velocity,962.0,203.0,2,Long-period giants,,,,,False,False,False,False,False
679,HD 181433 d,HD 181433,Radial Velocity,2172.0,171.0,2,Long-period giants,,,,,False,False,False,False,False
680,HD 181720 b,HD 181720,Radial Velocity,956.0,127.132,2,Long-period giants,,1.0,,habitable_zone,False,False,False,False,False
681,HD 183263 b,HD 183263,Radial Velocity,626.51599,1255.4285,2,Long-period giants,,1.0,,habitable_zone,False,False,False,False,False
682,HD 183263 c,HD 183263,Radial Velocity,3070.0,1134.61,2,Long-period giants,,0.0,,too_cold,False,False,False,False,False
683,HD 183579 b,HD 183579,Transit,17.471278,19.7,3,Intermediate-mass moderate-period,0.0,0.0,too_hot,too_hot,False,False,False,False,False
684,HD 185269 b,HD 185269,Radial Velocity,6.83776,321.0083,1,Hot/warm giants,,0.0,,too_hot,False,False,False,False,False
685,HD 187085 b,HD 187085,Radial Velocity,1019.74,265.70588,2,Long-period giants,,1.0,,habitable_zone,False,False,False,False,False
686,HD 187123 b,HD 187123,Radial Velocity,3.0965828,166.218,1,Hot/warm giants,,0.0,,too_hot,False,False,False,False,False
687,HD 187123 c,HD 187123,Radial Velocity,3810.0,632.46,2,Long-period giants,,0.0,,too_cold,False,False,False,False,False
688,HD 18742 b,HD 18742,Radial Velocity,766.0,1080.622,2,Long-period giants,,0.0,,too_hot,True,False,False,False,False
689,HD 188015 b,HD 188015,Radial Velocity,461.2,476.72,2,Long-period giants,,,,,False,False,False,False,False
690,HD 189567 b,HD 189567,Radial Velocity,14.288,8.5,0,Low-mass short-period,,,,,False,False,False,False,False
691,HD 189567 c,HD 189567,Radial Velocity,33.688,7.0,0,Low-mass short-period,,,,,False,False,False,False,False
692,HD 189733 b,HD 189733,Radial Velocity,2.21857567,359.1479,1,Hot/warm giants,,0.0,,too_hot,False,False,False,False,False
693,HD 190007 b,HD 190007,Radial Velocity,11.72,16.46,0,Low-mass short-period,,0.0,,too_hot,False,False,False,False,False
694,HD 190360 b,HD 190360,Radial Velocity,2915.03687,489.4582,2,Long-period giants,,0.0,,too_cold,False,False,False,False,False
695,HD 190360 c,HD 190360,Radial Velocity,17.111,19.069,3,Intermediate-mass moderate-period,,0.0,,too_hot,False,False,False,False,False
696,HD 190647 b,HD 190647,Radial Velocity,1176.45,630.89255,2,Long-period giants,,1.0,,habitable_zone,False,False,False,False,False
697,HD 190984 b,HD 190984,Radial Velocity,4885.0,985.2,2,Long-period giants,,0.0,,too_cold,False,False,False,False,False
698,HD 191806 b,HD 191806,Radial Velocity,1606.3,2707.9116,2,Long-period giants,,,,,False,False,False,False,False
702,HD 192263 b,HD 192263,Radial Velocity,24.3556,177.9848,1,Hot/warm giants,,0.0,,too_hot,False,False,False,False,False
703,HD 192310 b,HD 192310,Radial Velocity,74.72,16.9,3,Intermediate-mass moderate-period,,,,,False,False,False,False,False
704,HD 192310 c,HD 192310,Radial Velocity,525.8,24.0,3,Intermediate-mass moderate-period,,,,,False,False,False,False,False
705,HD 192699 b,HD 192699,Radial Velocity,340.94,666.17168,2,Long-period giants,,0.0,,too_hot,True,False,False,False,False
706,HD 195019 b,HD 195019,Radial Velocity,18.20132,1264.9634,1,Hot/warm giants,,0.0,,too_hot,False,False,False,False,False
707,HD 196050 b,HD 196050,Radial Velocity,1378.0,1010.6994,2,Long-period giants,,0.0,,too_cold,False,False,False,False,False
708,HD 196067 b,HD 196067,Radial Velocity,3638.0,2192.9,2,Long-period giants,,0.0,,too_cold,False,False,False,False,False
709,HD 196885 A b,HD 196885 A,Radial Velocity,1333.0,819.97,2,Long-period giants,,1.0,,habitable_zone,False,False,False,False,False
710,HD 197037 b,HD 197037,Radial Velocity,1035.7,251.0,2,Long-period giants,,,,,False,False,False,False,False
711,HD 19994 b,HD 19994,Radial Velocity,466.2,435.41,2,Long-period giants,,,,,False,False,False,False,False
712,HD 20003 b,HD 20003,Radial Velocity,11.8482,11.66,0,Low-mass short-period,,,,,False,False,False,False,False
713,HD 20003 c,HD 20003,Radial Velocity,33.9239,14.44,3,Intermediate-mass moderate-period,,,,,False,False,False,False,False
714,HD 200964 b,HD 200964,Radial Velocity,606.3,508.21017,2,Long-period giants,,0.0,,too_hot,True,False,False,False,False
715,HD 200964 c,HD 200964,Radial Velocity,852.5,385.84562,2,Long-period giants,,0.0,,too_hot,True,False,False,False,False
716,HD 202206 c,HD 202206,Radial Velocity,1260.0,5689.157,2,Long-period giants,,0.0,,too_cold,False,False,False,True,False
717,HD 202696 b,HD 202696,Radial Velocity,517.8,634.38868,2,Long-period giants,,0.0,,too_hot,True,False,False,False,False
718,HD 202696 c,HD 202696,Radial Velocity,946.6,592.43512,2,Long-period giants,,0.0,,too_hot,True,False,False,False,False
719,HD 202772 A b,HD 202772 A,Transit,3.308958,323.23311,1,Hot/warm giants,0.0,0.0,too_hot,too_hot,False,False,False,False,False
721,HD 203473 b,HD 203473,Radial Velocity,1552.9,2479.074,2,Long-period giants,,0.0,,too_cold,False,False,False,False,False
722,HD 2039 b,HD 2039,Radial Velocity,1120.0,1999.1507,2,Long-period giants,,0.0,,too_cold,False,False,False,False,False
723,HD 204313 b,HD 204313,Radial Velocity,1920.09998,1099.6918,2,Long-period giants,,0.0,,too_cold,False,False,False,False,False
724,HD 204313 c,HD 204313,Radial Velocity,34.905,17.6,3,Intermediate-mass moderate-period,,,,,False,False,False,False,False
725,HD 204941 b,HD 204941,Radial Velocity,1733.0,73.1009,2,Long-period giants,,0.0,,too_cold,False,False,False,False,False
726,HD 205739 b,HD 205739,Radial Velocity,279.8,435.41,2,Long-period giants,,0.0,,too_hot,False,False,False,False,False
727,HD 206255 b,HD 206255,Radial Velocity,96.045,34.2,3,Intermediate-mass moderate-period,,,,,False,False,False,False,False
728,HD 206610 b,HD 206610,Radial Velocity,673.2,647.10188,2,Long-period giants,,0.0,,too_hot,True,False,False,False,False
729,HD 20781 b,HD 20781,Radial Velocity,5.3135,1.93,0,Low-mass short-period,,,,,False,False,False,False,False
730,HD 20781 c,HD 20781,Radial Velocity,13.8905,5.33,0,Low-mass short-period,,,,,False,False,False,False,False
731,HD 20781 d,HD 20781,Radial Velocity,29.158,10.61,3,Intermediate-mass moderate-period,,,,,False,False,False,False,False
732,HD 20781 e,HD 20781,Radial Velocity,85.5073,14.03,3,Intermediate-mass moderate-period,,,,,False,False,False,False,False
733,HD 20782 b,HD 20782,Radial Velocity,597.0643,472.83,2,Long-period giants,,1.0,,habitable_zone,False,False,False,False,False
734,HD 207832 b,HD 207832,Radial Velocity,160.07,177.9848,3,Intermediate-mass moderate-period,,0.0,,too_hot,False,False,False,False,False
735,HD 207832 c,HD 207832,Radial Velocity,1155.7,232.0159,2,Long-period giants,,0.0,,too_cold,False,False,False,False,False
736,HD 207897 b,HD 207897,Transit,16.202159,14.4,0,Low-mass short-period,0.0,0.0,too_hot,too_hot,False,False,False,False,False
737,HD 20794 b,HD 20794,Radial Velocity,18.315,2.7,0,Low-mass short-period,,,,,False,False,False,False,False
738,HD 20794 c,HD 20794,Radial Velocity,40.114,2.4,0,Low-mass short-period,,,,,False,False,False,False,False
739,HD 20794 d,HD 20794,Radial Velocity,90.309,4.8,3,Intermediate-mass moderate-period,,,,,False,False,False,False,False
740,HD 20794 e,HD 20794,Radial Velocity,147.02,4.77,3,Intermediate-mass moderate-period,,,,,False,False,False,False,False
741,HD 208487 b,HD 208487,Radial Velocity,130.08,165.265,3,Intermediate-mass moderate-period,,,,,False,False,False,False,False
742,HD 208527 b,HD 208527,Radial Velocity,875.5,3146.4,2,Long-period giants,,0.0,,too_hot,True,False,False,False,False
743,HD 20868 b,HD 20868,Radial Velocity,380.85001,397.2875,2,Long-period giants,,0.0,,too_cold,False,False,False,False,False
744,HD 208897 b,HD 208897,Radial Velocity,352.7,444.962,2,Long-period giants,,0.0,,too_hot,True,False,False,False,False
745,HD 209458 b,HD 209458,Radial Velocity,3.52474859,232.0159,1,Hot/warm giants,,0.0,,too_hot,False,False,False,False,False
746,HD 210193 b,HD 210193,Radial Velocity,649.918,153.1,2,Long-period giants,,,,,False,False,False,False,False
747,HD 210277 b,HD 210277,Radial Velocity,442.19,410.0007,2,Long-period giants,,1.0,,habitable_zone,False,False,False,False,False
748,HD 210702 b,HD 210702,Radial Velocity,354.1,574.63664,2,Long-period giants,,0.0,,too_hot,True,False,False,False,False
749,HD 211403 b,HD 211403,Radial Velocity,223.8,1760.76937,2,Long-period giants,0.0,0.0,too_hot,too_hot,False,False,False,False,False
750,HD 211810 b,HD 211810,Radial Velocity,1558.0,212.9461,2,Long-period giants,,0.0,,too_cold,False,False,False,False,False
751,HD 211970 b,HD 211970,Radial Velocity,25.201,13.0,3,Intermediate-mass moderate-period,,,,,False,False,False,False,False
752,HD 212301 b,HD 212301,Radial Velocity,2.24571,162.0933,1,Hot/warm giants,,0.0,,too_hot,False,False,False,False,False
753,HD 212771 b,HD 212771,Radial Velocity,380.7,759.6137,2,Long-period giants,,0.0,,too_hot,True,False,False,False,False
754,HD 213240 b,HD 213240,Radial Velocity,882.70001,1773.4914,2,Long-period giants,,1.0,,habitable_zone,False,False,False,False,False
755,HD 213472 b,HD 213472,Radial Velocity,17000.0,1112.39942,2,Long-period giants,,0.0,,too_cold,False,False,False,False,False
756,HD 213885 b,HD 213885,Transit,1.008035,8.83,0,Low-mass short-period,,0.0,,too_hot,False,False,False,False,False
757,HD 213885 c,HD 213885,Radial Velocity,4.78503,19.95,0,Low-mass short-period,,0.0,,too_hot,False,False,False,False,False
758,HD 21411 b,HD 21411,Radial Velocity,84.288,65.9,3,Intermediate-mass moderate-period,,,,,False,False,False,False,False
759,HD 214823 b,HD 214823,Radial Velocity,1854.4,6451.949,2,Long-period giants,,1.0,,habitable_zone,False,False,False,True,False
760,HD 215152 b,HD 215152,Radial Velocity,5.75999,1.819,0,Low-mass short-period,,0.0,,too_hot,False,False,False,False,False
761,HD 215152 c,HD 215152,Radial Velocity,7.28243,1.72,0,Low-mass short-period,,0.0,,too_hot,False,False,False,False,False
762,HD 215152 d,HD 215152,Radial Velocity,10.86499,2.801,0,Low-mass short-period,,0.0,,too_hot,False,False,False,False,False
763,HD 215152 e,HD 215152,Radial Velocity,25.1967,2.877,0,Low-mass short-period,,0.0,,too_hot,False,False,False,False,False
764,HD 215497 b,HD 215497,Radial Velocity,3.93404,6.3566,0,Low-mass short-period,,0.0,,too_hot,False,False,False,False,False
765,HD 215497 c,HD 215497,Radial Velocity,567.94,104.3,2,Long-period giants,,,,,False,False,False,False,False
766,HD 216435 b,HD 216435,Radial Velocity,1311.0,400.4,2,Long-period giants,,,,,False,False,False,False,False
767,HD 216437 b,HD 216437,Radial Velocity,1334.28,706.53609,2,Long-period giants,,0.0,,too_cold,False,False,False,False,False
768,HD 216520 b,HD 216520,Radial Velocity,35.45,10.26,3,Intermediate-mass moderate-period,,0.0,,too_hot,False,False,False,False,False
769,HD 216520 c,HD 216520,Radial Velocity,154.43,9.44,3,Intermediate-mass moderate-period,,1.0,,habitable_zone,False,False,False,False,False
770,HD 216536 b,HD 216536,Radial Velocity,148.60001,333.7215,2,Long-period giants,,0.0,,too_hot,True,False,False,False,False
771,HD 216770 b,HD 216770,Radial Velocity,118.45,181.1631,3,Intermediate-mass moderate-period,,0.0,,too_hot,False,False,False,False,False
772,HD 21693 b,HD 21693,Radial Velocity,22.6786,8.23,0,Low-mass short-period,,,,,False,False,False,False,False
773,HD 21693 c,HD 21693,Radial Velocity,53.7357,17.37,3,Intermediate-mass moderate-period,,,,,False,False,False,False,False
774,HD 217107 b,HD 217107,Radial Velocity,7.12682,413.179,1,Hot/warm giants,,0.0,,too_hot,False,False,False,False,False
775,HD 217107 c,HD 217107,Radial Velocity,4270.0,826.32,2,Long-period giants,,0.0,,too_cold,False,False,False,False,False
776,HD 21749 c,GJ 143,Transit,7.78993,3.7,0,Low-mass short-period,,0.0,,too_hot,False,False,False,False,False
777,HD 217786 b,HD 217786,Radial Velocity,1319.0,4131.62,2,Long-period giants,,0.0,,too_cold,False,False,False,False,False
778,HD 217850 b,HD 217850,Radial Velocity,3501.3,6865.128,2,Long-period giants,,0.0,,too_cold,False,False,False,True,False
779,HD 218566 b,HD 218566,Radial Velocity,225.7,63.566,3,Intermediate-mass moderate-period,,1.0,,habitable_zone,False,False,False,False,False
780,HD 219077 b,HD 219077,Radial Velocity,5501.0,3302.11,2,Long-period giants,,0.0,,too_cold,False,False,False,False,False
781,HD 219134 b,HD 219134,Radial Velocity,3.092926,4.74,0,Low-mass short-period,0.0,0.0,too_hot,too_hot,False,False,False,False,False
782,HD 219134 c,HD 219134,Radial Velocity,6.76458,4.36,0,Low-mass short-period,0.0,0.0,too_hot,too_hot,False,False,False,False,False
783,HD 219134 d,HD 219134,Radial Velocity,46.859,16.17,3,Intermediate-mass moderate-period,0.0,0.0,too_hot,too_hot,False,False,False,False,False
784,HD 219134 f,HD 219134,Radial Velocity,22.717,7.3,0,Low-mass short-period,0.0,0.0,too_hot,too_hot,False,False,False,False,False
785,HD 219134 g,HD 219134,Radial Velocity,94.2,10.80622,3,Intermediate-mass moderate-period,,0.0,,too_hot,False,False,False,False,False
786,HD 219134 h,HD 219134,Radial Velocity,2247.0,108.0622,2,Long-period giants,,0.0,,too_cold,False,False,False,False,False
787,HD 219415 b,HD 219415,Radial Velocity,2093.3,317.83,2,Long-period giants,,1.0,,habitable_zone,False,False,False,False,False
788,HD 219666 b,HD 219666,Transit,6.03607,16.6,0,Low-mass short-period,,0.0,,too_hot,False,False,False,False,False
789,HD 219828 b,HD 219828,Radial Velocity,3.83492,20.97678,0,Low-mass short-period,,0.0,,too_hot,False,False,False,False,False
790,HD 219828 c,HD 219828,Radial Velocity,4682.0,4640.318,2,Long-period giants,,0.0,,too_cold,False,False,False,True,False
791,HD 220074 b,HD 220074,Radial Velocity,672.09998,5288.6912,2,Long-period giants,,0.0,,too_hot,True,False,False,True,False
792,HD 220197 b,HD 220197,Radial Velocity,1728.0,63.566,2,Long-period giants,,0.0,,too_cold,False,False,False,False,False
793,HD 220689 b,HD 220689,Radial Velocity,2266.4,355.33394,2,Long-period giants,,0.0,,too_cold,False,False,False,False,False
794,HD 220773 b,HD 220773,Radial Velocity,3724.7,460.8,2,Long-period giants,,,,,False,False,False,False,False
795,HD 220842 b,HD 220842,Radial Velocity,218.47,1010.6994,2,Long-period giants,,,,,False,False,False,False,False
796,HD 221287 b,HD 221287,Radial Velocity,456.1,982.05,2,Long-period giants,,,,,False,False,False,False,False
797,HD 221416 b,HD 221416,Transit,14.2767,60.5,3,Intermediate-mass moderate-period,,0.0,,too_hot,False,False,False,False,False
798,HD 221420 b,HD 221420,Radial Velocity,10090.0,7278.27052,2,Long-period giants,,0.0,,too_cold,False,False,False,True,False
799,HD 221585 b,HD 221585,Radial Velocity,1173.0,511.7063,2,Long-period giants,,,,,False,False,False,False,False
800,HD 222076 b,HD 222076,Radial Velocity,871.0,495.8148,2,Long-period giants,,0.0,,too_hot,True,False,False,False,False
801,HD 222155 b,HD 222155,Radial Velocity,3999.0,673.7996,2,Long-period giants,,0.0,,too_cold,False,False,False,False,False
802,HD 222582 b,HD 222582,Radial Velocity,572.38,2660.2371,2,Long-period giants,,1.0,,habitable_zone,False,False,False,False,False
803,HD 224538 b,HD 224538,Radial Velocity,1189.1,1897.4451,2,Long-period giants,,1.0,,habitable_zone,False,False,False,False,False
804,HD 224693 b,HD 224693,Radial Velocity,26.6904,222.481,1,Hot/warm giants,,0.0,,too_hot,False,False,False,False,False
805,HD 22496 b,HD 22496,Radial Velocity,5.09071,5.57,0,Low-mass short-period,0.0,0.0,too_hot,too_hot,False,False,False,False,False
806,HD 22781 b,HD 22781,Radial Velocity,528.07,4338.2,2,Long-period giants,,,,,False,False,False,True,False
807,HD 23079 b,HD 23079,Radial Velocity,730.59998,829.5363,2,Long-period giants,,1.0,,habitable_zone,False,False,False,False,False
808,HD 23127 b,HD 23127,Radial Velocity,1211.17,485.32641,2,Long-period giants,,1.0,,habitable_zone,False,False,False,False,False
809,HD 231701 b,HD 231701,Radial Velocity,141.63,359.1479,2,Long-period giants,,0.0,,too_hot,False,False,False,False,False
810,HD 233604 b,HD 233604,Radial Velocity,192.0,2089.644,2,Long-period giants,,0.0,,too_hot,True,False,False,False,False
811,HD 233832 b,HD 233832,Radial Velocity,2058.0,565.7374,2,Long-period giants,,0.0,,too_cold,False,False,False,False,False
812,HD 23472 b,HD 23472,Transit,17.667,17.92,3,Intermediate-mass moderate-period,,,,,False,False,False,False,False
813,HD 23472 c,HD 23472,Transit,29.625,17.18,3,Intermediate-mass moderate-period,,,,,False,False,False,False,False
814,HD 23596 b,HD 23596,Radial Velocity,1561.0,2870.0049,2,Long-period giants,,1.0,,habitable_zone,False,False,False,False,False
815,HD 238090 b,HD 238090,Radial Velocity,13.671,6.89,0,Low-mass short-period,0.0,0.0,too_hot,too_hot,False,False,False,False,False
816,HD 238914 b,HD 238914,Radial Velocity,4100.0,1906.98,2,Long-period giants,,0.0,,too_hot,True,False,False,False,False
817,HD 240210 b,HD 240210,Radial Velocity,501.75,1655.82,2,Long-period giants,,,,,True,False,False,False,False
818,HD 240237 b,HD 240237,Radial Velocity,745.70001,5050.3187,2,Long-period giants,,0.0,,too_hot,True,False,False,True,False
819,HD 24040 b,HD 24040,Radial Velocity,3668.0,1226.8238,2,Long-period giants,,0.0,,too_cold,False,False,False,False,False
820,HD 24040 c,HD 24040,Radial Velocity,515.4,63.88351,3,Intermediate-mass moderate-period,,1.0,,habitable_zone,False,False,False,False,False
821,HD 24064 b,HD 24064,Radial Velocity,535.59998,4096.8287,2,Long-period giants,,0.0,,too_hot,True,False,False,False,False
822,HD 24085 b,HD 24085,Radial Velocity,2.0455,11.8,0,Low-mass short-period,,,,,False,False,False,False,False
823,HD 25015 b,HD 25015,Radial Velocity,6019.32,1423.8784,2,Long-period giants,,0.0,,too_cold,False,False,False,False,False
824,HD 25171 b,HD 25171,Radial Velocity,1802.29,290.81445,2,Long-period giants,,0.0,,too_cold,False,False,False,False,False
825,HD 25723 b,HD 25723,Radial Velocity,457.01,794.57102,2,Long-period giants,,0.0,,too_hot,True,False,False,False,False
826,HD 26161 b,HD 26161,Radial Velocity,32000.0,4290.68349,2,Long-period giants,,0.0,,too_cold,False,False,False,True,False
827,HD 2638 b,HD 2638,Radial Velocity,3.4442,133.4886,1,Hot/warm giants,,0.0,,too_hot,False,False,False,False,False
828,HD 2685 b,HD 2685,Transit,4.12688,371.8611,1,Hot/warm giants,,0.0,,too_hot,False,False,False,False,False
829,HD 26965 b,HD 26965,Radial Velocity,42.378,8.47,3,Intermediate-mass moderate-period,,0.0,,too_hot,False,False,False,False,False
830,HD 27442 b,HD 27442,Radial Velocity,428.1,495.8,2,Long-period giants,,,,,False,False,False,False,False
831,HD 27631 b,HD 27631,Radial Velocity,2198.14,474.83802,2,Long-period giants,,0.0,,too_cold,False,False,False,False,False
832,HD 27894 b,HD 27894,Radial Velocity,18.02,211.35695,1,Hot/warm giants,,,,,False,False,False,False,False
833,HD 27894 c,HD 27894,Radial Velocity,36.07,51.48846,3,Intermediate-mass moderate-period,,,,,False,False,False,False,False
834,HD 27894 d,HD 27894,Radial Velocity,5174.0,1721.04945,2,Long-period giants,,,,,False,False,False,False,False
835,HD 27969 b,HD 27969,Radial Velocity,654.5,1525.57635,2,Long-period giants,1.0,1.0,habitable_zone,habitable_zone,False,False,False,False,False
836,HD 28185 b,HD 28185,Radial Velocity,379.0,1875.197,2,Long-period giants,,1.0,,habitable_zone,False,False,False,False,False
837,HD 28254 b,HD 28254,Radial Velocity,1116.0,368.67,2,Long-period giants,,1.0,,habitable_zone,False,False,False,False,False
838,HD 285507 b,HD 285507,Radial Velocity,6.0881,311.4734,1,Hot/warm giants,,0.0,,too_hot,False,False,False,False,False
839,HD 285968 b,HD 285968,Radial Velocity,8.7836,8.4,0,Low-mass short-period,,,,,False,False,False,False,False
840,HD 28678 b,HD 28678,Radial Velocity,380.2,490.09386,2,Long-period giants,,0.0,,too_hot,True,False,False,False,False
841,HD 29021 b,HD 29021,Radial Velocity,1362.3,762.792,2,Long-period giants,,0.0,,too_cold,False,False,False,False,False
842,HD 290327 b,HD 290327,Radial Velocity,2443.0,772.3269,2,Long-period giants,,0.0,,too_cold,False,False,False,False,False
843,HD 29399 b,HD 29399,Radial Velocity,892.7,498.9906,2,Long-period giants,,0.0,,too_hot,True,False,False,False,False
844,HD 2952 b,HD 2952,Radial Velocity,311.60001,435.4271,2,Long-period giants,,0.0,,too_hot,True,False,False,False,False
845,HD 30177 b,HD 30177,Radial Velocity,2527.83,2740.33026,2,Long-period giants,,0.0,,too_cold,False,False,False,False,False
846,HD 30177 c,HD 30177,Radial Velocity,11613.0,2415.508,2,Long-period giants,,,,,False,False,False,False,False
847,HD 30562 b,HD 30562,Radial Velocity,1157.0,387.7526,2,Long-period giants,,1.0,,habitable_zone,False,False,False,False,False
848,HD 30669 b,HD 30669,Radial Velocity,1684.0,149.37,2,Long-period giants,,0.0,,too_cold,False,False,False,False,False
849,HD 30856 b,HD 30856,Radial Velocity,847.0,491.68301,2,Long-period giants,,0.0,,too_hot,True,False,False,False,False
850,HD 31253 b,HD 31253,Radial Velocity,466.0,197.0546,2,Long-period giants,,0.0,,too_hot,False,False,False,False,False
851,HD 31527 b,HD 31527,Radial Velocity,16.5535,10.47,0,Low-mass short-period,,,,,False,False,False,False,False
852,HD 31527 c,HD 31527,Radial Velocity,51.2053,14.16,3,Intermediate-mass moderate-period,,,,,False,False,False,False,False
853,HD 31527 d,HD 31527,Radial Velocity,271.6737,11.82,3,Intermediate-mass moderate-period,,,,,False,False,False,False,False
856,HD 3167 d,HD 3167,Transit,8.509,6.9,0,Low-mass short-period,0.0,0.0,too_hot,too_hot,False,False,False,False,False
857,HD 32518 b,HD 32518,Radial Velocity,157.54,966.16,2,Long-period giants,,0.0,,too_hot,True,False,False,False,False
858,HD 32963 b,HD 32963,Radial Velocity,2372.0,222.481,2,Long-period giants,,,,,False,False,False,False,False
859,HD 330075 b,HD 330075,Radial Velocity,3.38773,152.5584,1,Hot/warm giants,,0.0,,too_hot,False,False,False,False,False
860,HD 331093 b,HD 331093,Radial Velocity,621.62,476.74261,2,Long-period giants,,,,,False,False,False,False,False
861,HD 33142 b,HD 33142,Radial Velocity,326.0,440.19455,2,Long-period giants,,0.0,,too_hot,True,False,False,False,False
862,HD 33142 c,HD 33142,Radial Velocity,834.0,1897.4451,2,Long-period giants,,,,,False,False,False,False,False
863,HD 332231 b,HD 332231,Transit,18.71204,77.55052,3,Intermediate-mass moderate-period,0.0,0.0,too_hot,too_hot,False,False,False,False,False
864,HD 33283 b,HD 33283,Radial Velocity,18.1991,104.56607,1,Hot/warm giants,,0.0,,too_hot,False,False,False,False,False
865,HD 33564 b,HD 33564,Radial Velocity,388.0,2892.1,2,Long-period giants,,,,,False,False,False,False,False
866,HD 33844 b,HD 33844,Radial Velocity,551.40002,638.8383,2,Long-period giants,,0.0,,too_hot,True,False,False,False,False
867,HD 33844 c,HD 33844,Radial Velocity,916.0,556.2025,2,Long-period giants,,0.0,,too_hot,True,False,False,False,False
868,HD 34445 b,HD 34445,Radial Velocity,1049.0,260.6206,2,Long-period giants,,1.0,,habitable_zone,False,False,False,False,False
869,HD 34445 c,HD 34445,Radial Velocity,214.67,53.5,3,Intermediate-mass moderate-period,,0.0,,too_hot,False,False,False,False,False
870,HD 34445 d,HD 34445,Radial Velocity,117.87,30.7,3,Intermediate-mass moderate-period,,0.0,,too_hot,False,False,False,False,False
871,HD 34445 e,HD 34445,Radial Velocity,49.175,16.8,3,Intermediate-mass moderate-period,,0.0,,too_hot,False,False,False,False,False
872,HD 34445 f,HD 34445,Radial Velocity,676.8,37.9,3,Intermediate-mass moderate-period,,1.0,,habitable_zone,False,False,False,False,False
873,HD 34445 g,HD 34445,Radial Velocity,5700.0,120.6,2,Long-period giants,,0.0,,too_cold,False,False,False,False,False
874,HD 35759 b,HD 35759,Radial Velocity,82.467,1195.0408,2,Long-period giants,,,,,False,False,False,False,False
875,HD 3651 b,HD 3651,Radial Velocity,62.25,72.46524,3,Intermediate-mass moderate-period,,,,,False,False,False,False,False
876,HD 37124 b,HD 37124,Radial Velocity,154.378,214.53525,2,Long-period giants,,,,,False,False,False,False,False
877,HD 37124 c,HD 37124,Radial Velocity,885.5,207.22516,2,Long-period giants,,,,,False,False,False,False,False
878,HD 37124 d,HD 37124,Radial Velocity,1862.0,221.20968,2,Long-period giants,,,,,False,False,False,False,False
879,HD 37605 b,HD 37605,Radial Velocity,55.01292,854.9627,1,Hot/warm giants,,0.0,,too_hot,False,False,False,False,False
880,HD 37605 c,HD 37605,Radial Velocity,2720.0,1013.8777,2,Long-period giants,,0.0,,too_cold,False,False,False,False,False
881,HD 3765 b,HD 3765,Radial Velocity,1211.0,54.98431,3,Intermediate-mass moderate-period,,0.0,,too_cold,False,False,False,False,False
882,HD 38283 b,HD 38283,Radial Velocity,363.20001,127.132,3,Intermediate-mass moderate-period,,0.0,,too_hot,False,False,False,False,False
883,HD 38529 b,HD 38529,Radial Velocity,14.30944,253.31051,1,Hot/warm giants,,0.0,,too_hot,False,False,False,False,False
884,HD 38529 c,HD 38529,Radial Velocity,2136.1,4128.6117,2,Long-period giants,,1.0,,habitable_zone,False,False,False,False,False
885,HD 38801 b,HD 38801,Radial Velocity,685.25,3082.31534,2,Long-period giants,,1.0,,habitable_zone,False,False,False,False,False
886,HD 39091 b,HD 39091,Radial Velocity,2093.07,3184.6566,2,Long-period giants,,0.0,,too_cold,False,False,False,False,False
887,HD 39194 b,HD 39194,Radial Velocity,5.6368,4.0,0,Low-mass short-period,,,,,False,False,False,False,False
888,HD 39194 c,HD 39194,Radial Velocity,14.03,6.3,0,Low-mass short-period,,,,,False,False,False,False,False
889,HD 39194 d,HD 39194,Radial Velocity,33.91,4.0,0,Low-mass short-period,,,,,False,False,False,False,False
890,HD 39855 b,HD 39855,Radial Velocity,3.2498,8.5,0,Low-mass short-period,,,,,False,False,False,False,False
891,HD 40307 b,HD 40307,Radial Velocity,4.3123,4.0,0,Low-mass short-period,,,,,False,False,False,False,False
892,HD 40307 c,HD 40307,Radial Velocity,9.6184,6.6,0,Low-mass short-period,,,,,False,False,False,False,False
893,HD 40307 d,HD 40307,Radial Velocity,20.432,9.5,0,Low-mass short-period,,,,,False,False,False,False,False
894,HD 40307 f,HD 40307,Radial Velocity,51.76,5.2,3,Intermediate-mass moderate-period,,,,,False,False,False,False,False
895,HD 40307 g,HD 40307,Radial Velocity,197.8,7.1,3,Intermediate-mass moderate-period,,,,,False,False,False,False,False
896,HD 40956 b,HD 40956,Radial Velocity,578.6,858.141,2,Long-period giants,,0.0,,too_hot,True,False,False,False,False
897,HD 40979 b,HD 40979,Radial Velocity,264.14999,1484.2661,2,Long-period giants,,0.0,,too_hot,False,False,False,False,False
898,HD 41004 A b,HD 41004 A,Radial Velocity,963.0,807.25,2,Long-period giants,,,,,False,False,False,False,False
899,HD 41004 B b,HD 41004 B,Radial Velocity,1.3283,5838.29,1,Hot/warm giants,,,,,False,False,False,True,False
900,HD 4113 b,HD 4113,Radial Velocity,526.62,495.79,2,Long-period giants,,,,,False,False,False,False,False
901,HD 42012 b,HD 42012,Radial Velocity,857.5,508.528,2,Long-period giants,,0.0,,too_cold,False,False,False,False,False
902,HD 4203 b,HD 4203,Radial Velocity,431.88,708.7609,2,Long-period giants,,1.0,,habitable_zone,False,False,False,False,False
903,HD 4203 c,HD 4203,Radial Velocity,6700.0,689.66,2,Long-period giants,,0.0,,too_cold,False,False,False,False,False
904,HD 4208 b,HD 4208,Radial Velocity,832.97,257.4423,2,Long-period giants,,0.0,,too_cold,False,False,False,False,False
905,HD 42618 b,HD 42618,Radial Velocity,149.61,14.4,3,Intermediate-mass moderate-period,0.0,0.0,too_hot,too_hot,False,False,False,False,False
906,HD 4308 b,HD 4308,Radial Velocity,15.56,15.8915,0,Low-mass short-period,,0.0,,too_hot,False,False,False,False,False
907,HD 4313 b,HD 4313,Radial Velocity,356.21,612.45841,2,Long-period giants,,0.0,,too_hot,True,False,False,False,False
908,HD 43197 b,HD 43197,Radial Velocity,327.8,190.69,2,Long-period giants,,1.0,,habitable_zone,False,False,False,False,False
909,HD 43691 b,HD 43691,Radial Velocity,36.9987,810.4665,1,Hot/warm giants,,0.0,,too_hot,False,False,False,False,False
910,HD 44219 b,HD 44219,Radial Velocity,472.3,184.33,2,Long-period giants,,1.0,,habitable_zone,False,False,False,False,False
911,HD 45184 b,HD 45184,Radial Velocity,5.8854,12.19,0,Low-mass short-period,,,,,False,False,False,False,False
912,HD 45184 c,HD 45184,Radial Velocity,13.1354,8.81,0,Low-mass short-period,,,,,False,False,False,False,False
913,HD 45350 b,HD 45350,Radial Velocity,963.6,568.89,2,Long-period giants,,1.0,,habitable_zone,False,False,False,False,False
914,HD 45364 b,HD 45364,Radial Velocity,226.93,59.4953,3,Intermediate-mass moderate-period,,,,,False,False,False,False,False
915,HD 45364 c,HD 45364,Radial Velocity,342.85,209.0915,2,Long-period giants,,,,,False,False,False,False,False
916,HD 45652 b,HD 45652,Radial Velocity,44.073,137.62039,3,Intermediate-mass moderate-period,,0.0,,too_hot,False,False,False,False,False
917,HD 46375 b,HD 46375,Radial Velocity,3.023573,71.8,1,Hot/warm giants,,,,,False,False,False,False,False
918,HD 47186 b,HD 47186,Radial Velocity,4.0845,22.2481,0,Low-mass short-period,,0.0,,too_hot,False,False,False,False,False
919,HD 47186 c,HD 47186,Radial Velocity,1353.6,111.42,2,Long-period giants,,,,,False,False,False,False,False
920,HD 4732 b,HD 4732,Radial Velocity,360.2,753.23,2,Long-period giants,,0.0,,too_hot,True,False,False,False,False
921,HD 4732 c,HD 4732,Radial Velocity,2732.0,753.23,2,Long-period giants,,1.0,,habitable_zone,True,False,False,False,False
922,HD 47366 b,HD 47366,Radial Velocity,359.15,731.009,2,Long-period giants,,0.0,,too_hot,True,False,False,False,False
923,HD 47366 c,HD 47366,Radial Velocity,682.85,597.5204,2,Long-period giants,,0.0,,too_hot,True,False,False,False,False
924,HD 47536 b,HD 47536,Radial Velocity,712.13,2330.0,2,Long-period giants,,0.0,,too_hot,True,False,False,False,False
925,HD 4760 b,HD 4760,Radial Velocity,434.0,4417.837,2,Long-period giants,,0.0,,too_hot,True,False,False,True,False
926,HD 48265 b,HD 48265,Radial Velocity,778.51,484.69075,2,Long-period giants,,1.0,,habitable_zone,False,False,False,False,False
927,HD 4917 b,HD 4917,Radial Velocity,400.5,513.29545,2,Long-period giants,,0.0,,too_hot,True,False,False,False,False
928,HD 49674 b,HD 49674,Radial Velocity,4.94737,31.783,0,Low-mass short-period,,0.0,,too_hot,False,False,False,False,False
929,HD 50499 b,HD 50499,Radial Velocity,2447.1,519.96988,2,Long-period giants,,0.0,,too_cold,False,False,False,False,False
930,HD 50499 c,HD 50499,Radial Velocity,8619.9,931.2419,2,Long-period giants,,0.0,,too_cold,False,False,False,False,False
931,HD 50554 b,HD 50554,Radial Velocity,1293.0,1574.464,2,Long-period giants,,0.0,,too_cold,False,False,False,False,False
932,HD 51608 b,HD 51608,Radial Velocity,14.0726,12.77,0,Low-mass short-period,,,,,False,False,False,False,False
933,HD 51608 c,HD 51608,Radial Velocity,95.9446,14.31,3,Intermediate-mass moderate-period,,,,,False,False,False,False,False
934,HD 52265 b,HD 52265,Radial Velocity,119.27,384.5743,2,Long-period giants,,,,,False,False,False,False,False
935,HD 5278 b,HD 5278,Transit,14.339156,7.8,0,Low-mass short-period,0.0,0.0,too_hot,too_hot,False,False,False,False,False
936,HD 5278 c,HD 5278,Radial Velocity,40.87,18.4,3,Intermediate-mass moderate-period,,0.0,,too_hot,False,False,False,False,False
937,HD 5319 b,HD 5319,Radial Velocity,637.1,494.54348,2,Long-period giants,,0.0,,too_hot,True,False,False,False,False
938,HD 5319 c,HD 5319,Radial Velocity,872.2,334.67499,2,Long-period giants,,0.0,,too_hot,True,False,False,False,False
939,HD 55696 b,HD 55696,Radial Velocity,1827.0,1230.0021,2,Long-period giants,,0.0,,too_cold,False,False,False,False,False
940,HD 5583 b,HD 5583,Radial Velocity,139.35,1837.0574,2,Long-period giants,,0.0,,too_hot,True,False,False,False,False
941,HD 5608 b,HD 5608,Radial Velocity,779.9,534.27223,2,Long-period giants,,0.0,,too_hot,True,False,False,False,False
942,HD 564 b,HD 564,Radial Velocity,492.3,104.88,3,Intermediate-mass moderate-period,,1.0,,habitable_zone,False,False,False,False,False
943,HD 5891 b,HD 5891,Radial Velocity,177.11,2425.0429,2,Long-period giants,,0.0,,too_hot,True,False,False,False,False
944,HD 59686 A b,HD 59686 A,Radial Velocity,299.36,2199.3836,2,Long-period giants,,0.0,,too_hot,True,False,False,False,False
945,HD 60292 b,HD 60292,Radial Velocity,495.4,2065.895,2,Long-period giants,,0.0,,too_hot,True,False,False,False,False
946,HD 60532 b,HD 60532,Radial Velocity,201.9,336.8998,2,Long-period giants,,0.0,,too_hot,False,False,False,False,False
947,HD 60532 c,HD 60532,Radial Velocity,600.1,797.7533,2,Long-period giants,,0.0,,too_hot,False,False,False,False,False
948,HD 62509 b,HD 62509,Radial Velocity,589.64,731.0,2,Long-period giants,,,,,False,False,False,False,False
951,HD 63454 b,HD 63454,Radial Velocity,2.81805,79.4575,1,Hot/warm giants,,0.0,,too_hot,False,False,False,False,False
952,HD 63765 b,HD 63765,Radial Velocity,358.0,168.4499,2,Long-period giants,,1.0,,habitable_zone,False,False,False,False,False
953,HD 63935 b,HD 63935,Transit,9.058811,10.8,0,Low-mass short-period,0.0,0.0,too_hot,too_hot,False,False,False,False,False
954,HD 63935 c,HD 63935,Radial Velocity,21.4023,11.1,0,Low-mass short-period,0.0,0.0,too_hot,too_hot,False,False,False,False,False
955,HD 64114 b,HD 64114,Radial Velocity,45.791,17.8,3,Intermediate-mass moderate-period,,,,,False,False,False,False,False
956,HD 6434 b,HD 6434,Radial Velocity,21.998,155.7367,1,Hot/warm giants,,0.0,,too_hot,False,False,False,False,False
957,HD 65216 b,HD 65216,Radial Velocity,577.6,411.58985,2,Long-period giants,,,,,False,False,False,False,False
958,HD 65216 c,HD 65216,Radial Velocity,5370.0,645.1949,2,Long-period giants,,,,,False,False,False,False,False
959,HD 66141 b,HD 66141,Radial Velocity,480.5,1906.9,2,Long-period giants,,0.0,,too_hot,True,False,False,False,False
960,HD 66428 b,HD 66428,Radial Velocity,2263.12,1018.32732,2,Long-period giants,,0.0,,too_cold,False,False,False,False,False
961,HD 66428 c,HD 66428,Radial Velocity,39000.0,8581.36699,2,Long-period giants,,0.0,,too_cold,False,False,False,True,False
962,HD 67087 b,HD 67087,Radial Velocity,352.2,973.0,2,Long-period giants,,0.0,,too_hot,False,False,False,False,False
963,HD 67087 c,HD 67087,Radial Velocity,2374.0,1540.0,2,Long-period giants,,0.0,,too_cold,False,False,False,False,False
964,HD 6718 b,HD 6718,Radial Velocity,2496.0,533.9544,2,Long-period giants,,0.0,,too_cold,False,False,False,False,False
965,HD 68402 b,HD 68402,Radial Velocity,1103.0,975.7381,2,Long-period giants,,0.0,,too_cold,False,False,False,False,False
966,HD 68988 b,HD 68988,Radial Velocity,6.27711,626.1251,1,Hot/warm giants,,0.0,,too_hot,False,False,False,False,False
967,HD 68988 c,HD 68988,Radial Velocity,16000.0,4767.4261,2,Long-period giants,,0.0,,too_cold,False,False,False,True,False
968,HD 69830 b,HD 69830,Radial Velocity,8.667,10.2,0,Low-mass short-period,,,,,False,False,False,False,False
969,HD 69830 c,HD 69830,Radial Velocity,31.56,11.8,3,Intermediate-mass moderate-period,,,,,False,False,False,False,False
970,HD 69830 d,HD 69830,Radial Velocity,197.0,18.1,3,Intermediate-mass moderate-period,,,,,False,False,False,False,False
971,HD 70573 b,HD 70573,Radial Velocity,851.8,1900.0,2,Long-period giants,,,,,False,False,False,False,False
972,HD 70642 b,HD 70642,Radial Velocity,2124.54,633.43519,2,Long-period giants,,0.0,,too_cold,False,False,False,False,False
973,HD 7199 b,HD 7199,Radial Velocity,615.0,85.8141,3,Intermediate-mass moderate-period,,1.0,,habitable_zone,False,False,False,False,False
974,HD 72490 b,HD 72490,Transit,858.0,561.92344,2,Long-period giants,,0.0,,too_hot,True,False,False,False,False
975,HD 72659 b,HD 72659,Radial Velocity,3658.0,1223.6455,2,Long-period giants,,0.0,,too_cold,False,False,False,False,False
976,HD 72892 b,HD 72892,Radial Velocity,39.475,1732.1735,1,Hot/warm giants,,0.0,,too_hot,False,False,False,False,False
977,HD 73267 b,HD 73267,Radial Velocity,1245.36,984.31951,2,Long-period giants,,0.0,,too_cold,False,False,False,False,False
978,HD 73526 b,HD 73526,Radial Velocity,188.3,978.9164,2,Long-period giants,,0.0,,too_hot,False,False,False,False,False
979,HD 73526 c,HD 73526,Radial Velocity,379.1,715.09,2,Long-period giants,,,,,False,False,False,False,False
980,HD 73534 b,HD 73534,Radial Velocity,1750.0,353.42696,2,Long-period giants,,1.0,,habitable_zone,False,False,False,False,False
981,HD 74156 b,HD 74156,Radial Velocity,51.645,572.07,1,Hot/warm giants,,,,,False,False,False,False,False
982,HD 74156 c,HD 74156,Radial Velocity,2473.0,2561.6,2,Long-period giants,,,,,False,False,False,False,False
983,HD 7449 b,HD 7449,Radial Velocity,1255.5,161.45764,2,Long-period giants,,,,,False,False,False,False,False
984,HD 75289 b,HD 75289,Radial Velocity,3.50927,155.7367,1,Hot/warm giants,,0.0,,too_hot,False,False,False,False,False
985,HD 75784 b,HD 75784,Radial Velocity,341.2,317.83,2,Long-period giants,,0.0,,too_hot,True,False,False,False,False
986,HD 75784 c,HD 75784,Radial Velocity,7900.0,1792.5612,2,Long-period giants,,0.0,,too_cold,True,False,False,False,False
987,HD 75898 b,HD 75898,Radial Velocity,422.9,861.3193,2,Long-period giants,,0.0,,too_hot,False,False,False,False,False
988,HD 76700 b,HD 76700,Radial Velocity,3.97097,66.7443,1,Hot/warm giants,,0.0,,too_hot,False,False,False,False,False
989,HD 76920 b,HD 76920,Radial Velocity,415.4,1249.0719,2,Long-period giants,,0.0,,too_hot,True,False,False,False,False
990,HD 77338 b,HD 77338,Radial Velocity,5.7361,19.0698,0,Low-mass short-period,,0.0,,too_hot,False,False,False,False,False
991,HD 7924 b,HD 7924,Radial Velocity,5.39792,6.3566,0,Low-mass short-period,,0.0,,too_hot,False,False,False,False,False
992,HD 7924 c,HD 7924,Radial Velocity,15.299,7.86,0,Low-mass short-period,0.0,0.0,too_hot,too_hot,False,False,False,False,False
993,HD 7924 d,HD 7924,Radial Velocity,24.451,6.44,0,Low-mass short-period,0.0,0.0,too_hot,too_hot,False,False,False,False,False
994,HD 79498 b,HD 79498,Radial Velocity,1807.0,425.8922,2,Long-period giants,,0.0,,too_cold,False,False,False,False,False
995,HD 80606 b,HD 80606,Radial Velocity,111.4367,1392.0954,2,Long-period giants,,0.0,,too_hot,False,False,False,False,False
996,HD 80653 b,HD 80653,Transit,0.719573,5.6,0,Low-mass short-period,,,,,False,False,True,False,False
997,HD 80869 b,HD 80869,Radial Velocity,1711.7,1544.64606,2,Long-period giants,0.0,0.0,too_cold,too_cold,False,False,False,False,False
998,HD 81040 b,HD 81040,Radial Velocity,1001.70001,2310.6241,2,Long-period giants,,0.0,,too_cold,False,False,False,False,False
999,HD 81688 b,HD 81688,Radial Velocity,184.02,858.1,2,Long-period giants,,0.0,,too_hot,True,False,False,False,False
1000,HD 81817 b,HD 81817,Radial Velocity,1047.1,8613.193,2,Long-period giants,,0.0,,too_hot,True,False,False,True,False
1001,HD 82886 b,HD 82886,Radial Velocity,705.0,740.5439,2,Long-period giants,,0.0,,too_hot,True,False,False,False,False
1002,HD 82943 b,HD 82943,Radial Velocity,441.47,534.25,2,Long-period giants,,1.0,,habitable_zone,False,False,False,False,False
1003,HD 82943 c,HD 82943,Radial Velocity,220.078,622.603,2,Long-period giants,,0.0,,too_hot,False,False,False,False,False
1004,HD 8326 b,HD 8326,Radial Velocity,158.991,66.6,3,Intermediate-mass moderate-period,,,,,False,False,False,False,False
1005,HD 83443 b,HD 83443,Radial Velocity,2.9857,108.0622,1,Hot/warm giants,,0.0,,too_hot,False,False,False,False,False
1006,HD 8535 b,HD 8535,Radial Velocity,1313.0,216.1244,2,Long-period giants,,0.0,,too_cold,False,False,False,False,False
1007,HD 85390 b,HD 85390,Radial Velocity,799.52,31.46517,3,Intermediate-mass moderate-period,,,,,False,False,False,False,False
1008,HD 85512 b,HD 85512,Radial Velocity,58.43,3.1783,0,Low-mass short-period,,0.0,,too_hot,False,False,False,False,False
1009,HD 8574 b,HD 8574,Radial Velocity,227.0,645.1949,2,Long-period giants,,0.0,,too_hot,False,False,False,False,False
1010,HD 86081 b,HD 86081,Radial Velocity,2.1378431,470.3884,1,Hot/warm giants,,0.0,,too_hot,False,False,False,False,False
1011,HD 86226 b,HD 86226,Radial Velocity,1628.0,143.0235,2,Long-period giants,,0.0,,too_cold,False,False,False,False,False
1012,HD 86226 c,HD 86226,Transit,3.98442,7.25,0,Low-mass short-period,,0.0,,too_hot,False,False,False,False,False
1013,HD 86264 b,HD 86264,Radial Velocity,1475.0,2224.81,2,Long-period giants,,1.0,,habitable_zone,False,False,False,False,False
1014,HD 8673 b,HD 8673,Radial Velocity,1634.0,4513.0,2,Long-period giants,,1.0,,habitable_zone,False,False,False,True,False
1015,HD 86950 b,HD 86950,Radial Velocity,1270.0,1144.188,2,Long-period giants,,0.0,,too_hot,True,False,False,False,False
1016,HD 87646 b,HD 87646,Radial Velocity,13.481,3941.092,1,Hot/warm giants,,0.0,,too_hot,False,False,False,False,False
1017,HD 87883 b,HD 87883,Radial Velocity,2754.0,489.4582,2,Long-period giants,,0.0,,too_cold,False,False,False,False,False
1018,HD 88133 b,HD 88133,Radial Velocity,3.414884,90.42263,1,Hot/warm giants,,0.0,,too_hot,False,False,False,False,False
1019,HD 89307 b,HD 89307,Radial Velocity,2166.0,670.6213,2,Long-period giants,,0.0,,too_cold,False,False,False,False,False
1020,HD 89345 b,HD 89345,Transit,11.8143,34.9613,3,Intermediate-mass moderate-period,,0.0,,too_hot,False,False,False,False,False
1021,HD 89744 b,HD 89744,Radial Velocity,256.78,2653.8805,2,Long-period giants,,,,,False,False,False,False,False
1022,HD 90156 b,HD 90156,Radial Velocity,49.77,17.98,3,Intermediate-mass moderate-period,,,,,False,False,False,False,False
1023,HD 9174 b,HD 9174,Radial Velocity,1179.0,352.7913,2,Long-period giants,,1.0,,habitable_zone,False,False,False,False,False
1024,HD 92788 b,HD 92788,Radial Velocity,325.803,1195.0408,2,Long-period giants,,1.0,,habitable_zone,False,False,False,False,False
1025,HD 92788 c,HD 92788,Radial Velocity,11611.2975,1166.4361,2,Long-period giants,,0.0,,too_cold,False,False,False,False,False
1026,HD 92987 b,HD 92987,Radial Velocity,10354.8375,5364.9704,2,Long-period giants,,0.0,,too_cold,False,False,False,True,False
1027,HD 93083 b,HD 93083,Radial Velocity,143.58,117.59,3,Intermediate-mass moderate-period,,,,,False,False,False,False,False
1028,HD 93385 b,HD 93385,Radial Velocity,7.3426,4.2,0,Low-mass short-period,,,,,False,False,False,False,False
1029,HD 93385 c,HD 93385,Radial Velocity,13.18,7.1,0,Low-mass short-period,,,,,False,False,False,False,False
1030,HD 93385 d,HD 93385,Radial Velocity,45.85,8.7,3,Intermediate-mass moderate-period,,,,,False,False,False,False,False
1031,HD 9446 b,HD 9446,Radial Velocity,30.052,222.472,1,Hot/warm giants,,0.0,,too_hot,False,False,False,False,False
1032,HD 9446 c,HD 9446,Radial Velocity,192.9,578.426,2,Long-period giants,,0.0,,too_hot,False,False,False,False,False
1033,HD 94834 b,HD 94834,Radial Velocity,1576.0,400.4658,2,Long-period giants,,1.0,,habitable_zone,True,False,False,False,False
1035,HD 95089 b,HD 95089,Radial Velocity,464.4,400.4658,2,Long-period giants,,0.0,,too_hot,True,False,False,False,False
1036,HD 95089 c,HD 95089,Radial Velocity,1785.0,1096.5135,2,Long-period giants,,1.0,,habitable_zone,True,False,False,False,False
1037,HD 95127 b,HD 95127,Radial Velocity,482.0,3378.5329,2,Long-period giants,,0.0,,too_hot,True,False,False,False,False
1038,HD 95338 b,HD 95338,Radial Velocity,55.087,42.44,3,Intermediate-mass moderate-period,0.0,0.0,too_hot,too_hot,False,False,False,False,False
1039,HD 95544 b,HD 95544,Radial Velocity,2172.0,2173.9463,2,Long-period giants,0.0,0.0,too_cold,too_cold,False,False,False,False,False
1040,HD 95735 c,GJ 411,Radial Velocity,3190.0,18.05265,3,Intermediate-mass moderate-period,,0.0,,too_cold,False,False,False,False,False
1041,HD 95872 b,HD 95872,Radial Velocity,4375.0,1188.6842,2,Long-period giants,,0.0,,too_cold,False,False,False,False,False
1042,HD 96063 b,HD 96063,Radial Velocity,362.5,403.6441,2,Long-period giants,,0.0,,too_hot,True,False,False,False,False
1043,HD 96127 b,HD 96127,Radial Velocity,647.29999,6661.7168,2,Long-period giants,,0.0,,too_hot,True,False,False,True,False
1044,HD 96167 b,HD 96167,Radial Velocity,498.04,227.88411,2,Long-period giants,,0.0,,too_hot,False,False,False,False,False
1045,HD 96700 b,HD 96700,Radial Velocity,8.1245,8.9,0,Low-mass short-period,,,,,False,False,False,False,False
1046,HD 96700 c,HD 96700,Radial Velocity,19.88,3.5,0,Low-mass short-period,,,,,False,False,False,False,False
1047,HD 96700 d,HD 96700,Radial Velocity,103.5,12.7,3,Intermediate-mass moderate-period,,,,,False,False,False,False,False
1048,HD 96992 b,HD 96992,Radial Velocity,514.0,362.3262,2,Long-period giants,,0.0,,too_hot,True,False,False,False,False
1050,HD 97658 b,HD 97658,Radial Velocity,9.4897116,8.3,0,Low-mass short-period,,0.0,,too_hot,False,False,False,False,False
1051,HD 98219 b,HD 98219,Radial Velocity,433.8,624.21812,2,Long-period giants,,0.0,,too_hot,True,False,False,False,False
1052,HD 98649 b,HD 98649,Radial Velocity,6022.9725,2158.0657,2,Long-period giants,,0.0,,too_cold,False,False,False,False,False
1053,HD 98736 b,HD 98736,Radial Velocity,968.8,740.5439,2,Long-period giants,,0.0,,too_cold,False,False,False,False,False
1054,HD 99109 b,HD 99109,Radial Velocity,439.29999,139.8452,2,Long-period giants,,1.0,,habitable_zone,False,False,False,False,False
1055,HD 99492 b,HD 99492,Radial Velocity,17.0431,22.2481,3,Intermediate-mass moderate-period,,0.0,,too_hot,False,False,False,False,False
1056,HD 99706 b,HD 99706,Radial Velocity,841.0,390.9309,2,Long-period giants,,0.0,,too_hot,True,False,False,False,False
1057,HD 99706 c,HD 99706,Radial Velocity,1278.0,1808.4527,2,Long-period giants,,,,,False,False,False,False,False
1058,HIP 105854 b,HIP 105854,Radial Velocity,184.2,2606.1,2,Long-period giants,,,,,True,False,False,False,False
1059,HIP 107772 b,HIP 107772,Radial Velocity,55.199,12.9,3,Intermediate-mass moderate-period,,,,,False,False,False,False,False
1060,HIP 107773 b,HIP 107773,Radial Velocity,144.3,629.3034,2,Long-period giants,,0.0,,too_hot,True,False,False,False,False
1061,HIP 109384 b,HIP 109384,Radial Velocity,499.48,495.8148,2,Long-period giants,,,,,False,False,False,False,False
1062,HIP 109600 b,HIP 109600,Radial Velocity,232.08,851.7844,2,Long-period giants,,,,,False,False,False,False,False
1063,HIP 114933 b,HIP 114933,Radial Velocity,1481.6,616.58711,2,Long-period giants,,1.0,,habitable_zone,True,False,False,False,False
1064,HIP 116454 b,HIP 116454,Transit,9.1205,12.7132,0,Low-mass short-period,,0.0,,too_hot,False,False,False,False,False
1065,HIP 12961 b,HIP 12961,Radial Velocity,57.435,114.4188,3,Intermediate-mass moderate-period,,1.0,,habitable_zone,False,False,False,False,False
1066,HIP 14810 b,HIP 14810,Radial Velocity,6.673892,1239.537,1,Hot/warm giants,,0.0,,too_hot,False,False,False,False,False
1067,HIP 14810 c,HIP 14810,Radial Velocity,147.747,416.3573,2,Long-period giants,,0.0,,too_hot,False,False,False,False,False
1068,HIP 14810 d,HIP 14810,Radial Velocity,981.8,187.5197,2,Long-period giants,,0.0,,too_cold,False,False,False,False,False
1069,HIP 35173 b,HIP 35173,Radial Velocity,41.516,12.7,3,Intermediate-mass moderate-period,,,,,False,False,False,False,False
1070,HIP 38594 b,HIP 38594,Radial Velocity,60.722,8.1,3,Intermediate-mass moderate-period,,,,,False,False,False,False,False
1071,HIP 38594 c,HIP 38594,Radial Velocity,3477.768,48.4,2,Long-period giants,,,,,False,False,False,False,False
1077,HIP 4845 b,HIP 4845,Radial Velocity,34.15,14.4,3,Intermediate-mass moderate-period,,,,,False,False,False,False,False
1078,HIP 48714 b,HIP 48714,Radial Velocity,17.818,22.9,3,Intermediate-mass moderate-period,,,,,False,False,False,False,False
1079,HIP 5158 b,HIP 5158,Radial Velocity,345.72,451.0,2,Long-period giants,,,,,False,False,False,False,False
1080,HIP 5158 c,HIP 5158,Radial Velocity,9017.76,4780.1632,2,Long-period giants,,0.0,,too_cold,False,False,False,True,False
1081,HIP 54373 b,HIP 54373,Radial Velocity,7.76,8.62,0,Low-mass short-period,,,,,False,False,False,False,False
1082,HIP 54373 c,HIP 54373,Radial Velocity,15.144,12.44,0,Low-mass short-period,,,,,False,False,False,False,False
1083,HIP 56640 b,HIP 56640,Radial Velocity,2574.9,1166.43025,2,Long-period giants,,1.0,,habitable_zone,True,False,False,False,False
1084,HIP 57274 b,HIP 57274,Radial Velocity,8.1352,6.3566,0,Low-mass short-period,,0.0,,too_hot,False,False,False,False,False
1085,HIP 57274 c,HIP 57274,Radial Velocity,32.03,130.0,3,Intermediate-mass moderate-period,,0.0,,too_hot,False,False,False,False,False
1086,HIP 57274 d,HIP 57274,Radial Velocity,431.7,167.4,2,Long-period giants,,0.0,,too_cold,False,False,False,False,False
1087,HIP 63242 b,HIP 63242,Radial Velocity,124.6,2917.56,2,Long-period giants,,,,,True,False,False,False,False
1088,HIP 65 A b,HIP 65 A,Transit,0.9809734,1021.18779,1,Hot/warm giants,0.0,0.0,too_hot,too_hot,False,False,True,False,False
1089,HIP 65407 b,HIP 65407,Radial Velocity,28.125,136.03124,3,Intermediate-mass moderate-period,,,,,False,False,False,False,False
1090,HIP 65407 c,HIP 65407,Radial Velocity,67.3,249.17872,3,Intermediate-mass moderate-period,,,,,False,False,False,False,False
1092,HIP 65891 b,HIP 65891,Radial Velocity,1084.5,1906.98,2,Long-period giants,,0.0,,too_hot,True,False,False,False,False
1094,HIP 67537 b,HIP 67537,Radial Velocity,2556.5,3527.913,2,Long-period giants,,1.0,,habitable_zone,True,False,False,False,False
1095,HIP 67851 b,HIP 67851,Radial Velocity,88.9,438.6054,2,Long-period giants,,0.0,,too_hot,True,False,False,False,False
1096,HIP 67851 c,HIP 67851,Radial Velocity,2131.8,1900.6234,2,Long-period giants,,1.0,,habitable_zone,True,False,False,False,False
1097,HIP 70849 b,HIP 70849,Radial Velocity,17337.5,2860.0,2,Long-period giants,,,,,False,False,False,False,False
1098,HIP 71135 b,HIP 71135,Radial Velocity,87.19,18.8,3,Intermediate-mass moderate-period,,,,,False,False,False,False,False
1099,HIP 74890 b,HIP 74890,Radial Velocity,822.3,762.792,2,Long-period giants,,0.0,,too_hot,True,False,False,False,False
1100,HIP 75092 b,HIP 75092,Radial Velocity,926.4,568.91285,2,Long-period giants,,0.0,,too_hot,True,False,False,False,False
1103,HIP 79431 b,HIP 79431,Radial Velocity,111.7,667.415,2,Long-period giants,,,,,False,False,False,False,False
1104,HIP 8541 b,HIP 8541,Radial Velocity,1560.2,1748.065,2,Long-period giants,,0.0,,too_hot,True,False,False,False,False
1105,HIP 90988 b,HIP 90988,Radial Velocity,453.9,622.94368,2,Long-period giants,,0.0,,too_hot,True,False,False,False,False
1106,HIP 91258 b,HIP 91258,Radial Velocity,5.0505,346.4347,1,Hot/warm giants,,0.0,,too_hot,False,False,False,False,False
1107,HIP 97166 b,HIP 97166,Transit,10.28891,20.0,0,Low-mass short-period,,0.0,,too_hot,False,False,False,False,False
1108,HIP 97166 c,HIP 97166,Radial Velocity,16.84,9.9,0,Low-mass short-period,,0.0,,too_hot,False,False,False,False,False
1109,HIP 97233 b,HIP 97233,Radial Velocity,1058.8,6356.3,2,Long-period giants,,0.0,,too_hot,True,False,False,True,False
1112,HR 5183 b,HR 5183,Radial Velocity,27000.0,1026.5909,2,Long-period giants,,0.0,,too_cold,False,False,False,False,False
1113,HR 810 b,HR 810,Radial Velocity,302.79999,721.4741,2,Long-period giants,,0.0,,too_hot,False,False,False,False,False
1117,HR 8799 b,HR 8799,Imaging,170000.0,2000.0,2,Long-period giants,,,,,False,False,False,False,True
1118,HR 8799 c,HR 8799,Imaging,69000.0,3000.0,2,Long-period giants,,,,,False,False,False,False,False
1119,HR 8799 d,HR 8799,Imaging,37000.0,3000.0,2,Long-period giants,,,,,False,False,False,False,False
1121,HU Aqr AB b,HU Aqr,Other methods,2390.0,1875.197,2,Long-period giants,,,,,False,False,False,False,False
1122,HU Aqr AB c,HU Aqr,Other methods,4368.0,1430.235,2,Long-period giants,,,,,False,False,False,False,False
1123,HW Vir b,HW Vir,Other methods,4640.0,4602.90201,2,Long-period giants,,,,,False,False,False,True,False
1124,IC 4651 9122 b,IC 4651 9122,Radial Velocity,734.0,2002.329,2,Long-period giants,,,,,True,False,False,False,False
1125,K2-10 b,K2-10,Transit,19.3044,27.0,3,Intermediate-mass moderate-period,,0.0,,too_hot,False,False,False,False,False
1126,K2-100 b,K2-100,Transit,1.6739035,21.8,0,Low-mass short-period,0.0,0.0,too_hot,too_hot,False,False,False,False,False
1135,K2-111 b,K2-111,Transit,5.3518,5.29,0,Low-mass short-period,,0.0,,too_hot,False,False,False,False,False
1136,K2-111 c,K2-111,Radial Velocity,15.6785,11.3,0,Low-mass short-period,,0.0,,too_hot,False,False,False,False,False
1159,K2-132 b,K2-132,Transit,9.1751,155.7367,1,Hot/warm giants,,0.0,,too_hot,True,False,False,False,False
1167,K2-137 b,K2-137,Transit,0.179715,158.915,1,Hot/warm giants,,0.0,,too_hot,False,False,True,False,False
1168,K2-138 b,K2-138,Transit,2.35309,3.1,0,Low-mass short-period,,0.0,,too_hot,False,False,False,False,False
1169,K2-138 c,K2-138,Transit,3.56004,6.31,0,Low-mass short-period,,0.0,,too_hot,False,False,False,False,False
1170,K2-138 d,K2-138,Transit,5.40479,7.92,0,Low-mass short-period,,0.0,,too_hot,False,False,False,False,False
1171,K2-138 e,K2-138,Transit,8.26146,12.97,0,Low-mass short-period,,0.0,,too_hot,False,False,False,False,False
1172,K2-138 f,K2-138,Transit,12.75758,1.63,0,Low-mass short-period,,0.0,,too_hot,False,False,False,False,False
1173,K2-138 g,K2-138,Transit,41.96797,4.32,0,Low-mass short-period,,0.0,,too_hot,False,False,False,False,False
1176,K2-140 b,K2-140,Transit,6.569188,295.58042,1,Hot/warm giants,0.0,0.0,too_hot,too_hot,False,False,False,False,False
1177,K2-141 b,K2-141,Transit,0.2803244,5.08,0,Low-mass short-period,,0.0,,too_hot,False,False,True,False,False
1178,K2-141 c,K2-141,Transit,7.7485,7.4,0,Low-mass short-period,,0.0,,too_hot,False,False,False,False,False
1179,K2-146 b,K2-146,Transit,2.6446,5.77,0,Low-mass short-period,,0.0,,too_hot,False,False,False,False,False
1180,K2-146 c,K2-146,Transit,4.00498,7.49,0,Low-mass short-period,,0.0,,too_hot,False,False,False,False,False
1228,K2-18 b,K2-18,Transit,32.939623,8.92,3,Intermediate-mass moderate-period,,1.0,,habitable_zone,False,False,False,False,False
1229,K2-18 c,K2-18,Radial Velocity,8.962,7.51,0,Low-mass short-period,,0.0,,too_hot,False,False,False,False,False
1285,K2-216 b,K2-216,Transit,2.1748,8.0,0,Low-mass short-period,0.0,0.0,too_hot,too_hot,False,False,False,False,False
1291,K2-22 b,K2-22,Transit,0.381078,444.962,1,Hot/warm giants,,0.0,,too_hot,False,False,True,False,False
1307,K2-232 b,K2-232,Transit,11.168454,126.49634,1,Hot/warm giants,,0.0,,too_hot,False,False,False,False,False
1308,K2-233 b,K2-233,Transit,2.4675,11.26,0,Low-mass short-period,,0.0,,too_hot,False,False,False,False,False
1309,K2-233 c,K2-233,Transit,7.06005,12.81,0,Low-mass short-period,,0.0,,too_hot,False,False,False,False,False
1310,K2-233 d,K2-233,Transit,24.3645,21.14,3,Intermediate-mass moderate-period,,0.0,,too_hot,False,False,False,False,False
1311,K2-237 b,K2-237,Transit,2.1805577,392.83788,1,Hot/warm giants,,0.0,,too_hot,False,False,False,False,False
1312,K2-238 b,K2-238,Transit,3.20466,273.3338,1,Hot/warm giants,,0.0,,too_hot,False,False,False,False,False
1316,K2-24 b,K2-24,Transit,20.88977,19.0,3,Intermediate-mass moderate-period,,0.0,,too_hot,False,False,False,False,False
1317,K2-24 c,K2-24,Transit,42.3391,15.4,3,Intermediate-mass moderate-period,,0.0,,too_hot,False,False,False,False,False
1344,K2-260 b,K2-260,Transit,2.6266657,451.3186,1,Hot/warm giants,,0.0,,too_hot,False,False,False,False,False
1345,K2-261 b,K2-261,Transit,11.63344,70.87609,1,Hot/warm giants,,0.0,,too_hot,False,False,False,False,False
1346,K2-263 b,K2-263,Transit,50.818947,14.8,3,Intermediate-mass moderate-period,,0.0,,too_hot,False,False,False,False,False
1349,K2-265 b,K2-265,Transit,2.369172,6.54,0,Low-mass short-period,,0.0,,too_hot,False,False,False,False,False
1350,K2-266 b,K2-266,Transit,0.658524,11.26782,0,Low-mass short-period,0.0,0.0,too_hot,too_hot,False,False,True,False,False
1351,K2-266 c,K2-266,Transit,7.814,0.29013,0,Low-mass short-period,0.0,0.0,too_hot,too_hot,False,False,False,False,False
1352,K2-266 d,K2-266,Transit,14.697,8.9,0,Low-mass short-period,0.0,0.0,too_hot,too_hot,False,False,False,False,False
1353,K2-266 e,K2-266,Transit,19.482,14.3,0,Low-mass short-period,0.0,0.0,too_hot,too_hot,False,False,False,False,False
1360,K2-27 b,K2-27,Transit,6.771315,30.9,0,Low-mass short-period,0.0,0.0,too_hot,too_hot,False,False,False,False,False
1374,K2-280 b,K2-280,Transit,19.89526,37.1,3,Intermediate-mass moderate-period,,0.0,,too_hot,False,False,False,False,False
1379,K2-285 b,K2-285,Transit,3.471745,9.68,0,Low-mass short-period,0.0,0.0,too_hot,too_hot,False,False,False,False,False
1380,K2-285 c,K2-285,Transit,7.138048,15.68,0,Low-mass short-period,0.0,0.0,too_hot,too_hot,False,False,False,False,False
1381,K2-285 d,K2-285,Transit,10.45582,6.5,0,Low-mass short-period,0.0,0.0,too_hot,too_hot,False,False,False,False,False
1382,K2-285 e,K2-285,Transit,14.76289,10.7,0,Low-mass short-period,0.0,0.0,too_hot,too_hot,False,False,False,False,False
1384,K2-287 b,K2-287,Transit,14.893291,100.11645,1,Hot/warm giants,,0.0,,too_hot,False,False,False,False,False
1387,K2-29 b,K2-29,Transit,3.2588321,232.0159,1,Hot/warm giants,,0.0,,too_hot,False,False,False,False,False
1388,K2-290 b,K2-290,Transit,9.21165,10.9,0,Low-mass short-period,,0.0,,too_hot,False,False,False,False,False
1389,K2-290 c,K2-290,Transit,48.36685,246.00042,1,Hot/warm giants,,0.0,,too_hot,False,False,False,False,False
1390,K2-291 b,K2-291,Transit,2.225177,6.49,0,Low-mass short-period,0.0,0.0,too_hot,too_hot,False,False,False,False,False
1391,K2-292 b,K2-292,Transit,16.9841,24.5,3,Intermediate-mass moderate-period,0.0,0.0,too_hot,too_hot,False,False,False,False,False
1394,K2-295 b,K2-295,Transit,4.024867,106.47305,1,Hot/warm giants,,0.0,,too_hot,False,False,False,False,False
1395,K2-3 b,K2-3,Transit,10.054626,6.48,0,Low-mass short-period,,0.0,,too_hot,False,False,False,False,False
1396,K2-3 c,K2-3,Transit,24.646582,2.14,0,Low-mass short-period,,0.0,,too_hot,False,False,False,False,False
1397,K2-3 d,K2-3,Transit,44.55646,2.80007,0,Low-mass short-period,,1.0,,habitable_zone,False,False,False,False,False
1398,K2-30 b,K2-30,Transit,4.098503,184.02357,1,Hot/warm giants,,0.0,,too_hot,False,False,False,False,False
1400,K2-31 b,K2-31,Transit,1.25785,563.83042,1,Hot/warm giants,,0.0,,too_hot,False,False,False,False,False
1407,K2-32 b,K2-32,Transit,8.992,15.0,0,Low-mass short-period,,0.0,,too_hot,False,False,False,False,False
1408,K2-32 c,K2-32,Transit,20.66093,8.1,0,Low-mass short-period,,0.0,,too_hot,False,False,False,False,False
1409,K2-32 d,K2-32,Transit,31.71701,6.7,0,Low-mass short-period,,0.0,,too_hot,False,False,False,False,False
1410,K2-32 e,K2-32,Transit,4.34934,2.1,0,Low-mass short-period,,0.0,,too_hot,False,False,False,False,False
1418,K2-329 b,K2-329,Transit,12.4551225,82.6358,1,Hot/warm giants,0.0,0.0,too_hot,too_hot,False,False,False,False,False
1419,K2-33 b,K2-33,Transit,5.424865,1175.971,1,Hot/warm giants,,0.0,,too_hot,False,False,False,False,False
1458,K2-36 b,K2-36,Transit,1.422614,3.9,0,Low-mass short-period,0.0,0.0,too_hot,too_hot,False,False,False,False,False
1459,K2-36 c,K2-36,Transit,5.340888,7.8,0,Low-mass short-period,0.0,0.0,too_hot,too_hot,False,False,False,False,False
1463,K2-38 b,K2-38,Transit,4.01593,19.0698,0,Low-mass short-period,,0.0,,too_hot,False,False,False,False,False
1464,K2-38 c,K2-38,Transit,10.56103,9.9,0,Low-mass short-period,0.0,0.0,too_hot,too_hot,False,False,False,False,False
1465,K2-39 b,K2-39,Transit,4.60543,28.6047,0,Low-mass short-period,,0.0,,too_hot,True,False,False,False,False
1490,K2-60 b,K2-60,Transit,3.00265,135.39558,1,Hot/warm giants,,0.0,,too_hot,False,False,False,False,False
1498,K2-66 b,K2-66,Transit,5.06963,21.3,0,Low-mass short-period,0.0,0.0,too_hot,too_hot,False,False,False,False,False
1512,K2-77 b,K2-77,Transit,8.199796,603.877,1,Hot/warm giants,0.0,0.0,too_hot,too_hot,False,False,False,False,False
1537,KELT-1 b,KELT-1,Transit,1.217514,8654.15,1,Hot/warm giants,,0.0,,too_hot,False,False,False,True,False
1538,KELT-10 b,KELT-10,Transit,4.1662739,215.80657,1,Hot/warm giants,0.0,0.0,too_hot,too_hot,False,False,False,False,False
1539,KELT-11 b,KELT-11,Transit,4.7361,54.34893,1,Hot/warm giants,,0.0,,too_hot,False,False,False,False,False
1540,KELT-12 b,KELT-12,Transit,5.031623,301.9385,1,Hot/warm giants,0.0,0.0,too_hot,too_hot,False,False,False,False,False
1541,KELT-14 b,KELT-14,Transit,1.7100566,408.09372,1,Hot/warm giants,,0.0,,too_hot,False,False,False,False,False
1542,KELT-15 b,KELT-15,Transit,3.32944,416.3573,1,Hot/warm giants,,0.0,,too_hot,False,False,False,False,False
1543,KELT-16 b,KELT-16,Transit,0.9689951,874.0325,1,Hot/warm giants,,0.0,,too_hot,False,False,True,False,False
1544,KELT-17 b,KELT-17,Transit,3.0801716,416.3573,1,Hot/warm giants,,0.0,,too_hot,False,False,False,False,False
1545,KELT-18 b,KELT-18,Transit,2.8717518,375.0394,1,Hot/warm giants,0.0,0.0,too_hot,too_hot,False,False,False,False,False
1546,KELT-19 A b,KELT-19 A,Transit,4.6117093,1293.5681,1,Hot/warm giants,0.0,0.0,too_hot,too_hot,False,False,False,False,False
1547,KELT-2 A b,KELT-2 A,Transit,4.11379,540.311,1,Hot/warm giants,,0.0,,too_hot,False,False,False,False,False
1548,KELT-20 b,KELT-20,Transit,3.4741085,1074.90106,1,Hot/warm giants,0.0,0.0,too_hot,too_hot,False,False,False,False,False
1549,KELT-21 b,KELT-21,Transit,3.6127647,1242.7153,1,Hot/warm giants,0.0,0.0,too_hot,too_hot,False,False,False,False,False
1550,KELT-23 A b,KELT-23 A,Transit,2.255251,298.12454,1,Hot/warm giants,0.0,0.0,too_hot,too_hot,False,False,False,False,False
1551,KELT-24 b,KELT-24,Transit,5.5514926,1646.3594,1,Hot/warm giants,0.0,0.0,too_hot,too_hot,False,False,False,False,False
1552,KELT-3 b,KELT-3,Transit,2.70339,616.5902,1,Hot/warm giants,,0.0,,too_hot,False,False,False,False,False
1553,KELT-4 A b,KELT-4 A,Transit,2.9895932,286.68266,1,Hot/warm giants,0.0,0.0,too_hot,too_hot,False,False,False,False,False
1554,KELT-6 b,KELT-6,Transit,7.8457,165.2716,1,Hot/warm giants,,0.0,,too_hot,False,False,False,False,False
1555,KELT-6 c,KELT-6,Radial Velocity,1276.0,1179.1493,2,Long-period giants,,1.0,,habitable_zone,False,False,False,False,False
1556,KELT-7 b,KELT-7,Transit,2.73477,441.7837,1,Hot/warm giants,,0.0,,too_hot,False,False,False,False,False
1557,KELT-8 b,KELT-8,Transit,3.24406,209.7678,1,Hot/warm giants,,0.0,,too_hot,False,False,False,False,False
1558,KELT-9 b,KELT-9,Transit,1.4811235,915.3504,1,Hot/warm giants,0.0,0.0,too_hot,too_hot,False,False,False,False,False
1562,KIC 10068024 b,KIC 10068024,Other methods,2.073549,635.65681,1,Hot/warm giants,,0.0,,too_hot,False,False,False,False,False
1565,KIC 5095269 b,KIC 5095269,Other methods,237.68977,2445.06619,2,Long-period giants,,,,,False,False,False,False,False
1567,KIC 5479689 b,KIC 5479689,Other methods,1.701531,158.9142,1,Hot/warm giants,,0.0,,too_hot,False,False,False,False,False
1569,KIC 7917485 b,KIC 7917485,Other methods,840.0,3750.394,2,Long-period giants,,,,,False,False,False,False,False
1570,KIC 8121913 b,KIC 8121913,Other methods,3.294601,667.43965,1,Hot/warm giants,,0.0,,too_hot,False,False,False,False,False
1599,KOI-12 b,KOI-12,Transit,17.855182,349.613,1,Hot/warm giants,,,,,False,False,False,False,False
1600,KOI-1257 b,KOI-1257,Transit,86.647661,460.83,2,Long-period giants,,0.0,,too_hot,False,False,False,False,False
1601,KOI-13 b,KOI-13,Transit,1.763588,2949.4624,1,Hot/warm giants,,0.0,,too_hot,False,False,False,False,False
1602,KOI-142 b,KOI-142,Transit,10.91647,9.5,0,Low-mass short-period,,0.0,,too_hot,False,False,False,False,False
1603,KOI-142 c,KOI-142,Transit,22.26492,214.1,1,Hot/warm giants,,0.0,,too_hot,False,False,False,False,False
1604,KOI-1599.01,KOI-1599,Transit,20.4415,4.6,0,Low-mass short-period,,,,,False,False,False,False,False
1605,KOI-1599.02,KOI-1599,Transit,13.6088,9.0,0,Low-mass short-period,,,,,False,False,False,False,False
1606,KOI-1783.01,KOI-1783,Transit,134.4628,71.0,3,Intermediate-mass moderate-period,0.0,0.0,too_hot,too_hot,False,False,False,False,False
1607,KOI-1783.02,KOI-1783,Transit,284.215,15.0,3,Intermediate-mass moderate-period,0.0,0.0,too_hot,too_hot,False,False,False,False,False
1608,KOI-1831 d,Kepler-324,Transit,34.169,2.23,0,Low-mass short-period,,0.0,,too_hot,False,False,False,False,False
1609,KOI-1833 d,Kepler-968,Transit,7.685,11.02,0,Low-mass short-period,,0.0,,too_hot,False,False,False,False,False
1611,KOI-3503 b,KOI-3503,Transit,21.185,9.2,0,Low-mass short-period,,0.0,,too_hot,False,False,False,False,False
1612,KOI-3503 c,KOI-3503,Transit,31.828,10.36,3,Intermediate-mass moderate-period,,0.0,,too_hot,False,False,False,False,False
1620,KOI-3680 b,KOI-3680,Transit,141.241671,613.4119,2,Long-period giants,,0.0,,too_hot,False,False,False,False,False
1621,KOI-55 b,KOI-55,Other methods,0.240104,0.44,0,Low-mass short-period,,0.0,,too_hot,False,True,True,False,False
1622,KOI-55 c,KOI-55,Other methods,0.342887,0.655,0,Low-mass short-period,,0.0,,too_hot,False,True,True,False,False
1623,KOI-94 b,KOI-94,Transit,3.743208,10.5,0,Low-mass short-period,,0.0,,too_hot,False,False,False,False,False
1624,KOI-94 c,KOI-94,Transit,10.423648,15.6,0,Low-mass short-period,,0.0,,too_hot,False,False,False,False,False
1625,KOI-94 d,KOI-94,Transit,22.342989,106.0,3,Intermediate-mass moderate-period,,0.0,,too_hot,False,False,False,False,False
1626,KOI-94 e,KOI-94,Transit,54.32031,35.0,3,Intermediate-mass moderate-period,,0.0,,too_hot,False,False,False,False,False
1627,KPS-1 b,KPS-1,Transit,1.706291,346.4347,1,Hot/warm giants,0.0,0.0,too_hot,too_hot,False,False,False,False,False
1628,Kapteyn c,Kapteyn,Radial Velocity,121.54,7.0,3,Intermediate-mass moderate-period,,0.0,,too_cold,False,False,False,False,False
1629,Kepler-10 b,Kepler-10,Transit,0.837491,4.60853,0,Low-mass short-period,,0.0,,too_hot,False,False,True,False,False
1630,Kepler-10 c,Kepler-10,Transit,45.2946,7.37,3,Intermediate-mass moderate-period,,0.0,,too_hot,False,False,False,False,False
1631,Kepler-100 b,Kepler-100,Transit,6.88705,7.34,0,Low-mass short-period,,0.0,,too_hot,False,False,False,False,False
1632,Kepler-100 c,Kepler-100,Transit,12.8159,7.05,0,Low-mass short-period,,0.0,,too_hot,False,False,False,False,False
1633,Kepler-100 d,Kepler-100,Transit,35.3331,3.0,0,Low-mass short-period,,0.0,,too_hot,False,False,False,False,False
1645,Kepler-101 b,Kepler-101,Transit,3.4876812,51.1,1,Hot/warm giants,,0.0,,too_hot,False,False,False,False,False
1646,Kepler-101 c,Kepler-101,Transit,6.02976,3.78,0,Low-mass short-period,,0.0,,too_hot,False,False,False,False,False
1658,Kepler-102 b,Kepler-102,Transit,5.28696,4.3,0,Low-mass short-period,,0.0,,too_hot,False,False,False,False,False
1659,Kepler-102 c,Kepler-102,Transit,7.07142,3.0,0,Low-mass short-period,,0.0,,too_hot,False,False,False,False,False
1660,Kepler-102 d,Kepler-102,Transit,10.3117,3.8,0,Low-mass short-period,,0.0,,too_hot,False,False,False,False,False
1661,Kepler-102 e,Kepler-102,Transit,16.1457,8.93,0,Low-mass short-period,,0.0,,too_hot,False,False,False,False,False
1662,Kepler-102 f,Kepler-102,Transit,27.4536,5.2,0,Low-mass short-period,,0.0,,too_hot,False,False,False,False,False
1673,Kepler-103 b,Kepler-103,Transit,15.9654,9.7,0,Low-mass short-period,,0.0,,too_hot,False,False,False,False,False
1674,Kepler-103 c,Kepler-103,Transit,179.612,36.1,3,Intermediate-mass moderate-period,,0.0,,too_hot,False,False,False,False,False
1700,Kepler-105 c,Kepler-105,Transit,7.1262,4.6,0,Low-mass short-period,0.0,0.0,too_hot,too_hot,False,False,False,False,False
1712,Kepler-106 b,Kepler-106,Transit,6.16486,5.3,0,Low-mass short-period,,0.0,,too_hot,False,False,False,False,False
1713,Kepler-106 c,Kepler-106,Transit,13.5708,10.44,0,Low-mass short-period,,0.0,,too_hot,False,False,False,False,False
1714,Kepler-106 d,Kepler-106,Transit,23.9802,8.1,0,Low-mass short-period,,0.0,,too_hot,False,False,False,False,False
1715,Kepler-106 e,Kepler-106,Transit,43.8445,11.17,3,Intermediate-mass moderate-period,,0.0,,too_hot,False,False,False,False,False
1727,Kepler-107 b,Kepler-107,Transit,3.1800218,3.51,0,Low-mass short-period,,0.0,,too_hot,False,False,False,False,False
1728,Kepler-107 c,Kepler-107,Transit,4.901452,9.39,0,Low-mass short-period,,0.0,,too_hot,False,False,False,False,False
1729,Kepler-107 d,Kepler-107,Transit,7.95839,3.8,0,Low-mass short-period,,0.0,,too_hot,False,False,False,False,False
1730,Kepler-107 e,Kepler-107,Transit,14.749143,8.6,0,Low-mass short-period,,0.0,,too_hot,False,False,False,False,False
1756,Kepler-109 b,Kepler-109,Transit,6.48163,7.3,0,Low-mass short-period,,0.0,,too_hot,False,False,False,False,False
1757,Kepler-109 c,Kepler-109,Transit,21.2227,21.8,3,Intermediate-mass moderate-period,,0.0,,too_hot,False,False,False,False,False
1769,Kepler-11 b,Kepler-11,Transit,10.3039,1.9,0,Low-mass short-period,,0.0,,too_hot,False,False,False,False,False
1770,Kepler-11 c,Kepler-11,Transit,13.0241,2.9,0,Low-mass short-period,,0.0,,too_hot,False,False,False,False,False
1771,Kepler-11 d,Kepler-11,Transit,22.6845,7.3,0,Low-mass short-period,,0.0,,too_hot,False,False,False,False,False
1772,Kepler-11 e,Kepler-11,Transit,31.9996,8.0,0,Low-mass short-period,,0.0,,too_hot,False,False,False,False,False
1773,Kepler-11 f,Kepler-11,Transit,46.6888,2.0,0,Low-mass short-period,,0.0,,too_hot,False,False,False,False,False
1774,Kepler-11 g,Kepler-11,Transit,118.3807,25.0,3,Intermediate-mass moderate-period,,0.0,,too_hot,False,False,False,False,False
1812,Kepler-113 b,Kepler-113,Transit,4.754,11.7,0,Low-mass short-period,,0.0,,too_hot,False,False,False,False,False
1813,Kepler-113 c,Kepler-113,Transit,8.92507,8.7,0,Low-mass short-period,,0.0,,too_hot,False,False,False,False,False
1825,Kepler-114 c,Kepler-114,Transit,8.041,2.8,0,Low-mass short-period,,,,,False,False,False,False,False
1826,Kepler-114 d,Kepler-114,Transit,11.776,3.9,0,Low-mass short-period,,,,,False,False,False,False,False
1863,Kepler-117 b,Kepler-117,Transit,18.7959228,29.875,3,Intermediate-mass moderate-period,,0.0,,too_hot,False,False,False,False,False
1864,Kepler-117 c,Kepler-117,Transit,50.790391,584.78,1,Hot/warm giants,,0.0,,too_hot,False,False,False,False,False
1899,Kepler-12 b,Kepler-12,Transit,4.4379629,137.30256,1,Hot/warm giants,,0.0,,too_hot,False,False,False,False,False
1928,Kepler-122 f,Kepler-122,Other methods,56.268,36.0,3,Intermediate-mass moderate-period,,,,,False,False,False,False,False
2005,Kepler-128 b,Kepler-128,Transit,15.09,0.77,0,Low-mass short-period,,,,,False,False,False,False,False
2006,Kepler-128 c,Kepler-128,Transit,22.804,0.9,0,Low-mass short-period,,,,,False,False,False,False,False
2017,Kepler-129 b,Kepler-129,Transit,15.79,20.0,3,Intermediate-mass moderate-period,,0.0,,too_hot,False,False,False,False,False
2018,Kepler-129 c,Kepler-129,Transit,82.2,43.0,3,Intermediate-mass moderate-period,,0.0,,too_hot,False,False,False,False,False
2019,Kepler-129 d,Kepler-129,Radial Velocity,2646.0,2637.97578,2,Long-period giants,,0.0,,too_cold,False,False,False,False,False
2043,Kepler-131 b,Kepler-131,Transit,16.092,16.13,0,Low-mass short-period,,0.0,,too_hot,False,False,False,False,False
2044,Kepler-131 c,Kepler-131,Transit,25.5169,8.25,0,Low-mass short-period,,0.0,,too_hot,False,False,False,False,False
2136,Kepler-138 b,Kepler-138,Transit,10.3126,0.066,0,Low-mass short-period,0.0,0.0,too_hot,too_hot,False,False,False,False,False
2137,Kepler-138 c,Kepler-138,Transit,13.7813,1.97,0,Low-mass short-period,0.0,0.0,too_hot,too_hot,False,False,False,False,False
2138,Kepler-138 d,Kepler-138,Transit,23.0881,0.64,0,Low-mass short-period,0.0,0.0,too_hot,too_hot,False,False,False,False,False
2165,Kepler-14 b,Kepler-14,Transit,6.790123,2669.66,1,Hot/warm giants,,0.0,,too_hot,False,False,False,False,False
2227,Kepler-145 b,Kepler-145,Transit,22.951,37.1,3,Intermediate-mass moderate-period,,,,,False,False,False,False,False
2228,Kepler-145 c,Kepler-145,Transit,42.882,79.4,3,Intermediate-mass moderate-period,,,,,False,False,False,False,False
2291,Kepler-15 b,Kepler-15,Transit,4.942782,209.76,1,Hot/warm giants,,0.0,,too_hot,False,False,False,False,False
2313,Kepler-1514 b,Kepler-1514,Transit,217.83184,1678.1424,2,Long-period giants,0.0,0.0,too_hot,too_hot,False,False,False,False,False
2424,Kepler-16 b,Kepler-16,Transit,228.776,105.833,3,Intermediate-mass moderate-period,,0.0,,too_cold,False,False,False,False,False
2427,Kepler-160 d,Kepler-160,Other methods,30.0,100.0,3,Intermediate-mass moderate-period,,0.0,,too_hot,False,False,False,False,False
2486,Kepler-1647 b,Kepler-1647,Transit,1107.5923,483.0,2,Long-period giants,,1.0,,habitable_zone,False,False,False,False,False
2495,Kepler-1654 b,Kepler-1654,Transit,1047.8356,158.915,2,Long-period giants,0.0,0.0,too_cold,too_cold,False,False,False,False,False
2496,Kepler-1655 b,Kepler-1655,Transit,11.8728787,5.0,0,Low-mass short-period,0.0,0.0,too_hot,too_hot,False,False,False,False,False
2497,Kepler-1656 b,Kepler-1656,Transit,31.578659,48.6,3,Intermediate-mass moderate-period,,0.0,,too_hot,False,False,False,False,False
2498,Kepler-1658 b,Kepler-1658,Transit,3.84937278,1868.8404,1,Hot/warm giants,,0.0,,too_hot,False,False,False,False,False
2502,Kepler-1661 b,Kepler-1661,Transit,175.06,17.0,3,Intermediate-mass moderate-period,1.0,1.0,habitable_zone,habitable_zone,False,False,False,False,False
2552,Kepler-17 b,Kepler-17,Transit,1.4857108,778.65,1,Hot/warm giants,,0.0,,too_hot,False,False,False,False,False
2558,Kepler-1704 b,Kepler-1704,Transit,988.88113,1318.98789,2,Long-period giants,0.0,1.0,too_cold,habitable_zone,False,False,False,False,False
2577,Kepler-177 b,Kepler-177,Transit,36.8601,5.84,0,Low-mass short-period,0.0,0.0,too_hot,too_hot,False,False,False,False,False
2578,Kepler-177 c,Kepler-177,Transit,49.40926,14.7,3,Intermediate-mass moderate-period,0.0,0.0,too_hot,too_hot,False,False,False,False,False
2584,Kepler-18 b,Kepler-18,Transit,3.504725,6.9,0,Low-mass short-period,,0.0,,too_hot,False,False,False,False,False
2585,Kepler-18 c,Kepler-18,Transit,7.64159,17.3,0,Low-mass short-period,,0.0,,too_hot,False,False,False,False,False
2586,Kepler-18 d,Kepler-18,Transit,14.85888,16.4,0,Low-mass short-period,,0.0,,too_hot,False,False,False,False,False
2611,Kepler-19 b,Kepler-19,Transit,9.28716,8.4,0,Low-mass short-period,,0.0,,too_hot,False,False,False,False,False
2612,Kepler-19 c,Kepler-19,Other methods,28.731,13.1,3,Intermediate-mass moderate-period,,0.0,,too_hot,False,False,False,False,False
2613,Kepler-19 d,Kepler-19,Radial Velocity,62.95,22.5,3,Intermediate-mass moderate-period,,0.0,,too_hot,False,False,False,False,False
2640,Kepler-20 b,Kepler-20,Transit,3.69611525,9.7,0,Low-mass short-period,,0.0,,too_hot,False,False,False,False,False
2641,Kepler-20 c,Kepler-20,Transit,10.85409089,12.75,0,Low-mass short-period,,0.0,,too_hot,False,False,False,False,False
2642,Kepler-20 d,Kepler-20,Transit,77.61130017,10.07,3,Intermediate-mass moderate-period,,0.0,,too_hot,False,False,False,False,False
2645,Kepler-20 g,Kepler-20,Radial Velocity,34.94,19.96,3,Intermediate-mass moderate-period,,0.0,,too_hot,False,False,False,False,False
2671,Kepler-21 b,Kepler-21,Transit,2.78578,5.08,0,Low-mass short-period,,0.0,,too_hot,False,False,False,False,False
2697,Kepler-22 b,Kepler-22,Transit,289.8623,36.0,3,Intermediate-mass moderate-period,,1.0,,habitable_zone,False,False,False,False,False
2709,Kepler-223 b,Kepler-223,Transit,7.38449,7.4,0,Low-mass short-period,,,,,False,False,False,False,False
2710,Kepler-223 c,Kepler-223,Transit,9.84564,5.1,0,Low-mass short-period,,,,,False,False,False,False,False
2711,Kepler-223 d,Kepler-223,Transit,14.78869,8.0,0,Low-mass short-period,,,,,False,False,False,False,False
2712,Kepler-223 e,Kepler-223,Transit,19.72567,4.8,0,Low-mass short-period,,,,,False,False,False,False,False
2730,Kepler-23 b,Kepler-23,Transit,7.1073,254.3,1,Hot/warm giants,,0.0,,too_hot,False,False,False,False,False
2731,Kepler-23 c,Kepler-23,Transit,10.7421,858.1,1,Hot/warm giants,,0.0,,too_hot,False,False,False,False,False
2754,Kepler-238 e,Kepler-238,Transit,23.654,169.7,1,Hot/warm giants,,,,,False,False,False,False,False
2755,Kepler-238 f,Kepler-238,Transit,50.447,13.5,3,Intermediate-mass moderate-period,,,,,False,False,False,False,False
2758,Kepler-24 b,Kepler-24,Transit,8.1453,508.5,1,Hot/warm giants,,0.0,,too_hot,False,False,False,False,False
2759,Kepler-24 c,Kepler-24,Transit,12.3335,508.5,1,Hot/warm giants,,0.0,,too_hot,False,False,False,False,False
2787,Kepler-25 b,Kepler-25,Transit,6.238297,8.7,0,Low-mass short-period,,,,,False,False,False,False,False
2788,Kepler-25 c,Kepler-25,Transit,12.7207,15.2,0,Low-mass short-period,,,,,False,False,False,False,False
2789,Kepler-25 d,Kepler-25,Radial Velocity,122.4,71.9,3,Intermediate-mass moderate-period,,,,,False,False,False,False,False
2819,Kepler-26 b,Kepler-26,Transit,12.28,5.12,0,Low-mass short-period,0.0,0.0,too_hot,too_hot,False,False,False,False,False
2820,Kepler-26 c,Kepler-26,Transit,17.2559,6.2,0,Low-mass short-period,0.0,0.0,too_hot,too_hot,False,False,False,False,False
2846,Kepler-27 b,Kepler-27,Transit,15.3348,2895.31,1,Hot/warm giants,,0.0,,too_hot,False,False,False,False,False
2847,Kepler-27 c,Kepler-27,Transit,31.3309,4385.87,1,Hot/warm giants,,0.0,,too_hot,False,False,False,True,False
2864,Kepler-276 c,Kepler-276,Transit,31.884,16.6,3,Intermediate-mass moderate-period,,,,,False,False,False,False,False
2865,Kepler-276 d,Kepler-276,Transit,48.648,16.3,3,Intermediate-mass moderate-period,,,,,False,False,False,False,False
2866,Kepler-277 b,Kepler-277,Transit,17.324,87.3,3,Intermediate-mass moderate-period,,,,,False,False,False,False,False
2867,Kepler-277 c,Kepler-277,Transit,33.006,64.2,3,Intermediate-mass moderate-period,,,,,False,False,False,False,False
2871,Kepler-279 c,Kepler-279,Transit,35.736,49.4,3,Intermediate-mass moderate-period,,,,,False,False,False,False,False
2872,Kepler-279 d,Kepler-279,Transit,54.414,37.5,3,Intermediate-mass moderate-period,,,,,False,False,False,False,False
2873,Kepler-28 b,Kepler-28,Transit,5.9123,479.9,1,Hot/warm giants,,0.0,,too_hot,False,False,False,False,False
2874,Kepler-28 c,Kepler-28,Transit,8.9858,432.23,1,Hot/warm giants,,0.0,,too_hot,False,False,False,False,False
2881,Kepler-282 d,Kepler-282,Transit,24.806,61.0,3,Intermediate-mass moderate-period,,,,,False,False,False,False,False
2882,Kepler-282 e,Kepler-282,Transit,44.347,56.2,3,Intermediate-mass moderate-period,,,,,False,False,False,False,False
2898,Kepler-289 b,Kepler-289,Transit,34.545,7.3,0,Low-mass short-period,,0.0,,too_hot,False,False,False,False,False
2899,Kepler-289 c,Kepler-289,Transit,125.8518,132.0,3,Intermediate-mass moderate-period,,0.0,,too_hot,False,False,False,False,False
2900,Kepler-289 d,Kepler-289,Transit,66.0634,4.0,3,Intermediate-mass moderate-period,,0.0,,too_hot,False,False,False,False,False
2901,Kepler-29 b,Kepler-29,Transit,10.33974,5.0,0,Low-mass short-period,0.0,0.0,too_hot,too_hot,False,False,False,False,False
2902,Kepler-29 c,Kepler-29,Transit,13.28613,4.5,0,Low-mass short-period,0.0,0.0,too_hot,too_hot,False,False,False,False,False
2933,Kepler-30 b,Kepler-30,Transit,29.33434,11.3,3,Intermediate-mass moderate-period,,0.0,,too_hot,False,False,False,False,False
2934,Kepler-30 c,Kepler-30,Transit,60.323105,640.0,2,Long-period giants,,0.0,,too_hot,False,False,False,False,False
2935,Kepler-30 d,Kepler-30,Transit,143.34394,23.1,3,Intermediate-mass moderate-period,,0.0,,too_hot,False,False,False,False,False
2949,Kepler-305 b,Kepler-305,Transit,5.487,10.5,0,Low-mass short-period,,,,,False,False,False,False,False
2950,Kepler-305 c,Kepler-305,Transit,8.291,6.0,0,Low-mass short-period,,,,,False,False,False,False,False
2957,Kepler-307 b,Kepler-307,Transit,10.4208,7.44,0,Low-mass short-period,0.0,0.0,too_hot,too_hot,False,False,False,False,False
2958,Kepler-307 c,Kepler-307,Transit,13.0729,3.64,0,Low-mass short-period,0.0,0.0,too_hot,too_hot,False,False,False,False,False
2964,Kepler-31 c,Kepler-31,Transit,42.6318,1493.7,1,Hot/warm giants,,0.0,,too_hot,False,False,False,False,False
2965,Kepler-31 d,Kepler-31,Transit,87.6451,2161.244,2,Long-period giants,,0.0,,too_hot,False,False,False,False,False
2988,Kepler-32 b,Kepler-32,Transit,5.90124,1303.0,1,Hot/warm giants,,0.0,,too_hot,False,False,False,False,False
2989,Kepler-32 c,Kepler-32,Transit,8.7522,158.9,1,Hot/warm giants,,0.0,,too_hot,False,False,False,False,False
3012,Kepler-328 b,Kepler-328,Transit,34.921,28.5,3,Intermediate-mass moderate-period,,,,,False,False,False,False,False
3013,Kepler-328 c,Kepler-328,Transit,71.312,39.4,3,Intermediate-mass moderate-period,,,,,False,False,False,False,False
3044,Kepler-338 e,Kepler-338,Other methods,9.341,8.5,0,Low-mass short-period,,,,,False,False,False,False,False
3048,Kepler-34 b,Kepler-34,Transit,288.822,69.92,3,Intermediate-mass moderate-period,,1.0,,habitable_zone,False,False,False,False,False
3073,Kepler-35 b,Kepler-35,Transit,131.458,40.363,3,Intermediate-mass moderate-period,,0.0,,too_hot,False,False,False,False,False
3075,Kepler-350 c,Kepler-350,Transit,17.849,6.1,0,Low-mass short-period,,,,,False,False,False,False,False
3076,Kepler-350 d,Kepler-350,Transit,26.136,14.9,3,Intermediate-mass moderate-period,,,,,False,False,False,False,False
3099,Kepler-36 b,Kepler-36,Transit,13.86825,3.83,0,Low-mass short-period,0.0,0.0,too_hot,too_hot,False,False,False,False,False
3100,Kepler-36 c,Kepler-36,Transit,16.21865,7.13,0,Low-mass short-period,0.0,0.0,too_hot,too_hot,False,False,False,False,False
3122,Kepler-37 b,Kepler-37,Transit,13.36731,3.1783,0,Low-mass short-period,,0.0,,too_hot,False,False,False,False,False
3123,Kepler-37 c,Kepler-37,Transit,21.302,12.0,0,Low-mass short-period,,0.0,,too_hot,False,False,False,False,False
3124,Kepler-37 d,Kepler-37,Transit,39.7922,12.2,3,Intermediate-mass moderate-period,,0.0,,too_hot,False,False,False,False,False
3148,Kepler-38 b,Kepler-38,Transit,105.599,122.0,3,Intermediate-mass moderate-period,,0.0,,too_hot,False,False,False,False,False
3170,Kepler-39 b,Kepler-39,Transit,21.08721,6388.1,1,Hot/warm giants,,0.0,,too_hot,False,False,False,True,False
3183,Kepler-396 b,Kepler-396,Transit,42.994,75.5,3,Intermediate-mass moderate-period,,,,,False,False,False,False,False
3184,Kepler-396 c,Kepler-396,Transit,88.505,17.9,3,Intermediate-mass moderate-period,,,,,False,False,False,False,False
3193,Kepler-4 b,Kepler-4,Transit,3.21346,24.472,0,Low-mass short-period,,0.0,,too_hot,False,False,False,False,False
3194,Kepler-40 b,Kepler-40,Transit,6.87349,699.2,1,Hot/warm giants,,0.0,,too_hot,False,False,False,False,False
3211,Kepler-406 b,Kepler-406,Transit,2.42629,6.35,0,Low-mass short-period,,0.0,,too_hot,False,False,False,False,False
3212,Kepler-406 c,Kepler-406,Transit,4.62332,2.71,0,Low-mass short-period,,0.0,,too_hot,False,False,False,False,False
3213,Kepler-407 b,Kepler-407,Transit,0.66931,3.2,0,Low-mass short-period,,0.0,,too_hot,False,False,True,False,False
3214,Kepler-407 c,Kepler-407,Radial Velocity,3000.0,4000.0,2,Long-period giants,,0.0,,too_cold,False,False,False,False,False
3215,Kepler-408 b,Kepler-408,Transit,2.46502,5.0,0,Low-mass short-period,,0.0,,too_hot,False,False,False,False,False
3216,Kepler-409 b,Kepler-409,Transit,68.9584,22.0,3,Intermediate-mass moderate-period,,0.0,,too_hot,False,False,False,False,False
3217,Kepler-41 b,Kepler-41,Transit,1.8555582,177.98,1,Hot/warm giants,,0.0,,too_hot,False,False,False,False,False
3219,Kepler-411 b,Kepler-411,Transit,3.005156,25.6,0,Low-mass short-period,,,,,False,False,False,False,False
3220,Kepler-411 c,Kepler-411,Transit,7.834435,26.4,0,Low-mass short-period,,,,,False,False,False,False,False
3221,Kepler-411 d,Kepler-411,Transit,58.02035,15.2,3,Intermediate-mass moderate-period,,,,,False,False,False,False,False
3222,Kepler-411 e,Kepler-411,Other methods,31.509728,10.8,3,Intermediate-mass moderate-period,,,,,False,False,False,False,False
3223,Kepler-412 b,Kepler-412,Transit,1.7208604,299.07803,1,Hot/warm giants,,0.0,,too_hot,False,False,False,False,False
3224,Kepler-413 b,Kepler-413,Transit,66.262,67.0,3,Intermediate-mass moderate-period,,0.0,,too_hot,False,False,False,False,False
3225,Kepler-414 b,Kepler-414,Other methods,4.7,3.5,0,Low-mass short-period,,,,,False,False,False,False,False
3226,Kepler-414 c,Kepler-414,Other methods,7.171,29.9,0,Low-mass short-period,,,,,False,False,False,False,False
3227,Kepler-415 b,Kepler-415,Other methods,4.176,119.9,1,Hot/warm giants,,,,,False,False,False,False,False
3229,Kepler-416 b,Kepler-416,Other methods,6.319,58.2,1,Hot/warm giants,,,,,False,False,False,False,False
3231,Kepler-417 b,Kepler-417,Other methods,12.331,11.0,0,Low-mass short-period,,,,,False,False,False,False,False
3233,Kepler-418 b,Kepler-418,Transit,86.67856,349.61125,2,Long-period giants,,0.0,,too_hot,False,False,False,False,False
3234,Kepler-419 b,Kepler-419,Transit,69.7546,794.5,2,Long-period giants,,0.0,,too_hot,False,False,False,False,False
3235,Kepler-419 c,Kepler-419,Other methods,675.47,2320.1,2,Long-period giants,,1.0,,habitable_zone,False,False,False,False,False
3240,Kepler-422 b,Kepler-422,Transit,7.8914483,136.66,1,Hot/warm giants,,0.0,,too_hot,False,False,False,False,False
3241,Kepler-423 b,Kepler-423,Transit,2.6843285,189.101,1,Hot/warm giants,,0.0,,too_hot,False,False,False,False,False
3242,Kepler-424 b,Kepler-424,Transit,3.3118644,327.35,1,Hot/warm giants,,0.0,,too_hot,False,False,False,False,False
3243,Kepler-424 c,Kepler-424,Radial Velocity,223.3,2215.18,2,Long-period giants,,1.0,,habitable_zone,False,False,False,False,False
3244,Kepler-425 b,Kepler-425,Transit,3.79701816,79.45,1,Hot/warm giants,,0.0,,too_hot,False,False,False,False,False
3245,Kepler-426 b,Kepler-426,Transit,3.21751883,108.06,1,Hot/warm giants,,0.0,,too_hot,False,False,False,False,False
3246,Kepler-427 b,Kepler-427,Transit,10.290994,92.17,1,Hot/warm giants,,0.0,,too_hot,False,False,False,False,False
3247,Kepler-428 b,Kepler-428,Transit,3.52563254,403.63,1,Hot/warm giants,,0.0,,too_hot,False,False,False,False,False
3248,Kepler-43 b,Kepler-43,Transit,3.0240949,1026.5909,1,Hot/warm giants,,0.0,,too_hot,False,False,False,False,False
3254,Kepler-432 b,Kepler-432,Transit,52.501129,1719.4603,2,Long-period giants,,0.0,,too_hot,True,False,False,False,False
3255,Kepler-432 c,Kepler-432,Radial Velocity,406.2,772.3269,2,Long-period giants,,0.0,,too_hot,True,False,False,False,False
3256,Kepler-433 b,Kepler-433,Transit,5.33408384,896.24,1,Hot/warm giants,,0.0,,too_hot,False,False,False,False,False
3257,Kepler-434 b,Kepler-434,Transit,12.8747099,908.96,1,Hot/warm giants,,0.0,,too_hot,False,False,False,False,False
3258,Kepler-435 b,Kepler-435,Transit,8.6001536,266.97,1,Hot/warm giants,,0.0,,too_hot,True,False,False,False,False
3264,Kepler-44 b,Kepler-44,Transit,3.2467293,317.82,1,Hot/warm giants,,0.0,,too_hot,False,False,False,False,False
3280,Kepler-447 b,Kepler-447,Transit,7.79430132,435.41,1,Hot/warm giants,,0.0,,too_hot,False,False,False,False,False
3281,Kepler-448 c,KOI-12,Other methods,2500.0,6992.26,2,Long-period giants,,,,,False,False,False,True,False
3284,Kepler-45 b,Kepler-45,Transit,2.455239,160.497,1,Hot/warm giants,,0.0,,too_hot,False,False,False,False,False
3289,Kepler-453 b,Kepler-453,Transit,240.503,16.0,3,Intermediate-mass moderate-period,,1.0,,habitable_zone,False,False,False,False,False
3290,Kepler-454 b,Kepler-454,Transit,10.57,6.05338,0,Low-mass short-period,,0.0,,too_hot,False,False,False,False,False
3291,Kepler-454 c,Kepler-454,Radial Velocity,523.9,1417.5218,2,Long-period giants,,1.0,,habitable_zone,False,False,False,False,False
3293,Kepler-46 b,Kepler-46,Transit,33.60134,1907.0,1,Hot/warm giants,,0.0,,too_hot,False,False,False,False,False
3294,Kepler-46 c,Kepler-46,Other methods,57.011,119.499,3,Intermediate-mass moderate-period,,0.0,,too_hot,False,False,False,False,False
3298,Kepler-462 b,Kepler-462,Transit,84.6866,53.9,3,Intermediate-mass moderate-period,,0.0,,too_hot,False,False,False,False,False
3299,Kepler-462 c,Kepler-462,Transit,207.62,6.0,3,Intermediate-mass moderate-period,,0.0,,too_hot,False,False,False,False,False
3307,Kepler-47 b,Kepler-47,Transit,49.4643,2.07,0,Low-mass short-period,,,,,False,False,False,False,False
3308,Kepler-47 c,Kepler-47,Transit,303.227,3.17,3,Intermediate-mass moderate-period,,,,,False,False,False,False,False
3309,Kepler-47 d,Kepler-47,Transit,187.366,19.02,3,Intermediate-mass moderate-period,,,,,False,False,False,False,False
3320,Kepler-48 b,Kepler-48,Transit,4.778,3.94,0,Low-mass short-period,,0.0,,too_hot,False,False,False,False,False
3321,Kepler-48 c,Kepler-48,Transit,9.67395,14.61,0,Low-mass short-period,,0.0,,too_hot,False,False,False,False,False
3322,Kepler-48 d,Kepler-48,Transit,42.8961,7.93,3,Intermediate-mass moderate-period,,0.0,,too_hot,False,False,False,False,False
3323,Kepler-48 e,Kepler-48,Radial Velocity,982.0,657.0,2,Long-period giants,,0.0,,too_cold,False,False,False,False,False
3349,Kepler-5 b,Kepler-5,Transit,3.5484657,670.93913,1,Hot/warm giants,,0.0,,too_hot,False,False,False,False,False
3361,Kepler-51 b,Kepler-51,Transit,45.154,2.1,0,Low-mass short-period,,0.0,,too_hot,False,False,False,False,False
3362,Kepler-51 c,Kepler-51,Transit,85.312,4.0,3,Intermediate-mass moderate-period,,0.0,,too_hot,False,False,False,False,False
3363,Kepler-51 d,Kepler-51,Transit,130.194,7.6,3,Intermediate-mass moderate-period,,0.0,,too_hot,False,False,False,False,False
3374,Kepler-52 b,Kepler-52,Transit,7.8773565,135.0,1,Hot/warm giants,,0.0,,too_hot,False,False,False,False,False
3375,Kepler-52 c,Kepler-52,Transit,16.3850021,45.4,3,Intermediate-mass moderate-period,,0.0,,too_hot,False,False,False,False,False
3390,Kepler-53 b,Kepler-53,Transit,18.6489525,111.0,1,Hot/warm giants,,0.0,,too_hot,False,False,False,False,False
3391,Kepler-53 c,Kepler-53,Transit,38.5583038,36.0,3,Intermediate-mass moderate-period,,0.0,,too_hot,False,False,False,False,False
3401,Kepler-538 b,Kepler-538,Transit,81.73778,10.6,3,Intermediate-mass moderate-period,0.0,0.0,too_hot,too_hot,False,False,False,False,False
3402,Kepler-539 b,Kepler-539,Transit,125.63243,308.2951,2,Long-period giants,,0.0,,too_hot,False,False,False,False,False
3403,Kepler-539 c,Kepler-539,Other methods,1000.0,762.792,2,Long-period giants,,0.0,,too_cold,False,False,False,False,False
3434,Kepler-56 b,Kepler-56,Transit,10.5016,22.1,0,Low-mass short-period,,0.0,,too_hot,True,False,False,False,False
3435,Kepler-56 c,Kepler-56,Transit,21.40239,181.0,1,Hot/warm giants,,0.0,,too_hot,True,False,False,False,False
3436,Kepler-56 d,Kepler-56,Radial Velocity,1002.0,1784.0,2,Long-period giants,,0.0,,too_hot,True,False,False,False,False
3448,Kepler-57 b,Kepler-57,Transit,5.7293196,115.0,1,Hot/warm giants,,0.0,,too_hot,False,False,False,False,False
3449,Kepler-57 c,Kepler-57,Transit,11.6092567,9.1,0,Low-mass short-period,,0.0,,too_hot,False,False,False,False,False
3460,Kepler-58 b,Kepler-58,Transit,10.2184954,35.5,3,Intermediate-mass moderate-period,,0.0,,too_hot,False,False,False,False,False
3461,Kepler-58 c,Kepler-58,Transit,15.5741568,53.0,3,Intermediate-mass moderate-period,,0.0,,too_hot,False,False,False,False,False
3480,Kepler-595 b,Kepler-595,Transit,25.3029092,17.4,3,Intermediate-mass moderate-period,,,,,False,False,False,False,False
3481,Kepler-595 c,Kepler-595,Transit,12.38602,3.3,0,Low-mass short-period,,,,,False,False,False,False,False
3487,Kepler-6 b,Kepler-6,Transit,3.2346996,212.31044,1,Hot/warm giants,,0.0,,too_hot,False,False,False,False,False
3488,Kepler-60 b,Kepler-60,Transit,7.1334,4.19,0,Low-mass short-period,0.0,0.0,too_hot,too_hot,False,False,False,False,False
3489,Kepler-60 c,Kepler-60,Transit,8.9187,3.85,0,Low-mass short-period,0.0,0.0,too_hot,too_hot,False,False,False,False,False
3490,Kepler-60 d,Kepler-60,Transit,11.8981,4.16,0,Low-mass short-period,0.0,0.0,too_hot,too_hot,False,False,False,False,False
3518,Kepler-62 b,Kepler-62,Transit,5.714932,9.0,0,Low-mass short-period,,0.0,,too_hot,False,False,False,False,False
3519,Kepler-62 c,Kepler-62,Transit,12.4417,4.0,0,Low-mass short-period,,0.0,,too_hot,False,False,False,False,False
3520,Kepler-62 d,Kepler-62,Transit,18.16406,14.0,0,Low-mass short-period,,0.0,,too_hot,False,False,False,False,False
3521,Kepler-62 e,Kepler-62,Transit,122.3874,36.0,3,Intermediate-mass moderate-period,,1.0,,habitable_zone,False,False,False,False,False
3522,Kepler-62 f,Kepler-62,Transit,267.291,35.0,3,Intermediate-mass moderate-period,,1.0,,habitable_zone,False,False,False,False,False
3534,Kepler-63 b,Kepler-63,Transit,9.4341505,120.0,1,Hot/warm giants,,0.0,,too_hot,False,False,False,False,False
3559,Kepler-65 e,Kepler-65,Radial Velocity,258.8,260.0,2,Long-period giants,,,,,False,False,False,False,False
3593,Kepler-68 b,Kepler-68,Transit,5.3988,7.65,0,Low-mass short-period,,0.0,,too_hot,False,False,False,False,False
3594,Kepler-68 c,Kepler-68,Transit,9.6051,2.04,0,Low-mass short-period,,0.0,,too_hot,False,False,False,False,False
3595,Kepler-68 d,Kepler-68,Radial Velocity,634.6,244.7291,2,Long-period giants,,1.0,,habitable_zone,False,False,False,False,False
3618,Kepler-7 b,Kepler-7,Transit,4.8854892,140.16303,1,Hot/warm giants,,0.0,,too_hot,False,False,False,False,False
3664,Kepler-74 b,Kepler-74,Transit,7.340711,200.22,1,Hot/warm giants,,0.0,,too_hot,False,False,False,False,False
3675,Kepler-75 b,Kepler-75,Transit,8.8849116,3209.9,1,Hot/warm giants,,0.0,,too_hot,False,False,False,False,False
3691,Kepler-76 b,Kepler-76,Other methods,1.5449298,638.8383,1,Hot/warm giants,,0.0,,too_hot,False,False,False,False,False
3704,Kepler-77 b,Kepler-77,Transit,3.57878087,136.661,1,Hot/warm giants,,0.0,,too_hot,False,False,False,False,False
3717,Kepler-78 b,Kepler-78,Transit,0.35500744,1.96716,0,Low-mass short-period,,0.0,,too_hot,False,False,True,False,False
3729,Kepler-79 b,Kepler-79,Transit,13.4845,10.9,0,Low-mass short-period,,0.0,,too_hot,False,False,False,False,False
3730,Kepler-79 c,Kepler-79,Transit,27.4029,5.9,0,Low-mass short-period,,0.0,,too_hot,False,False,False,False,False
3731,Kepler-79 d,Kepler-79,Transit,52.0902,6.0,3,Intermediate-mass moderate-period,,0.0,,too_hot,False,False,False,False,False
3732,Kepler-79 e,Kepler-79,Transit,81.0659,4.1,3,Intermediate-mass moderate-period,,0.0,,too_hot,False,False,False,False,False
3743,Kepler-8 b,Kepler-8,Transit,3.5224991,187.5197,1,Hot/warm giants,,0.0,,too_hot,False,False,False,False,False
3744,Kepler-80 b,Kepler-80,Transit,7.05246,6.93,0,Low-mass short-period,,0.0,,too_hot,False,False,False,False,False
3745,Kepler-80 c,Kepler-80,Transit,9.52355,6.74,0,Low-mass short-period,,0.0,,too_hot,False,False,False,False,False
3746,Kepler-80 d,Kepler-80,Transit,3.07222,6.75,0,Low-mass short-period,,0.0,,too_hot,False,False,False,False,False
3747,Kepler-80 e,Kepler-80,Transit,4.64489,4.13,0,Low-mass short-period,,0.0,,too_hot,False,False,False,False,False
3774,Kepler-82 b,Kepler-82,Transit,26.44,12.15,3,Intermediate-mass moderate-period,,,,,False,False,False,False,False
3775,Kepler-82 c,Kepler-82,Transit,51.54,13.9,3,Intermediate-mass moderate-period,,,,,False,False,False,False,False
3778,Kepler-82 f,Kepler-82,Other methods,75.732,20.9,3,Intermediate-mass moderate-period,,,,,False,False,False,False,False
3842,Kepler-87 b,Kepler-87,Transit,114.73635,324.2,2,Long-period giants,,0.0,,too_hot,False,False,False,False,False
3843,Kepler-87 c,Kepler-87,Transit,191.2318,6.4,3,Intermediate-mass moderate-period,,0.0,,too_hot,False,False,False,False,False
3854,Kepler-88 d,KOI-142,Radial Velocity,1403.0,965.147,2,Long-period giants,,0.0,,too_cold,False,False,False,False,False
3876,Kepler-9 b,Kepler-9,Transit,19.23891,43.4,3,Intermediate-mass moderate-period,,0.0,,too_hot,False,False,False,False,False
3877,Kepler-9 c,Kepler-9,Transit,38.9853,29.9,3,Intermediate-mass moderate-period,,0.0,,too_hot,False,False,False,False,False
3891,Kepler-91 b,Kepler-91,Transit,6.24658,257.4423,1,Hot/warm giants,,0.0,,too_hot,True,False,False,False,False
3902,Kepler-92 b,Kepler-92,Transit,13.749,64.3,3,Intermediate-mass moderate-period,,,,,False,False,False,False,False
3903,Kepler-92 c,Kepler-92,Transit,26.723,6.1,0,Low-mass short-period,,,,,False,False,False,False,False
3916,Kepler-93 b,Kepler-93,Transit,4.72674,4.54426,0,Low-mass short-period,,0.0,,too_hot,False,False,False,False,False
3917,Kepler-93 c,Kepler-93,Radial Velocity,1460.0,954.0,2,Long-period giants,,0.0,,too_cold,False,False,False,False,False
3929,Kepler-94 b,Kepler-94,Transit,2.50806,10.84,0,Low-mass short-period,,0.0,,too_hot,False,False,False,False,False
3930,Kepler-94 c,Kepler-94,Radial Velocity,820.3,3126.0,2,Long-period giants,,0.0,,too_cold,False,False,False,False,False
3941,Kepler-95 b,Kepler-95,Transit,11.5231,13.0,0,Low-mass short-period,,0.0,,too_hot,False,False,False,False,False
3953,Kepler-96 b,Kepler-96,Transit,16.2385,8.46,0,Low-mass short-period,,0.0,,too_hot,False,False,False,False,False
3967,Kepler-97 b,Kepler-97,Transit,2.58664,3.51,0,Low-mass short-period,,0.0,,too_hot,False,False,False,False,False
3968,Kepler-97 c,Kepler-97,Radial Velocity,789.0,344.0,2,Long-period giants,,1.0,,habitable_zone,False,False,False,False,False
3979,Kepler-98 b,Kepler-98,Transit,1.54168,3.55,0,Low-mass short-period,,0.0,,too_hot,False,False,False,False,False
3990,Kepler-99 b,Kepler-99,Transit,4.60358,6.15,0,Low-mass short-period,,0.0,,too_hot,False,False,False,False,False
4002,L 168-9 b,L 168-9,Transit,1.4015,4.6,0,Low-mass short-period,,0.0,,too_hot,False,False,False,False,False
4003,L 98-59 b,L 98-59,Transit,2.2531136,0.4,0,Low-mass short-period,0.0,0.0,too_hot,too_hot,False,False,False,False,False
4004,L 98-59 c,L 98-59,Transit,3.6906777,2.22,0,Low-mass short-period,0.0,0.0,too_hot,too_hot,False,False,False,False,False
4005,L 98-59 d,L 98-59,Transit,7.4507245,1.94,0,Low-mass short-period,0.0,0.0,too_hot,too_hot,False,False,False,False,False
4006,L 98-59 e,L 98-59,Radial Velocity,12.796,3.06,0,Low-mass short-period,,0.0,,too_hot,False,False,False,False,False
4007,LHS 1140 b,LHS 1140,Transit,24.73694,6.38,0,Low-mass short-period,,,,,False,False,False,False,False
4008,LHS 1140 c,LHS 1140,Transit,3.77792,1.76,0,Low-mass short-period,,,,,False,False,False,False,False
4009,LHS 1478 b,LHS 1478,Transit,1.9495378,2.33,0,Low-mass short-period,,0.0,,too_hot,False,False,False,False,False
4010,LHS 1678 b,LHS 1678,Transit,0.8602322,0.35,0,Low-mass short-period,0.0,0.0,too_hot,too_hot,False,False,True,False,False
4011,LHS 1678 c,LHS 1678,Transit,3.694247,1.4,0,Low-mass short-period,0.0,0.0,too_hot,too_hot,False,False,False,False,False
4012,LHS 1815 b,LHS 1815,Transit,3.81433,8.7,0,Low-mass short-period,,0.0,,too_hot,False,False,False,False,False
4014,LP 714-47 b,LP 714-47,Transit,4.052037,30.8,0,Low-mass short-period,,0.0,,too_hot,False,False,False,False,False
4017,LSPM J2116+0234 b,LSPM J2116+0234,Radial Velocity,14.4399,13.3,0,Low-mass short-period,,0.0,,too_hot,False,False,False,False,False
4018,LTT 1445 A b,LTT 1445 A,Transit,5.35882,2.2,0,Low-mass short-period,,0.0,,too_hot,False,False,False,False,False
4019,LTT 3780 b,LTT 3780,Transit,0.768448,2.62,0,Low-mass short-period,0.0,0.0,too_hot,too_hot,False,False,True,False,False
4020,LTT 3780 c,LTT 3780,Transit,12.2519,8.6,0,Low-mass short-period,0.0,0.0,too_hot,too_hot,False,False,False,False,False
4021,LTT 9779 b,LTT 9779,Transit,0.792052,29.32,0,Low-mass short-period,,0.0,,too_hot,False,False,True,False,False
4024,Lupus-TR-3 b,Lupus-TR-3,Transit,3.91405,257.431,1,Hot/warm giants,,0.0,,too_hot,False,False,False,False,False
4025,MASCARA-1 b,MASCARA-1,Transit,2.14878,1175.971,1,Hot/warm giants,,0.0,,too_hot,False,False,False,False,False
4026,MASCARA-4 b,MASCARA-4,Transit,2.82406,985.273,1,Hot/warm giants,,0.0,,too_hot,False,False,False,False,False
4031,MOA-2009-BLG-266L b,MOA-2009-BLG-266L,Microlensing,2774.0,10.4,3,Intermediate-mass moderate-period,,,,,False,False,False,False,False
4033,MOA-2009-BLG-387L b,MOA-2009-BLG-387L,Microlensing,1982.0,830.0,2,Long-period giants,,,,,False,False,False,False,False
4053,MXB 1658-298 b,MXB 1658-298,Other methods,760.0,7532.571,2,Long-period giants,,,,,False,False,False,True,False
4054,NGC 2682 Sand 364 b,NGC 2682 Sand 364,Radial Velocity,121.71,2126.2827,2,Long-period giants,,0.0,,too_hot,True,False,False,False,False
4055,NGC 2682 Sand 978 b,NGC 2682 Sand 978,Radial Velocity,511.21,692.8694,2,Long-period giants,,,,,True,False,False,False,False
4056,NGC 2682 YBP 1194 b,NGC 2682 YBP 1194,Radial Velocity,6.959,101.7056,1,Hot/warm giants,,,,,False,False,False,False,False
4057,NGC 2682 YBP 1514 b,NGC 2682 YBP 1514,Radial Velocity,5.118,127.132,1,Hot/warm giants,,,,,False,False,False,False,False
4058,NGC 2682 YBP 401 b,NGC 2682 YBP 401,Radial Velocity,4.087,146.2018,1,Hot/warm giants,,,,,False,False,False,False,False
4059,NGTS-1 b,NGTS-1,Transit,2.647298,258.07796,1,Hot/warm giants,0.0,0.0,too_hot,too_hot,False,False,False,False,False
4060,NGTS-10 b,NGTS-10,Transit,0.7668944,687.14846,1,Hot/warm giants,,0.0,,too_hot,False,False,True,False,False
4061,NGTS-11 b,NGTS-11,Transit,35.45533,109.33352,3,Intermediate-mass moderate-period,,0.0,,too_hot,False,False,False,False,False
4062,NGTS-12 b,NGTS-12,Transit,7.532806,66.10864,1,Hot/warm giants,0.0,0.0,too_hot,too_hot,False,False,False,False,False
4063,NGTS-13 b,NGTS-13,Transit,4.119027,1538.2972,1,Hot/warm giants,0.0,0.0,too_hot,too_hot,False,False,False,False,False
4064,NGTS-14 A b,NGTS-14 A,Transit,3.5357173,29.24036,0,Low-mass short-period,,0.0,,too_hot,False,False,False,False,False
4065,NGTS-15 b,NGTS-15,Transit,3.27623,238.68913,1,Hot/warm giants,0.0,0.0,too_hot,too_hot,False,False,False,False,False
4066,NGTS-16 b,NGTS-16,Transit,4.84532,211.99155,1,Hot/warm giants,0.0,0.0,too_hot,too_hot,False,False,False,False,False
4067,NGTS-17 b,NGTS-17,Transit,3.24253,242.8209,1,Hot/warm giants,0.0,0.0,too_hot,too_hot,False,False,False,False,False
4068,NGTS-18 b,NGTS-18,Transit,3.05125,129.99182,1,Hot/warm giants,0.0,0.0,too_hot,too_hot,False,False,False,False,False
4069,NGTS-2 b,NGTS-2,Transit,4.511164,235.1942,1,Hot/warm giants,,0.0,,too_hot,False,False,False,False,False
4070,NGTS-3 A b,NGTS-3 A,Transit,1.6753728,756.4354,1,Hot/warm giants,,0.0,,too_hot,False,False,False,False,False
4071,NGTS-4 b,NGTS-4,Transit,1.3373508,20.6,0,Low-mass short-period,,0.0,,too_hot,False,False,False,False,False
4072,NGTS-5 b,NGTS-5,Transit,3.3569866,72.78307,1,Hot/warm giants,,0.0,,too_hot,False,False,False,False,False
4073,NGTS-6 b,NGTS-6,Transit,0.882059,425.57437,1,Hot/warm giants,,0.0,,too_hot,False,False,True,False,False
4074,NGTS-8 b,NGTS-8,Transit,2.4997,295.5819,1,Hot/warm giants,0.0,0.0,too_hot,too_hot,False,False,False,False,False
4075,NGTS-9 b,NGTS-9,Transit,4.43527,921.707,1,Hot/warm giants,0.0,0.0,too_hot,too_hot,False,False,False,False,False
4076,NN Ser c,NN Ser,Other methods,5573.55,2329.6,2,Long-period giants,,,,,False,False,False,False,False
4077,NN Ser d,NN Ser,Other methods,2883.5,731.0,2,Long-period giants,,,,,False,False,False,False,False
4078,NSVS 14256825 b,NSVS 14256825,Other methods,3225.0,4497.2945,2,Long-period giants,,0.0,,too_hot,False,True,False,True,False
4079,NY Vir b,NY Vir,Other methods,3160.0,845.4278,2,Long-period giants,,0.0,,too_hot,False,True,False,False,False
4080,NY Vir c,NY Vir,Other methods,8799.0,1760.7782,2,Long-period giants,,1.0,,habitable_zone,False,True,False,False,False
4084,OGLE-2005-BLG-390L b,OGLE-2005-BLG-390L,Microlensing,3285.0,5.5,3,Intermediate-mass moderate-period,,,,,False,False,False,False,False
4085,OGLE-2006-BLG-109L b,OGLE-2006-BLG-109L,Microlensing,1788.5,231.0,2,Long-period giants,,,,,False,False,False,False,False
4086,OGLE-2006-BLG-109L c,OGLE-2006-BLG-109L,Microlensing,4927.5,86.0,2,Long-period giants,,,,,False,False,False,False,False
4087,OGLE-2007-BLG-349L AB c,OGLE-2007-BLG-349L A,Microlensing,2557.0,80.0,2,Long-period giants,,,,,False,False,False,False,False
4122,OGLE-2016-BLG-1190L b,OGLE-2016-BLG-1190L,Microlensing,1224.0,4253.0,2,Long-period giants,,,,,False,False,False,True,False
4138,OGLE-2018-BLG-0740L b,OGLE-2018-BLG-0740L,Microlensing,5480.0,1500.0,2,Long-period giants,,,,,False,False,False,False,False
4148,OGLE-TR-10 b,OGLE-TR-10,Transit,3.101278,197.046,1,Hot/warm giants,,0.0,,too_hot,False,False,False,False,False
4150,OGLE-TR-113 b,OGLE-TR-113,Transit,1.4324752,400.449,1,Hot/warm giants,,0.0,,too_hot,False,False,False,False,False
4151,OGLE-TR-132 b,OGLE-TR-132,Transit,1.689868,375.02,1,Hot/warm giants,,0.0,,too_hot,False,False,False,False,False
4152,OGLE-TR-182 b,OGLE-TR-182,Transit,3.9791,320.995,1,Hot/warm giants,,0.0,,too_hot,False,False,False,False,False
4153,OGLE-TR-211 b,OGLE-TR-211,Transit,3.67724,327.351,1,Hot/warm giants,,0.0,,too_hot,False,False,False,False,False
4154,OGLE-TR-56 b,OGLE-TR-56,Transit,1.2119189,441.77,1,Hot/warm giants,,,,,False,False,False,False,False
4155,OGLE2-TR-L9 b,OGLE2-TR-L9,Transit,2.4855335,1430.175,1,Hot/warm giants,,0.0,,too_hot,False,False,False,False,False
4156,Oph 11 b,Oph 11,Imaging,7300000.0,4449.62,2,Long-period giants,,,,,False,False,False,True,True
4159,PH1 b,PH1,Transit,138.317,169.0,3,Intermediate-mass moderate-period,,0.0,,too_hot,False,False,False,False,False
4161,POTS-1 b,POTS-1,Transit,3.1606296,734.16,1,Hot/warm giants,,0.0,,too_hot,False,False,False,False,False
4162,PSR B0329+54 b,PSR B0329+54,Other methods,10140.0,1.97,3,Intermediate-mass moderate-period,,,,,False,True,False,False,False
4163,PSR B1257+12 b,PSR B1257+12,Other methods,25.262,0.02,0,Low-mass short-period,,,,,False,True,False,False,False
4164,PSR B1257+12 c,PSR B1257+12,Other methods,66.5419,4.3,3,Intermediate-mass moderate-period,,,,,False,True,False,False,False
4165,PSR B1257+12 d,PSR B1257+12,Other methods,98.2114,3.9,3,Intermediate-mass moderate-period,,,,,False,True,False,False,False
4167,PSR J1719-1438 b,PSR J1719-1438,Other methods,0.09070629,382.8,1,Hot/warm giants,,,,,False,True,True,False,False
4168,PSR J2322-2650 b,PSR J2322-2650,Other methods,0.322964,252.64307,1,Hot/warm giants,,,,,False,True,True,False,False
4169,Pr0201 b,Pr0201,Radial Velocity,4.4264,171.6282,1,Hot/warm giants,,0.0,,too_hot,False,False,False,False,False
4170,Pr0211 b,Pr0211,Radial Velocity,2.1461,597.5204,1,Hot/warm giants,,0.0,,too_hot,False,False,False,False,False
4171,Pr0211 c,Pr0211,Radial Velocity,4850.0,2475.8957,2,Long-period giants,,0.0,,too_cold,False,False,False,False,False
4172,Proxima Cen b,Proxima Cen,Radial Velocity,11.186,1.27,0,Low-mass short-period,1.0,1.0,habitable_zone,habitable_zone,False,False,False,False,False
4173,Qatar-1 b,Qatar-1,Transit,1.4200242,411.27202,1,Hot/warm giants,,0.0,,too_hot,False,False,False,False,False
4174,Qatar-10 b,Qatar-10,Transit,1.645321,233.92288,1,Hot/warm giants,,0.0,,too_hot,False,False,False,False,False
4175,Qatar-2 b,Qatar-2,Transit,1.33711647,792.635,1,Hot/warm giants,,0.0,,too_hot,False,False,False,False,False
4176,Qatar-3 b,Qatar-3,Transit,2.5079204,1369.8473,1,Hot/warm giants,0.0,0.0,too_hot,too_hot,False,False,False,False,False
4177,Qatar-4 b,Qatar-4,Transit,1.8053564,1938.763,1,Hot/warm giants,0.0,0.0,too_hot,too_hot,False,False,False,False,False
4178,Qatar-5 b,Qatar-5,Transit,2.8792319,1373.0256,1,Hot/warm giants,0.0,0.0,too_hot,too_hot,False,False,False,False,False
4179,Qatar-6 b,Qatar-6,Transit,3.506195,212.31044,1,Hot/warm giants,,0.0,,too_hot,False,False,False,False,False
4180,Qatar-7 b,Qatar-7,Transit,2.032046,597.5204,1,Hot/warm giants,,0.0,,too_hot,False,False,False,False,False
4181,Qatar-8 b,Qatar-8,Transit,3.71495,117.91493,1,Hot/warm giants,,0.0,,too_hot,False,False,False,False,False
4182,Qatar-9 b,Qatar-9,Transit,1.540731,378.2177,1,Hot/warm giants,,0.0,,too_hot,False,False,False,False,False
4185,RR Cae b,RR Cae,Other methods,4343.5,1334.886,2,Long-period giants,,,,,False,False,False,False,False
4186,Ross 128 b,Ross 128,Radial Velocity,9.8658,1.4,0,Low-mass short-period,1.0,1.0,habitable_zone,habitable_zone,False,False,False,False,False
4189,SWEEPS-11 b,SWEEPS-11,Transit,1.796,3082.82,1,Hot/warm giants,,,,,False,False,False,False,False
4190,SWEEPS-4 b,SWEEPS-4,Transit,4.2,1207.7,1,Hot/warm giants,,,,,False,False,False,False,False
4191,TAP 26 b,TAP 26,Radial Velocity,10.79,527.5978,1,Hot/warm giants,,0.0,,too_hot,False,False,False,False,False
4193,TIC 172900988 b,TIC 172900988 Aa,Transit,200.452,942.0,2,Long-period giants,,0.0,,too_hot,False,False,False,False,False
4194,TIC 237913194 b,TIC 237913194,Transit,15.168865,617.22586,1,Hot/warm giants,,0.0,,too_hot,False,False,False,False,False
4195,TIC 257060897 b,TIC 257060897,Transit,3.660028,212.94503,1,Hot/warm giants,,,,,False,False,False,False,False
4196,TOI-1062 b,TOI-1062,Transit,4.11296,10.15,0,Low-mass short-period,0.0,0.0,too_hot,too_hot,False,False,False,False,False
4197,TOI-1062 c,TOI-1062,Transit,7.972,9.78,0,Low-mass short-period,0.0,0.0,too_hot,too_hot,False,False,False,False,False
4199,TOI-1130 c,TOI-1130,Transit,8.350381,309.56642,1,Hot/warm giants,,0.0,,too_hot,False,False,False,False,False
4200,TOI-1201 b,TOI-1201,Transit,2.4919863,6.28,0,Low-mass short-period,0.0,0.0,too_hot,too_hot,False,False,False,False,False
4202,TOI-1231 b,TOI-1231,Transit,24.245586,15.4,3,Intermediate-mass moderate-period,0.0,0.0,too_hot,too_hot,False,False,False,False,False
4203,TOI-1235 b,TOI-1235,Transit,3.444717,5.9,0,Low-mass short-period,0.0,0.0,too_hot,too_hot,False,False,False,False,False
4204,TOI-125 b,TOI-125,Transit,4.65382,9.5,0,Low-mass short-period,0.0,0.0,too_hot,too_hot,False,False,False,False,False
4205,TOI-125 c,TOI-125,Transit,9.15059,6.63,0,Low-mass short-period,0.0,0.0,too_hot,too_hot,False,False,False,False,False
4206,TOI-125 d,TOI-125,Transit,19.98,13.6,0,Low-mass short-period,0.0,0.0,too_hot,too_hot,False,False,False,False,False
4207,TOI-1259 A b,TOI-1259 A,Transit,3.477978,140.16233,1,Hot/warm giants,,0.0,,too_hot,False,False,False,False,False
4208,TOI-1260 b,TOI-1260,Transit,3.12748,8.6,0,Low-mass short-period,0.0,0.0,too_hot,too_hot,False,False,False,False,False
4209,TOI-1260 c,TOI-1260,Transit,7.49325,11.8,0,Low-mass short-period,0.0,0.0,too_hot,too_hot,False,False,False,False,False
4210,TOI-1266 b,TOI-1266,Transit,10.894843,13.5,0,Low-mass short-period,0.0,0.0,too_hot,too_hot,False,False,False,False,False
4211,TOI-1266 c,TOI-1266,Transit,18.80151,2.2,0,Low-mass short-period,0.0,0.0,too_hot,too_hot,False,False,False,False,False
4212,TOI-1278 b,TOI-1278,Transit,14.47567,5879.82553,1,Hot/warm giants,,0.0,,too_hot,False,False,False,True,False
4213,TOI-1296 b,TOI-1296,Transit,3.9443715,94.71287,1,Hot/warm giants,,0.0,,too_hot,False,False,False,False,False
4214,TOI-1298 b,TOI-1298,Transit,4.537164,113.14691,1,Hot/warm giants,,0.0,,too_hot,False,False,False,False,False
4215,TOI-132 b,TOI-132,Transit,2.1097019,22.4,0,Low-mass short-period,0.0,0.0,too_hot,too_hot,False,False,False,False,False
4216,TOI-1333 b,TOI-1333,Transit,4.720219,753.2571,1,Hot/warm giants,,0.0,,too_hot,False,False,False,False,False
4217,TOI-1338 b,TOI-1338,Transit,95.174,33.0,3,Intermediate-mass moderate-period,,0.0,,too_hot,False,False,False,False,False
4218,TOI-1431 b,TOI-1431,Transit,2.650237,991.62463,1,Hot/warm giants,0.0,0.0,too_hot,too_hot,False,False,False,False,False
4219,TOI-1444 b,TOI-1444,Transit,0.4702694,3.87,0,Low-mass short-period,,0.0,,too_hot,False,False,True,False,False
4220,TOI-1444 c,TOI-1444,Radial Velocity,16.066,11.8,0,Low-mass short-period,,0.0,,too_hot,False,False,False,False,False
4221,TOI-1478 b,TOI-1478,Transit,10.180249,270.47333,1,Hot/warm giants,,0.0,,too_hot,False,False,False,False,False
4222,TOI-150.01,TOI-150,Transit,5.857487,797.7533,1,Hot/warm giants,,0.0,,too_hot,False,False,False,False,False
4223,TOI-1518 b,TOI-1518,Transit,1.902603,731.00534,1,Hot/warm giants,,0.0,,too_hot,False,False,False,False,False
4224,TOI-157 b,TOI-157,Transit,2.0845435,375.0394,1,Hot/warm giants,0.0,0.0,too_hot,too_hot,False,False,False,False,False
4225,TOI-1601 b,TOI-1601,Transit,5.331751,314.6517,1,Hot/warm giants,,0.0,,too_hot,False,False,False,False,False
4226,TOI-163 b,TOI-163,Transit,4.231306,387.7526,1,Hot/warm giants,,0.0,,too_hot,False,False,False,False,False
4227,TOI-1634 b,TOI-1634,Transit,0.989343,4.91,0,Low-mass short-period,0.0,0.0,too_hot,too_hot,False,False,True,False,False
4228,TOI-1685 b,TOI-1685,Transit,0.6691403,3.78,0,Low-mass short-period,0.0,0.0,too_hot,too_hot,False,False,True,False,False
4229,TOI-169 b,TOI-169,Transit,2.2554477,251.40353,1,Hot/warm giants,0.0,0.0,too_hot,too_hot,False,False,False,False,False
4230,TOI-172 b,TOI-172,Transit,9.47725,1722.6386,1,Hot/warm giants,0.0,0.0,too_hot,too_hot,False,False,False,False,False
4231,TOI-1728 b,TOI-1728,Transit,3.49151,26.78,0,Low-mass short-period,0.0,0.0,too_hot,too_hot,False,False,False,False,False
4232,TOI-1749 b,TOI-1749,Transit,2.38839,57.0,1,Hot/warm giants,,0.0,,too_hot,False,False,False,False,False
4233,TOI-1749 c,TOI-1749,Transit,4.4929,14.0,0,Low-mass short-period,,0.0,,too_hot,False,False,False,False,False
4234,TOI-1749 d,TOI-1749,Transit,9.0497,15.0,0,Low-mass short-period,,0.0,,too_hot,False,False,False,False,False
4235,TOI-178 b,TOI-178,Transit,1.914558,1.5,0,Low-mass short-period,,0.0,,too_hot,False,False,False,False,False
4236,TOI-178 c,TOI-178,Transit,3.23845,4.77,0,Low-mass short-period,,0.0,,too_hot,False,False,False,False,False
4237,TOI-178 d,TOI-178,Transit,6.5577,3.01,0,Low-mass short-period,,0.0,,too_hot,False,False,False,False,False
4238,TOI-178 e,TOI-178,Transit,9.961881,3.86,0,Low-mass short-period,,0.0,,too_hot,False,False,False,False,False
4239,TOI-178 f,TOI-178,Transit,15.231915,7.72,0,Low-mass short-period,,0.0,,too_hot,False,False,False,False,False
4240,TOI-178 g,TOI-178,Transit,20.7095,3.94,0,Low-mass short-period,,0.0,,too_hot,False,False,False,False,False
4241,TOI-1789 b,TOI-1789,Transit,3.208664,222.47988,1,Hot/warm giants,0.0,0.0,too_hot,too_hot,False,False,False,False,False
4243,TOI-1899 b,TOI-1899,Transit,29.02,209.7678,1,Hot/warm giants,0.0,0.0,too_hot,too_hot,False,False,False,False,False
4244,TOI-201 b,TOI-201,Transit,52.97818,133.4886,3,Intermediate-mass moderate-period,,0.0,,too_hot,False,False,False,False,False
4248,TOI-216.01,TOI-216,Transit,34.556,200.0,1,Hot/warm giants,0.0,0.0,too_hot,too_hot,False,False,False,False,False
4249,TOI-216.02,TOI-216,Transit,17.089,30.0,3,Intermediate-mass moderate-period,0.0,0.0,too_hot,too_hot,False,False,False,False,False
4250,TOI-220 b,TOI-220,Transit,10.695264,13.8,0,Low-mass short-period,,0.0,,too_hot,False,False,False,False,False
4251,TOI-2202 b,TOI-2202,Transit,11.9101,310.83618,1,Hot/warm giants,,0.0,,too_hot,False,False,False,False,False
4252,TOI-2202 c,TOI-2202,Other methods,24.6744,117.27868,3,Intermediate-mass moderate-period,,0.0,,too_hot,False,False,False,False,False
4254,TOI-2285 b,TOI-2285,Transit,27.26955,19.5,3,Intermediate-mass moderate-period,1.0,1.0,habitable_zone,habitable_zone,False,False,False,False,False
4257,TOI-251 b,TOI-251,Transit,4.93777,317.83,1,Hot/warm giants,,0.0,,too_hot,False,False,False,False,False
4258,TOI-257 b,TOI-257,Transit,18.38818,43.86032,3,Intermediate-mass moderate-period,0.0,0.0,too_hot,too_hot,False,False,False,False,False
4259,TOI-269 b,TOI-269,Transit,3.6977104,8.8,0,Low-mass short-period,0.0,0.0,too_hot,too_hot,False,False,False,False,False
4260,TOI-270 b,TOI-270,Transit,3.3601538,1.58,0,Low-mass short-period,,0.0,,too_hot,False,False,False,False,False
4261,TOI-270 c,TOI-270,Transit,5.6605731,6.15,0,Low-mass short-period,,0.0,,too_hot,False,False,False,False,False
4262,TOI-270 d,TOI-270,Transit,11.379573,4.78,0,Low-mass short-period,,0.0,,too_hot,False,False,False,False,False
4263,TOI-3362 b,TOI-3362,Transit,18.09547,1598.35906,1,Hot/warm giants,,0.0,,too_hot,False,False,False,False,False
4264,TOI-421 b,TOI-421,Transit,5.19672,7.17,0,Low-mass short-period,0.0,0.0,too_hot,too_hot,False,False,False,False,False
4265,TOI-421 c,TOI-421,Transit,16.06819,16.42,0,Low-mass short-period,0.0,0.0,too_hot,too_hot,False,False,False,False,False
4266,TOI-431 b,TOI-431,Transit,0.490047,3.07,0,Low-mass short-period,,0.0,,too_hot,False,False,True,False,False
4267,TOI-431 c,TOI-431,Radial Velocity,4.8494,2.83,0,Low-mass short-period,,0.0,,too_hot,False,False,False,False,False
4268,TOI-431 d,TOI-431,Transit,12.46103,9.9,0,Low-mass short-period,,0.0,,too_hot,False,False,False,False,False
4272,TOI-481 b,TOI-481,Transit,10.33111,486.2799,1,Hot/warm giants,,0.0,,too_hot,False,False,False,False,False
4273,TOI-519 b,TOI-519,Transit,1.2652328,4449.62,1,Hot/warm giants,,0.0,,too_hot,False,False,False,True,False
4274,TOI-530 b,TOI-530,Transit,6.387597,127.13136,1,Hot/warm giants,,0.0,,too_hot,False,False,False,False,False
4275,TOI-532 b,TOI-532,Transit,2.3266508,61.5,1,Hot/warm giants,0.0,0.0,too_hot,too_hot,False,False,False,False,False
4277,TOI-558 b,TOI-558,Transit,14.574071,1147.36055,1,Hot/warm giants,,0.0,,too_hot,False,False,False,False,False
4278,TOI-559 b,TOI-559,Transit,6.9839095,1910.14873,1,Hot/warm giants,,0.0,,too_hot,False,False,False,False,False
4279,TOI-561 b,TOI-561,Transit,0.446578,1.59,0,Low-mass short-period,,0.0,,too_hot,False,False,True,False,False
4280,TOI-561 c,TOI-561,Transit,10.779,5.4,0,Low-mass short-period,,0.0,,too_hot,False,False,False,False,False
4281,TOI-561 d,TOI-561,Transit,25.62,11.95,3,Intermediate-mass moderate-period,,0.0,,too_hot,False,False,False,False,False
4282,TOI-561 e,TOI-561,Transit,77.23,16.0,3,Intermediate-mass moderate-period,,0.0,,too_hot,False,False,False,False,False
4283,TOI-561 f,TOI-561,Transit,16.287,3.0,0,Low-mass short-period,,0.0,,too_hot,False,False,False,False,False
4284,TOI-564 b,TOI-564,Transit,1.651144,464.98529,1,Hot/warm giants,0.0,0.0,too_hot,too_hot,False,False,False,False,False
4285,TOI-628 b,TOI-628,Transit,3.4095675,2011.8639,1,Hot/warm giants,,0.0,,too_hot,False,False,False,False,False
4286,TOI-640 b,TOI-640,Transit,5.0037775,279.6904,1,Hot/warm giants,,0.0,,too_hot,False,False,False,False,False
4287,TOI-674 b,TOI-674,Transit,1.977143,23.6,0,Low-mass short-period,0.0,0.0,too_hot,too_hot,False,False,False,False,False
4288,TOI-677 b,TOI-677,Transit,11.2366,392.83788,1,Hot/warm giants,,0.0,,too_hot,False,False,False,False,False
4292,TOI-763 b,TOI-763,Transit,5.6057,9.79,0,Low-mass short-period,,0.0,,too_hot,False,False,False,False,False
4293,TOI-763 c,TOI-763,Transit,12.2737,9.32,0,Low-mass short-period,,0.0,,too_hot,False,False,False,False,False
4294,TOI-776 b,TOI-776,Transit,8.24661,4.0,0,Low-mass short-period,0.0,0.0,too_hot,too_hot,False,False,False,False,False
4295,TOI-776 c,TOI-776,Transit,15.6653,5.3,0,Low-mass short-period,0.0,0.0,too_hot,too_hot,False,False,False,False,False
4297,TOI-824 b,TOI-824,Transit,1.392978,18.467,0,Low-mass short-period,0.0,0.0,too_hot,too_hot,False,False,False,False,False
4298,TOI-837 b,TOI-837,Transit,8.3248762,381.396,1,Hot/warm giants,,0.0,,too_hot,False,False,False,False,False
4299,TOI-849 b,TOI-849,Transit,0.76552414,39.09,1,Hot/warm giants,,0.0,,too_hot,False,False,True,False,False
4300,TOI-892 b,TOI-892,Transit,10.62656,301.9385,1,Hot/warm giants,,0.0,,too_hot,False,False,False,False,False
4301,TOI-905 b,TOI-905,Transit,3.739494,211.99261,1,Hot/warm giants,0.0,0.0,too_hot,too_hot,False,False,False,False,False
4302,TOI-942 b,TOI-942,Transit,4.32419,826.358,1,Hot/warm giants,,0.0,,too_hot,False,False,False,False,False
4303,TOI-942 c,TOI-942,Transit,10.15643,794.575,1,Hot/warm giants,,0.0,,too_hot,False,False,False,False,False
4304,TOI-954 b,TOI-954,Transit,3.6849729,55.30242,1,Hot/warm giants,0.0,0.0,too_hot,too_hot,False,False,False,False,False
4305,TRAPPIST-1 b,TRAPPIST-1,Transit,1.510826,1.374,0,Low-mass short-period,0.0,0.0,too_hot,too_hot,False,False,False,False,False
4306,TRAPPIST-1 c,TRAPPIST-1,Transit,2.421937,1.308,0,Low-mass short-period,0.0,0.0,too_hot,too_hot,False,False,False,False,False
4307,TRAPPIST-1 d,TRAPPIST-1,Transit,4.049219,0.388,0,Low-mass short-period,1.0,1.0,habitable_zone,habitable_zone,False,False,False,False,False
4308,TRAPPIST-1 e,TRAPPIST-1,Transit,6.101013,0.692,0,Low-mass short-period,1.0,1.0,habitable_zone,habitable_zone,False,False,False,False,False
4309,TRAPPIST-1 f,TRAPPIST-1,Transit,9.20754,1.039,0,Low-mass short-period,1.0,1.0,habitable_zone,habitable_zone,False,False,False,False,False
4310,TRAPPIST-1 g,TRAPPIST-1,Transit,12.352446,1.321,0,Low-mass short-period,0.0,0.0,too_cold,too_cold,False,False,False,False,False
4311,TRAPPIST-1 h,TRAPPIST-1,Transit,18.772866,0.326,0,Low-mass short-period,0.0,0.0,too_cold,too_cold,False,False,False,False,False
4312,TYC 0434-04538-1 b,TYC 0434-04538-1,Radial Velocity,193.2,1938.763,2,Long-period giants,,0.0,,too_hot,True,False,False,False,False
4313,TYC 1422-614-1 b,TYC 1422-614-1,Radial Velocity,198.4,794.5,2,Long-period giants,,0.0,,too_hot,True,False,False,False,False
4314,TYC 1422-614-1 c,TYC 1422-614-1,Radial Velocity,559.3,3178.0,2,Long-period giants,,0.0,,too_hot,True,False,False,False,False
4315,TYC 3318-01333-1 b,TYC 3318-01333-1,Radial Velocity,562.0,1086.9786,2,Long-period giants,,0.0,,too_hot,True,False,False,False,False
4316,TYC 3667-1280-1 b,TYC 3667-1280-1,Radial Velocity,26.468,1716.282,1,Hot/warm giants,,0.0,,too_hot,True,False,False,False,False
4317,TYC 4282-00605-1 b,TYC 4282-00605-1,Radial Velocity,101.54,3426.2074,2,Long-period giants,,0.0,,too_hot,True,False,False,False,False
4320,Teegarden's Star b,Teegarden's Star,Radial Velocity,4.91,1.05,0,Low-mass short-period,1.0,1.0,habitable_zone,habitable_zone,False,False,False,False,False
4321,Teegarden's Star c,Teegarden's Star,Radial Velocity,11.409,1.11,0,Low-mass short-period,1.0,1.0,habitable_zone,habitable_zone,False,False,False,False,False
4322,TrES-1 b,TrES-1,Transit,3.03007,266.9772,1,Hot/warm giants,,0.0,,too_hot,False,False,False,False,False
4323,TrES-2 b,TrES-2,Transit,2.47063,473.5667,1,Hot/warm giants,,0.0,,too_hot,False,False,False,False,False
4324,TrES-3 b,TrES-3,Transit,1.30618581,607.03,1,Hot/warm giants,,0.0,,too_hot,False,False,False,False,False
4325,TrES-4 b,TrES-4,Transit,3.55395,247.9074,1,Hot/warm giants,,0.0,,too_hot,False,False,False,False,False
4326,TrES-5 b,TrES-5,Transit,1.48224686,568.9157,1,Hot/warm giants,,0.0,,too_hot,False,False,False,False,False
4331,UZ For b,UZ For,Other methods,5840.0,2002.2,2,Long-period giants,,,,,False,False,False,False,False
4332,UZ For c,UZ For,Other methods,1916.25,2447.2,2,Long-period giants,,,,,False,False,False,False,False
4333,V0391 Peg b,V0391 Peg,Other methods,1170.0,1017.056,2,Long-period giants,,0.0,,too_hot,False,True,False,False,False
4338,V830 Tau b,V830 Tau,Radial Velocity,4.927,222.481,1,Hot/warm giants,,0.0,,too_hot,False,False,False,False,False
4340,WASP-1 b,WASP-1,Transit,2.5199454,271.415,1,Hot/warm giants,,,,,False,False,False,False,False
4341,WASP-10 b,WASP-10,Transit,3.0927616,1001.12,1,Hot/warm giants,,0.0,,too_hot,False,False,False,False,False
4342,WASP-100 b,WASP-100,Transit,2.84938,400.4658,1,Hot/warm giants,,0.0,,too_hot,False,False,False,False,False
4343,WASP-101 b,WASP-101,Transit,3.58572,162.0933,1,Hot/warm giants,,0.0,,too_hot,False,False,False,False,False
4344,WASP-103 b,WASP-103,Transit,0.925542,473.547,1,Hot/warm giants,,0.0,,too_hot,False,False,True,False,False
4345,WASP-104 b,WASP-104,Transit,1.7554137,404.263,1,Hot/warm giants,,0.0,,too_hot,False,False,False,False,False
4346,WASP-105 b,WASP-105,Transit,7.87288,572.094,1,Hot/warm giants,,0.0,,too_hot,False,False,False,False,False
4347,WASP-106 b,WASP-106,Transit,9.28971,514.8846,1,Hot/warm giants,,0.0,,too_hot,False,False,False,False,False
4348,WASP-107 b,WASP-107,Transit,5.7214742,30.5,0,Low-mass short-period,,0.0,,too_hot,False,False,False,False,False
4349,WASP-107 c,WASP-107,Radial Velocity,1088.0,115.0,2,Long-period giants,,0.0,,too_cold,False,False,False,False,False
4350,WASP-11 b,WASP-11,Transit,3.72247,251.0857,1,Hot/warm giants,,0.0,,too_hot,False,False,False,False,False
4351,WASP-110 b,WASP-110,Transit,3.77840121,162.09249,1,Hot/warm giants,,,,,False,False,False,False,False
4352,WASP-113 b,WASP-113,Transit,4.54216875,150.96925,1,Hot/warm giants,,0.0,,too_hot,False,False,False,False,False
4353,WASP-114 b,WASP-114,Transit,1.5487743,562.24127,1,Hot/warm giants,,0.0,,too_hot,False,False,False,False,False
4354,WASP-117 b,WASP-117,Transit,10.02165,95.349,1,Hot/warm giants,,0.0,,too_hot,False,False,False,False,False
4355,WASP-118 b,WASP-118,Transit,4.0460435,163.36462,1,Hot/warm giants,,0.0,,too_hot,False,False,False,False,False
4356,WASP-119 b,WASP-119,Transit,2.49979,390.9309,1,Hot/warm giants,,0.0,,too_hot,False,False,False,False,False
4357,WASP-12 b,WASP-12,Transit,1.09142,465.62095,1,Hot/warm giants,,0.0,,too_hot,False,False,False,False,False
4358,WASP-120 b,WASP-120,Transit,3.6112706,1541.4755,1,Hot/warm giants,,0.0,,too_hot,False,False,False,False,False
4359,WASP-121 b,WASP-121,Transit,1.2749255,375.99289,1,Hot/warm giants,,0.0,,too_hot,False,False,False,False,False
4360,WASP-123 b,WASP-123,Transit,2.9776412,285.72917,1,Hot/warm giants,,0.0,,too_hot,False,False,False,False,False
4361,WASP-124 b,WASP-124,Transit,3.37265,190.698,1,Hot/warm giants,,0.0,,too_hot,False,False,False,False,False
4362,WASP-126 b,WASP-126,Transit,3.28883,90.3,1,Hot/warm giants,,0.0,,too_hot,False,False,False,False,False
4363,WASP-126 c,WASP-126,Other methods,7.63,64.2,1,Hot/warm giants,,0.0,,too_hot,False,False,False,False,False
4364,WASP-127 b,WASP-127,Transit,4.17806203,52.3466,1,Hot/warm giants,,,,,False,False,False,False,False
4365,WASP-129 b,WASP-129,Transit,5.748145,317.83,1,Hot/warm giants,,0.0,,too_hot,False,False,False,False,False
4366,WASP-13 b,WASP-13,Transit,4.35301,114.4188,1,Hot/warm giants,,0.0,,too_hot,False,False,False,False,False
4367,WASP-130 b,WASP-130,Transit,11.55098,390.9309,1,Hot/warm giants,,0.0,,too_hot,False,False,False,False,False
4368,WASP-131 b,WASP-131,Transit,5.322023,85.8141,1,Hot/warm giants,,0.0,,too_hot,False,False,False,False,False
4369,WASP-132 b,WASP-132,Transit,7.133521,130.3103,1,Hot/warm giants,,0.0,,too_hot,False,False,False,False,False
4370,WASP-133 b,WASP-133,Transit,2.176423,368.6828,1,Hot/warm giants,,0.0,,too_hot,False,False,False,False,False
4371,WASP-135 b,WASP-135,Transit,1.4013794,603.877,1,Hot/warm giants,,0.0,,too_hot,False,False,False,False,False
4372,WASP-136 b,WASP-136,Transit,5.215357,479.9233,1,Hot/warm giants,,0.0,,too_hot,False,False,False,False,False
4373,WASP-138 b,WASP-138,Transit,3.634433,387.7526,1,Hot/warm giants,,0.0,,too_hot,False,False,False,False,False
4374,WASP-139 b,WASP-139,Transit,5.924262,37.18611,0,Low-mass short-period,,0.0,,too_hot,False,False,False,False,False
4375,WASP-14 b,WASP-14,Transit,2.24375,2809.6172,1,Hot/warm giants,,0.0,,too_hot,False,False,False,False,False
4376,WASP-140 b,WASP-140,Transit,2.2359835,775.5052,1,Hot/warm giants,,0.0,,too_hot,False,False,False,False,False
4377,WASP-141 b,WASP-141,Transit,3.310651,854.9627,1,Hot/warm giants,,0.0,,too_hot,False,False,False,False,False
4378,WASP-142 b,WASP-142,Transit,2.052868,266.9772,1,Hot/warm giants,,0.0,,too_hot,False,False,False,False,False
4379,WASP-144 b,WASP-144,Transit,2.2783152,139.8452,1,Hot/warm giants,,0.0,,too_hot,False,False,False,False,False
4380,WASP-145 A b,WASP-145 A,Transit,1.7690381,282.8687,1,Hot/warm giants,,0.0,,too_hot,False,False,False,False,False
4381,WASP-147 b,WASP-147,Transit,4.60273,87.40325,1,Hot/warm giants,,0.0,,too_hot,False,False,False,False,False
4382,WASP-148 b,WASP-148,Transit,8.80381,92.48853,1,Hot/warm giants,,0.0,,too_hot,False,False,False,False,False
4383,WASP-148 c,WASP-148,Radial Velocity,34.516,127.132,3,Intermediate-mass moderate-period,,0.0,,too_hot,False,False,False,False,False
4384,WASP-15 b,WASP-15,Transit,3.7521,171.6282,1,Hot/warm giants,,0.0,,too_hot,False,False,False,False,False
4385,WASP-150 b,WASP-150,Transit,5.644207,2688.8418,1,Hot/warm giants,,0.0,,too_hot,False,False,False,False,False
4386,WASP-151 b,WASP-151,Transit,4.533471,98.5273,1,Hot/warm giants,0.0,0.0,too_hot,too_hot,False,False,False,False,False
4387,WASP-153 b,WASP-153,Transit,3.332609,123.9537,1,Hot/warm giants,0.0,0.0,too_hot,too_hot,False,False,False,False,False
4388,WASP-156 b,WASP-156,Transit,3.836169,40.68224,0,Low-mass short-period,0.0,0.0,too_hot,too_hot,False,False,False,False,False
4390,WASP-158 b,WASP-158,Transit,3.656333,886.7457,1,Hot/warm giants,,0.0,,too_hot,False,False,False,False,False
4391,WASP-159 b,WASP-159,Transit,3.840401,174.8065,1,Hot/warm giants,,0.0,,too_hot,False,False,False,False,False
4392,WASP-16 b,WASP-16,Transit,3.1186,394.1092,1,Hot/warm giants,,0.0,,too_hot,False,False,False,False,False
4393,WASP-160 B b,WASP-160 B,Transit,3.7684952,88.35674,1,Hot/warm giants,,0.0,,too_hot,False,False,False,False,False
4394,WASP-161 b,WASP-161,Transit,5.4060425,791.3967,1,Hot/warm giants,0.0,0.0,too_hot,too_hot,False,False,False,False,False
4395,WASP-162 b,WASP-162,Transit,9.62468,1652.716,1,Hot/warm giants,,0.0,,too_hot,False,False,False,False,False
4396,WASP-163 b,WASP-163,Transit,1.6096884,594.3421,1,Hot/warm giants,0.0,0.0,too_hot,too_hot,False,False,False,False,False
4397,WASP-164 b,WASP-164,Transit,1.7771255,676.9779,1,Hot/warm giants,,0.0,,too_hot,False,False,False,False,False
4398,WASP-165 b,WASP-165,Transit,3.465509,209.13214,1,Hot/warm giants,,0.0,,too_hot,False,False,False,False,False
4399,WASP-166 b,WASP-166,Transit,5.44354,32.10083,0,Low-mass short-period,0.0,0.0,too_hot,too_hot,False,False,False,False,False
4400,WASP-167 b,WASP-167,Transit,2.0219596,2542.64,1,Hot/warm giants,,0.0,,too_hot,False,False,False,False,False
4401,WASP-168 b,WASP-168,Transit,4.153658,133.4886,1,Hot/warm giants,,0.0,,too_hot,False,False,False,False,False
4402,WASP-169 b,WASP-169,Transit,5.6114118,178.30263,1,Hot/warm giants,,0.0,,too_hot,False,False,False,False,False
4403,WASP-17 b,WASP-17,Transit,3.73543,247.9074,1,Hot/warm giants,,0.0,,too_hot,False,False,False,False,False
4404,WASP-170 b,WASP-170,Transit,2.34478022,508.528,1,Hot/warm giants,0.0,0.0,too_hot,too_hot,False,False,False,False,False
4405,WASP-171 b,WASP-171,Transit,3.8186244,344.52772,1,Hot/warm giants,,0.0,,too_hot,False,False,False,False,False
4406,WASP-172 b,WASP-172,Transit,5.477433,149.3801,1,Hot/warm giants,,0.0,,too_hot,False,False,False,False,False
4407,WASP-173 A b,WASP-173 A,Transit,1.38665318,1172.7927,1,Hot/warm giants,,0.0,,too_hot,False,False,False,False,False
4408,WASP-174 b,WASP-174,Transit,4.2337,413.179,1,Hot/warm giants,,0.0,,too_hot,False,False,False,False,False
4409,WASP-175 b,WASP-175,Transit,3.0652907,314.6517,1,Hot/warm giants,,0.0,,too_hot,False,False,False,False,False
4410,WASP-176 b,WASP-176,Transit,3.899052,271.74465,1,Hot/warm giants,,0.0,,too_hot,False,False,False,False,False
4411,WASP-177 b,WASP-177,Transit,3.071722,161.45764,1,Hot/warm giants,,0.0,,too_hot,False,False,False,False,False
4412,WASP-178 b,WASP-178,Transit,3.3448285,527.5978,1,Hot/warm giants,,0.0,,too_hot,False,False,False,False,False
4413,WASP-18 b,WASP-18,Transit,0.94124,3314.82,1,Hot/warm giants,,0.0,,too_hot,False,False,True,False,False
4414,WASP-18 c,WASP-18,Other methods,2.1558,55.2,1,Hot/warm giants,,0.0,,too_hot,False,False,False,False,False
4415,WASP-180 A b,WASP-180 A,Transit,3.409264,286.047,1,Hot/warm giants,,0.0,,too_hot,False,False,False,False,False
4416,WASP-181 b,WASP-181,Transit,4.5195064,95.03117,1,Hot/warm giants,,0.0,,too_hot,False,False,False,False,False
4417,WASP-182 b,WASP-182,Transit,3.3769848,47.03884,1,Hot/warm giants,,0.0,,too_hot,False,False,False,False,False
4418,WASP-183 b,WASP-183,Transit,4.1117771,159.55066,1,Hot/warm giants,,0.0,,too_hot,False,False,False,False,False
4419,WASP-184 b,WASP-184,Transit,5.1817,181.1631,1,Hot/warm giants,,0.0,,too_hot,False,False,False,False,False
4420,WASP-185 b,WASP-185,Transit,9.38755,311.4734,1,Hot/warm giants,,0.0,,too_hot,False,False,False,False,False
4421,WASP-186 b,WASP-186,Transit,5.026799,1341.2426,1,Hot/warm giants,,0.0,,too_hot,False,False,False,False,False
4422,WASP-187 b,WASP-187,Transit,5.147878,254.264,1,Hot/warm giants,,0.0,,too_hot,False,False,False,False,False
4423,WASP-19 b,WASP-19,Transit,0.78883899,339.76027,1,Hot/warm giants,,0.0,,too_hot,False,False,True,False,False
4424,WASP-190 b,WASP-190,Transit,5.367753,317.83,1,Hot/warm giants,,0.0,,too_hot,False,False,False,False,False
4425,WASP-192 b,WASP-192,Transit,2.8786765,731.009,1,Hot/warm giants,,0.0,,too_hot,False,False,False,False,False
4426,WASP-2 b,WASP-2,Transit,2.152175,295.89973,1,Hot/warm giants,0.0,0.0,too_hot,too_hot,False,False,False,False,False
4427,WASP-20 b,WASP-20,Transit,4.8996284,98.841,1,Hot/warm giants,,0.0,,too_hot,False,False,False,False,False
4428,WASP-21 b,WASP-21,Transit,4.322482,95.345,1,Hot/warm giants,,,,,False,False,False,False,False
4429,WASP-22 b,WASP-22,Transit,3.53269,212.9461,1,Hot/warm giants,,0.0,,too_hot,False,False,False,False,False
4430,WASP-23 b,WASP-23,Transit,2.9444256,280.95,1,Hot/warm giants,,0.0,,too_hot,False,False,False,False,False
4431,WASP-24 b,WASP-24,Transit,2.34121,394.1092,1,Hot/warm giants,,0.0,,too_hot,False,False,False,False,False
4432,WASP-25 b,WASP-25,Transit,3.76483,139.8452,1,Hot/warm giants,,0.0,,too_hot,False,False,False,False,False
4433,WASP-26 b,WASP-26,Transit,2.7566,270.1555,1,Hot/warm giants,,0.0,,too_hot,False,False,False,False,False
4434,WASP-28 b,WASP-28,Transit,3.40883,288.26,1,Hot/warm giants,,0.0,,too_hot,False,False,False,False,False
4435,WASP-29 b,WASP-29,Transit,3.92273,73.1009,1,Hot/warm giants,,0.0,,too_hot,False,False,False,False,False
4436,WASP-3 b,WASP-3,Transit,1.84683,772.3269,1,Hot/warm giants,,0.0,,too_hot,False,False,False,False,False
4437,WASP-31 b,WASP-31,Transit,3.4059096,151.916,1,Hot/warm giants,,0.0,,too_hot,False,False,False,False,False
4438,WASP-32 b,WASP-32,Transit,2.71866,835.8929,1,Hot/warm giants,,0.0,,too_hot,False,False,False,False,False
4439,WASP-33 b,WASP-33,Transit,1.21987,665.21819,1,Hot/warm giants,,0.0,,too_hot,False,False,False,False,False
4440,WASP-34 b,WASP-34,Transit,4.31768,177.9848,1,Hot/warm giants,,0.0,,too_hot,False,False,False,False,False
4441,WASP-35 b,WASP-35,Transit,3.16158,225.6593,1,Hot/warm giants,,0.0,,too_hot,False,False,False,False,False
4442,WASP-36 b,WASP-36,Transit,1.53736596,750.39663,1,Hot/warm giants,,0.0,,too_hot,False,False,False,False,False
4443,WASP-37 b,WASP-37,Transit,3.577469,572.07,1,Hot/warm giants,,0.0,,too_hot,False,False,False,False,False
4444,WASP-38 b,WASP-38,Transit,6.87188,1093.3352,1,Hot/warm giants,,0.0,,too_hot,False,False,False,False,False
4445,WASP-39 b,WASP-39,Transit,4.055259,88.989,1,Hot/warm giants,,0.0,,too_hot,False,False,False,False,False
4446,WASP-4 b,WASP-4,Transit,1.33823147,376.94638,1,Hot/warm giants,,0.0,,too_hot,False,False,False,False,False
4447,WASP-41 b,WASP-41,Transit,3.0524,270.1555,1,Hot/warm giants,,0.0,,too_hot,False,False,False,False,False
4448,WASP-41 c,WASP-41,Radial Velocity,421.0,1010.6994,2,Long-period giants,,1.0,,habitable_zone,False,False,False,False,False
4449,WASP-42 b,WASP-42,Transit,4.9816819,167.49641,1,Hot/warm giants,,0.0,,too_hot,False,False,False,False,False
4450,WASP-43 b,WASP-43,Transit,0.813475,565.714,1,Hot/warm giants,,0.0,,too_hot,False,False,True,False,False
4451,WASP-44 b,WASP-44,Transit,2.423804,276.5121,1,Hot/warm giants,0.0,0.0,too_hot,too_hot,False,False,False,False,False
4452,WASP-45 b,WASP-45,Transit,3.126089,306.38812,1,Hot/warm giants,0.0,0.0,too_hot,too_hot,False,False,False,False,False
4453,WASP-46 b,WASP-46,Transit,1.43036763,607.0553,1,Hot/warm giants,,0.0,,too_hot,False,False,False,False,False
4454,WASP-47 b,WASP-47,Transit,4.1591289,363.1,1,Hot/warm giants,,0.0,,too_hot,False,False,False,False,False
4455,WASP-47 c,WASP-47,Radial Velocity,588.5,398.2,2,Long-period giants,,1.0,,habitable_zone,False,False,False,False,False
4456,WASP-47 d,WASP-47,Transit,9.03077,13.1,0,Low-mass short-period,,0.0,,too_hot,False,False,False,False,False
4457,WASP-47 e,WASP-47,Transit,0.789592,6.83,0,Low-mass short-period,,0.0,,too_hot,False,False,True,False,False
4458,WASP-48 b,WASP-48,Transit,2.14363,254.264,1,Hot/warm giants,,0.0,,too_hot,False,False,False,False,False
4459,WASP-49 b,WASP-49,Transit,2.78174,117.5971,1,Hot/warm giants,,0.0,,too_hot,False,False,False,False,False
4460,WASP-5 b,WASP-5,Transit,1.6284279,502.15,1,Hot/warm giants,,0.0,,too_hot,False,False,False,False,False
4461,WASP-50 b,WASP-50,Transit,1.9551,466.8287,1,Hot/warm giants,,0.0,,too_hot,False,False,False,False,False
4462,WASP-52 b,WASP-52,Transit,1.7497798,146.2,1,Hot/warm giants,,0.0,,too_hot,False,False,False,False,False
4463,WASP-53 b,WASP-53,Transit,3.3098443,677.61356,1,Hot/warm giants,,0.0,,too_hot,False,False,False,False,False
4464,WASP-53 c,WASP-53,Radial Velocity,2840.0,5196.5205,2,Long-period giants,,0.0,,too_cold,False,False,False,True,False
4465,WASP-54 b,WASP-54,Transit,3.69364,187.5197,1,Hot/warm giants,,0.0,,too_hot,False,False,False,False,False
4466,WASP-55 b,WASP-55,Transit,4.46563,193.8763,1,Hot/warm giants,,0.0,,too_hot,False,False,False,False,False
4467,WASP-56 b,WASP-56,Transit,4.6171,143.0235,1,Hot/warm giants,,0.0,,too_hot,False,False,False,False,False
4468,WASP-57 b,WASP-57,Transit,2.83891856,204.68252,1,Hot/warm giants,,0.0,,too_hot,False,False,False,False,False
4469,WASP-58 b,WASP-58,Transit,5.01718,308.2951,1,Hot/warm giants,,0.0,,too_hot,False,False,False,False,False
4470,WASP-59 b,WASP-59,Transit,7.919585,274.276,1,Hot/warm giants,,0.0,,too_hot,False,False,False,False,False
4471,WASP-6 b,WASP-6,Transit,3.36101,117.5971,1,Hot/warm giants,,0.0,,too_hot,False,False,False,False,False
4472,WASP-60 b,WASP-60,Transit,4.305,174.8065,1,Hot/warm giants,,0.0,,too_hot,False,False,False,False,False
4473,WASP-61 b,WASP-61,Transit,3.8559,851.7844,1,Hot/warm giants,,0.0,,too_hot,False,False,False,False,False
4474,WASP-62 b,WASP-62,Transit,4.41195,165.2716,1,Hot/warm giants,,0.0,,too_hot,False,False,False,False,False
4475,WASP-63 b,WASP-63,Transit,4.37808,117.5971,1,Hot/warm giants,,0.0,,too_hot,False,False,False,False,False
4476,WASP-64 b,WASP-64,Transit,1.5732918,403.945,1,Hot/warm giants,,0.0,,too_hot,False,False,False,False,False
4477,WASP-65 b,WASP-65,Transit,2.3114243,492.62,1,Hot/warm giants,,0.0,,too_hot,False,False,False,False,False
4478,WASP-66 b,WASP-66,Transit,4.08605,746.9005,1,Hot/warm giants,,0.0,,too_hot,False,False,False,False,False
4479,WASP-67 b,WASP-67,Transit,4.61442,136.6669,1,Hot/warm giants,,0.0,,too_hot,False,False,False,False,False
4480,WASP-68 b,WASP-68,Transit,5.0843,343.2564,1,Hot/warm giants,,0.0,,too_hot,False,False,False,False,False
4481,WASP-69 b,WASP-69,Transit,3.86814,92.1707,1,Hot/warm giants,,0.0,,too_hot,False,False,False,False,False
4482,WASP-7 b,WASP-7,Transit,4.9546416,305.1168,1,Hot/warm giants,,0.0,,too_hot,False,False,False,False,False
4483,WASP-70 A b,WASP-70 A,Transit,3.7130203,187.512,1,Hot/warm giants,,0.0,,too_hot,False,False,False,False,False
4484,WASP-71 b,WASP-71,Transit,2.90367,441.7837,1,Hot/warm giants,,0.0,,too_hot,False,False,False,False,False
4485,WASP-72 b,WASP-72,Transit,2.21673,731.009,1,Hot/warm giants,,0.0,,too_hot,False,False,False,False,False
4486,WASP-73 b,WASP-73,Transit,4.08722,908.9938,1,Hot/warm giants,,0.0,,too_hot,False,False,False,False,False
4487,WASP-74 b,WASP-74,Transit,2.13775,228.8376,1,Hot/warm giants,,0.0,,too_hot,False,False,False,False,False
4488,WASP-75 b,WASP-75,Transit,2.484193,340.06,1,Hot/warm giants,,0.0,,too_hot,False,False,False,False,False
4489,WASP-76 b,WASP-76,Transit,1.809886,292.4036,1,Hot/warm giants,,0.0,,too_hot,False,False,False,False,False
4490,WASP-77 A b,WASP-77 A,Transit,1.36003,727.8307,1,Hot/warm giants,,0.0,,too_hot,False,False,False,False,False
4491,WASP-78 b,WASP-78,Transit,2.17518,352.7913,1,Hot/warm giants,,0.0,,too_hot,False,False,False,False,False
4492,WASP-79 b,WASP-79,Transit,3.66238,270.1555,1,Hot/warm giants,,0.0,,too_hot,False,False,False,False,False
4493,WASP-8 b,WASP-8,Transit,8.15872,807.2882,1,Hot/warm giants,,0.0,,too_hot,False,False,False,False,False
4494,WASP-8 c,WASP-8,Radial Velocity,4323.0,3003.37,2,Long-period giants,,,,,False,False,False,False,False
4495,WASP-80 b,WASP-80,Transit,3.06785234,170.99254,1,Hot/warm giants,,0.0,,too_hot,False,False,False,False,False
4496,WASP-81 b,WASP-81,Transit,2.7164762,231.69807,1,Hot/warm giants,,0.0,,too_hot,False,False,False,False,False
4497,WASP-82 b,WASP-82,Transit,2.70579,371.8611,1,Hot/warm giants,,0.0,,too_hot,False,False,False,False,False
4498,WASP-83 b,WASP-83,Transit,4.971252,95.349,1,Hot/warm giants,,0.0,,too_hot,False,False,False,False,False
4499,WASP-84 b,WASP-84,Transit,8.5234865,220.565,1,Hot/warm giants,,0.0,,too_hot,False,False,False,False,False
4500,WASP-85 A b,WASP-85 A,Transit,2.6556777,402.05495,1,Hot/warm giants,,0.0,,too_hot,False,False,False,False,False
4501,WASP-87 b,WASP-87,Transit,1.682795,692.8694,1,Hot/warm giants,,0.0,,too_hot,False,False,False,False,False
4502,WASP-88 b,WASP-88,Transit,4.954,133.4886,1,Hot/warm giants,,0.0,,too_hot,False,False,False,False,False
4503,WASP-89 b,WASP-89,Transit,3.3564227,1875.197,1,Hot/warm giants,,0.0,,too_hot,False,False,False,False,False
4504,WASP-90 b,WASP-90,Transit,3.916243,200.2329,1,Hot/warm giants,,0.0,,too_hot,False,False,False,False,False
4505,WASP-91 b,WASP-91,Transit,2.798581,425.8922,1,Hot/warm giants,,0.0,,too_hot,False,False,False,False,False
4506,WASP-92 b,WASP-92,Transit,2.1746742,255.85315,1,Hot/warm giants,,0.0,,too_hot,False,False,False,False,False
4507,WASP-93 b,WASP-93,Transit,2.7325321,467.2101,1,Hot/warm giants,,0.0,,too_hot,False,False,False,False,False
4508,WASP-94 A b,WASP-94 A,Transit,3.95019,158.915,1,Hot/warm giants,,0.0,,too_hot,False,False,False,False,False
4509,WASP-94 B b,WASP-94 B,Radial Velocity,2.00839,196.411,1,Hot/warm giants,,0.0,,too_hot,False,False,False,False,False
4510,WASP-95 b,WASP-95,Transit,2.18467,457.6752,1,Hot/warm giants,,0.0,,too_hot,False,False,False,False,False
4511,WASP-96 b,WASP-96,Transit,3.4252602,152.55,1,Hot/warm giants,,0.0,,too_hot,False,False,False,False,False
4512,WASP-97 b,WASP-97,Transit,2.07276,432.2488,1,Hot/warm giants,,0.0,,too_hot,False,False,False,False,False
4513,WASP-98 b,WASP-98,Transit,2.96264036,293.03926,1,Hot/warm giants,,0.0,,too_hot,False,False,False,False,False
4514,WASP-99 b,WASP-99,Transit,5.75251,772.3269,1,Hot/warm giants,,0.0,,too_hot,False,False,False,False,False
4516,WD 1856+534 b,WD 1856+534,Transit,1.4079405,4386.054,1,Hot/warm giants,0.0,0.0,too_cold,too_cold,False,True,False,True,False
4518,WTS-1 b,WTS-1,Transit,3.352057,1274.44,1,Hot/warm giants,,0.0,,too_hot,False,False,False,False,False
4519,WTS-2 b,WTS-2,Transit,1.0187068,355.9696,1,Hot/warm giants,,0.0,,too_hot,False,False,False,False,False
4520,Wendelstein-1 b,Wendelstein-1,Transit,2.663416,188.15536,1,Hot/warm giants,,0.0,,too_hot,False,False,False,False,False
4521,Wendelstein-2 b,Wendelstein-2,Transit,1.7522239,232.33373,1,Hot/warm giants,,0.0,,too_hot,False,False,False,False,False
4522,Wolf 1061 b,Wolf 1061,Radial Velocity,4.8869,1.91,0,Low-mass short-period,0.0,0.0,too_hot,too_hot,False,False,False,False,False
4523,Wolf 1061 c,Wolf 1061,Radial Velocity,17.8719,3.41,0,Low-mass short-period,1.0,1.0,habitable_zone,habitable_zone,False,False,False,False,False
4524,Wolf 1061 d,Wolf 1061,Radial Velocity,217.21,7.7,3,Intermediate-mass moderate-period,0.0,0.0,too_cold,too_cold,False,False,False,False,False
4526,XO-1 b,XO-1,Transit,3.94153,263.7989,1,Hot/warm giants,,0.0,,too_hot,False,False,False,False,False
4527,XO-2 N b,XO-2 N,Transit,2.61586178,179.89178,1,Hot/warm giants,,,,,False,False,False,False,False
4528,XO-2 S b,XO-2 S,Radial Velocity,18.157,82.6358,3,Intermediate-mass moderate-period,,0.0,,too_hot,False,False,False,False,False
4529,XO-2 S c,XO-2 S,Radial Velocity,120.8,435.409,2,Long-period giants,,0.0,,too_hot,False,False,False,False,False
4530,XO-3 b,XO-3,Transit,3.19154,2316.9807,1,Hot/warm giants,,0.0,,too_hot,False,False,False,False,False
4531,XO-4 b,XO-4,Transit,4.12508,451.3186,1,Hot/warm giants,,0.0,,too_hot,False,False,False,False,False
4532,XO-5 b,XO-5,Transit,4.1877558,378.2,1,Hot/warm giants,,0.0,,too_hot,False,False,False,False,False
4533,XO-6 b,XO-6,Transit,3.7650007,1398.452,1,Hot/warm giants,,0.0,,too_hot,False,False,False,False,False
4534,XO-7 b,XO-7,Transit,2.8641424,225.34147,1,Hot/warm giants,0.0,0.0,too_hot,too_hot,False,False,False,False,False
4536,YZ Cet b,YZ Cet,Radial Velocity,1.96876,0.75,0,Low-mass short-period,,0.0,,too_hot,False,False,False,False,False
4537,YZ Cet c,YZ Cet,Radial Velocity,3.06008,0.98,0,Low-mass short-period,,0.0,,too_hot,False,False,False,False,False
4538,YZ Cet d,YZ Cet,Radial Velocity,4.65627,1.14,0,Low-mass short-period,,0.0,,too_hot,False,False,False,False,False
4539,alf Ari b,alf Ari,Radial Velocity,380.8,572.07,2,Long-period giants,,0.0,,too_hot,True,False,False,False,False
4540,alf Tau b,alf Tau,Radial Velocity,628.96,2056.3601,2,Long-period giants,,0.0,,too_hot,True,False,False,False,False
4541,bet Cnc b,bet Cnc,Radial Velocity,605.2,2479.0,2,Long-period giants,,0.0,,too_hot,True,False,False,False,False
4543,bet Pic c,bet Pic,Radial Velocity,1200.0,2860.47,2,Long-period giants,,,,,False,False,False,False,False
4544,bet UMi b,bet UMi,Radial Velocity,522.3,1938.7,2,Long-period giants,,0.0,,too_hot,True,False,False,False,False
4545,eps CrB b,eps CrB,Radial Velocity,417.9,2129.461,2,Long-period giants,,0.0,,too_hot,True,False,False,False,False
4546,eps Eri b,eps Eri,Radial Velocity,2690.0,247.9074,2,Long-period giants,,,,,False,False,False,False,False
4547,eps Ind A b,eps Ind A,Radial Velocity,16510.0,1032.9475,2,Long-period giants,,,,,False,False,False,False,False
4548,eps Tau b,eps Tau,Radial Velocity,594.9,2415.406,2,Long-period giants,,0.0,,too_hot,True,False,False,False,False
4549,gam 1 Leo b,gam 1 Leo,Radial Velocity,428.5,2790.43,2,Long-period giants,,0.0,,too_hot,True,False,False,False,False
4550,gam Cep b,gam Cep,Radial Velocity,903.3,587.96,2,Long-period giants,,,,,True,False,False,False,False
4551,gam Lib b,gam Lib,Radial Velocity,415.2,324.1866,2,Long-period giants,,0.0,,too_hot,True,False,False,False,False
4552,gam Lib c,gam Lib,Radial Velocity,964.6,1455.6614,2,Long-period giants,,0.0,,too_hot,True,False,False,False,False
4553,iot Dra b,iot Dra,Radial Velocity,511.098,2803.1,2,Long-period giants,,,,,False,False,False,False,False
4555,kap CrB b,kap CrB,Radial Velocity,1285.0,575.59013,2,Long-period giants,,1.0,,habitable_zone,True,False,False,False,False
4556,mu Leo b,mu Leo,Radial Velocity,357.8,762.8,2,Long-period giants,,0.0,,too_hot,True,False,False,False,False
4557,nu Oph b,nu Oph,Radial Velocity,530.21,7057.73298,2,Long-period giants,,0.0,,too_hot,True,False,False,True,False
4558,nu Oph c,nu Oph,Radial Velocity,3184.83,7838.32346,2,Long-period giants,,0.0,,too_hot,True,False,False,True,False
4559,ome Ser b,ome Ser,Radial Velocity,277.02,540.3,2,Long-period giants,,0.0,,too_hot,True,False,False,False,False
4560,omi CrB b,omi CrB,Radial Velocity,187.83,476.745,2,Long-period giants,,0.0,,too_hot,True,False,False,False,False
4561,omi UMa b,omi UMa,Radial Velocity,1630.0,1303.103,2,Long-period giants,,0.0,,too_hot,True,False,False,False,False
4562,pi Men c,HD 39091,Transit,6.2679,4.82,0,Low-mass short-period,0.0,0.0,too_hot,too_hot,False,False,False,False,False
4563,psi 1 Dra B b,psi 1 Dra B,Radial Velocity,3117.0,486.2799,2,Long-period giants,,,,,False,False,False,False,False
4564,rho CrB b,rho CrB,Radial Velocity,39.8458,332.1,1,Hot/warm giants,0.0,0.0,too_hot,too_hot,False,False,False,False,False
4565,rho CrB c,rho CrB,Radial Velocity,102.54,25.0,3,Intermediate-mass moderate-period,0.0,0.0,too_hot,too_hot,False,False,False,False,False
4566,tau Boo b,tau Boo,Radial Velocity,3.3124568,1373.0256,1,Hot/warm giants,,0.0,,too_hot,False,False,False,False,False
4567,tau Cet e,tau Cet,Radial Velocity,162.87,3.93,3,Intermediate-mass moderate-period,,,,,False,False,False,False,False
4568,tau Cet f,tau Cet,Radial Velocity,636.13,3.93,3,Intermediate-mass moderate-period,,,,,False,False,False,False,False
4569,tau Cet g,tau Cet,Radial Velocity,20.0,1.75,0,Low-mass short-period,,,,,False,False,False,False,False
4570,tau Cet h,tau Cet,Radial Velocity,49.41,1.83,0,Low-mass short-period,,,,,False,False,False,False,False
4571,tau Gem b,tau Gem,Radial Velocity,305.5,6547.0,2,Long-period giants,,0.0,,too_hot,True,False,False,True,False
4572,ups And b,ups And,Radial Velocity,4.617033,218.531,1,Hot/warm giants,,,,,False,False,False,False,False
4573,ups And c,ups And,Radial Velocity,241.258,629.595,2,Long-period giants,,,,,False,False,False,False,False
4574,ups And d,ups And,Radial Velocity,1276.46,1313.22,2,Long-period giants,,,,,False,False,False,False,False
4575,xi Aql b,xi Aql,Radial Velocity,136.75,890.0,2,Long-period giants,,0.0,,too_hot,True,False,False,False,False
