row_id,model,mean_probability,hard_vote_rate,mean_threshold,repeats,hard_prediction,planet_name,planet_host,discovery_method_group,y,orbital_period_days,stellar_teff_k,stellar_radius_solar,stellar_mass_solar,flux_zone_reported
71,Additive logistic,0.025146775753334252,0.0,0.24359890096240563,15,0,CD Cet b,CD Cet,Radial Velocity,0,2.2907,3130.0,0.17,0.16,too_hot
71,Interaction logistic,0.03481476979353252,0.0,0.24477245877196732,15,0,CD Cet b,CD Cet,Radial Velocity,0,2.2907,3130.0,0.17,0.16,too_hot
71,Prevalence baseline,0.07632506689469441,0.0,0.5,15,0,CD Cet b,CD Cet,Radial Velocity,0,2.2907,3130.0,0.17,0.16,too_hot
111,Additive logistic,0.0034838920661472796,0.0,0.22894750238187114,15,0,CoRoTID 223977153 b,CoRoTID 223977153,Transit,0,6.71837,5970.0,0.79,1.08,too_hot
111,Interaction logistic,0.0023813243434163,0.0,0.21985742024777827,15,0,CoRoTID 223977153 b,CoRoTID 223977153,Transit,0,6.71837,5970.0,0.79,1.08,too_hot
111,Prevalence baseline,0.07600511575898684,0.0,0.5,15,0,CoRoTID 223977153 b,CoRoTID 223977153,Transit,0,6.71837,5970.0,0.79,1.08,too_hot
159,Additive logistic,0.0023257127129396467,0.0,0.24270233778077502,15,0,EPIC 246851721 b,EPIC 246851721,Transit,0,6.180235,6202.0,1.59,1.32,too_hot
159,Interaction logistic,0.0013441299552715068,0.0,0.243097472992205,15,0,EPIC 246851721 b,EPIC 246851721,Transit,0,6.180235,6202.0,1.59,1.32,too_hot
159,Prevalence baseline,0.07680680615991778,0.0,0.5,15,0,EPIC 246851721 b,EPIC 246851721,Transit,0,6.180235,6202.0,1.59,1.32,too_hot
160,Additive logistic,0.433846238908395,1.0,0.2220529866332749,15,1,EPIC 248847494 b,EPIC 248847494,Transit,0,3650.0,4898.0,2.7,0.9,too_cold
160,Interaction logistic,0.28738825026750925,0.6,0.23786151286384827,15,1,EPIC 248847494 b,EPIC 248847494,Transit,0,3650.0,4898.0,2.7,0.9,too_cold
160,Prevalence baseline,0.07680676538382676,0.0,0.5,15,0,EPIC 248847494 b,EPIC 248847494,Transit,0,3650.0,4898.0,2.7,0.9,too_cold
161,Additive logistic,0.00190427951849782,0.0,0.23800172045458545,15,0,EPIC 249893012 b,EPIC 249893012,Transit,0,3.5951,5430.0,1.71,1.05,too_hot
161,Interaction logistic,0.0012257663715041667,0.0,0.247917930486021,15,0,EPIC 249893012 b,EPIC 249893012,Transit,0,3.5951,5430.0,1.71,1.05,too_hot
161,Prevalence baseline,0.07689787703023744,0.0,0.5,15,0,EPIC 249893012 b,EPIC 249893012,Transit,0,3.5951,5430.0,1.71,1.05,too_hot
162,Additive logistic,0.023285796309579988,0.0,0.23800172045458545,15,0,EPIC 249893012 c,EPIC 249893012,Transit,0,15.624,5430.0,1.71,1.05,too_hot
162,Interaction logistic,0.021158318002983786,0.0,0.247917930486021,15,0,EPIC 249893012 c,EPIC 249893012,Transit,0,15.624,5430.0,1.71,1.05,too_hot
162,Prevalence baseline,0.07689787703023744,0.0,0.5,15,0,EPIC 249893012 c,EPIC 249893012,Transit,0,15.624,5430.0,1.71,1.05,too_hot
163,Additive logistic,0.0647400480260542,0.0,0.23800172045458545,15,0,EPIC 249893012 d,EPIC 249893012,Transit,0,35.747,5430.0,1.71,1.05,too_hot
163,Interaction logistic,0.06658076220862086,0.0,0.247917930486021,15,0,EPIC 249893012 d,EPIC 249893012,Transit,0,35.747,5430.0,1.71,1.05,too_hot
163,Prevalence baseline,0.07689787703023744,0.0,0.5,15,0,EPIC 249893012 d,EPIC 249893012,Transit,0,35.747,5430.0,1.71,1.05,too_hot
165,Additive logistic,0.015465393056575448,0.0,0.25870896433885365,15,0,G 264-012 b,G 264-012,Radial Velocity,0,2.30538,3326.0,0.3,0.3,too_hot
165,Interaction logistic,0.019343034592040394,0.0,0.25925433888251814,15,0,G 264-012 b,G 264-012,Radial Velocity,0,2.30538,3326.0,0.3,0.3,too_hot
165,Prevalence baseline,0.07661843662562046,0.0,0.5,15,0,G 264-012 b,G 264-012,Radial Velocity,0,2.30538,3326.0,0.3,0.3,too_hot
166,Additive logistic,0.15177807649528532,0.0,0.25870896433885365,15,0,G 264-012 c,G 264-012,Radial Velocity,0,8.0518,3326.0,0.3,0.3,too_hot
166,Interaction logistic,0.16813617228897906,0.0,0.25925433888251814,15,0,G 264-012 c,G 264-012,Radial Velocity,0,8.0518,3326.0,0.3,0.3,too_hot
166,Prevalence baseline,0.07661843662562046,0.0,0.5,15,0,G 264-012 c,G 264-012,Radial Velocity,0,8.0518,3326.0,0.3,0.3,too_hot
167,Additive logistic,0.08480226118507814,0.0,0.24425611612880063,15,0,G 9-40 b,G 9-40,Transit,0,5.746007,3348.0,0.31,0.29,too_hot
167,Interaction logistic,0.09756198370819785,0.0,0.24460711149671407,15,0,G 9-40 b,G 9-40,Transit,0,5.746007,3348.0,0.31,0.29,too_hot
167,Prevalence baseline,0.0760548499537408,0.0,0.5,15,0,G 9-40 b,G 9-40,Transit,0,5.746007,3348.0,0.31,0.29,too_hot
168,Additive logistic,0.06223698319090198,0.0,0.2541007212782437,15,0,GJ 1061 b,GJ 1061,Radial Velocity,0,3.204,2953.0,0.16,0.12,too_hot
168,Interaction logistic,0.08859005125667059,0.0,0.2597135419571223,15,0,GJ 1061 b,GJ 1061,Radial Velocity,0,3.204,2953.0,0.16,0.12,too_hot
168,Prevalence baseline,0.07749824532014322,0.0,0.5,15,0,GJ 1061 b,GJ 1061,Radial Velocity,0,3.204,2953.0,0.16,0.12,too_hot
169,Additive logistic,0.21248393090204973,0.4666666666666667,0.2541007212782437,15,0,GJ 1061 c,GJ 1061,Radial Velocity,1,6.689,2953.0,0.16,0.12,habitable_zone
169,Interaction logistic,0.25744733166616374,0.5333333333333333,0.2597135419571223,15,1,GJ 1061 c,GJ 1061,Radial Velocity,1,6.689,2953.0,0.16,0.12,habitable_zone
169,Prevalence baseline,0.07749824532014322,0.0,0.5,15,0,GJ 1061 c,GJ 1061,Radial Velocity,1,6.689,2953.0,0.16,0.12,habitable_zone
170,Additive logistic,0.44576275910964075,1.0,0.2541007212782437,15,1,GJ 1061 d,GJ 1061,Radial Velocity,1,13.031,2953.0,0.16,0.12,habitable_zone
170,Interaction logistic,0.47192574672124327,1.0,0.2597135419571223,15,1,GJ 1061 d,GJ 1061,Radial Velocity,1,13.031,2953.0,0.16,0.12,habitable_zone
170,Prevalence baseline,0.07749824532014322,0.0,0.5,15,0,GJ 1061 d,GJ 1061,Radial Velocity,1,13.031,2953.0,0.16,0.12,habitable_zone
176,Additive logistic,0.008708794582185327,0.0,0.22932178910036694,15,0,GJ 1214 b,GJ 1214,Transit,0,1.58040433,3250.0,0.21,0.18,too_hot
176,Interaction logistic,0.011055938787767313,0.0,0.24969555507097738,15,0,GJ 1214 b,GJ 1214,Transit,0,1.58040433,3250.0,0.21,0.18,too_hot
176,Prevalence baseline,0.07604920460920199,0.0,0.5,15,0,GJ 1214 b,GJ 1214,Transit,0,1.58040433,3250.0,0.21,0.18,too_hot
193,Additive logistic,0.2801065520555985,0.8666666666666667,0.22399323081124317,15,1,GJ 251 b,GJ 251,Radial Velocity,0,14.238,3451.0,0.36,0.36,too_hot
193,Interaction logistic,0.284090298247862,1.0,0.2247584477165562,15,1,GJ 251 b,GJ 251,Radial Velocity,0,14.238,3451.0,0.36,0.36,too_hot
193,Prevalence baseline,0.0768873826651035,0.0,0.5,15,0,GJ 251 b,GJ 251,Radial Velocity,0,14.238,3451.0,0.36,0.36,too_hot
195,Additive logistic,0.3603594507024021,1.0,0.23333934760920771,15,1,GJ 273 b,GJ 273,Radial Velocity,1,18.6498,3382.0,0.29,0.29,habitable_zone
195,Interaction logistic,0.3599628112403009,1.0,0.2402480530032468,15,1,GJ 273 b,GJ 273,Radial Velocity,1,18.6498,3382.0,0.29,0.29,habitable_zone
195,Prevalence baseline,0.07676887011292131,0.0,0.5,15,0,GJ 273 b,GJ 273,Radial Velocity,1,18.6498,3382.0,0.29,0.29,habitable_zone
196,Additive logistic,0.0553548704370053,0.0,0.23333934760920771,15,0,GJ 273 c,GJ 273,Radial Velocity,0,4.7234,3382.0,0.29,0.29,too_hot
196,Interaction logistic,0.06452167182158954,0.0,0.2402480530032468,15,0,GJ 273 c,GJ 273,Radial Velocity,0,4.7234,3382.0,0.29,0.29,too_hot
196,Prevalence baseline,0.07676887011292131,0.0,0.5,15,0,GJ 273 c,GJ 273,Radial Velocity,0,4.7234,3382.0,0.29,0.29,too_hot
199,Additive logistic,0.0018307951183355133,0.0,0.24128179199983837,15,0,GJ 3138 b,GJ 3138,Radial Velocity,0,1.22003,3717.0,0.5,0.68,too_hot
199,Interaction logistic,0.0018351170538940267,0.0,0.23526004721373064,15,0,GJ 3138 b,GJ 3138,Radial Velocity,0,1.22003,3717.0,0.5,0.68,too_hot
199,Prevalence baseline,0.07678195246224967,0.0,0.5,15,0,GJ 3138 b,GJ 3138,Radial Velocity,0,1.22003,3717.0,0.5,0.68,too_hot
200,Additive logistic,0.04916543952161599,0.0,0.24128179199983837,15,0,GJ 3138 c,GJ 3138,Radial Velocity,0,5.974,3717.0,0.5,0.68,too_hot
200,Interaction logistic,0.05172284563989042,0.0,0.23526004721373064,15,0,GJ 3138 c,GJ 3138,Radial Velocity,0,5.974,3717.0,0.5,0.68,too_hot
200,Prevalence baseline,0.07678195246224967,0.0,0.5,15,0,GJ 3138 c,GJ 3138,Radial Velocity,0,5.974,3717.0,0.5,0.68,too_hot
201,Additive logistic,0.7898091162092977,1.0,0.24128179199983837,15,1,GJ 3138 d,GJ 3138,Radial Velocity,0,257.8,3717.0,0.5,0.68,too_cold
201,Interaction logistic,0.6680072533414289,1.0,0.23526004721373064,15,1,GJ 3138 d,GJ 3138,Radial Velocity,0,257.8,3717.0,0.5,0.68,too_cold
201,Prevalence baseline,0.07678195246224967,0.0,0.5,15,0,GJ 3138 d,GJ 3138,Radial Velocity,0,257.8,3717.0,0.5,0.68,too_cold
205,Additive logistic,0.488564089645925,1.0,0.24199066471626518,15,1,GJ 3293 b,GJ 3293,Radial Velocity,1,30.5987,3466.0,0.4,0.42,habitable_zone
205,Interaction logistic,0.46277430397941893,1.0,0.24155290068014157,15,1,GJ 3293 b,GJ 3293,Radial Velocity,1,30.5987,3466.0,0.4,0.42,habitable_zone
205,Prevalence baseline,0.07507402792776503,0.0,0.5,15,0,GJ 3293 b,GJ 3293,Radial Velocity,1,30.5987,3466.0,0.4,0.42,habitable_zone
206,Additive logistic,0.7779479033300054,1.0,0.24199066471626518,15,1,GJ 3293 c,GJ 3293,Radial Velocity,0,122.6196,3466.0,0.4,0.42,too_cold
206,Interaction logistic,0.6961312795909119,1.0,0.24155290068014157,15,1,GJ 3293 c,GJ 3293,Radial Velocity,0,122.6196,3466.0,0.4,0.42,too_cold
206,Prevalence baseline,0.07507402792776503,0.0,0.5,15,0,GJ 3293 c,GJ 3293,Radial Velocity,0,122.6196,3466.0,0.4,0.42,too_cold
207,Additive logistic,0.6130360648884204,1.0,0.24199066471626518,15,1,GJ 3293 d,GJ 3293,Radial Velocity,1,48.1345,3466.0,0.4,0.42,habitable_zone
207,Interaction logistic,0.5662456839748723,1.0,0.24155290068014157,15,1,GJ 3293 d,GJ 3293,Radial Velocity,1,48.1345,3466.0,0.4,0.42,habitable_zone
207,Prevalence baseline,0.07507402792776503,0.0,0.5,15,0,GJ 3293 d,GJ 3293,Radial Velocity,1,48.1345,3466.0,0.4,0.42,habitable_zone
208,Additive logistic,0.23394092572453257,0.5333333333333333,0.24199066471626518,15,1,GJ 3293 e,GJ 3293,Radial Velocity,0,13.2543,3466.0,0.4,0.42,too_hot
208,Interaction logistic,0.23850589233477834,0.6666666666666666,0.24155290068014157,15,1,GJ 3293 e,GJ 3293,Radial Velocity,0,13.2543,3466.0,0.4,0.42,too_hot
208,Prevalence baseline,0.07507402792776503,0.0,0.5,15,0,GJ 3293 e,GJ 3293,Radial Velocity,0,13.2543,3466.0,0.4,0.42,too_hot
209,Additive logistic,0.11307654440869896,0.0,0.23362652370857273,15,0,GJ 3323 b,GJ 3323,Radial Velocity,0,5.3636,3159.0,0.12,0.16,too_hot
209,Interaction logistic,0.1366635230297563,0.0,0.2406219894430436,15,0,GJ 3323 b,GJ 3323,Radial Velocity,0,5.3636,3159.0,0.12,0.16,too_hot
209,Prevalence baseline,0.07722656771450832,0.0,0.5,15,0,GJ 3323 b,GJ 3323,Radial Velocity,0,5.3636,3159.0,0.12,0.16,too_hot
210,Additive logistic,0.7202059483896583,1.0,0.23362652370857273,15,1,GJ 3323 c,GJ 3323,Radial Velocity,0,40.54,3159.0,0.12,0.16,too_cold
210,Interaction logistic,0.6767735651909347,1.0,0.2406219894430436,15,1,GJ 3323 c,GJ 3323,Radial Velocity,0,40.54,3159.0,0.12,0.16,too_cold
210,Prevalence baseline,0.07722656771450832,0.0,0.5,15,0,GJ 3323 c,GJ 3323,Radial Velocity,0,40.54,3159.0,0.12,0.16,too_cold
214,Additive logistic,0.0036518099908712798,0.0,0.27662000863139086,15,0,GJ 3473 b,GJ 3473,Transit,0,1.1980035,3347.0,0.36,0.36,too_hot
214,Interaction logistic,0.0044099818458524795,0.0,0.2590998745192381,15,0,GJ 3473 b,GJ 3473,Transit,0,1.1980035,3347.0,0.36,0.36,too_hot
214,Prevalence baseline,0.07620999794015323,0.0,0.5,15,0,GJ 3473 b,GJ 3473,Transit,0,1.1980035,3347.0,0.36,0.36,too_hot
215,Additive logistic,0.3294723912857534,0.8,0.27662000863139086,15,1,GJ 3473 c,GJ 3473,Radial Velocity,0,15.509,3347.0,0.36,0.36,too_hot
215,Interaction logistic,0.33500493139051024,0.9333333333333333,0.2590998745192381,15,1,GJ 3473 c,GJ 3473,Radial Velocity,0,15.509,3347.0,0.36,0.36,too_hot
215,Prevalence baseline,0.07620999794015323,0.0,0.5,15,0,GJ 3473 c,GJ 3473,Radial Velocity,0,15.509,3347.0,0.36,0.36,too_hot
217,Additive logistic,0.03451107822114748,0.0,0.23485720488898085,15,0,GJ 357 b,GJ 357,Transit,0,3.93072,3505.0,0.34,0.34,too_hot
217,Interaction logistic,0.039588751031271054,0.0,0.24813743055506923,15,0,GJ 357 b,GJ 357,Transit,0,3.93072,3505.0,0.34,0.34,too_hot
217,Prevalence baseline,0.07603986002966515,0.0,0.5,15,0,GJ 357 b,GJ 357,Transit,0,3.93072,3505.0,0.34,0.34,too_hot
218,Additive logistic,0.13749105823986063,0.0,0.23485720488898085,15,0,GJ 357 c,GJ 357,Radial Velocity,0,9.1247,3505.0,0.34,0.34,too_hot
218,Interaction logistic,0.14730805461587396,0.0,0.24813743055506923,15,0,GJ 357 c,GJ 357,Radial Velocity,0,9.1247,3505.0,0.34,0.34,too_hot
218,Prevalence baseline,0.07603986002966515,0.0,0.5,15,0,GJ 357 c,GJ 357,Radial Velocity,0,9.1247,3505.0,0.34,0.34,too_hot
219,Additive logistic,0.6242787163285108,1.0,0.23485720488898085,15,1,GJ 357 d,GJ 357,Radial Velocity,1,55.661,3505.0,0.34,0.34,habitable_zone
219,Interaction logistic,0.5563564637920525,1.0,0.24813743055506923,15,1,GJ 357 d,GJ 357,Radial Velocity,1,55.661,3505.0,0.34,0.34,habitable_zone
219,Prevalence baseline,0.07603986002966515,0.0,0.5,15,0,GJ 357 d,GJ 357,Radial Velocity,1,55.661,3505.0,0.34,0.34,habitable_zone
222,Additive logistic,0.0815687327944131,0.0,0.24650948833099326,15,0,GJ 393 b,GJ 393,Radial Velocity,0,7.02679,3579.0,0.43,0.43,too_hot
222,Interaction logistic,0.08684434908736417,0.0,0.2596652577939862,15,0,GJ 393 b,GJ 393,Radial Velocity,0,7.02679,3579.0,0.43,0.43,too_hot
222,Prevalence baseline,0.07619591172754613,0.0,0.5,15,0,GJ 393 b,GJ 393,Radial Velocity,0,7.02679,3579.0,0.43,0.43,too_hot
226,Additive logistic,0.1893108879347307,0.2,0.23820444776984795,15,0,GJ 411 b,GJ 411,Radial Velocity,0,12.946,3601.0,0.39,0.39,too_hot
226,Interaction logistic,0.1929482411542364,0.2,0.2383487244204859,15,0,GJ 411 b,GJ 411,Radial Velocity,0,12.946,3601.0,0.39,0.39,too_hot
226,Prevalence baseline,0.07545520146528603,0.0,0.5,15,0,GJ 411 b,GJ 411,Radial Velocity,0,12.946,3601.0,0.39,0.39,too_hot
236,Additive logistic,0.005811582751440027,0.0,0.22880522056600094,15,0,GJ 486 b,GJ 486,Radial Velocity,0,1.467119,3340.0,0.33,0.32,too_hot
236,Interaction logistic,0.007051138128261993,0.0,0.23338338026004976,15,0,GJ 486 b,GJ 486,Radial Velocity,0,1.467119,3340.0,0.33,0.32,too_hot
236,Prevalence baseline,0.07631836245418434,0.0,0.5,15,0,GJ 486 b,GJ 486,Radial Velocity,0,1.467119,3340.0,0.33,0.32,too_hot
260,Additive logistic,0.00655575034599206,0.0,0.24339472713906307,15,0,GJ 740 b,GJ 740,Radial Velocity,0,2.37756,3913.0,0.56,0.58,too_hot
260,Interaction logistic,0.006156703167097213,0.0,0.25728124028635774,15,0,GJ 740 b,GJ 740,Radial Velocity,0,2.37756,3913.0,0.56,0.58,too_hot
260,Prevalence baseline,0.0762754677618604,0.0,0.5,15,0,GJ 740 b,GJ 740,Radial Velocity,0,2.37756,3913.0,0.56,0.58,too_hot
270,Additive logistic,0.11157682269557316,0.0,0.24513332715706865,15,0,GJ 887 b,GJ 887,Radial Velocity,0,9.262,3688.0,0.47,0.49,too_hot
270,Interaction logistic,0.11496058324762994,0.0,0.25046161483609636,15,0,GJ 887 b,GJ 887,Radial Velocity,0,9.262,3688.0,0.47,0.49,too_hot
270,Prevalence baseline,0.07591464753381517,0.0,0.5,15,0,GJ 887 b,GJ 887,Radial Velocity,0,9.262,3688.0,0.47,0.49,too_hot
271,Additive logistic,0.30573474048551846,0.9333333333333333,0.24513332715706865,15,1,GJ 887 c,GJ 887,Radial Velocity,0,21.789,3688.0,0.47,0.49,too_hot
271,Interaction logistic,0.2981324044021729,0.8666666666666667,0.25046161483609636,15,1,GJ 887 c,GJ 887,Radial Velocity,0,21.789,3688.0,0.47,0.49,too_hot
271,Prevalence baseline,0.07591464753381517,0.0,0.5,15,0,GJ 887 c,GJ 887,Radial Velocity,0,21.789,3688.0,0.47,0.49,too_hot
279,Additive logistic,9.030912221369758e-05,0.0,0.2441006544515778,15,0,GPX-1 b,GPX-1,Transit,0,1.744579,7000.0,1.56,1.68,too_hot
279,Interaction logistic,2.5951585439129913e-05,0.0,0.2409353296181531,15,0,GPX-1 b,GPX-1,Transit,0,1.744579,7000.0,1.56,1.68,too_hot
279,Prevalence baseline,0.07672011595339749,0.0,0.5,15,0,GPX-1 b,GPX-1,Transit,0,1.744579,7000.0,1.56,1.68,too_hot
305,Additive logistic,0.0016764416316081866,0.0,0.22807054798544085,15,0,HAT-P-25 b,HAT-P-25,Transit,0,3.65281514,5519.0,0.92,1.01,too_hot
305,Interaction logistic,0.00114351856694142,0.0,0.23282576210657588,15,0,HAT-P-25 b,HAT-P-25,Transit,0,3.65281514,5519.0,0.92,1.01,too_hot
305,Prevalence baseline,0.07618923182097137,0.0,0.5,15,0,HAT-P-25 b,HAT-P-25,Transit,0,3.65281514,5519.0,0.92,1.01,too_hot
313,Additive logistic,0.0003092102454412867,0.0,0.23204208019654382,15,0,HAT-P-32 b,HAT-P-32,Transit,0,2.1500082,6001.0,1.37,1.13,too_hot
313,Interaction logistic,0.00016681243614957331,0.0,0.23830111183199215,15,0,HAT-P-32 b,HAT-P-32,Transit,0,2.1500082,6001.0,1.37,1.13,too_hot
313,Prevalence baseline,0.07669942194491026,0.0,0.5,15,0,HAT-P-32 b,HAT-P-32,Transit,0,2.1500082,6001.0,1.37,1.13,too_hot
340,Additive logistic,0.0011020747982613535,0.0,0.2420173729123536,15,0,HAT-P-58 b,HAT-P-58,Transit,0,4.0138379,6078.0,1.53,1.03,too_hot
340,Interaction logistic,0.0006642664731515333,0.0,0.24860924631113807,15,0,HAT-P-58 b,HAT-P-58,Transit,0,4.0138379,6078.0,1.53,1.03,too_hot
340,Prevalence baseline,0.07637862287375209,0.0,0.5,15,0,HAT-P-58 b,HAT-P-58,Transit,0,4.0138379,6078.0,1.53,1.03,too_hot
341,Additive logistic,0.0018913345884515266,0.0,0.2379533381442798,15,0,HAT-P-59 b,HAT-P-59,Transit,0,4.1419771,5678.0,1.1,1.01,too_hot
341,Interaction logistic,0.0011321499522071268,0.0,0.26172217194292,15,0,HAT-P-59 b,HAT-P-59,Transit,0,4.1419771,5678.0,1.1,1.01,too_hot
341,Prevalence baseline,0.07777652673049314,0.0,0.5,15,0,HAT-P-59 b,HAT-P-59,Transit,0,4.1419771,5678.0,1.1,1.01,too_hot
343,Additive logistic,0.00141589847234838,0.0,0.23215167048115717,15,0,HAT-P-60 b,HAT-P-60,Transit,0,4.7947813,6212.0,2.2,1.44,too_hot
343,Interaction logistic,0.0008642570190881466,0.0,0.22413902513259573,15,0,HAT-P-60 b,HAT-P-60,Transit,0,4.7947813,6212.0,2.2,1.44,too_hot
343,Prevalence baseline,0.07681091282154719,0.0,0.5,15,0,HAT-P-60 b,HAT-P-60,Transit,0,4.7947813,6212.0,2.2,1.44,too_hot
344,Additive logistic,0.0003771948789695733,0.0,0.24753182330572815,15,0,HAT-P-61 b,HAT-P-61,Transit,0,1.90231289,5587.0,0.94,1.0,too_hot
344,Interaction logistic,0.00017924698082815333,0.0,0.2680262057487791,15,0,HAT-P-61 b,HAT-P-61,Transit,0,1.90231289,5587.0,0.94,1.0,too_hot
344,Prevalence baseline,0.0772256559332197,0.0,0.5,15,0,HAT-P-61 b,HAT-P-61,Transit,0,1.90231289,5587.0,0.94,1.0,too_hot
345,Additive logistic,0.00078491318799314,0.0,0.22887789076995813,15,0,HAT-P-62 b,HAT-P-62,Transit,0,2.6453235,5629.0,1.17,1.02,too_hot
345,Interaction logistic,0.0003889291190636067,0.0,0.23325141131898075,15,0,HAT-P-62 b,HAT-P-62,Transit,0,2.6453235,5629.0,1.17,1.02,too_hot
345,Prevalence baseline,0.07577549864069252,0.0,0.5,15,0,HAT-P-62 b,HAT-P-62,Transit,0,2.6453235,5629.0,1.17,1.02,too_hot
346,Additive logistic,0.0018177939489920135,0.0,0.21423257745059546,15,0,HAT-P-63 b,HAT-P-63,Transit,0,3.377728,5400.0,0.97,0.93,too_hot
346,Interaction logistic,0.0010354744231882132,0.0,0.21886555956355808,15,0,HAT-P-63 b,HAT-P-63,Transit,0,3.377728,5400.0,0.97,0.93,too_hot
346,Prevalence baseline,0.07631251632519284,0.0,0.5,15,0,HAT-P-63 b,HAT-P-63,Transit,0,3.377728,5400.0,0.97,0.93,too_hot
347,Additive logistic,0.0008721676516459199,0.0,0.2255998715301987,15,0,HAT-P-64 b,HAT-P-64,Transit,0,4.007232,6457.0,1.74,1.3,too_hot
347,Interaction logistic,0.00041433453059392,0.0,0.2344866409001553,15,0,HAT-P-64 b,HAT-P-64,Transit,0,4.007232,6457.0,1.74,1.3,too_hot
347,Prevalence baseline,0.07693447323353356,0.0,0.5,15,0,HAT-P-64 b,HAT-P-64,Transit,0,4.007232,6457.0,1.74,1.3,too_hot
351,Additive logistic,0.0024282168422231796,0.0,0.25776297784404306,15,0,HAT-P-68 b,HAT-P-68,Transit,0,2.29840551,4508.0,0.67,0.68,too_hot
351,Interaction logistic,0.0018507519505716933,0.0,0.23950077798737146,15,0,HAT-P-68 b,HAT-P-68,Transit,0,2.29840551,4508.0,0.67,0.68,too_hot
351,Prevalence baseline,0.07515178291727698,0.0,0.5,15,0,HAT-P-68 b,HAT-P-68,Transit,0,2.29840551,4508.0,0.67,0.68,too_hot
356,Additive logistic,0.0008454232556887134,0.0,0.25950313394903934,15,0,HAT-P-9 b,HAT-P-9,Transit,0,3.92281072,6350.0,1.34,1.28,too_hot
356,Interaction logistic,0.00045977712519792004,0.0,0.2542841091198991,15,0,HAT-P-9 b,HAT-P-9,Transit,0,3.92281072,6350.0,1.34,1.28,too_hot
356,Prevalence baseline,0.07588464400711742,0.0,0.5,15,0,HAT-P-9 b,HAT-P-9,Transit,0,3.92281072,6350.0,1.34,1.28,too_hot
365,Additive logistic,0.015972253582029985,0.0,0.24469687126405626,15,0,HATS-17 b,HATS-17,Transit,0,16.254611,5846.0,1.09,1.13,too_hot
365,Interaction logistic,0.0138267959479009,0.0,0.24306730780355995,15,0,HATS-17 b,HATS-17,Transit,0,16.254611,5846.0,1.09,1.13,too_hot
365,Prevalence baseline,0.07880629851341743,0.0,0.5,15,0,HATS-17 b,HATS-17,Transit,0,16.254611,5846.0,1.09,1.13,too_hot
384,Additive logistic,0.003249258493417013,0.0,0.26150331233237295,15,0,HATS-37 A b,HATS-37 A,Transit,0,4.3315366,5326.0,0.88,0.84,too_hot
384,Interaction logistic,0.0021060428070632667,0.0,0.25480855562074084,15,0,HATS-37 A b,HATS-37 A,Transit,0,4.3315366,5326.0,0.88,0.84,too_hot
384,Prevalence baseline,0.07526209907584348,0.0,0.5,15,0,HATS-37 A b,HATS-37 A,Transit,0,4.3315366,5326.0,0.88,0.84,too_hot
385,Additive logistic,0.0018765108047286332,0.0,0.2492744008635814,15,0,HATS-38 b,HATS-38,Transit,0,4.375021,5732.0,1.1,0.89,too_hot
385,Interaction logistic,0.0011771760918230533,0.0,0.24853884123066344,15,0,HATS-38 b,HATS-38,Transit,0,4.375021,5732.0,1.1,0.89,too_hot
385,Prevalence baseline,0.07820182814005747,0.0,0.5,15,0,HATS-38 b,HATS-38,Transit,0,4.375021,5732.0,1.1,0.89,too_hot
395,Additive logistic,0.00701435820876354,0.0,0.23282277635648133,15,0,HATS-47 b,HATS-47,Transit,0,3.9228038,4512.0,0.66,0.67,too_hot
395,Interaction logistic,0.005743234182750873,0.0,0.2450251852291925,15,0,HATS-47 b,HATS-47,Transit,0,3.9228038,4512.0,0.66,0.67,too_hot
395,Prevalence baseline,0.07628388623090972,0.0,0.5,15,0,HATS-47 b,HATS-47,Transit,0,3.9228038,4512.0,0.66,0.67,too_hot
396,Additive logistic,0.004392915059021027,0.0,0.22453756018550539,15,0,HATS-48 A b,HATS-48 A,Transit,0,3.1316666,4546.0,0.72,0.73,too_hot
396,Interaction logistic,0.0033221989441380136,0.0,0.2350783307099658,15,0,HATS-48 A b,HATS-48 A,Transit,0,3.1316666,4546.0,0.72,0.73,too_hot
396,Prevalence baseline,0.07660739383163333,0.0,0.5,15,0,HATS-48 A b,HATS-48 A,Transit,0,3.1316666,4546.0,0.72,0.73,too_hot
397,Additive logistic,0.009087327440795993,0.0,0.222566539932095,15,0,HATS-49 b,HATS-49,Transit,0,4.1480467,4405.0,0.7,0.71,too_hot
397,Interaction logistic,0.00800849619647888,0.0,0.2235291639370312,15,0,HATS-49 b,HATS-49,Transit,0,4.1480467,4405.0,0.7,0.71,too_hot
397,Prevalence baseline,0.07718102215112961,0.0,0.5,15,0,HATS-49 b,HATS-49,Transit,0,4.1480467,4405.0,0.7,0.71,too_hot
408,Additive logistic,0.003027040833343387,0.0,0.24385713804973289,15,0,HATS-59 b,HATS-59,Transit,0,5.416081,5670.0,1.04,1.04,too_hot
408,Interaction logistic,0.0021365542672260665,0.0,0.24014672049285782,15,0,HATS-59 b,HATS-59,Transit,0,5.416081,5670.0,1.04,1.04,too_hot
408,Prevalence baseline,0.07660034829412536,0.0,0.5,15,0,HATS-59 b,HATS-59,Transit,0,5.416081,5670.0,1.04,1.04,too_hot
409,Additive logistic,0.23705287589808885,0.6,0.24385713804973289,15,1,HATS-59 c,HATS-59,Radial Velocity,0,1422.0,5670.0,1.04,1.04,too_cold
409,Interaction logistic,0.25647774030451714,0.5333333333333333,0.24014672049285782,15,1,HATS-59 c,HATS-59,Radial Velocity,0,1422.0,5670.0,1.04,1.04,too_cold
409,Prevalence baseline,0.07660034829412536,0.0,0.5,15,0,HATS-59 c,HATS-59,Radial Velocity,0,1422.0,5670.0,1.04,1.04,too_cold
411,Additive logistic,0.0013437677000365,0.0,0.24615935842241365,15,0,HATS-60 b,HATS-60,Transit,0,3.560829,5688.0,1.46,1.1,too_hot
411,Interaction logistic,0.00077638993034954,0.0,0.2490716582380967,15,0,HATS-60 b,HATS-60,Transit,0,3.560829,5688.0,1.46,1.1,too_hot
411,Prevalence baseline,0.07601433561463174,0.0,0.5,15,0,HATS-60 b,HATS-60,Transit,0,3.560829,5688.0,1.46,1.1,too_hot
412,Additive logistic,0.007211626673185773,0.0,0.2533888904582897,15,0,HATS-61 b,HATS-61,Transit,0,7.817953,5542.0,1.66,1.08,too_hot
412,Interaction logistic,0.005664177359561454,0.0,0.2270042626604524,15,0,HATS-61 b,HATS-61,Transit,0,7.817953,5542.0,1.66,1.08,too_hot
412,Prevalence baseline,0.07681957480760364,0.0,0.5,15,0,HATS-61 b,HATS-61,Transit,0,7.817953,5542.0,1.66,1.08,too_hot
413,Additive logistic,0.0015647389527485333,0.0,0.24293476973628966,15,0,HATS-62 b,HATS-62,Transit,0,3.2768837,5416.0,0.93,0.9,too_hot
413,Interaction logistic,0.0009540259380409533,0.0,0.23851264077764414,15,0,HATS-62 b,HATS-62,Transit,0,3.2768837,5416.0,0.93,0.9,too_hot
413,Prevalence baseline,0.0766434815758057,0.0,0.5,15,0,HATS-62 b,HATS-62,Transit,0,3.2768837,5416.0,0.93,0.9,too_hot
414,Additive logistic,0.001025112550588,0.0,0.23464463136499691,15,0,HATS-63 b,HATS-63,Transit,0,3.0566527,5627.0,1.07,0.93,too_hot
414,Interaction logistic,0.0005849449462495066,0.0,0.231108112201677,15,0,HATS-63 b,HATS-63,Transit,0,3.0566527,5627.0,1.07,0.93,too_hot
414,Prevalence baseline,0.07706200476823559,0.0,0.5,15,0,HATS-63 b,HATS-63,Transit,0,3.0566527,5627.0,1.07,0.93,too_hot
415,Additive logistic,0.0010530209853470134,0.0,0.21895464906786366,15,0,HATS-64 b,HATS-64,Transit,0,4.908897,6554.0,2.11,1.56,too_hot
415,Interaction logistic,0.0005589071042194466,0.0,0.2414826270422113,15,0,HATS-64 b,HATS-64,Transit,0,4.908897,6554.0,2.11,1.56,too_hot
415,Prevalence baseline,0.07661149242585238,0.0,0.5,15,0,HATS-64 b,HATS-64,Transit,0,4.908897,6554.0,2.11,1.56,too_hot
416,Additive logistic,0.0005093763009362067,0.0,0.23803183413481133,15,0,HATS-65 b,HATS-65,Transit,0,3.105161,6277.0,1.31,1.26,too_hot
416,Interaction logistic,0.00025420273117731333,0.0,0.2503140481405019,15,0,HATS-65 b,HATS-65,Transit,0,3.105161,6277.0,1.31,1.26,too_hot
416,Prevalence baseline,0.07693238133627646,0.0,0.5,15,0,HATS-65 b,HATS-65,Transit,0,3.105161,6277.0,1.31,1.26,too_hot
417,Additive logistic,0.00037992510867396,0.0,0.24594558447755166,15,0,HATS-66 b,HATS-66,Transit,0,3.1414391,6626.0,1.84,1.41,too_hot
417,Interaction logistic,0.00019933204453404,0.0,0.26383235686417394,15,0,HATS-66 b,HATS-66,Transit,0,3.1414391,6626.0,1.84,1.41,too_hot
417,Prevalence baseline,0.07712448255898277,0.0,0.5,15,0,HATS-66 b,HATS-66,Transit,0,3.1414391,6626.0,1.84,1.41,too_hot
418,Additive logistic,9.53278795431113e-05,0.0,0.2564301736473646,15,0,HATS-67 b,HATS-67,Transit,0,1.6091788,6594.0,1.44,1.44,too_hot
418,Interaction logistic,3.366757721464024e-05,0.0,0.2505634055185906,15,0,HATS-67 b,HATS-67,Transit,0,1.6091788,6594.0,1.44,1.44,too_hot
418,Prevalence baseline,0.07838952926377155,0.0,0.5,15,0,HATS-67 b,HATS-67,Transit,0,1.6091788,6594.0,1.44,1.44,too_hot
419,Additive logistic,0.00095405955170054,0.0,0.2530710401544463,15,0,HATS-68 b,HATS-68,Transit,0,3.5862202,6147.0,1.75,1.35,too_hot
419,Interaction logistic,0.00050187924525398,0.0,0.25912948224489524,15,0,HATS-68 b,HATS-68,Transit,0,3.5862202,6147.0,1.75,1.35,too_hot
419,Prevalence baseline,0.07664605660417437,0.0,0.5,15,0,HATS-68 b,HATS-68,Transit,0,3.5862202,6147.0,1.75,1.35,too_hot
420,Additive logistic,0.0010274216175579533,0.0,0.22638643822328455,15,0,HATS-69 b,HATS-69,Transit,0,2.2252577,5137.0,0.88,0.89,too_hot
420,Interaction logistic,0.0005555778850909799,0.0,0.227990436528756,15,0,HATS-69 b,HATS-69,Transit,0,2.2252577,5137.0,0.88,0.89,too_hot
420,Prevalence baseline,0.0762062220008883,0.0,0.5,15,0,HATS-69 b,HATS-69,Transit,0,2.2252577,5137.0,0.88,0.89,too_hot
422,Additive logistic,5.180214412408898e-05,0.0,0.24145405700605363,15,0,HATS-70 b,HATS-70,Transit,0,1.8882378,7930.0,1.88,1.78,too_hot
422,Interaction logistic,1.1505923133532395e-05,0.0,0.24867148632255606,15,0,HATS-70 b,HATS-70,Transit,0,1.8882378,7930.0,1.88,1.78,too_hot
422,Prevalence baseline,0.07614557226156003,0.0,0.5,15,0,HATS-70 b,HATS-70,Transit,0,1.8882378,7930.0,1.88,1.78,too_hot
424,Additive logistic,0.01857107194217734,0.0,0.24172830959759664,15,0,HATS-72 b,HATS-72,Transit,0,7.3279474,4656.1,0.72,0.73,too_hot
424,Interaction logistic,0.01636179855789196,0.0,0.2414798916298266,15,0,HATS-72 b,HATS-72,Transit,0,7.3279474,4656.1,0.72,0.73,too_hot
424,Prevalence baseline,0.07700507763287132,0.0,0.5,15,0,HATS-72 b,HATS-72,Transit,0,7.3279474,4656.1,0.72,0.73,too_hot
475,Additive logistic,0.1747017598682054,0.13333333333333333,0.23935593341573752,15,0,HD 109286 b,HD 109286,Radial Velocity,1,520.1,5694.0,1.09,0.98,habitable_zone
475,Interaction logistic,0.20481508619954525,0.26666666666666666,0.23902322120857858,15,0,HD 109286 b,HD 109286,Radial Velocity,1,520.1,5694.0,1.09,0.98,habitable_zone
475,Prevalence baseline,0.07492580900787733,0.0,0.5,15,0,HD 109286 b,HD 109286,Radial Velocity,1,520.1,5694.0,1.09,0.98,habitable_zone
479,Additive logistic,0.00072074204773148,0.0,0.23749423296706548,15,0,HD 110113 b,HD 110113,Transit,0,2.541,5732.0,0.97,1.0,too_hot
479,Interaction logistic,0.00034782834654439334,0.0,0.248292492648141,15,0,HD 110113 b,HD 110113,Transit,0,2.541,5732.0,0.97,1.0,too_hot
479,Prevalence baseline,0.07692947992858028,0.0,0.5,15,0,HD 110113 b,HD 110113,Transit,0,2.541,5732.0,0.97,1.0,too_hot
480,Additive logistic,0.0046053905108085665,0.0,0.23749423296706548,15,0,HD 110113 c,HD 110113,Radial Velocity,0,6.744,5732.0,0.97,1.0,too_hot
480,Interaction logistic,0.0031646871899069866,0.0,0.248292492648141,15,0,HD 110113 c,HD 110113,Radial Velocity,0,6.744,5732.0,0.97,1.0,too_hot
480,Prevalence baseline,0.07692947992858028,0.0,0.5,15,0,HD 110113 c,HD 110113,Radial Velocity,0,6.744,5732.0,0.97,1.0,too_hot
497,Additive logistic,0.16184556823038795,0.13333333333333333,0.23474199001620025,15,0,HD 115954 b,HD 115954,Radial Velocity,0,3700.0,5957.0,1.21,1.18,too_cold
497,Interaction logistic,0.1984492789310673,0.26666666666666666,0.23599993031559016,15,0,HD 115954 b,HD 115954,Radial Velocity,0,3700.0,5957.0,1.21,1.18,too_cold
497,Prevalence baseline,0.07709242455316417,0.0,0.5,15,0,HD 115954 b,HD 115954,Radial Velocity,0,3700.0,5957.0,1.21,1.18,too_cold
539,Additive logistic,0.011088184754266867,0.0,0.25971615259797176,15,0,HD 136352 b,HD 136352,Radial Velocity,0,11.57797,5664.0,1.06,0.87,too_hot
539,Interaction logistic,0.009391741365023713,0.0,0.275979086373856,15,0,HD 136352 b,HD 136352,Radial Velocity,0,11.57797,5664.0,1.06,0.87,too_hot
539,Prevalence baseline,0.07685248588896434,0.0,0.5,15,0,HD 136352 b,HD 136352,Radial Velocity,0,11.57797,5664.0,1.06,0.87,too_hot
540,Additive logistic,0.03678259628884635,0.0,0.25971615259797176,15,0,HD 136352 c,HD 136352,Radial Velocity,0,27.59221,5664.0,1.06,0.87,too_hot
540,Interaction logistic,0.03650703653151947,0.0,0.275979086373856,15,0,HD 136352 c,HD 136352,Radial Velocity,0,27.59221,5664.0,1.06,0.87,too_hot
540,Prevalence baseline,0.07685248588896434,0.0,0.5,15,0,HD 136352 c,HD 136352,Radial Velocity,0,27.59221,5664.0,1.06,0.87,too_hot
541,Additive logistic,0.1263775886207884,0.0,0.25971615259797176,15,0,HD 136352 d,HD 136352,Radial Velocity,0,107.245,5664.0,1.06,0.87,too_hot
541,Interaction logistic,0.14346935001336053,0.06666666666666667,0.275979086373856,15,0,HD 136352 d,HD 136352,Radial Velocity,0,107.245,5664.0,1.06,0.87,too_hot
541,Prevalence baseline,0.07685248588896434,0.0,0.5,15,0,HD 136352 d,HD 136352,Radial Velocity,0,107.245,5664.0,1.06,0.87,too_hot
553,Additive logistic,0.01401637041978782,0.0,0.24405956460061443,15,0,HD 1397 b,HD 1397,Transit,0,11.53533,5521.0,2.34,1.32,too_hot
553,Interaction logistic,0.01177983548888124,0.0,0.25062485169966686,15,0,HD 1397 b,HD 1397,Transit,0,11.53533,5521.0,2.34,1.32,too_hot
553,Prevalence baseline,0.07745409411505144,0.0,0.5,15,0,HD 1397 b,HD 1397,Transit,0,11.53533,5521.0,2.34,1.32,too_hot
591,Additive logistic,0.006030027182250173,0.0,0.2318792161515331,15,0,HD 152843 b,HD 152843,Transit,0,11.6264,6310.0,1.43,1.15,too_hot
591,Interaction logistic,0.004669893285962227,0.0,0.23681726291240407,15,0,HD 152843 b,HD 152843,Transit,0,11.6264,6310.0,1.43,1.15,too_hot
591,Prevalence baseline,0.07571350555399065,0.0,0.5,15,0,HD 152843 b,HD 152843,Transit,0,11.6264,6310.0,1.43,1.15,too_hot
662,Additive logistic,0.010618334100266833,0.0,0.24113995949175795,15,0,HD 176986 b,HD 176986,Radial Velocity,0,6.4898,4931.0,0.78,0.79,too_hot
662,Interaction logistic,0.008487882432297787,0.0,0.2537073435987763,15,0,HD 176986 b,HD 176986,Radial Velocity,0,6.4898,4931.0,0.78,0.79,too_hot
662,Prevalence baseline,0.07767207691064917,0.0,0.5,15,0,HD 176986 b,HD 176986,Radial Velocity,0,6.4898,4931.0,0.78,0.79,too_hot
663,Additive logistic,0.0461520570742615,0.0,0.24113995949175795,15,0,HD 176986 c,HD 176986,Radial Velocity,0,16.8191,4931.0,0.78,0.79,too_hot
663,Interaction logistic,0.0430411883511213,0.0,0.2537073435987763,15,0,HD 176986 c,HD 176986,Radial Velocity,0,16.8191,4931.0,0.78,0.79,too_hot
663,Prevalence baseline,0.07767207691064917,0.0,0.5,15,0,HD 176986 c,HD 176986,Radial Velocity,0,16.8191,4931.0,0.78,0.79,too_hot
683,Additive logistic,0.018331289406813334,0.0,0.23753296875714003,15,0,HD 183579 b,HD 183579,Transit,0,17.471278,5788.0,0.98,1.03,too_hot
683,Interaction logistic,0.016567264885271066,0.0,0.2352913329022012,15,0,HD 183579 b,HD 183579,Transit,0,17.471278,5788.0,0.98,1.03,too_hot
683,Prevalence baseline,0.0762334329520871,0.0,0.5,15,0,HD 183579 b,HD 183579,Transit,0,17.471278,5788.0,0.98,1.03,too_hot
719,Additive logistic,0.0006907029703089933,0.0,0.2382182789919275,15,0,HD 202772 A b,HD 202772 A,Transit,0,3.308958,6272.0,2.59,1.72,too_hot
719,Interaction logistic,0.00030478897352130004,0.0,0.26198077156212757,15,0,HD 202772 A b,HD 202772 A,Transit,0,3.308958,6272.0,2.59,1.72,too_hot
719,Prevalence baseline,0.07656695695583403,0.0,0.5,15,0,HD 202772 A b,HD 202772 A,Transit,0,3.308958,6272.0,2.59,1.72,too_hot
736,Additive logistic,0.03645194874145054,0.0,0.24023883774172863,15,0,HD 207897 b,HD 207897,Transit,0,16.202159,5070.0,0.78,0.8,too_hot
736,Interaction logistic,0.03394577394972162,0.0,0.2590086742887963,15,0,HD 207897 b,HD 207897,Transit,0,16.202159,5070.0,0.78,0.8,too_hot
736,Prevalence baseline,0.0761748390984224,0.0,0.5,15,0,HD 207897 b,HD 207897,Transit,0,16.202159,5070.0,0.78,0.8,too_hot
749,Additive logistic,0.11326837385574724,0.0,0.2226529021132592,15,0,HD 211403 b,HD 211403,Radial Velocity,0,223.8,6273.0,1.21,1.2,too_hot
749,Interaction logistic,0.17672703771935852,0.2,0.22015939832193457,15,0,HD 211403 b,HD 211403,Radial Velocity,0,223.8,6273.0,1.21,1.2,too_hot
749,Prevalence baseline,0.07603669888749817,0.0,0.5,15,0,HD 211403 b,HD 211403,Radial Velocity,0,223.8,6273.0,1.21,1.2,too_hot
781,Additive logistic,0.003446423644287193,0.0,0.23579642655325517,15,0,HD 219134 b,HD 219134,Radial Velocity,0,3.092926,4699.0,0.78,0.81,too_hot
781,Interaction logistic,0.00258041008590442,0.0,0.24154813821418528,15,0,HD 219134 b,HD 219134,Radial Velocity,0,3.092926,4699.0,0.78,0.81,too_hot
781,Prevalence baseline,0.07705335324185757,0.0,0.5,15,0,HD 219134 b,HD 219134,Radial Velocity,0,3.092926,4699.0,0.78,0.81,too_hot
782,Additive logistic,0.015236897708136273,0.0,0.23579642655325517,15,0,HD 219134 c,HD 219134,Radial Velocity,0,6.76458,4699.0,0.78,0.81,too_hot
782,Interaction logistic,0.013045736924683514,0.0,0.24154813821418528,15,0,HD 219134 c,HD 219134,Radial Velocity,0,6.76458,4699.0,0.78,0.81,too_hot
782,Prevalence baseline,0.07705335324185757,0.0,0.5,15,0,HD 219134 c,HD 219134,Radial Velocity,0,6.76458,4699.0,0.78,0.81,too_hot
783,Additive logistic,0.18898266039745018,0.13333333333333333,0.23579642655325517,15,0,HD 219134 d,HD 219134,Radial Velocity,0,46.859,4699.0,0.78,0.81,too_hot
783,Interaction logistic,0.18560495280176045,0.06666666666666667,0.24154813821418528,15,0,HD 219134 d,HD 219134,Radial Velocity,0,46.859,4699.0,0.78,0.81,too_hot
783,Prevalence baseline,0.07705335324185757,0.0,0.5,15,0,HD 219134 d,HD 219134,Radial Velocity,0,46.859,4699.0,0.78,0.81,too_hot
784,Additive logistic,0.0908285330984439,0.0,0.23579642655325517,15,0,HD 219134 f,HD 219134,Radial Velocity,0,22.717,4699.0,0.78,0.81,too_hot
784,Interaction logistic,0.08743177442895791,0.0,0.24154813821418528,15,0,HD 219134 f,HD 219134,Radial Velocity,0,22.717,4699.0,0.78,0.81,too_hot
784,Prevalence baseline,0.07705335324185757,0.0,0.5,15,0,HD 219134 f,HD 219134,Radial Velocity,0,22.717,4699.0,0.78,0.81,too_hot
805,Additive logistic,0.014296639733153047,0.0,0.22335939784075007,15,0,HD 22496 b,HD 22496,Radial Velocity,0,5.09071,4385.0,0.67,0.68,too_hot
805,Interaction logistic,0.012553884403238406,0.0,0.23528879558422658,15,0,HD 22496 b,HD 22496,Radial Velocity,0,5.09071,4385.0,0.67,0.68,too_hot
805,Prevalence baseline,0.07556703086032125,0.0,0.5,15,0,HD 22496 b,HD 22496,Radial Velocity,0,5.09071,4385.0,0.67,0.68,too_hot
815,Additive logistic,0.12774776085018752,0.0,0.25118565167359247,15,0,HD 238090 b,HD 238090,Radial Velocity,0,13.671,3933.0,0.57,0.58,too_hot
815,Interaction logistic,0.12550870564887256,0.0,0.24972435349147198,15,0,HD 238090 b,HD 238090,Radial Velocity,0,13.671,3933.0,0.57,0.58,too_hot
815,Prevalence baseline,0.07584497374242337,0.0,0.5,15,0,HD 238090 b,HD 238090,Radial Velocity,0,13.671,3933.0,0.57,0.58,too_hot
835,Additive logistic,0.12581728221496366,0.06666666666666667,0.24421534881177856,15,0,HD 27969 b,HD 27969,Radial Velocity,1,654.5,5966.0,1.27,1.16,habitable_zone
835,Interaction logistic,0.15087483246777128,0.0,0.25414634621139864,15,0,HD 27969 b,HD 27969,Radial Velocity,1,654.5,5966.0,1.27,1.16,habitable_zone
835,Prevalence baseline,0.07549523982224866,0.0,0.5,15,0,HD 27969 b,HD 27969,Radial Velocity,1,654.5,5966.0,1.27,1.16,habitable_zone
856,Additive logistic,0.011178313795285161,0.0,0.23514106901260484,15,0,HD 3167 d,HD 3167,Transit,0,8.509,5261.0,0.86,0.86,too_hot
856,Interaction logistic,0.009111247144582973,0.0,0.22523764885315795,15,0,HD 3167 d,HD 3167,Transit,0,8.509,5261.0,0.86,0.86,too_hot
856,Prevalence baseline,0.07667520714692708,0.0,0.5,15,0,HD 3167 d,HD 3167,Transit,0,8.509,5261.0,0.86,0.86,too_hot
863,Additive logistic,0.015028201393286046,0.0,0.2579362620763076,15,0,HD 332231 b,HD 332231,Transit,0,18.71204,6089.0,1.28,1.13,too_hot
863,Interaction logistic,0.013918946229639406,0.0,0.2308609553341032,15,0,HD 332231 b,HD 332231,Transit,0,18.71204,6089.0,1.28,1.13,too_hot
863,Prevalence baseline,0.07591126802238937,0.0,0.5,15,0,HD 332231 b,HD 332231,Transit,0,18.71204,6089.0,1.28,1.13,too_hot
905,Additive logistic,0.15010658793540674,0.2,0.22959025371170888,15,0,HD 42618 b,HD 42618,Radial Velocity,0,149.61,5727.0,1.0,1.01,too_hot
905,Interaction logistic,0.1802422601814125,0.2,0.2557196346369599,15,0,HD 42618 b,HD 42618,Radial Velocity,0,149.61,5727.0,1.0,1.01,too_hot
905,Prevalence baseline,0.07541913311444368,0.0,0.5,15,0,HD 42618 b,HD 42618,Radial Velocity,0,149.61,5727.0,1.0,1.01,too_hot
935,Additive logistic,0.009057342963749567,0.0,0.23709604320047603,15,0,HD 5278 b,HD 5278,Transit,0,14.339156,6203.0,1.19,1.13,too_hot
935,Interaction logistic,0.00769640899433158,0.0,0.23449159685842894,15,0,HD 5278 b,HD 5278,Transit,0,14.339156,6203.0,1.19,1.13,too_hot
935,Prevalence baseline,0.0761940438505615,0.0,0.5,15,0,HD 5278 b,HD 5278,Transit,0,14.339156,6203.0,1.19,1.13,too_hot
953,Additive logistic,0.0092562822925156,0.0,0.2372901145447008,15,0,HD 63935 b,HD 63935,Transit,0,9.058811,5534.0,0.96,0.93,too_hot
953,Interaction logistic,0.007355696145644406,0.0,0.22999881821572393,15,0,HD 63935 b,HD 63935,Transit,0,9.058811,5534.0,0.96,0.93,too_hot
953,Prevalence baseline,0.0769862513480524,0.0,0.5,15,0,HD 63935 b,HD 63935,Transit,0,9.058811,5534.0,0.96,0.93,too_hot
954,Additive logistic,0.0329589958927351,0.0,0.2372901145447008,15,0,HD 63935 c,HD 63935,Radial Velocity,0,21.4023,5534.0,0.96,0.93,too_hot
954,Interaction logistic,0.03145846318388155,0.0,0.22999881821572393,15,0,HD 63935 c,HD 63935,Radial Velocity,0,21.4023,5534.0,0.96,0.93,too_hot
954,Prevalence baseline,0.0769862513480524,0.0,0.5,15,0,HD 63935 c,HD 63935,Radial Velocity,0,21.4023,5534.0,0.96,0.93,too_hot
992,Additive logistic,0.034663319571662125,0.0,0.20651133430106988,15,0,HD 7924 c,HD 7924,Radial Velocity,0,15.299,5075.0,0.78,0.83,too_hot
992,Interaction logistic,0.031459009080465186,0.0,0.23849376845238185,15,0,HD 7924 c,HD 7924,Radial Velocity,0,15.299,5075.0,0.78,0.83,too_hot
992,Prevalence baseline,0.07741257952747745,0.0,0.5,15,0,HD 7924 c,HD 7924,Radial Velocity,0,15.299,5075.0,0.78,0.83,too_hot
993,Additive logistic,0.06390020623185635,0.0,0.20651133430106988,15,0,HD 7924 d,HD 7924,Radial Velocity,0,24.451,5075.0,0.78,0.83,too_hot
993,Interaction logistic,0.06158829433988698,0.0,0.23849376845238185,15,0,HD 7924 d,HD 7924,Radial Velocity,0,24.451,5075.0,0.78,0.83,too_hot
993,Prevalence baseline,0.07741257952747745,0.0,0.5,15,0,HD 7924 d,HD 7924,Radial Velocity,0,24.451,5075.0,0.78,0.83,too_hot
997,Additive logistic,0.1979398754762744,0.4666666666666667,0.23254716409374498,15,0,HD 80869 b,HD 80869,Radial Velocity,0,1711.7,5837.0,1.06,1.08,too_cold
997,Interaction logistic,0.2450415170004899,0.6666666666666666,0.241394715626298,15,1,HD 80869 b,HD 80869,Radial Velocity,0,1711.7,5837.0,1.06,1.08,too_cold
997,Prevalence baseline,0.0753488341870842,0.0,0.5,15,0,HD 80869 b,HD 80869,Radial Velocity,0,1711.7,5837.0,1.06,1.08,too_cold
1038,Additive logistic,0.12575367554172603,0.0,0.24930360341433977,15,0,HD 95338 b,HD 95338,Radial Velocity,0,55.087,5212.0,0.87,0.83,too_hot
1038,Interaction logistic,0.13159116501623858,0.0,0.24263742604114422,15,0,HD 95338 b,HD 95338,Radial Velocity,0,55.087,5212.0,0.87,0.83,too_hot
1038,Prevalence baseline,0.07600403274781826,0.0,0.5,15,0,HD 95338 b,HD 95338,Radial Velocity,0,55.087,5212.0,0.87,0.83,too_hot
1039,Additive logistic,0.20545798682494745,0.3333333333333333,0.2518602698003649,15,0,HD 95544 b,HD 95544,Radial Velocity,0,2172.0,5722.0,1.09,1.09,too_cold
1039,Interaction logistic,0.23010466261558823,0.4666666666666667,0.255651237716002,15,0,HD 95544 b,HD 95544,Radial Velocity,0,2172.0,5722.0,1.09,1.09,too_cold
1039,Prevalence baseline,0.07471068443342556,0.0,0.5,15,0,HD 95544 b,HD 95544,Radial Velocity,0,2172.0,5722.0,1.09,1.09,too_cold
1088,Additive logistic,0.0003172731689413867,0.0,0.21499850182826416,15,0,HIP 65 A b,HIP 65 A,Transit,0,0.9809734,4590.0,0.72,0.78,too_hot
1088,Interaction logistic,0.00017473000872060668,0.0,0.22937740493005304,15,0,HIP 65 A b,HIP 65 A,Transit,0,0.9809734,4590.0,0.72,0.78,too_hot
1088,Prevalence baseline,0.07652474187908642,0.0,0.5,15,0,HIP 65 A b,HIP 65 A,Transit,0,0.9809734,4590.0,0.72,0.78,too_hot
1114,Additive logistic,0.0008303056138691,0.0,0.24179322925917465,15,0,HR 858 b,HR 858,Transit,0,3.58599,6201.0,1.31,1.15,too_hot
1114,Interaction logistic,0.00042938137355667333,0.0,0.2509851847035736,15,0,HR 858 b,HR 858,Transit,0,3.58599,6201.0,1.31,1.15,too_hot
1114,Prevalence baseline,0.07600995589980349,0.0,0.5,15,0,HR 858 b,HR 858,Transit,0,3.58599,6201.0,1.31,1.15,too_hot
1115,Additive logistic,0.0021769728031832466,0.0,0.24179322925917465,15,0,HR 858 c,HR 858,Transit,0,5.97293,6201.0,1.31,1.15,too_hot
1115,Interaction logistic,0.00136728433351302,0.0,0.2509851847035736,15,0,HR 858 c,HR 858,Transit,0,5.97293,6201.0,1.31,1.15,too_hot
1115,Prevalence baseline,0.07600995589980349,0.0,0.5,15,0,HR 858 c,HR 858,Transit,0,5.97293,6201.0,1.31,1.15,too_hot
1116,Additive logistic,0.006270072956696979,0.0,0.24179322925917465,15,0,HR 858 d,HR 858,Transit,0,11.23,6201.0,1.31,1.15,too_hot
1116,Interaction logistic,0.004890926907041767,0.0,0.2509851847035736,15,0,HR 858 d,HR 858,Transit,0,11.23,6201.0,1.31,1.15,too_hot
1116,Prevalence baseline,0.07600995589980349,0.0,0.5,15,0,HR 858 d,HR 858,Transit,0,11.23,6201.0,1.31,1.15,too_hot
1126,Additive logistic,0.00022064367069770665,0.0,0.23442143292109155,15,0,K2-100 b,K2-100,Transit,0,1.6739035,5945.0,1.24,1.15,too_hot
1126,Interaction logistic,7.616359482322237e-05,0.0,0.234140405484185,15,0,K2-100 b,K2-100,Transit,0,1.6739035,5945.0,1.24,1.15,too_hot
1126,Prevalence baseline,0.0763923359991623,0.0,0.5,15,0,K2-100 b,K2-100,Transit,0,1.6739035,5945.0,1.24,1.15,too_hot
1140,Additive logistic,0.012175163022999792,0.0,0.25055227110814704,15,0,K2-116 b,K2-116,Transit,0,4.655411,4348.35,0.67,0.69,too_hot
1140,Interaction logistic,0.0109552697200055,0.0,0.2624528241978947,15,0,K2-116 b,K2-116,Transit,0,4.655411,4348.35,0.67,0.69,too_hot
1140,Prevalence baseline,0.07515760410730864,0.0,0.5,15,0,K2-116 b,K2-116,Transit,0,4.655411,4348.35,0.67,0.69,too_hot
1143,Additive logistic,0.19064160921612544,0.3333333333333333,0.23207732468478906,15,0,K2-118 b,K2-118,Transit,0,50.92092,4726.29,0.73,0.76,too_hot
1143,Interaction logistic,0.1900344958222309,0.2,0.2250331913818581,15,0,K2-118 b,K2-118,Transit,0,50.92092,4726.29,0.73,0.76,too_hot
1143,Prevalence baseline,0.07626021534530648,0.0,0.5,15,0,K2-118 b,K2-118,Transit,0,50.92092,4726.29,0.73,0.76,too_hot
1146,Additive logistic,0.043322790387441974,0.0,0.22005272936528478,15,0,K2-120 b,K2-120,Transit,0,9.562742,4349.9,0.67,0.69,too_hot
1146,Interaction logistic,0.040811020208542555,0.0,0.2496929118684881,15,0,K2-120 b,K2-120,Transit,0,9.562742,4349.9,0.67,0.69,too_hot
1146,Prevalence baseline,0.0763137703091503,0.0,0.5,15,0,K2-120 b,K2-120,Transit,0,9.562742,4349.9,0.67,0.69,too_hot
1151,Additive logistic,0.31645846465005767,0.8666666666666667,0.24493172371564725,15,1,K2-125 b,K2-125,Transit,0,21.750264,3654.47,0.4,0.49,too_hot
1151,Interaction logistic,0.3076979089732499,0.8,0.24700065386836992,15,1,K2-125 b,K2-125,Transit,0,21.750264,3654.47,0.4,0.49,too_hot
1151,Prevalence baseline,0.07695712714654898,0.0,0.5,15,0,K2-125 b,K2-125,Transit,0,21.750264,3654.47,0.4,0.49,too_hot
1154,Additive logistic,0.014871629901146953,0.0,0.24479254609343795,15,0,K2-128 b,K2-128,Transit,0,5.675819,4469.51,0.78,0.71,too_hot
1154,Interaction logistic,0.013125227181416938,0.0,0.23537988884984198,15,0,K2-128 b,K2-128,Transit,0,5.675819,4469.51,0.78,0.71,too_hot
1154,Prevalence baseline,0.07732389712887223,0.0,0.5,15,0,K2-128 b,K2-128,Transit,0,5.675819,4469.51,0.78,0.71,too_hot
1155,Additive logistic,0.13184032414553465,0.0,0.2550997933419559,15,0,K2-129 b,K2-129,Transit,0,8.239493,3459.09,0.36,0.36,too_hot
1155,Interaction logistic,0.13983201964738817,0.0,0.28275054710805864,15,0,K2-129 b,K2-129,Transit,0,8.239493,3459.09,0.36,0.36,too_hot
1155,Prevalence baseline,0.07548634339918654,0.0,0.5,15,0,K2-129 b,K2-129,Transit,0,8.239493,3459.09,0.36,0.36,too_hot
1157,Additive logistic,0.0036279164535690197,0.0,0.2447467780451424,15,0,K2-130 b,K2-130,Transit,0,2.49412,4356.47,0.74,0.7,too_hot
1157,Interaction logistic,0.0027401715949810133,0.0,0.2569144311221161,15,0,K2-130 b,K2-130,Transit,0,2.49412,4356.47,0.74,0.7,too_hot
1157,Prevalence baseline,0.07666317701476202,0.0,0.5,15,0,K2-130 b,K2-130,Transit,0,2.49412,4356.47,0.74,0.7,too_hot
1163,Additive logistic,0.3681501225470917,1.0,0.23412080609154204,15,1,K2-133 e,K2-133,Transit,0,26.5841,3655.0,0.46,0.46,too_hot
1163,Interaction logistic,0.35439249291373776,1.0,0.24689148081184978,15,1,K2-133 e,K2-133,Transit,0,26.5841,3655.0,0.46,0.46,too_hot
1163,Prevalence baseline,0.0767342448630412,0.0,0.5,15,0,K2-133 e,K2-133,Transit,0,26.5841,3655.0,0.46,0.46,too_hot
1176,Additive logistic,0.00477221964578346,0.0,0.26504492404022373,15,0,K2-140 b,K2-140,Transit,0,6.569188,5585.0,1.06,0.96,too_hot
1176,Interaction logistic,0.00353007152897492,0.0,0.24729127185363334,15,0,K2-140 b,K2-140,Transit,0,6.569188,5585.0,1.06,0.96,too_hot
1176,Prevalence baseline,0.07631312591967392,0.0,0.5,15,0,K2-140 b,K2-140,Transit,0,6.569188,5585.0,1.06,0.96,too_hot
1181,Additive logistic,0.0009569930302603266,0.0,0.24102726430411806,15,0,K2-147 b,K2-147,Transit,0,0.961917,3672.0,0.55,0.58,too_hot
1181,Interaction logistic,0.0009678803746806466,0.0,0.24324392038146017,15,0,K2-147 b,K2-147,Transit,0,0.961917,3672.0,0.55,0.58,too_hot
1181,Prevalence baseline,0.07640503439088464,0.0,0.5,15,0,K2-147 b,K2-147,Transit,0,0.961917,3672.0,0.55,0.58,too_hot
1182,Additive logistic,0.01627217275710574,0.0,0.23521129526913684,15,0,K2-148 b,K2-148,Transit,0,4.38395,4079.0,0.63,0.65,too_hot
1182,Interaction logistic,0.01535711779708608,0.0,0.25597407266676986,15,0,K2-148 b,K2-148,Transit,0,4.38395,4079.0,0.63,0.65,too_hot
1182,Prevalence baseline,0.0777748849818512,0.0,0.5,15,0,K2-148 b,K2-148,Transit,0,4.38395,4079.0,0.63,0.65,too_hot
1183,Additive logistic,0.03697443060672113,0.0,0.23521129526913684,15,0,K2-148 c,K2-148,Transit,0,6.9226,4079.0,0.63,0.65,too_hot
1183,Interaction logistic,0.03579240141146358,0.0,0.25597407266676986,15,0,K2-148 c,K2-148,Transit,0,6.9226,4079.0,0.63,0.65,too_hot
1183,Prevalence baseline,0.0777748849818512,0.0,0.5,15,0,K2-148 c,K2-148,Transit,0,6.9226,4079.0,0.63,0.65,too_hot
1184,Additive logistic,0.06426009812717329,0.0,0.23521129526913684,15,0,K2-148 d,K2-148,Transit,0,9.7579,4079.0,0.63,0.65,too_hot
1184,Interaction logistic,0.06276752100480675,0.0,0.25597407266676986,15,0,K2-148 d,K2-148,Transit,0,9.7579,4079.0,0.63,0.65,too_hot
1184,Prevalence baseline,0.0777748849818512,0.0,0.5,15,0,K2-148 d,K2-148,Transit,0,9.7579,4079.0,0.63,0.65,too_hot
1185,Additive logistic,0.13351943092942473,0.0,0.2491054068096029,15,0,K2-149 b,K2-149,Transit,0,11.332,3745.0,0.57,0.59,too_hot
1185,Interaction logistic,0.1353239760696426,0.0,0.24886299621783498,15,0,K2-149 b,K2-149,Transit,0,11.332,3745.0,0.57,0.59,too_hot
1185,Prevalence baseline,0.07777257669787994,0.0,0.5,15,0,K2-149 b,K2-149,Transit,0,11.332,3745.0,0.57,0.59,too_hot
1187,Additive logistic,0.17330691950739457,0.0,0.2373756342860958,15,0,K2-150 b,K2-150,Transit,0,10.59357,3499.0,0.44,0.46,too_hot
1187,Interaction logistic,0.1809642508876728,0.0,0.23893056369966195,15,0,K2-150 b,K2-150,Transit,0,10.59357,3499.0,0.44,0.46,too_hot
1187,Prevalence baseline,0.07535273414758985,0.0,0.5,15,0,K2-150 b,K2-150,Transit,0,10.59357,3499.0,0.44,0.46,too_hot
1201,Additive logistic,0.017610188155635843,0.0,0.23496907855130178,15,0,K2-16 b,K2-16,Transit,0,7.6188,4742.0,0.66,0.68,too_hot
1201,Interaction logistic,0.014978754402122714,0.0,0.23446130123298717,15,0,K2-16 b,K2-16,Transit,0,7.6188,4742.0,0.66,0.68,too_hot
1201,Prevalence baseline,0.07691833117474504,0.0,0.5,15,0,K2-16 b,K2-16,Transit,0,7.6188,4742.0,0.66,0.68,too_hot
1202,Additive logistic,0.06926864698800098,0.0,0.23496907855130178,15,0,K2-16 c,K2-16,Transit,0,19.07863,4742.0,0.66,0.68,too_hot
1202,Interaction logistic,0.06547806230943025,0.0,0.23446130123298717,15,0,K2-16 c,K2-16,Transit,0,19.07863,4742.0,0.66,0.68,too_hot
1202,Prevalence baseline,0.07691833117474504,0.0,0.5,15,0,K2-16 c,K2-16,Transit,0,19.07863,4742.0,0.66,0.68,too_hot
1248,Additive logistic,0.007761585177237694,0.0,0.231415840384445,15,0,K2-19 b,K2-19,Transit,0,7.9194,5430.0,0.86,0.93,too_hot
1248,Interaction logistic,0.006180020687404833,0.0,0.24157998051724236,15,0,K2-19 b,K2-19,Transit,0,7.9194,5430.0,0.86,0.93,too_hot
1248,Prevalence baseline,0.07687670528645431,0.0,0.5,15,0,K2-19 b,K2-19,Transit,0,7.9194,5430.0,0.86,0.93,too_hot
1249,Additive logistic,0.014822677014616193,0.0,0.231415840384445,15,0,K2-19 c,K2-19,Transit,0,11.90715,5430.0,0.86,0.93,too_hot
1249,Interaction logistic,0.012859065203840598,0.0,0.24157998051724236,15,0,K2-19 c,K2-19,Transit,0,11.90715,5430.0,0.86,0.93,too_hot
1249,Prevalence baseline,0.07687670528645431,0.0,0.5,15,0,K2-19 c,K2-19,Transit,0,11.90715,5430.0,0.86,0.93,too_hot
1250,Additive logistic,0.0008981374369519333,0.0,0.231415840384445,15,0,K2-19 d,K2-19,Transit,0,2.50856,5430.0,0.86,0.93,too_hot
1250,Interaction logistic,0.0005285024383099333,0.0,0.24157998051724236,15,0,K2-19 d,K2-19,Transit,0,2.50856,5430.0,0.86,0.93,too_hot
1250,Prevalence baseline,0.07687670528645431,0.0,0.5,15,0,K2-19 d,K2-19,Transit,0,2.50856,5430.0,0.86,0.93,too_hot
1277,Additive logistic,0.04908490644032872,0.0,0.24220584786940128,15,0,K2-21 b,K2-21,Transit,0,9.325038,4222.06,0.65,0.68,too_hot
1277,Interaction logistic,0.047001566854546845,0.0,0.27205997901317713,15,0,K2-21 b,K2-21,Transit,0,9.325038,4222.06,0.65,0.68,too_hot
1277,Prevalence baseline,0.07657528923285044,0.0,0.5,15,0,K2-21 b,K2-21,Transit,0,9.325038,4222.06,0.65,0.68,too_hot
1278,Additive logistic,0.10103891260938444,0.0,0.24220584786940128,15,0,K2-21 c,K2-21,Transit,0,15.50192,4222.06,0.65,0.68,too_hot
1278,Interaction logistic,0.09799436736513172,0.0,0.27205997901317713,15,0,K2-21 c,K2-21,Transit,0,15.50192,4222.06,0.65,0.68,too_hot
1278,Prevalence baseline,0.07657528923285044,0.0,0.5,15,0,K2-21 c,K2-21,Transit,0,15.50192,4222.06,0.65,0.68,too_hot
1285,Additive logistic,0.00210473883884446,0.0,0.2353047776757756,15,0,K2-216 b,K2-216,Transit,0,2.1748,4503.0,0.72,0.7,too_hot
1285,Interaction logistic,0.0015205627221109132,0.0,0.240875229653594,15,0,K2-216 b,K2-216,Transit,0,2.1748,4503.0,0.72,0.7,too_hot
1285,Prevalence baseline,0.07754393853316607,0.0,0.5,15,0,K2-216 b,K2-216,Transit,0,2.1748,4503.0,0.72,0.7,too_hot
1343,Additive logistic,0.1787340407256493,0.0,0.2673478891791011,15,0,K2-26 b,K2-26,Transit,0,14.5665,3785.0,0.52,0.56,too_hot
1343,Interaction logistic,0.17812626564632528,0.0,0.2629916932361886,15,0,K2-26 b,K2-26,Transit,0,14.5665,3785.0,0.52,0.56,too_hot
1343,Prevalence baseline,0.07760927097466089,0.0,0.5,15,0,K2-26 b,K2-26,Transit,0,14.5665,3785.0,0.52,0.56,too_hot
1350,Additive logistic,0.0001629603673735192,0.0,0.2339884003812522,15,0,K2-266 b,K2-266,Transit,0,0.658524,4285.0,0.7,0.69,too_hot
1350,Interaction logistic,9.504225667797223e-05,0.0,0.25094877744529265,15,0,K2-266 b,K2-266,Transit,0,0.658524,4285.0,0.7,0.69,too_hot
1350,Prevalence baseline,0.07578272724734937,0.0,0.5,15,0,K2-266 b,K2-266,Transit,0,0.658524,4285.0,0.7,0.69,too_hot
1351,Additive logistic,0.033812518850891524,0.0,0.2339884003812522,15,0,K2-266 c,K2-266,Transit,0,7.814,4285.0,0.7,0.69,too_hot
1351,Interaction logistic,0.03131634018594279,0.0,0.25094877744529265,15,0,K2-266 c,K2-266,Transit,0,7.814,4285.0,0.7,0.69,too_hot
1351,Prevalence baseline,0.07578272724734937,0.0,0.5,15,0,K2-266 c,K2-266,Transit,0,7.814,4285.0,0.7,0.69,too_hot
1352,Additive logistic,0.08729751305635555,0.0,0.2339884003812522,15,0,K2-266 d,K2-266,Transit,0,14.697,4285.0,0.7,0.69,too_hot
1352,Interaction logistic,0.08355034521691147,0.0,0.25094877744529265,15,0,K2-266 d,K2-266,Transit,0,14.697,4285.0,0.7,0.69,too_hot
1352,Prevalence baseline,0.07578272724734937,0.0,0.5,15,0,K2-266 d,K2-266,Transit,0,14.697,4285.0,0.7,0.69,too_hot
1353,Additive logistic,0.12480752127558047,0.0,0.2339884003812522,15,0,K2-266 e,K2-266,Transit,0,19.482,4285.0,0.7,0.69,too_hot
1353,Interaction logistic,0.11994474208761864,0.0,0.25094877744529265,15,0,K2-266 e,K2-266,Transit,0,19.482,4285.0,0.7,0.69,too_hot
1353,Prevalence baseline,0.07578272724734937,0.0,0.5,15,0,K2-266 e,K2-266,Transit,0,19.482,4285.0,0.7,0.69,too_hot
1360,Additive logistic,0.007514146365196193,0.0,0.22865742396282235,15,0,K2-27 b,K2-27,Transit,0,6.771315,5248.0,0.89,0.87,too_hot
1360,Interaction logistic,0.005776798130551747,0.0,0.24769408500938642,15,0,K2-27 b,K2-27,Transit,0,6.771315,5248.0,0.89,0.87,too_hot
1360,Prevalence baseline,0.07525021554634358,0.0,0.5,15,0,K2-27 b,K2-27,Transit,0,6.771315,5248.0,0.89,0.87,too_hot
1378,Additive logistic,0.018248645329362254,0.0,0.2305807371552201,15,0,K2-284 b,K2-284,Transit,0,4.795069,4140.0,0.61,0.63,too_hot
1378,Interaction logistic,0.016844973618894508,0.0,0.24864096000428215,15,0,K2-284 b,K2-284,Transit,0,4.795069,4140.0,0.61,0.63,too_hot
1378,Prevalence baseline,0.0754371915919309,0.0,0.5,15,0,K2-284 b,K2-284,Transit,0,4.795069,4140.0,0.61,0.63,too_hot
1379,Additive logistic,0.002878655979383113,0.0,0.23306115353883683,15,0,K2-285 b,K2-285,Transit,0,3.471745,4975.0,0.79,0.83,too_hot
1379,Interaction logistic,0.00215960841000674,0.0,0.2317185505288682,15,0,K2-285 b,K2-285,Transit,0,3.471745,4975.0,0.79,0.83,too_hot
1379,Prevalence baseline,0.07625457447728422,0.0,0.5,15,0,K2-285 b,K2-285,Transit,0,3.471745,4975.0,0.79,0.83,too_hot
1380,Additive logistic,0.01103760650568092,0.0,0.23306115353883683,15,0,K2-285 c,K2-285,Transit,0,7.138048,4975.0,0.79,0.83,too_hot
1380,Interaction logistic,0.009432242010277968,0.0,0.2317185505288682,15,0,K2-285 c,K2-285,Transit,0,7.138048,4975.0,0.79,0.83,too_hot
1380,Prevalence baseline,0.07625457447728422,0.0,0.5,15,0,K2-285 c,K2-285,Transit,0,7.138048,4975.0,0.79,0.83,too_hot
1381,Additive logistic,0.020714571303205802,0.0,0.23306115353883683,15,0,K2-285 d,K2-285,Transit,0,10.45582,4975.0,0.79,0.83,too_hot
1381,Interaction logistic,0.018694205050698586,0.0,0.2317185505288682,15,0,K2-285 d,K2-285,Transit,0,10.45582,4975.0,0.79,0.83,too_hot
1381,Prevalence baseline,0.07625457447728422,0.0,0.5,15,0,K2-285 d,K2-285,Transit,0,10.45582,4975.0,0.79,0.83,too_hot
1382,Additive logistic,0.03474242776733204,0.0,0.23306115353883683,15,0,K2-285 e,K2-285,Transit,0,14.76289,4975.0,0.79,0.83,too_hot
1382,Interaction logistic,0.03265399212335114,0.0,0.2317185505288682,15,0,K2-285 e,K2-285,Transit,0,14.76289,4975.0,0.79,0.83,too_hot
1382,Prevalence baseline,0.07625457447728422,0.0,0.5,15,0,K2-285 e,K2-285,Transit,0,14.76289,4975.0,0.79,0.83,too_hot
1390,Additive logistic,0.0006528361322718,0.0,0.24487337314445173,15,0,K2-291 b,K2-291,Transit,0,2.225177,5520.0,0.9,0.93,too_hot
1390,Interaction logistic,0.00031692914585064664,0.0,0.24256561461902948,15,0,K2-291 b,K2-291,Transit,0,2.225177,5520.0,0.9,0.93,too_hot
1390,Prevalence baseline,0.07631919838966515,0.0,0.5,15,0,K2-291 b,K2-291,Transit,0,2.225177,5520.0,0.9,0.93,too_hot
1391,Additive logistic,0.020522135305653964,0.0,0.22434296736135248,15,0,K2-292 b,K2-292,Transit,0,16.9841,5725.0,1.09,1.0,too_hot
1391,Interaction logistic,0.018530194540159115,0.0,0.22176565730833744,15,0,K2-292 b,K2-292,Transit,0,16.9841,5725.0,1.09,1.0,too_hot
1391,Prevalence baseline,0.07617850532020748,0.0,0.5,15,0,K2-292 b,K2-292,Transit,0,16.9841,5725.0,1.09,1.0,too_hot
1401,Additive logistic,0.030259886374603646,0.0,0.24293485732572595,15,0,K2-315 b,K2-315,Transit,0,3.1443189,3300.0,0.2,0.17,too_hot
1401,Interaction logistic,0.03793232954970112,0.0,0.23378015077431408,15,0,K2-315 b,K2-315,Transit,0,3.1443189,3300.0,0.2,0.17,too_hot
1401,Prevalence baseline,0.07786138551002643,0.0,0.5,15,0,K2-315 b,K2-315,Transit,0,3.1443189,3300.0,0.2,0.17,too_hot
1418,Additive logistic,0.018712362261421225,0.0,0.2523910153242637,15,0,K2-329 b,K2-329,Transit,0,12.4551225,5282.0,0.82,0.9,too_hot
1418,Interaction logistic,0.01663981425800922,0.0,0.2713559308084522,15,0,K2-329 b,K2-329,Transit,0,12.4551225,5282.0,0.82,0.9,too_hot
1418,Prevalence baseline,0.07611741100223401,0.0,0.5,15,0,K2-329 b,K2-329,Transit,0,12.4551225,5282.0,0.82,0.9,too_hot
1444,Additive logistic,0.0029918623830321265,0.0,0.24325257516503715,15,0,K2-35 b,K2-35,Transit,0,2.399964,4402.71,0.62,0.7,too_hot
1444,Interaction logistic,0.0023748909854589867,0.0,0.23364013363605796,15,0,K2-35 b,K2-35,Transit,0,2.399964,4402.71,0.62,0.7,too_hot
1444,Prevalence baseline,0.07539795804560365,0.0,0.5,15,0,K2-35 b,K2-35,Transit,0,2.399964,4402.71,0.62,0.7,too_hot
1445,Additive logistic,0.01612032515391056,0.0,0.24325257516503715,15,0,K2-35 c,K2-35,Transit,0,5.608352,4402.71,0.62,0.7,too_hot
1445,Interaction logistic,0.014368306957241134,0.0,0.23364013363605796,15,0,K2-35 c,K2-35,Transit,0,5.608352,4402.71,0.62,0.7,too_hot
1445,Prevalence baseline,0.07539795804560365,0.0,0.5,15,0,K2-35 c,K2-35,Transit,0,5.608352,4402.71,0.62,0.7,too_hot
1458,Additive logistic,0.0005360135326000066,0.0,0.21401007026411892,15,0,K2-36 b,K2-36,Transit,0,1.422614,4916.0,0.72,0.79,too_hot
1458,Interaction logistic,0.00026007723934404664,0.0,0.21141337543020575,15,0,K2-36 b,K2-36,Transit,0,1.422614,4916.0,0.72,0.79,too_hot
1458,Prevalence baseline,0.07515737580572956,0.0,0.5,15,0,K2-36 b,K2-36,Transit,0,1.422614,4916.0,0.72,0.79,too_hot
1459,Additive logistic,0.00791066068306864,0.0,0.21401007026411892,15,0,K2-36 c,K2-36,Transit,0,5.340888,4916.0,0.72,0.79,too_hot
1459,Interaction logistic,0.005870347084877773,0.0,0.21141337543020575,15,0,K2-36 c,K2-36,Transit,0,5.340888,4916.0,0.72,0.79,too_hot
1459,Prevalence baseline,0.07515737580572956,0.0,0.5,15,0,K2-36 c,K2-36,Transit,0,5.340888,4916.0,0.72,0.79,too_hot
1460,Additive logistic,0.0029371323897026,0.0,0.23043856225205878,15,0,K2-37 b,K2-37,Transit,0,4.44117,5413.0,0.85,0.9,too_hot
1460,Interaction logistic,0.0018649193213124866,0.0,0.23749647877770866,15,0,K2-37 b,K2-37,Transit,0,4.44117,5413.0,0.85,0.9,too_hot
1460,Prevalence baseline,0.07710530248260787,0.0,0.5,15,0,K2-37 b,K2-37,Transit,0,4.44117,5413.0,0.85,0.9,too_hot
1461,Additive logistic,0.005805274919093753,0.0,0.23043856225205878,15,0,K2-37 c,K2-37,Transit,0,6.42904,5413.0,0.85,0.9,too_hot
1461,Interaction logistic,0.004135453940405234,0.0,0.23749647877770866,15,0,K2-37 c,K2-37,Transit,0,6.42904,5413.0,0.85,0.9,too_hot
1461,Prevalence baseline,0.07710530248260787,0.0,0.5,15,0,K2-37 c,K2-37,Transit,0,6.42904,5413.0,0.85,0.9,too_hot
1462,Additive logistic,0.020677954706127957,0.0,0.23043856225205878,15,0,K2-37 d,K2-37,Transit,0,14.09189,5413.0,0.85,0.9,too_hot
1462,Interaction logistic,0.018045625484274033,0.0,0.23749647877770866,15,0,K2-37 d,K2-37,Transit,0,14.09189,5413.0,0.85,0.9,too_hot
1462,Prevalence baseline,0.07710530248260787,0.0,0.5,15,0,K2-37 d,K2-37,Transit,0,14.09189,5413.0,0.85,0.9,too_hot
1464,Additive logistic,0.008753270282388786,0.0,0.24998287016700008,15,0,K2-38 c,K2-38,Transit,0,10.56103,5757.0,1.1,1.07,too_hot
1464,Interaction logistic,0.00700129634230444,0.0,0.2518193922774374,15,0,K2-38 c,K2-38,Transit,0,10.56103,5757.0,1.1,1.07,too_hot
1464,Prevalence baseline,0.07648287686165325,0.0,0.5,15,0,K2-38 c,K2-38,Transit,0,10.56103,5757.0,1.1,1.07,too_hot
1466,Additive logistic,0.07306638422827373,0.0,0.24381077763377867,15,0,K2-4 b,K2-4,Transit,0,10.003417,4014.73,0.57,0.64,too_hot
1466,Interaction logistic,0.07215002349648851,0.0,0.2539915565361481,15,0,K2-4 b,K2-4,Transit,0,10.003417,4014.73,0.57,0.64,too_hot
1466,Prevalence baseline,0.07677393773957934,0.0,0.5,15,0,K2-4 b,K2-4,Transit,0,10.003417,4014.73,0.57,0.64,too_hot
1467,Additive logistic,0.016551799157885592,0.0,0.2394565965292084,15,0,K2-42 b,K2-42,Transit,0,6.68796,4613.0,0.64,0.7,too_hot
1467,Interaction logistic,0.014252833709909953,0.0,0.2505815116219401,15,0,K2-42 b,K2-42,Transit,0,6.68796,4613.0,0.64,0.7,too_hot
1467,Prevalence baseline,0.07793813883630939,0.0,0.5,15,0,K2-42 b,K2-42,Transit,0,6.68796,4613.0,0.64,0.7,too_hot
1471,Additive logistic,0.00232687833446468,0.0,0.25465279556441994,15,0,K2-45 b,K2-45,Transit,0,1.7292684,4103.0,0.45,0.5,too_hot
1471,Interaction logistic,0.0019724301495062132,0.0,0.2699325774953627,15,0,K2-45 b,K2-45,Transit,0,1.7292684,4103.0,0.45,0.5,too_hot
1471,Prevalence baseline,0.0762679906236868,0.0,0.5,15,0,K2-45 b,K2-45,Transit,0,1.7292684,4103.0,0.45,0.5,too_hot
1472,Additive logistic,0.012671865042945407,0.0,0.25726539927570663,15,0,K2-46 b,K2-46,Transit,0,19.1541,6256.0,1.29,0.96,too_hot
1472,Interaction logistic,0.011718493580421254,0.0,0.2500829819864009,15,0,K2-46 b,K2-46,Transit,0,19.1541,6256.0,1.29,0.96,too_hot
1472,Prevalence baseline,0.0769356485180769,0.0,0.5,15,0,K2-46 b,K2-46,Transit,0,19.1541,6256.0,1.29,0.96,too_hot
1473,Additive logistic,0.08662366490634055,0.0,0.24273574479734186,15,0,K2-47 b,K2-47,Transit,0,31.6372,5054.0,0.76,0.75,too_hot
1473,Interaction logistic,0.08669167357414986,0.0,0.2530519021344215,15,0,K2-47 b,K2-47,Transit,0,31.6372,5054.0,0.76,0.75,too_hot
1473,Prevalence baseline,0.0765764073940123,0.0,0.5,15,0,K2-47 b,K2-47,Transit,0,31.6372,5054.0,0.76,0.75,too_hot
1474,Additive logistic,0.05954232423912155,0.0,0.22008943612179524,15,0,K2-48 b,K2-48,Transit,0,20.5065,4899.0,0.73,0.77,too_hot
1474,Interaction logistic,0.0568534408046731,0.0,0.24444687248079527,15,0,K2-48 b,K2-48,Transit,0,20.5065,4899.0,0.73,0.77,too_hot
1474,Prevalence baseline,0.07521043389854282,0.0,0.5,15,0,K2-48 b,K2-48,Transit,0,20.5065,4899.0,0.73,0.77,too_hot
1475,Additive logistic,0.0055974705599778464,0.0,0.24236424295241418,15,0,K2-49 b,K2-49,Transit,0,2.77065,4175.0,0.45,0.51,too_hot
1475,Interaction logistic,0.00492122883703036,0.0,0.23986040012235607,15,0,K2-49 b,K2-49,Transit,0,2.77065,4175.0,0.45,0.51,too_hot
1475,Prevalence baseline,0.07663181279806448,0.0,0.5,15,0,K2-49 b,K2-49,Transit,0,2.77065,4175.0,0.45,0.51,too_hot
1476,Additive logistic,0.03421941091232531,0.0,0.2545394478630404,15,0,K2-5 b,K2-5,Transit,0,5.73594,3930.0,0.57,0.61,too_hot
1476,Interaction logistic,0.033945211766849274,0.0,0.23325310630255144,15,0,K2-5 b,K2-5,Transit,0,5.73594,3930.0,0.57,0.61,too_hot
1476,Prevalence baseline,0.07648920992494639,0.0,0.5,15,0,K2-5 b,K2-5,Transit,0,5.73594,3930.0,0.57,0.61,too_hot
1477,Additive logistic,0.0950180600404896,0.0,0.2545394478630404,15,0,K2-5 c,K2-5,Transit,0,10.93241,3930.0,0.57,0.61,too_hot
1477,Interaction logistic,0.09448869919500455,0.0,0.23325310630255144,15,0,K2-5 c,K2-5,Transit,0,10.93241,3930.0,0.57,0.61,too_hot
1477,Prevalence baseline,0.07648920992494639,0.0,0.5,15,0,K2-5 c,K2-5,Transit,0,10.93241,3930.0,0.57,0.61,too_hot
1478,Additive logistic,0.0376488682828066,0.0,0.2547615954517695,15,0,K2-50 b,K2-50,Transit,0,8.7529,4326.0,0.55,0.61,too_hot
1478,Interaction logistic,0.0348582827002092,0.0,0.23859955113631995,15,0,K2-50 b,K2-50,Transit,0,8.7529,4326.0,0.55,0.61,too_hot
1478,Prevalence baseline,0.07503956310305457,0.0,0.5,15,0,K2-50 b,K2-50,Transit,0,8.7529,4326.0,0.55,0.61,too_hot
1481,Additive logistic,0.09670403463789098,0.0,0.23033481578372866,15,0,K2-54 b,K2-54,Transit,0,9.7843,3798.0,0.38,0.42,too_hot
1481,Interaction logistic,0.0980261674521008,0.0,0.22926234451021468,15,0,K2-54 b,K2-54,Transit,0,9.7843,3798.0,0.38,0.42,too_hot
1481,Prevalence baseline,0.07535450897693481,0.0,0.5,15,0,K2-54 b,K2-54,Transit,0,9.7843,3798.0,0.38,0.42,too_hot
1482,Additive logistic,0.004305798121667566,0.0,0.22072408784590752,15,0,K2-55 b,K2-55,Transit,0,2.849258,4456.0,0.63,0.7,too_hot
1482,Interaction logistic,0.003206265096549807,0.0,0.2381885420996586,15,0,K2-55 b,K2-55,Transit,0,2.849258,4456.0,0.63,0.7,too_hot
1482,Prevalence baseline,0.07626177746686295,0.0,0.5,15,0,K2-55 b,K2-55,Transit,0,2.849258,4456.0,0.63,0.7,too_hot
1483,Additive logistic,0.03378348606560947,0.0,0.2577255771346426,15,0,K2-57 b,K2-57,Transit,0,9.0063,4434.0,0.62,0.68,too_hot
1483,Interaction logistic,0.031022289486040293,0.0,0.26823694933214426,15,0,K2-57 b,K2-57,Transit,0,9.0063,4434.0,0.62,0.68,too_hot
1483,Prevalence baseline,0.07651590180589693,0.0,0.5,15,0,K2-57 b,K2-57,Transit,0,9.0063,4434.0,0.62,0.68,too_hot
1484,Additive logistic,0.0073187774310774735,0.0,0.24236935594657555,15,0,K2-58 b,K2-58,Transit,0,7.05254,5413.0,0.86,0.89,too_hot
1484,Interaction logistic,0.005167246933468507,0.0,0.24226219101674787,15,0,K2-58 b,K2-58,Transit,0,7.05254,5413.0,0.86,0.89,too_hot
1484,Prevalence baseline,0.07759549892673151,0.0,0.5,15,0,K2-58 b,K2-58,Transit,0,7.05254,5413.0,0.86,0.89,too_hot
1485,Additive logistic,0.00100588325376122,0.0,0.24236935594657555,15,0,K2-58 c,K2-58,Transit,0,2.53726,5413.0,0.86,0.89,too_hot
1485,Interaction logistic,0.0004975211792198133,0.0,0.24226219101674787,15,0,K2-58 c,K2-58,Transit,0,2.53726,5413.0,0.86,0.89,too_hot
1485,Prevalence baseline,0.07759549892673151,0.0,0.5,15,0,K2-58 c,K2-58,Transit,0,2.53726,5413.0,0.86,0.89,too_hot
1486,Additive logistic,0.042835149900171246,0.0,0.24236935594657555,15,0,K2-58 d,K2-58,Transit,0,22.8827,5413.0,0.86,0.89,too_hot
1486,Interaction logistic,0.04056785751308227,0.0,0.24226219101674787,15,0,K2-58 d,K2-58,Transit,0,22.8827,5413.0,0.86,0.89,too_hot
1486,Prevalence baseline,0.07759549892673151,0.0,0.5,15,0,K2-58 d,K2-58,Transit,0,22.8827,5413.0,0.86,0.89,too_hot
1487,Additive logistic,0.04995734662421049,0.0,0.24524928390636944,15,0,K2-59 b,K2-59,Transit,0,20.6921,5055.0,0.73,0.77,too_hot
1487,Interaction logistic,0.04809212787937471,0.0,0.24194062706351663,15,0,K2-59 b,K2-59,Transit,0,20.6921,5055.0,0.73,0.77,too_hot
1487,Prevalence baseline,0.07571922069931852,0.0,0.5,15,0,K2-59 b,K2-59,Transit,0,20.6921,5055.0,0.73,0.77,too_hot
1488,Additive logistic,0.02152233727422685,0.0,0.24524928390636944,15,0,K2-59 c,K2-59,Transit,0,11.2954,5055.0,0.73,0.77,too_hot
1488,Interaction logistic,0.01901695705534862,0.0,0.24194062706351663,15,0,K2-59 c,K2-59,Transit,0,11.2954,5055.0,0.73,0.77,too_hot
1488,Prevalence baseline,0.07571922069931852,0.0,0.5,15,0,K2-59 c,K2-59,Transit,0,11.2954,5055.0,0.73,0.77,too_hot
1491,Additive logistic,0.0003652733267192,0.0,0.23908001188744285,15,0,K2-61 b,K2-61,Transit,0,2.57302,6293.0,1.36,1.21,too_hot
1491,Interaction logistic,0.00017502910114235333,0.0,0.2517883873985034,15,0,K2-61 b,K2-61,Transit,0,2.57302,6293.0,1.36,1.21,too_hot
1491,Prevalence baseline,0.07727965904640784,0.0,0.5,15,0,K2-61 b,K2-61,Transit,0,2.57302,6293.0,1.36,1.21,too_hot
1492,Additive logistic,0.0116458212367749,0.0,0.23113779460819953,15,0,K2-62 b,K2-62,Transit,0,6.67202,4880.0,0.73,0.77,too_hot
1492,Interaction logistic,0.009454943735556541,0.0,0.22185497172899424,15,0,K2-62 b,K2-62,Transit,0,6.67202,4880.0,0.73,0.77,too_hot
1492,Prevalence baseline,0.07659332786767423,0.0,0.5,15,0,K2-62 b,K2-62,Transit,0,6.67202,4880.0,0.73,0.77,too_hot
1493,Additive logistic,0.04679297792269034,0.0,0.23113779460819953,15,0,K2-62 c,K2-62,Transit,0,16.1966,4880.0,0.73,0.77,too_hot
1493,Interaction logistic,0.04354736709395137,0.0,0.22185497172899424,15,0,K2-62 c,K2-62,Transit,0,16.1966,4880.0,0.73,0.77,too_hot
1493,Prevalence baseline,0.07659332786767423,0.0,0.5,15,0,K2-62 c,K2-62,Transit,0,16.1966,4880.0,0.73,0.77,too_hot
1494,Additive logistic,0.00776768249831998,0.0,0.25188568297665925,15,0,K2-63 b,K2-63,Transit,0,20.257,6771.0,1.63,1.4,too_hot
1494,Interaction logistic,0.00718404363928386,0.0,0.2480869794375902,15,0,K2-63 b,K2-63,Transit,0,20.257,6771.0,1.63,1.4,too_hot
1494,Prevalence baseline,0.07719133510021921,0.0,0.5,15,0,K2-63 b,K2-63,Transit,0,20.257,6771.0,1.63,1.4,too_hot
1495,Additive logistic,0.01044527257888226,0.0,0.25188568297665925,15,0,K2-63 c,K2-63,Transit,0,25.4556,6771.0,1.63,1.4,too_hot
1495,Interaction logistic,0.01037965690576926,0.0,0.2480869794375902,15,0,K2-63 c,K2-63,Transit,0,25.4556,6771.0,1.63,1.4,too_hot
1495,Prevalence baseline,0.07719133510021921,0.0,0.5,15,0,K2-63 c,K2-63,Transit,0,25.4556,6771.0,1.63,1.4,too_hot
1496,Additive logistic,0.006650940563858846,0.0,0.22755740705605138,15,0,K2-64 b,K2-64,Transit,0,6.53044,5312.0,0.73,0.74,too_hot
1496,Interaction logistic,0.005011162721269473,0.0,0.2374921735014549,15,0,K2-64 b,K2-64,Transit,0,6.53044,5312.0,0.73,0.74,too_hot
1496,Prevalence baseline,0.07597020444540578,0.0,0.5,15,0,K2-64 b,K2-64,Transit,0,6.53044,5312.0,0.73,0.74,too_hot
1497,Additive logistic,0.022404689261308508,0.0,0.23269464228550546,15,0,K2-65 b,K2-65,Transit,0,12.6475,5213.0,0.84,0.87,too_hot
1497,Interaction logistic,0.019887557191110187,0.0,0.23583610281044873,15,0,K2-65 b,K2-65,Transit,0,12.6475,5213.0,0.84,0.87,too_hot
1497,Prevalence baseline,0.07651029631199956,0.0,0.5,15,0,K2-65 b,K2-65,Transit,0,12.6475,5213.0,0.84,0.87,too_hot
1498,Additive logistic,0.0021549096376489397,0.0,0.23781001896103385,15,0,K2-66 b,K2-66,Transit,0,5.06963,5887.0,1.67,1.11,too_hot
1498,Interaction logistic,0.0014800236890996667,0.0,0.2429203398706171,15,0,K2-66 b,K2-66,Transit,0,5.06963,5887.0,1.67,1.11,too_hot
1498,Prevalence baseline,0.07677576046644778,0.0,0.5,15,0,K2-66 b,K2-66,Transit,0,5.06963,5887.0,1.67,1.11,too_hot
1499,Additive logistic,0.01914072813111974,0.0,0.2442489622786049,15,0,K2-68 b,K2-68,Transit,0,8.05428,4746.0,0.68,0.73,too_hot
1499,Interaction logistic,0.016261596044013105,0.0,0.23489172479180734,15,0,K2-68 b,K2-68,Transit,0,8.05428,4746.0,0.68,0.73,too_hot
1499,Prevalence baseline,0.07716822968896535,0.0,0.5,15,0,K2-68 b,K2-68,Transit,0,8.05428,4746.0,0.68,0.73,too_hot
1500,Additive logistic,0.035940061274486616,0.0,0.2501453568190905,15,0,K2-69 b,K2-69,Transit,0,7.06599,4127.0,0.49,0.55,too_hot
1500,Interaction logistic,0.03488005672840598,0.0,0.25460045984603574,15,0,K2-69 b,K2-69,Transit,0,7.06599,4127.0,0.49,0.55,too_hot
1500,Prevalence baseline,0.07769872339875479,0.0,0.5,15,0,K2-69 b,K2-69,Transit,0,7.06599,4127.0,0.49,0.55,too_hot
1502,Additive logistic,0.015325670312875907,0.0,0.23245739553668635,15,0,K2-70 b,K2-70,Transit,0,13.97896,5622.0,0.93,0.94,too_hot
1502,Interaction logistic,0.013572603841888041,0.0,0.2519735401784192,15,0,K2-70 b,K2-70,Transit,0,13.97896,5622.0,0.93,0.94,too_hot
1502,Prevalence baseline,0.07666631340692183,0.0,0.5,15,0,K2-70 b,K2-70,Transit,0,13.97896,5622.0,0.93,0.94,too_hot
1503,Additive logistic,0.04219802518132674,0.0,0.24082991305679297,15,0,K2-71 b,K2-71,Transit,0,6.98541,4006.0,0.43,0.48,too_hot
1503,Interaction logistic,0.04153442821781921,0.0,0.237253376823527,15,0,K2-71 b,K2-71,Transit,0,6.98541,4006.0,0.43,0.48,too_hot
1503,Prevalence baseline,0.07794665108388545,0.0,0.5,15,0,K2-71 b,K2-71,Transit,0,6.98541,4006.0,0.43,0.48,too_hot
1504,Additive logistic,0.08542081972677815,0.0,0.25018040407694353,15,0,K2-72 b,K2-72,Transit,0,5.577212,3360.47,0.33,0.27,too_hot
1504,Interaction logistic,0.09733191196132311,0.0,0.24477874922510423,15,0,K2-72 b,K2-72,Transit,0,5.577212,3360.47,0.33,0.27,too_hot
1504,Prevalence baseline,0.07943780290329737,0.0,0.5,15,0,K2-72 b,K2-72,Transit,0,5.577212,3360.47,0.33,0.27,too_hot
1505,Additive logistic,0.326635608532415,0.7333333333333333,0.25018040407694353,15,1,K2-72 c,K2-72,Transit,0,15.189034,3360.47,0.33,0.27,too_hot
1505,Interaction logistic,0.33301975764071623,0.8666666666666667,0.24477874922510423,15,1,K2-72 c,K2-72,Transit,0,15.189034,3360.47,0.33,0.27,too_hot
1505,Prevalence baseline,0.07943780290329737,0.0,0.5,15,0,K2-72 c,K2-72,Transit,0,15.189034,3360.47,0.33,0.27,too_hot
1506,Additive logistic,0.1434113618487616,0.0,0.25018040407694353,15,0,K2-72 d,K2-72,Transit,0,7.760178,3360.47,0.33,0.27,too_hot
1506,Interaction logistic,0.15795906085501385,0.0,0.24477874922510423,15,0,K2-72 d,K2-72,Transit,0,7.760178,3360.47,0.33,0.27,too_hot
1506,Prevalence baseline,0.07943780290329737,0.0,0.5,15,0,K2-72 d,K2-72,Transit,0,7.760178,3360.47,0.33,0.27,too_hot
1507,Additive logistic,0.4785957515055028,1.0,0.25018040407694353,15,1,K2-72 e,K2-72,Transit,1,24.158868,3360.47,0.33,0.27,habitable_zone
1507,Interaction logistic,0.4663427289484267,1.0,0.24477874922510423,15,1,K2-72 e,K2-72,Transit,1,24.158868,3360.47,0.33,0.27,habitable_zone
1507,Prevalence baseline,0.07943780290329737,0.0,0.5,15,0,K2-72 e,K2-72,Transit,1,24.158868,3360.47,0.33,0.27,habitable_zone
1508,Additive logistic,0.004268981755426114,0.0,0.2542216575015458,15,0,K2-73 b,K2-73,Transit,0,7.49543,5922.0,1.06,1.05,too_hot
1508,Interaction logistic,0.0032844730665890537,0.0,0.24292730753563757,15,0,K2-73 b,K2-73,Transit,0,7.49543,5922.0,1.06,1.05,too_hot
1508,Prevalence baseline,0.07689511018665927,0.0,0.5,15,0,K2-73 b,K2-73,Transit,0,7.49543,5922.0,1.06,1.05,too_hot
1509,Additive logistic,0.018061647292304566,0.0,0.2543210912375096,15,0,K2-74 b,K2-74,Transit,0,19.5666,6060.0,0.98,0.96,too_hot
1509,Interaction logistic,0.016444675196569905,0.0,0.2548119561367499,15,0,K2-74 b,K2-74,Transit,0,19.5666,6060.0,0.98,0.96,too_hot
1509,Prevalence baseline,0.07773540543972449,0.0,0.5,15,0,K2-74 b,K2-74,Transit,0,19.5666,6060.0,0.98,0.96,too_hot
1510,Additive logistic,0.00465015373021736,0.0,0.26764526524140564,15,0,K2-75 b,K2-75,Transit,0,7.8142,5995.0,1.56,1.16,too_hot
1510,Interaction logistic,0.00321055437001504,0.0,0.26055762235085694,15,0,K2-75 b,K2-75,Transit,0,7.8142,5995.0,1.56,1.16,too_hot
1510,Prevalence baseline,0.07664855383506498,0.0,0.5,15,0,K2-75 b,K2-75,Transit,0,7.8142,5995.0,1.56,1.16,too_hot
1511,Additive logistic,0.017112516639619754,0.0,0.26764526524140564,15,0,K2-75 c,K2-75,Transit,0,18.311,5995.0,1.56,1.16,too_hot
1511,Interaction logistic,0.015445807850079186,0.0,0.26055762235085694,15,0,K2-75 c,K2-75,Transit,0,18.311,5995.0,1.56,1.16,too_hot
1511,Prevalence baseline,0.07664855383506498,0.0,0.5,15,0,K2-75 c,K2-75,Transit,0,18.311,5995.0,1.56,1.16,too_hot
1512,Additive logistic,0.015011498597535308,0.0,0.2445638617444244,15,0,K2-77 b,K2-77,Transit,0,8.199796,4970.0,0.76,0.8,too_hot
1512,Interaction logistic,0.012771013663816241,0.0,0.23593892616481785,15,0,K2-77 b,K2-77,Transit,0,8.199796,4970.0,0.76,0.8,too_hot
1512,Prevalence baseline,0.07607576652716298,0.0,0.5,15,0,K2-77 b,K2-77,Transit,0,8.199796,4970.0,0.76,0.8,too_hot
1513,Additive logistic,0.008787006970921466,0.0,0.22290640769374356,15,0,K2-79 b,K2-79,Transit,0,10.99573,5926.0,1.28,1.06,too_hot
1513,Interaction logistic,0.0068785157392100334,0.0,0.23369821337551538,15,0,K2-79 b,K2-79,Transit,0,10.99573,5926.0,1.28,1.06,too_hot
1513,Prevalence baseline,0.07731695616289547,0.0,0.5,15,0,K2-79 b,K2-79,Transit,0,10.99573,5926.0,1.28,1.06,too_hot
1514,Additive logistic,0.02487279697124495,0.0,0.26128834264626005,15,0,K2-8 b,K2-8,Transit,0,10.35239,4870.0,0.74,0.78,too_hot
1514,Interaction logistic,0.021859450282323185,0.0,0.2514462345503416,15,0,K2-8 b,K2-8,Transit,0,10.35239,4870.0,0.74,0.78,too_hot
1514,Prevalence baseline,0.0779433610498622,0.0,0.5,15,0,K2-8 b,K2-8,Transit,0,10.35239,4870.0,0.74,0.78,too_hot
1515,Additive logistic,0.007242655909429374,0.0,0.26128834264626005,15,0,K2-8 c,K2-8,Transit,0,5.06416,4870.0,0.74,0.78,too_hot
1515,Interaction logistic,0.005606928831723966,0.0,0.2514462345503416,15,0,K2-8 c,K2-8,Transit,0,5.06416,4870.0,0.74,0.78,too_hot
1515,Prevalence baseline,0.0779433610498622,0.0,0.5,15,0,K2-8 c,K2-8,Transit,0,5.06416,4870.0,0.74,0.78,too_hot
1516,Additive logistic,0.03076896738357292,0.0,0.23694846725084848,15,0,K2-80 b,K2-80,Transit,0,19.0918,5441.0,0.87,0.9,too_hot
1516,Interaction logistic,0.02886084901895896,0.0,0.24470867298915186,15,0,K2-80 b,K2-80,Transit,0,19.0918,5441.0,0.87,0.9,too_hot
1516,Prevalence baseline,0.07603487431751452,0.0,0.5,15,0,K2-80 b,K2-80,Transit,0,19.0918,5441.0,0.87,0.9,too_hot
1517,Additive logistic,0.004300481432874553,0.0,0.23694846725084848,15,0,K2-80 c,K2-80,Transit,0,5.605,5441.0,0.87,0.9,too_hot
1517,Interaction logistic,0.0030659478417314067,0.0,0.24470867298915186,15,0,K2-80 c,K2-80,Transit,0,5.605,5441.0,0.87,0.9,too_hot
1517,Prevalence baseline,0.07603487431751452,0.0,0.5,15,0,K2-80 c,K2-80,Transit,0,5.605,5441.0,0.87,0.9,too_hot
1519,Additive logistic,0.012250655652596013,0.0,0.26023266712391685,15,0,K2-81 b,K2-81,Transit,0,6.102325,4674.13,0.63,0.75,too_hot
1519,Interaction logistic,0.010610304918348901,0.0,0.2673671723451818,15,0,K2-81 b,K2-81,Transit,0,6.102325,4674.13,0.63,0.75,too_hot
1519,Prevalence baseline,0.07648839749681859,0.0,0.5,15,0,K2-81 b,K2-81,Transit,0,6.102325,4674.13,0.63,0.75,too_hot
1520,Additive logistic,0.008007890251785726,0.0,0.23463513921340745,15,0,K2-83 b,K2-83,Transit,0,2.74697,3910.0,0.42,0.48,too_hot
1520,Interaction logistic,0.00768145065247384,0.0,0.25874246827408937,15,0,K2-83 b,K2-83,Transit,0,2.74697,3910.0,0.42,0.48,too_hot
1520,Prevalence baseline,0.07530978429118694,0.0,0.5,15,0,K2-83 b,K2-83,Transit,0,2.74697,3910.0,0.42,0.48,too_hot
1521,Additive logistic,0.0813065030720763,0.0,0.23463513921340745,15,0,K2-83 c,K2-83,Transit,0,9.99767,3910.0,0.42,0.48,too_hot
1521,Interaction logistic,0.08130515931818404,0.0,0.25874246827408937,15,0,K2-83 c,K2-83,Transit,0,9.99767,3910.0,0.42,0.48,too_hot
1521,Prevalence baseline,0.07530978429118694,0.0,0.5,15,0,K2-83 c,K2-83,Transit,0,9.99767,3910.0,0.42,0.48,too_hot
1522,Additive logistic,0.00426464632007378,0.0,0.2383567057689888,15,0,K2-84 b,K2-84,Transit,0,6.4215,5652.0,0.93,0.95,too_hot
1522,Interaction logistic,0.0030803331027555335,0.0,0.2434511145501481,15,0,K2-84 b,K2-84,Transit,0,6.4215,5652.0,0.93,0.95,too_hot
1522,Prevalence baseline,0.0757573530155095,0.0,0.5,15,0,K2-84 b,K2-84,Transit,0,6.4215,5652.0,0.93,0.95,too_hot
1523,Additive logistic,0.03653887444182576,0.0,0.2383567057689888,15,0,K2-84 c,K2-84,Transit,0,27.86,5652.0,0.93,0.95,too_hot
1523,Interaction logistic,0.036784153460211695,0.0,0.2434511145501481,15,0,K2-84 c,K2-84,Transit,0,27.86,5652.0,0.93,0.95,too_hot
1523,Prevalence baseline,0.0757573530155095,0.0,0.5,15,0,K2-84 c,K2-84,Transit,0,27.86,5652.0,0.93,0.95,too_hot
1524,Additive logistic,0.00016717716909597335,0.0,0.24139344340715171,15,0,K2-85 b,K2-85,Transit,0,0.684533,4268.0,0.51,0.57,too_hot
1524,Interaction logistic,0.00011611220580564412,0.0,0.24057441036201108,15,0,K2-85 b,K2-85,Transit,0,0.684533,4268.0,0.51,0.57,too_hot
1524,Prevalence baseline,0.07503496211600787,0.0,0.5,15,0,K2-85 b,K2-85,Transit,0,0.684533,4268.0,0.51,0.57,too_hot
1525,Additive logistic,0.008872125800332361,0.0,0.26622868035442354,15,0,K2-86 b,K2-86,Transit,0,8.77683,5482.0,0.76,0.79,too_hot
1525,Interaction logistic,0.007092989261202454,0.0,0.24775255666411442,15,0,K2-86 b,K2-86,Transit,0,8.77683,5482.0,0.76,0.79,too_hot
1525,Prevalence baseline,0.07643791724643469,0.0,0.5,15,0,K2-86 b,K2-86,Transit,0,8.77683,5482.0,0.76,0.79,too_hot
1527,Additive logistic,0.04207833669182863,0.0,0.23611631140212042,15,0,K2-88 b,K2-88,Transit,0,4.6122,3537.0,0.26,0.26,too_hot
1527,Interaction logistic,0.04654985730631414,0.0,0.23778840554761196,15,0,K2-88 b,K2-88,Transit,0,4.6122,3537.0,0.26,0.26,too_hot
1527,Prevalence baseline,0.07593983843189615,0.0,0.5,15,0,K2-88 b,K2-88,Transit,0,4.6122,3537.0,0.26,0.26,too_hot
1528,Additive logistic,0.0016648200500698133,0.0,0.2338738813211002,15,0,K2-89 b,K2-89,Transit,0,1.096026,3691.0,0.32,0.35,too_hot
1528,Interaction logistic,0.00160428117704636,0.0,0.236598325526278,15,0,K2-89 b,K2-89,Transit,0,1.096026,3691.0,0.32,0.35,too_hot
1528,Prevalence baseline,0.0750489594368345,0.0,0.5,15,0,K2-89 b,K2-89,Transit,0,1.096026,3691.0,0.32,0.35,too_hot
1529,Additive logistic,0.34357777205724027,0.9333333333333333,0.24943093844117273,15,1,K2-9 b,K2-9,Transit,1,18.4498,3390.0,0.31,0.3,habitable_zone
1529,Interaction logistic,0.3413233053231296,1.0,0.25193281234206266,15,1,K2-9 b,K2-9,Transit,1,18.4498,3390.0,0.31,0.3,habitable_zone
1529,Prevalence baseline,0.07445694110814194,0.0,0.5,15,0,K2-9 b,K2-9,Transit,1,18.4498,3390.0,0.31,0.3,habitable_zone
1531,Additive logistic,0.004205064723314613,0.0,0.25104025834326227,15,0,K2-90 c,K2-90,Transit,0,2.900706,4421.98,0.63,0.7,too_hot
1531,Interaction logistic,0.0033663581612879134,0.0,0.2359131756938902,15,0,K2-90 c,K2-90,Transit,0,2.900706,4421.98,0.63,0.7,too_hot
1531,Prevalence baseline,0.07567341184554192,0.0,0.5,15,0,K2-90 c,K2-90,Transit,0,2.900706,4421.98,0.63,0.7,too_hot
1532,Additive logistic,0.0031714072903641735,0.0,0.2602988041221199,15,0,K2-91 b,K2-91,Transit,0,1.419549,3622.0,0.28,0.29,too_hot
1532,Interaction logistic,0.0033047660804382067,0.0,0.2674445497855782,15,0,K2-91 b,K2-91,Transit,0,1.419549,3622.0,0.28,0.29,too_hot
1532,Prevalence baseline,0.07605142125223562,0.0,0.5,15,0,K2-91 b,K2-91,Transit,0,1.419549,3622.0,0.28,0.29,too_hot
1538,Additive logistic,0.0014385912290000333,0.0,0.23636213978040746,15,0,KELT-10 b,KELT-10,Transit,0,4.1662739,5948.0,1.21,1.11,too_hot
1538,Interaction logistic,0.00080175941495066,0.0,0.23000156515058987,15,0,KELT-10 b,KELT-10,Transit,0,4.1662739,5948.0,1.21,1.11,too_hot
1538,Prevalence baseline,0.07821357431811876,0.0,0.5,15,0,KELT-10 b,KELT-10,Transit,0,4.1662739,5948.0,1.21,1.11,too_hot
1540,Additive logistic,0.0016394521834324934,0.0,0.22428340732907084,15,0,KELT-12 b,KELT-12,Transit,0,5.031623,6279.0,2.37,1.59,too_hot
1540,Interaction logistic,0.0008783838339886267,0.0,0.2285302059496631,15,0,KELT-12 b,KELT-12,Transit,0,5.031623,6279.0,2.37,1.59,too_hot
1540,Prevalence baseline,0.07655421373517458,0.0,0.5,15,0,KELT-12 b,KELT-12,Transit,0,5.031623,6279.0,2.37,1.59,too_hot
1545,Additive logistic,0.00034916621053762,0.0,0.2270205690173195,15,0,KELT-18 b,KELT-18,Transit,0,2.8717518,6670.0,1.91,1.52,too_hot
1545,Interaction logistic,0.00013767949430891138,0.0,0.24109233663539956,15,0,KELT-18 b,KELT-18,Transit,0,2.8717518,6670.0,1.91,1.52,too_hot
1545,Prevalence baseline,0.076465750808435,0.0,0.5,15,0,KELT-18 b,KELT-18,Transit,0,2.8717518,6670.0,1.91,1.52,too_hot
1546,Additive logistic,0.0003513365668639733,0.0,0.23729209947714144,15,0,KELT-19 A b,KELT-19 A,Transit,0,4.6117093,7500.0,1.83,1.62,too_hot
1546,Interaction logistic,0.00018387926190369046,0.0,0.2443933123465105,15,0,KELT-19 A b,KELT-19 A,Transit,0,4.6117093,7500.0,1.83,1.62,too_hot
1546,Prevalence baseline,0.0775347367791744,0.0,0.5,15,0,KELT-19 A b,KELT-19 A,Transit,0,4.6117093,7500.0,1.83,1.62,too_hot
1548,Additive logistic,9.073353257074488e-05,0.0,0.24323310900038644,15,0,KELT-20 b,KELT-20,Transit,0,3.4741085,8720.0,1.56,1.76,too_hot
1548,Interaction logistic,2.5262299407617724e-05,0.0,0.24287903284629345,15,0,KELT-20 b,KELT-20,Transit,0,3.4741085,8720.0,1.56,1.76,too_hot
1548,Prevalence baseline,0.07720726153076081,0.0,0.5,15,0,KELT-20 b,KELT-20,Transit,0,3.4741085,8720.0,1.56,1.76,too_hot
1549,Additive logistic,0.00024990638666690665,0.0,0.22595992267509926,15,0,KELT-21 b,KELT-21,Transit,0,3.6127647,7598.0,1.64,1.46,too_hot
1549,Interaction logistic,9.165348737965726e-05,0.0,0.22466507926686866,15,0,KELT-21 b,KELT-21,Transit,0,3.6127647,7598.0,1.64,1.46,too_hot
1549,Prevalence baseline,0.07596362667260931,0.0,0.5,15,0,KELT-21 b,KELT-21,Transit,0,3.6127647,7598.0,1.64,1.46,too_hot
1550,Additive logistic,0.0004277859180697933,0.0,0.24866137191754892,15,0,KELT-23 A b,KELT-23 A,Transit,0,2.255251,5899.0,1.0,0.94,too_hot
1550,Interaction logistic,0.00021719058348952666,0.0,0.2312766555024181,15,0,KELT-23 A b,KELT-23 A,Transit,0,2.255251,5899.0,1.0,0.94,too_hot
1550,Prevalence baseline,0.07689698822321984,0.0,0.5,15,0,KELT-23 A b,KELT-23 A,Transit,0,2.255251,5899.0,1.0,0.94,too_hot
1551,Additive logistic,0.0013041882561355333,0.0,0.24890906692582776,15,0,KELT-24 b,KELT-24,Transit,0,5.5514926,6509.0,1.51,1.46,too_hot
1551,Interaction logistic,0.0007748803803190334,0.0,0.2518023561272221,15,0,KELT-24 b,KELT-24,Transit,0,5.5514926,6509.0,1.51,1.46,too_hot
1551,Prevalence baseline,0.0747340589438715,0.0,0.5,15,0,KELT-24 b,KELT-24,Transit,0,5.5514926,6509.0,1.51,1.46,too_hot
1553,Additive logistic,0.0006011179014800933,0.0,0.24375167960905503,15,0,KELT-4 A b,KELT-4 A,Transit,0,2.9895932,6206.0,1.6,1.2,too_hot
1553,Interaction logistic,0.00028046030185874,0.0,0.24578343851377368,15,0,KELT-4 A b,KELT-4 A,Transit,0,2.9895932,6206.0,1.6,1.2,too_hot
1553,Prevalence baseline,0.07603954663087535,0.0,0.5,15,0,KELT-4 A b,KELT-4 A,Transit,0,2.9895932,6206.0,1.6,1.2,too_hot
1558,Additive logistic,7.165167107748797e-06,0.0,0.21640816606567473,15,0,KELT-9 b,KELT-9,Transit,0,1.4811235,10170.0,2.36,2.52,too_hot
1558,Interaction logistic,3.7562102773769607e-07,0.0,0.22467529971963449,15,0,KELT-9 b,KELT-9,Transit,0,1.4811235,10170.0,2.36,2.52,too_hot
1558,Prevalence baseline,0.07773662704830286,0.0,0.5,15,0,KELT-9 b,KELT-9,Transit,0,1.4811235,10170.0,2.36,2.52,too_hot
1606,Additive logistic,0.12217297176196619,0.0,0.2250831023100122,15,0,KOI-1783.01,KOI-1783,Transit,0,134.4628,5922.0,1.14,1.08,too_hot
1606,Interaction logistic,0.16256372777127762,0.06666666666666667,0.22965510514258464,15,0,KOI-1783.01,KOI-1783,Transit,0,134.4628,5922.0,1.14,1.08,too_hot
1606,Prevalence baseline,0.0766156622485925,0.0,0.5,15,0,KOI-1783.01,KOI-1783,Transit,0,134.4628,5922.0,1.14,1.08,too_hot
1607,Additive logistic,0.16886856332616532,0.13333333333333333,0.2250831023100122,15,0,KOI-1783.02,KOI-1783,Transit,0,284.215,5922.0,1.14,1.08,too_hot
1607,Interaction logistic,0.2310069954655552,0.6,0.22965510514258464,15,1,KOI-1783.02,KOI-1783,Transit,0,284.215,5922.0,1.14,1.08,too_hot
1607,Prevalence baseline,0.0766156622485925,0.0,0.5,15,0,KOI-1783.02,KOI-1783,Transit,0,284.215,5922.0,1.14,1.08,too_hot
1627,Additive logistic,0.00049778357217178,0.0,0.23791021564800025,15,0,KPS-1 b,KPS-1,Transit,0,1.706291,5165.0,0.91,0.89,too_hot
1627,Interaction logistic,0.0002672389966690333,0.0,0.2448613400148825,15,0,KPS-1 b,KPS-1,Transit,0,1.706291,5165.0,0.91,0.89,too_hot
1627,Prevalence baseline,0.07762069680443331,0.0,0.5,15,0,KPS-1 b,KPS-1,Transit,0,1.706291,5165.0,0.91,0.89,too_hot
1700,Additive logistic,0.00426853126434658,0.0,0.2414917033484895,15,0,Kepler-105 c,Kepler-105,Transit,0,7.1262,5827.0,0.89,0.96,too_hot
1700,Interaction logistic,0.0030130293581838202,0.0,0.24229278233288903,15,0,Kepler-105 c,Kepler-105,Transit,0,7.1262,5827.0,0.89,0.96,too_hot
1700,Prevalence baseline,0.07597829510903369,0.0,0.5,15,0,Kepler-105 c,Kepler-105,Transit,0,7.1262,5827.0,0.89,0.96,too_hot
2136,Additive logistic,0.1003356027605172,0.0,0.26010456036483637,15,0,Kepler-138 b,Kepler-138,Transit,0,10.3126,3841.0,0.44,0.52,too_hot
2136,Interaction logistic,0.10104205882133746,0.0,0.25983942180344105,15,0,Kepler-138 b,Kepler-138,Transit,0,10.3126,3841.0,0.44,0.52,too_hot
2136,Prevalence baseline,0.07796590056891055,0.0,0.5,15,0,Kepler-138 b,Kepler-138,Transit,0,10.3126,3841.0,0.44,0.52,too_hot
2137,Additive logistic,0.1501373335636542,0.0,0.26010456036483637,15,0,Kepler-138 c,Kepler-138,Transit,0,13.7813,3841.0,0.44,0.52,too_hot
2137,Interaction logistic,0.1495205560210815,0.0,0.25983942180344105,15,0,Kepler-138 c,Kepler-138,Transit,0,13.7813,3841.0,0.44,0.52,too_hot
2137,Prevalence baseline,0.07796590056891055,0.0,0.5,15,0,Kepler-138 c,Kepler-138,Transit,0,13.7813,3841.0,0.44,0.52,too_hot
2138,Additive logistic,0.26979680573423476,0.6,0.26010456036483637,15,1,Kepler-138 d,Kepler-138,Transit,0,23.0881,3841.0,0.44,0.52,too_hot
2138,Interaction logistic,0.26169545982167786,0.4666666666666667,0.25983942180344105,15,0,Kepler-138 d,Kepler-138,Transit,0,23.0881,3841.0,0.44,0.52,too_hot
2138,Prevalence baseline,0.07796590056891055,0.0,0.5,15,0,Kepler-138 d,Kepler-138,Transit,0,23.0881,3841.0,0.44,0.52,too_hot
2313,Additive logistic,0.12326602245433224,0.0,0.22034540400453137,15,0,Kepler-1514 b,Kepler-1514,Transit,0,217.83184,6145.0,1.29,1.2,too_hot
2313,Interaction logistic,0.17387331194922748,0.2,0.23577736263327198,15,0,Kepler-1514 b,Kepler-1514,Transit,0,217.83184,6145.0,1.29,1.2,too_hot
2313,Prevalence baseline,0.07667290779212016,0.0,0.5,15,0,Kepler-1514 b,Kepler-1514,Transit,0,217.83184,6145.0,1.29,1.2,too_hot
2314,Additive logistic,0.006289592266639287,0.0,0.22034540400453137,15,0,Kepler-1514 c,Kepler-1514,Transit,0,10.514181,6145.0,1.29,1.2,too_hot
2314,Interaction logistic,0.0047441657618400735,0.0,0.23577736263327198,15,0,Kepler-1514 c,Kepler-1514,Transit,0,10.514181,6145.0,1.29,1.2,too_hot
2314,Prevalence baseline,0.07667290779212016,0.0,0.5,15,0,Kepler-1514 c,Kepler-1514,Transit,0,10.514181,6145.0,1.29,1.2,too_hot
2487,Additive logistic,0.19586974279214,0.26666666666666666,0.21748028725832408,15,0,Kepler-1649 b,Kepler-1649,Transit,0,8.689099,3240.0,0.23,0.2,too_hot
2487,Interaction logistic,0.21880569888177911,0.4,0.22781820934057062,15,0,Kepler-1649 b,Kepler-1649,Transit,0,8.689099,3240.0,0.23,0.2,too_hot
2487,Prevalence baseline,0.07740419386611905,0.0,0.5,15,0,Kepler-1649 b,Kepler-1649,Transit,0,8.689099,3240.0,0.23,0.2,too_hot
2488,Additive logistic,0.4468456199144014,1.0,0.21748028725832408,15,1,Kepler-1649 c,Kepler-1649,Transit,1,19.53527,3240.0,0.23,0.2,habitable_zone
2488,Interaction logistic,0.44287403949976495,1.0,0.22781820934057062,15,1,Kepler-1649 c,Kepler-1649,Transit,1,19.53527,3240.0,0.23,0.2,habitable_zone
2488,Prevalence baseline,0.07740419386611905,0.0,0.5,15,0,Kepler-1649 c,Kepler-1649,Transit,1,19.53527,3240.0,0.23,0.2,habitable_zone
2493,Additive logistic,0.473856974131719,1.0,0.22442717402762294,15,1,Kepler-1652 b,Kepler-1652,Transit,1,38.09722,3638.0,0.38,0.4,habitable_zone
2493,Interaction logistic,0.43359293470468224,1.0,0.23907965830722624,15,1,Kepler-1652 b,Kepler-1652,Transit,1,38.09722,3638.0,0.38,0.4,habitable_zone
2493,Prevalence baseline,0.07524864124811545,0.0,0.5,15,0,Kepler-1652 b,Kepler-1652,Transit,1,38.09722,3638.0,0.38,0.4,habitable_zone
2494,Additive logistic,0.31104876678103216,0.8,0.26561823375200216,15,1,Kepler-1653 b,Kepler-1653,Transit,1,140.2524,4807.0,0.69,0.72,habitable_zone
2494,Interaction logistic,0.3048802655494336,0.6,0.26008355776837,15,1,Kepler-1653 b,Kepler-1653,Transit,1,140.2524,4807.0,0.69,0.72,habitable_zone
2494,Prevalence baseline,0.0748162688219743,0.0,0.5,15,0,Kepler-1653 b,Kepler-1653,Transit,1,140.2524,4807.0,0.69,0.72,habitable_zone
2495,Additive logistic,0.2568186746633037,0.4666666666666667,0.2510856911076707,15,0,Kepler-1654 b,Kepler-1654,Transit,0,1047.8356,5597.0,1.18,1.01,too_cold
2495,Interaction logistic,0.2778035663792814,0.5333333333333333,0.2533420452730073,15,1,Kepler-1654 b,Kepler-1654,Transit,0,1047.8356,5597.0,1.18,1.01,too_cold
2495,Prevalence baseline,0.07651672074114207,0.0,0.5,15,0,Kepler-1654 b,Kepler-1654,Transit,0,1047.8356,5597.0,1.18,1.01,too_cold
2496,Additive logistic,0.00726146851669918,0.0,0.2675905524691145,15,0,Kepler-1655 b,Kepler-1655,Transit,0,11.8728787,6148.0,1.03,1.03,too_hot
2496,Interaction logistic,0.005904689187448026,0.0,0.2686418443288373,15,0,Kepler-1655 b,Kepler-1655,Transit,0,11.8728787,6148.0,1.03,1.03,too_hot
2496,Prevalence baseline,0.07591049119671892,0.0,0.5,15,0,Kepler-1655 b,Kepler-1655,Transit,0,11.8728787,6148.0,1.03,1.03,too_hot
2502,Additive logistic,0.26791743203417945,0.3333333333333333,0.2580054971954274,15,0,Kepler-1661 b,Kepler-1661,Transit,1,175.06,5100.0,0.76,0.84,habitable_zone
2502,Interaction logistic,0.27632365592821945,0.4666666666666667,0.2610929022859621,15,0,Kepler-1661 b,Kepler-1661,Transit,1,175.06,5100.0,0.76,0.84,habitable_zone
2502,Prevalence baseline,0.07569009910485328,0.0,0.5,15,0,Kepler-1661 b,Kepler-1661,Transit,1,175.06,5100.0,0.76,0.84,habitable_zone
2511,Additive logistic,0.005247036213973573,0.0,0.24319015888245935,15,0,Kepler-167 b,Kepler-167,Transit,0,4.3931632,4890.0,0.73,0.77,too_hot
2511,Interaction logistic,0.004043764393587333,0.0,0.2525225540318161,15,0,Kepler-167 b,Kepler-167,Transit,0,4.3931632,4890.0,0.73,0.77,too_hot
2511,Prevalence baseline,0.07552658602172567,0.0,0.5,15,0,Kepler-167 b,Kepler-167,Transit,0,4.3931632,4890.0,0.73,0.77,too_hot
2512,Additive logistic,0.01336621762139628,0.0,0.24319015888245935,15,0,Kepler-167 c,Kepler-167,Transit,0,7.406114,4890.0,0.73,0.77,too_hot
2512,Interaction logistic,0.011297785668642554,0.0,0.2525225540318161,15,0,Kepler-167 c,Kepler-167,Transit,0,7.406114,4890.0,0.73,0.77,too_hot
2512,Prevalence baseline,0.07552658602172567,0.0,0.5,15,0,Kepler-167 c,Kepler-167,Transit,0,7.406114,4890.0,0.73,0.77,too_hot
2513,Additive logistic,0.06512080789796199,0.0,0.24319015888245935,15,0,Kepler-167 d,Kepler-167,Transit,0,21.803855,4890.0,0.73,0.77,too_hot
2513,Interaction logistic,0.06272180827408294,0.0,0.2525225540318161,15,0,Kepler-167 d,Kepler-167,Transit,0,21.803855,4890.0,0.73,0.77,too_hot
2513,Prevalence baseline,0.07552658602172567,0.0,0.5,15,0,Kepler-167 d,Kepler-167,Transit,0,21.803855,4890.0,0.73,0.77,too_hot
2514,Additive logistic,0.42848770269017994,0.9333333333333333,0.24319015888245935,15,1,Kepler-167 e,Kepler-167,Transit,0,1071.23228,4890.0,0.73,0.77,too_cold
2514,Interaction logistic,0.36785364163146017,0.9333333333333333,0.2525225540318161,15,1,Kepler-167 e,Kepler-167,Transit,0,1071.23228,4890.0,0.73,0.77,too_cold
2514,Prevalence baseline,0.07552658602172567,0.0,0.5,15,0,Kepler-167 e,Kepler-167,Transit,0,1071.23228,4890.0,0.73,0.77,too_cold
2558,Additive logistic,0.24214706361229027,0.5333333333333333,0.2314735962453866,15,1,Kepler-1704 b,Kepler-1704,Transit,0,988.88113,5745.0,1.7,1.13,too_cold
2558,Interaction logistic,0.2776332170875345,0.5333333333333333,0.24158345434898998,15,1,Kepler-1704 b,Kepler-1704,Transit,0,988.88113,5745.0,1.7,1.13,too_cold
2558,Prevalence baseline,0.07612097278681655,0.0,0.5,15,0,Kepler-1704 b,Kepler-1704,Transit,0,988.88113,5745.0,1.7,1.13,too_cold
2577,Additive logistic,0.04935769112656843,0.0,0.24293864877675475,15,0,Kepler-177 b,Kepler-177,Transit,0,36.8601,5732.0,1.32,0.92,too_hot
2577,Interaction logistic,0.05172415862074499,0.0,0.2537465586631686,15,0,Kepler-177 b,Kepler-177,Transit,0,36.8601,5732.0,1.32,0.92,too_hot
2577,Prevalence baseline,0.07589879612796896,0.0,0.5,15,0,Kepler-177 b,Kepler-177,Transit,0,36.8601,5732.0,1.32,0.92,too_hot
2578,Additive logistic,0.06627720997786334,0.0,0.24293864877675475,15,0,Kepler-177 c,Kepler-177,Transit,0,49.40926,5732.0,1.32,0.92,too_hot
2578,Interaction logistic,0.07218811090045851,0.0,0.2537465586631686,15,0,Kepler-177 c,Kepler-177,Transit,0,49.40926,5732.0,1.32,0.92,too_hot
2578,Prevalence baseline,0.07589879612796896,0.0,0.5,15,0,Kepler-177 c,Kepler-177,Transit,0,49.40926,5732.0,1.32,0.92,too_hot
2604,Additive logistic,0.7213536082379134,1.0,0.27876826666708604,15,1,Kepler-186 f,Kepler-186,Transit,0,129.9441,3755.0,0.52,0.54,too_cold
2604,Interaction logistic,0.6644988133976736,1.0,0.267566527966461,15,1,Kepler-186 f,Kepler-186,Transit,0,129.9441,3755.0,0.52,0.54,too_cold
2604,Prevalence baseline,0.0775225029223437,0.0,0.5,15,0,Kepler-186 f,Kepler-186,Transit,0,129.9441,3755.0,0.52,0.54,too_cold
2819,Additive logistic,0.11326022123543365,0.0,0.24460795474681127,15,0,Kepler-26 b,Kepler-26,Transit,0,12.28,3914.0,0.51,0.54,too_hot
2819,Interaction logistic,0.11236192923054689,0.0,0.24348693629716264,15,0,Kepler-26 b,Kepler-26,Transit,0,12.28,3914.0,0.51,0.54,too_hot
2819,Prevalence baseline,0.07608121906652096,0.0,0.5,15,0,Kepler-26 b,Kepler-26,Transit,0,12.28,3914.0,0.51,0.54,too_hot
2820,Additive logistic,0.1745649045337521,0.13333333333333333,0.24460795474681127,15,0,Kepler-26 c,Kepler-26,Transit,0,17.2559,3914.0,0.51,0.54,too_hot
2820,Interaction logistic,0.17097734286069907,0.0,0.24348693629716264,15,0,Kepler-26 c,Kepler-26,Transit,0,17.2559,3914.0,0.51,0.54,too_hot
2820,Prevalence baseline,0.07608121906652096,0.0,0.5,15,0,Kepler-26 c,Kepler-26,Transit,0,17.2559,3914.0,0.51,0.54,too_hot
2901,Additive logistic,0.014248721231048254,0.0,0.24627894049325466,15,0,Kepler-29 b,Kepler-29,Transit,0,10.33974,5378.0,0.73,0.76,too_hot
2901,Interaction logistic,0.01195297114184104,0.0,0.24998641029313665,15,0,Kepler-29 b,Kepler-29,Transit,0,10.33974,5378.0,0.73,0.76,too_hot
2901,Prevalence baseline,0.07705259920230727,0.0,0.5,15,0,Kepler-29 b,Kepler-29,Transit,0,10.33974,5378.0,0.73,0.76,too_hot
2902,Additive logistic,0.020930361870515442,0.0,0.24627894049325466,15,0,Kepler-29 c,Kepler-29,Transit,0,13.28613,5378.0,0.73,0.76,too_hot
2902,Interaction logistic,0.01844771897150333,0.0,0.24998641029313665,15,0,Kepler-29 c,Kepler-29,Transit,0,13.28613,5378.0,0.73,0.76,too_hot
2902,Prevalence baseline,0.07705259920230727,0.0,0.5,15,0,Kepler-29 c,Kepler-29,Transit,0,13.28613,5378.0,0.73,0.76,too_hot
2919,Additive logistic,0.13000580853640223,0.0,0.24450939416801765,15,0,Kepler-296 b,Kepler-296,Transit,0,10.864384,3740.0,0.48,0.5,too_hot
2919,Interaction logistic,0.13148627460124296,0.0,0.23626252569196088,15,0,Kepler-296 b,Kepler-296,Transit,0,10.864384,3740.0,0.48,0.5,too_hot
2919,Prevalence baseline,0.07854723580190613,0.0,0.5,15,0,Kepler-296 b,Kepler-296,Transit,0,10.864384,3740.0,0.48,0.5,too_hot
2920,Additive logistic,0.05007730867870579,0.0,0.24450939416801765,15,0,Kepler-296 c,Kepler-296,Transit,0,5.8416366,3740.0,0.48,0.5,too_hot
2920,Interaction logistic,0.051482196102828455,0.0,0.23626252569196088,15,0,Kepler-296 c,Kepler-296,Transit,0,5.8416366,3740.0,0.48,0.5,too_hot
2920,Prevalence baseline,0.07854723580190613,0.0,0.5,15,0,Kepler-296 c,Kepler-296,Transit,0,5.8416366,3740.0,0.48,0.5,too_hot
2921,Additive logistic,0.2643602592415432,0.7333333333333333,0.24450939416801765,15,1,Kepler-296 d,Kepler-296,Transit,0,19.850291,3740.0,0.48,0.5,too_hot
2921,Interaction logistic,0.2584618401192925,0.8666666666666667,0.23626252569196088,15,1,Kepler-296 d,Kepler-296,Transit,0,19.850291,3740.0,0.48,0.5,too_hot
2921,Prevalence baseline,0.07854723580190613,0.0,0.5,15,0,Kepler-296 d,Kepler-296,Transit,0,19.850291,3740.0,0.48,0.5,too_hot
2922,Additive logistic,0.4139592997341622,1.0,0.24450939416801765,15,1,Kepler-296 e,Kepler-296,Transit,1,34.14211,3740.0,0.48,0.5,habitable_zone
2922,Interaction logistic,0.39142923091449205,1.0,0.23626252569196088,15,1,Kepler-296 e,Kepler-296,Transit,1,34.14211,3740.0,0.48,0.5,habitable_zone
2922,Prevalence baseline,0.07854723580190613,0.0,0.5,15,0,Kepler-296 e,Kepler-296,Transit,1,34.14211,3740.0,0.48,0.5,habitable_zone
2923,Additive logistic,0.5722474021270648,1.0,0.24450939416801765,15,1,Kepler-296 f,Kepler-296,Transit,1,63.33627,3740.0,0.48,0.5,habitable_zone
2923,Interaction logistic,0.5239585420941374,1.0,0.23626252569196088,15,1,Kepler-296 f,Kepler-296,Transit,1,63.33627,3740.0,0.48,0.5,habitable_zone
2923,Prevalence baseline,0.07854723580190613,0.0,0.5,15,0,Kepler-296 f,Kepler-296,Transit,1,63.33627,3740.0,0.48,0.5,habitable_zone
2957,Additive logistic,0.014245360032250779,0.0,0.22498217792266162,15,0,Kepler-307 b,Kepler-307,Transit,0,10.4208,5367.0,0.81,0.91,too_hot
2957,Interaction logistic,0.011960261249076226,0.0,0.23084013802401307,15,0,Kepler-307 b,Kepler-307,Transit,0,10.4208,5367.0,0.81,0.91,too_hot
2957,Prevalence baseline,0.07740998506046795,0.0,0.5,15,0,Kepler-307 b,Kepler-307,Transit,0,10.4208,5367.0,0.81,0.91,too_hot
2958,Additive logistic,0.020296302310784813,0.0,0.22498217792266162,15,0,Kepler-307 c,Kepler-307,Transit,0,13.0729,5367.0,0.81,0.91,too_hot
2958,Interaction logistic,0.017841771419979828,0.0,0.23084013802401307,15,0,Kepler-307 c,Kepler-307,Transit,0,13.0729,5367.0,0.81,0.91,too_hot
2958,Prevalence baseline,0.07740998506046795,0.0,0.5,15,0,Kepler-307 c,Kepler-307,Transit,0,13.0729,5367.0,0.81,0.91,too_hot
3099,Additive logistic,0.010215859873740728,0.0,0.258855913568869,15,0,Kepler-36 b,Kepler-36,Transit,0,13.86825,5979.0,1.63,1.03,too_hot
3099,Interaction logistic,0.008897899260492394,0.0,0.25666356603036067,15,0,Kepler-36 b,Kepler-36,Transit,0,13.86825,5979.0,1.63,1.03,too_hot
3099,Prevalence baseline,0.0767714346980286,0.0,0.5,15,0,Kepler-36 b,Kepler-36,Transit,0,13.86825,5979.0,1.63,1.03,too_hot
3100,Additive logistic,0.012845030353139653,0.0,0.258855913568869,15,0,Kepler-36 c,Kepler-36,Transit,0,16.21865,5979.0,1.63,1.03,too_hot
3100,Interaction logistic,0.011591406236598507,0.0,0.25666356603036067,15,0,Kepler-36 c,Kepler-36,Transit,0,16.21865,5979.0,1.63,1.03,too_hot
3100,Prevalence baseline,0.0767714346980286,0.0,0.5,15,0,Kepler-36 c,Kepler-36,Transit,0,16.21865,5979.0,1.63,1.03,too_hot
3259,Additive logistic,0.23615568755653227,0.4,0.27019960313149416,15,0,Kepler-436 b,Kepler-436,Transit,1,64.00205,4651.0,0.7,0.73,habitable_zone
3259,Interaction logistic,0.23211405313674194,0.4,0.2627730863260866,15,0,Kepler-436 b,Kepler-436,Transit,1,64.00205,4651.0,0.7,0.73,habitable_zone
3259,Prevalence baseline,0.07619990463319078,0.0,0.5,15,0,Kepler-436 b,Kepler-436,Transit,1,64.00205,4651.0,0.7,0.73,habitable_zone
3261,Additive logistic,0.29088663101469886,0.8,0.22815193877351087,15,1,Kepler-437 b,Kepler-437,Transit,0,66.65062,4551.0,0.68,0.71,too_hot
3261,Interaction logistic,0.2831190620864345,0.7333333333333333,0.23445298090328148,15,1,Kepler-437 b,Kepler-437,Transit,0,66.65062,4551.0,0.68,0.71,too_hot
3261,Prevalence baseline,0.07619972226160429,0.0,0.5,15,0,Kepler-437 b,Kepler-437,Transit,0,66.65062,4551.0,0.68,0.71,too_hot
3262,Additive logistic,0.4014171447498131,1.0,0.23018712876059258,15,1,Kepler-438 b,Kepler-438,Transit,1,35.23319,3748.0,0.52,0.54,habitable_zone
3262,Interaction logistic,0.373093384322524,1.0,0.2396711776300811,15,1,Kepler-438 b,Kepler-438,Transit,1,35.23319,3748.0,0.52,0.54,habitable_zone
3262,Prevalence baseline,0.07545827758942013,0.0,0.5,15,0,Kepler-438 b,Kepler-438,Transit,1,35.23319,3748.0,0.52,0.54,habitable_zone
3263,Additive logistic,0.213355842327868,0.4,0.24310239295513256,15,0,Kepler-439 b,Kepler-439,Transit,0,178.1396,5431.0,0.87,0.88,too_hot
3263,Interaction logistic,0.2380833646054105,0.4,0.2471245652182669,15,0,Kepler-439 b,Kepler-439,Transit,0,178.1396,5431.0,0.87,0.88,too_hot
3263,Prevalence baseline,0.07700204083186436,0.0,0.5,15,0,Kepler-439 b,Kepler-439,Transit,0,178.1396,5431.0,0.87,0.88,too_hot
3265,Additive logistic,0.4885187539184018,1.0,0.21240505571811819,15,1,Kepler-440 b,Kepler-440,Transit,1,101.11141,4134.0,0.56,0.57,habitable_zone
3265,Interaction logistic,0.42737913390555776,1.0,0.24874461366047662,15,1,Kepler-440 b,Kepler-440,Transit,1,101.11141,4134.0,0.56,0.57,habitable_zone
3265,Prevalence baseline,0.07639003686216536,0.0,0.5,15,0,Kepler-440 b,Kepler-440,Transit,1,101.11141,4134.0,0.56,0.57,habitable_zone
3266,Additive logistic,0.5656482492075603,1.0,0.2400080790002786,15,1,Kepler-441 b,Kepler-441,Transit,0,207.2482,4340.0,0.55,0.57,too_cold
3266,Interaction logistic,0.5242993456889197,1.0,0.2535696612112996,15,1,Kepler-441 b,Kepler-441,Transit,0,207.2482,4340.0,0.55,0.57,too_cold
3266,Prevalence baseline,0.07656720783577782,0.0,0.5,15,0,Kepler-441 b,Kepler-441,Transit,0,207.2482,4340.0,0.55,0.57,too_cold
3267,Additive logistic,0.42544974636728644,1.0,0.2348953144176263,15,1,Kepler-442 b,Kepler-442,Transit,1,112.3053,4402.0,0.6,0.61,habitable_zone
3267,Interaction logistic,0.3909053945441456,1.0,0.22375111401149217,15,1,Kepler-442 b,Kepler-442,Transit,1,112.3053,4402.0,0.6,0.61,habitable_zone
3267,Prevalence baseline,0.07473416731156486,0.0,0.5,15,0,Kepler-442 b,Kepler-442,Transit,1,112.3053,4402.0,0.6,0.61,habitable_zone
3268,Additive logistic,0.3779711837489661,1.0,0.23565171011107583,15,1,Kepler-443 b,Kepler-443,Transit,1,177.6693,4723.0,0.71,0.74,habitable_zone
3268,Interaction logistic,0.3558184360115063,1.0,0.24411743653003845,15,1,Kepler-443 b,Kepler-443,Transit,1,177.6693,4723.0,0.71,0.74,habitable_zone
3268,Prevalence baseline,0.07564252994369623,0.0,0.5,15,0,Kepler-443 b,Kepler-443,Transit,1,177.6693,4723.0,0.71,0.74,habitable_zone
3288,Additive logistic,0.17581162114885263,0.13333333333333333,0.23589565011099586,15,0,Kepler-452 b,Kepler-452,Transit,1,384.843,5757.0,1.11,1.04,habitable_zone
3288,Interaction logistic,0.20802484317891143,0.2,0.23840598522901177,15,0,Kepler-452 b,Kepler-452,Transit,1,384.843,5757.0,1.11,1.04,habitable_zone
3288,Prevalence baseline,0.07516229044783329,0.0,0.5,15,0,Kepler-452 b,Kepler-452,Transit,1,384.843,5757.0,1.11,1.04,habitable_zone
3401,Additive logistic,0.11430645851124135,0.0,0.24237811121517938,15,0,Kepler-538 b,Kepler-538,Transit,0,81.73778,5547.0,0.87,0.89,too_hot
3401,Interaction logistic,0.12913626405136636,0.0,0.240095538191951,15,0,Kepler-538 b,Kepler-538,Transit,0,81.73778,5547.0,0.87,0.89,too_hot
3401,Prevalence baseline,0.07595172490874498,0.0,0.5,15,0,Kepler-538 b,Kepler-538,Transit,0,81.73778,5547.0,0.87,0.89,too_hot
3488,Additive logistic,0.004273705544599753,0.0,0.2433429950017367,15,0,Kepler-60 b,Kepler-60,Transit,0,7.1334,5905.0,1.26,1.04,too_hot
3488,Interaction logistic,0.00297048382358756,0.0,0.234959613218687,15,0,Kepler-60 b,Kepler-60,Transit,0,7.1334,5905.0,1.26,1.04,too_hot
3488,Prevalence baseline,0.07813278903733363,0.0,0.5,15,0,Kepler-60 b,Kepler-60,Transit,0,7.1334,5905.0,1.26,1.04,too_hot
3489,Additive logistic,0.006217381423270293,0.0,0.2433429950017367,15,0,Kepler-60 c,Kepler-60,Transit,0,8.9187,5905.0,1.26,1.04,too_hot
3489,Interaction logistic,0.004647359587374954,0.0,0.234959613218687,15,0,Kepler-60 c,Kepler-60,Transit,0,8.9187,5905.0,1.26,1.04,too_hot
3489,Prevalence baseline,0.07813278903733363,0.0,0.5,15,0,Kepler-60 c,Kepler-60,Transit,0,8.9187,5905.0,1.26,1.04,too_hot
3490,Additive logistic,0.009798658227485607,0.0,0.2433429950017367,15,0,Kepler-60 d,Kepler-60,Transit,0,11.8981,5905.0,1.26,1.04,too_hot
3490,Interaction logistic,0.007995257107372766,0.0,0.234959613218687,15,0,Kepler-60 d,Kepler-60,Transit,0,11.8981,5905.0,1.26,1.04,too_hot
3490,Prevalence baseline,0.07813278903733363,0.0,0.5,15,0,Kepler-60 d,Kepler-60,Transit,0,11.8981,5905.0,1.26,1.04,too_hot
4003,Additive logistic,0.012676381129254273,0.0,0.2499799746203154,15,0,L 98-59 b,L 98-59,Transit,0,2.2531136,3415.0,0.3,0.27,too_hot
4003,Interaction logistic,0.01492950111084052,0.0,0.23676362015995694,15,0,L 98-59 b,L 98-59,Transit,0,2.2531136,3415.0,0.3,0.27,too_hot
4003,Prevalence baseline,0.07575542953456373,0.0,0.5,15,0,L 98-59 b,L 98-59,Transit,0,2.2531136,3415.0,0.3,0.27,too_hot
4004,Additive logistic,0.034307031159256554,0.0,0.2499799746203154,15,0,L 98-59 c,L 98-59,Transit,0,3.6906777,3415.0,0.3,0.27,too_hot
4004,Interaction logistic,0.03983846939425719,0.0,0.23676362015995694,15,0,L 98-59 c,L 98-59,Transit,0,3.6906777,3415.0,0.3,0.27,too_hot
4004,Prevalence baseline,0.07575542953456373,0.0,0.5,15,0,L 98-59 c,L 98-59,Transit,0,3.6906777,3415.0,0.3,0.27,too_hot
4005,Additive logistic,0.11462356047744628,0.0,0.2499799746203154,15,0,L 98-59 d,L 98-59,Transit,0,7.4507245,3415.0,0.3,0.27,too_hot
4005,Interaction logistic,0.12596973882220902,0.0,0.23676362015995694,15,0,L 98-59 d,L 98-59,Transit,0,7.4507245,3415.0,0.3,0.27,too_hot
4005,Prevalence baseline,0.07575542953456373,0.0,0.5,15,0,L 98-59 d,L 98-59,Transit,0,7.4507245,3415.0,0.3,0.27,too_hot
4010,Additive logistic,0.00104113666786932,0.0,0.2435253891622639,15,0,LHS 1678 b,LHS 1678,Transit,0,0.8602322,3490.0,0.33,0.34,too_hot
4010,Interaction logistic,0.0011429547696604999,0.0,0.24253853229279765,15,0,LHS 1678 b,LHS 1678,Transit,0,0.8602322,3490.0,0.33,0.34,too_hot
4010,Prevalence baseline,0.07682424201962347,0.0,0.5,15,0,LHS 1678 b,LHS 1678,Transit,0,0.8602322,3490.0,0.33,0.34,too_hot
4011,Additive logistic,0.029376517286399905,0.0,0.2435253891622639,15,0,LHS 1678 c,LHS 1678,Transit,0,3.694247,3490.0,0.33,0.34,too_hot
4011,Interaction logistic,0.03275853183279713,0.0,0.24253853229279765,15,0,LHS 1678 c,LHS 1678,Transit,0,3.694247,3490.0,0.33,0.34,too_hot
4011,Prevalence baseline,0.07682424201962347,0.0,0.5,15,0,LHS 1678 c,LHS 1678,Transit,0,3.694247,3490.0,0.33,0.34,too_hot
4013,Additive logistic,0.0004883978833411867,0.0,0.256250847920311,15,0,LHS 3844 b,LHS 3844,Transit,0,0.46292913,3036.0,0.19,0.15,too_hot
4013,Interaction logistic,0.0008072130694715267,0.0,0.2501784332986762,15,0,LHS 3844 b,LHS 3844,Transit,0,0.46292913,3036.0,0.19,0.15,too_hot
4013,Prevalence baseline,0.07752791922719648,0.0,0.5,15,0,LHS 3844 b,LHS 3844,Transit,0,0.46292913,3036.0,0.19,0.15,too_hot
4015,Additive logistic,0.00452768753918464,0.0,0.24648222068585537,15,0,LP 791-18 b,LP 791-18,Transit,0,0.948005,2960.0,0.17,0.14,too_hot
4015,Interaction logistic,0.00810796321795758,0.0,0.24163658052091452,15,0,LP 791-18 b,LP 791-18,Transit,0,0.948005,2960.0,0.17,0.14,too_hot
4015,Prevalence baseline,0.07683595850017269,0.0,0.5,15,0,LP 791-18 b,LP 791-18,Transit,0,0.948005,2960.0,0.17,0.14,too_hot
4016,Additive logistic,0.13643299055027303,0.0,0.24648222068585537,15,0,LP 791-18 c,LP 791-18,Transit,0,4.989963,2960.0,0.17,0.14,too_hot
4016,Interaction logistic,0.1853578506794715,0.13333333333333333,0.24163658052091452,15,0,LP 791-18 c,LP 791-18,Transit,0,4.989963,2960.0,0.17,0.14,too_hot
4016,Prevalence baseline,0.07683595850017269,0.0,0.5,15,0,LP 791-18 c,LP 791-18,Transit,0,4.989963,2960.0,0.17,0.14,too_hot
4019,Additive logistic,0.00125403117172846,0.0,0.2265452300895811,15,0,LTT 3780 b,LTT 3780,Transit,0,0.768448,3331.0,0.37,0.4,too_hot
4019,Interaction logistic,0.0015335769359399666,0.0,0.2403529950523526,15,0,LTT 3780 b,LTT 3780,Transit,0,0.768448,3331.0,0.37,0.4,too_hot
4019,Prevalence baseline,0.07553655427161725,0.0,0.5,15,0,LTT 3780 b,LTT 3780,Transit,0,0.768448,3331.0,0.37,0.4,too_hot
4020,Additive logistic,0.25733828662808894,0.8,0.2265452300895811,15,1,LTT 3780 c,LTT 3780,Transit,0,12.2519,3331.0,0.37,0.4,too_hot
4020,Interaction logistic,0.2690624355741163,0.7333333333333333,0.2403529950523526,15,1,LTT 3780 c,LTT 3780,Transit,0,12.2519,3331.0,0.37,0.4,too_hot
4020,Prevalence baseline,0.07553655427161725,0.0,0.5,15,0,LTT 3780 c,LTT 3780,Transit,0,12.2519,3331.0,0.37,0.4,too_hot
4059,Additive logistic,0.0077522871479602,0.0,0.2551786372410328,15,0,NGTS-1 b,NGTS-1,Transit,0,2.647298,3916.0,0.57,0.62,too_hot
4059,Interaction logistic,0.00741673853981736,0.0,0.24255504421268356,15,0,NGTS-1 b,NGTS-1,Transit,0,2.647298,3916.0,0.57,0.62,too_hot
4059,Prevalence baseline,0.07735434606572551,0.0,0.5,15,0,NGTS-1 b,NGTS-1,Transit,0,2.647298,3916.0,0.57,0.62,too_hot
4062,Additive logistic,0.005394717374415266,0.0,0.24638620161637723,15,0,NGTS-12 b,NGTS-12,Transit,0,7.532806,5690.0,1.59,1.02,too_hot
4062,Interaction logistic,0.0039801509250919735,0.0,0.23770442067706435,15,0,NGTS-12 b,NGTS-12,Transit,0,7.532806,5690.0,1.59,1.02,too_hot
4062,Prevalence baseline,0.07611690182255466,0.0,0.5,15,0,NGTS-12 b,NGTS-12,Transit,0,7.532806,5690.0,1.59,1.02,too_hot
4063,Additive logistic,0.0016252735460253133,0.0,0.2342183090071748,15,0,NGTS-13 b,NGTS-13,Transit,0,4.119027,5819.0,1.79,1.3,too_hot
4063,Interaction logistic,0.00090497236112872,0.0,0.24628134112838962,15,0,NGTS-13 b,NGTS-13,Transit,0,4.119027,5819.0,1.79,1.3,too_hot
4063,Prevalence baseline,0.07710092175490835,0.0,0.5,15,0,NGTS-13 b,NGTS-13,Transit,0,4.119027,5819.0,1.79,1.3,too_hot
4065,Additive logistic,0.0013636053546809068,0.0,0.25485263915220485,15,0,NGTS-15 b,NGTS-15,Transit,0,3.27623,5600.0,0.95,0.99,too_hot
4065,Interaction logistic,0.0008145467710750067,0.0,0.27685336720950693,15,0,NGTS-15 b,NGTS-15,Transit,0,3.27623,5600.0,0.95,0.99,too_hot
4065,Prevalence baseline,0.07466163503313476,0.0,0.5,15,0,NGTS-15 b,NGTS-15,Transit,0,3.27623,5600.0,0.95,0.99,too_hot
4066,Additive logistic,0.003084241575930993,0.0,0.2374892963292714,15,0,NGTS-16 b,NGTS-16,Transit,0,4.84532,5550.0,1.21,1.0,too_hot
4066,Interaction logistic,0.00208036292585924,0.0,0.2562893060936486,15,0,NGTS-16 b,NGTS-16,Transit,0,4.84532,5550.0,1.21,1.0,too_hot
4066,Prevalence baseline,0.0765498916198825,0.0,0.5,15,0,NGTS-16 b,NGTS-16,Transit,0,4.84532,5550.0,1.21,1.0,too_hot
4067,Additive logistic,0.0012066777204678867,0.0,0.23854753057944986,15,0,NGTS-17 b,NGTS-17,Transit,0,3.24253,5650.0,1.34,1.02,too_hot
4067,Interaction logistic,0.0006603648421220067,0.0,0.2380628056568911,15,0,NGTS-17 b,NGTS-17,Transit,0,3.24253,5650.0,1.34,1.02,too_hot
4067,Prevalence baseline,0.07705906271270141,0.0,0.5,15,0,NGTS-17 b,NGTS-17,Transit,0,3.24253,5650.0,1.34,1.02,too_hot
4068,Additive logistic,0.0011274715311015468,0.0,0.23956864385104207,15,0,NGTS-18 b,NGTS-18,Transit,0,3.05125,5610.0,1.39,1.0,too_hot
4068,Interaction logistic,0.00063115069637778,0.0,0.23907113123900944,15,0,NGTS-18 b,NGTS-18,Transit,0,3.05125,5610.0,1.39,1.0,too_hot
4068,Prevalence baseline,0.07713450373212369,0.0,0.5,15,0,NGTS-18 b,NGTS-18,Transit,0,3.05125,5610.0,1.39,1.0,too_hot
4074,Additive logistic,0.0011983408994466866,0.0,0.22838760766537997,15,0,NGTS-8 b,NGTS-8,Transit,0,2.4997,5241.0,0.98,0.89,too_hot
4074,Interaction logistic,0.0006636985114017267,0.0,0.23080636947135033,15,0,NGTS-8 b,NGTS-8,Transit,0,2.4997,5241.0,0.98,0.89,too_hot
4074,Prevalence baseline,0.07621510592122777,0.0,0.5,15,0,NGTS-8 b,NGTS-8,Transit,0,2.4997,5241.0,0.98,0.89,too_hot
4075,Additive logistic,0.0011595041095898866,0.0,0.23774590854553188,15,0,NGTS-9 b,NGTS-9,Transit,0,4.43527,6330.0,1.38,1.34,too_hot
4075,Interaction logistic,0.0005911248996489133,0.0,0.24106437099016162,15,0,NGTS-9 b,NGTS-9,Transit,0,4.43527,6330.0,1.38,1.34,too_hot
4075,Prevalence baseline,0.07677547347986616,0.0,0.5,15,0,NGTS-9 b,NGTS-9,Transit,0,4.43527,6330.0,1.38,1.34,too_hot
4172,Additive logistic,0.32099041086556473,0.7333333333333333,0.2571772849957987,15,1,Proxima Cen b,Proxima Cen,Radial Velocity,1,11.186,3050.0,0.14,0.12,habitable_zone
4172,Interaction logistic,0.34775820337941227,1.0,0.2449930364510364,15,1,Proxima Cen b,Proxima Cen,Radial Velocity,1,11.186,3050.0,0.14,0.12,habitable_zone
4172,Prevalence baseline,0.07479212228057651,0.0,0.5,15,0,Proxima Cen b,Proxima Cen,Radial Velocity,1,11.186,3050.0,0.14,0.12,habitable_zone
4176,Additive logistic,0.00049908359768248,0.0,0.21855468481501178,15,0,Qatar-3 b,Qatar-3,Transit,0,2.5079204,6007.0,1.27,1.15,too_hot
4176,Interaction logistic,0.00021930157709295332,0.0,0.23063279337036177,15,0,Qatar-3 b,Qatar-3,Transit,0,2.5079204,6007.0,1.27,1.15,too_hot
4176,Prevalence baseline,0.07742388174144052,0.0,0.5,15,0,Qatar-3 b,Qatar-3,Transit,0,2.5079204,6007.0,1.27,1.15,too_hot
4177,Additive logistic,0.0005533515313351467,0.0,0.22415032354462203,15,0,Qatar-4 b,Qatar-4,Transit,0,1.8053564,5215.0,0.85,0.9,too_hot
4177,Interaction logistic,0.00028568416686451333,0.0,0.22429102510729815,15,0,Qatar-4 b,Qatar-4,Transit,0,1.8053564,5215.0,0.85,0.9,too_hot
4177,Prevalence baseline,0.07508959968550184,0.0,0.5,15,0,Qatar-4 b,Qatar-4,Transit,0,1.8053564,5215.0,0.85,0.9,too_hot
4178,Additive logistic,0.0008474509314372933,0.0,0.24873311163735626,15,0,Qatar-5 b,Qatar-5,Transit,0,2.8792319,5747.0,1.08,1.13,too_hot
4178,Interaction logistic,0.0004628058301714,0.0,0.24788638960332393,15,0,Qatar-5 b,Qatar-5,Transit,0,2.8792319,5747.0,1.08,1.13,too_hot
4178,Prevalence baseline,0.07628452364466992,0.0,0.5,15,0,Qatar-5 b,Qatar-5,Transit,0,2.8792319,5747.0,1.08,1.13,too_hot
4186,Additive logistic,0.21829302091678224,0.3333333333333333,0.2552377076044964,15,0,Ross 128 b,Ross 128,Radial Velocity,1,9.8658,3192.0,0.2,0.17,habitable_zone
4186,Interaction logistic,0.24057448307428939,0.5333333333333333,0.24820442732978634,15,1,Ross 128 b,Ross 128,Radial Velocity,1,9.8658,3192.0,0.2,0.17,habitable_zone
4186,Prevalence baseline,0.0753835472813691,0.0,0.5,15,0,Ross 128 b,Ross 128,Radial Velocity,1,9.8658,3192.0,0.2,0.17,habitable_zone
4196,Additive logistic,0.00272262344125104,0.0,0.2514231116976821,15,0,TOI-1062 b,TOI-1062,Transit,0,4.11296,5328.0,0.84,0.94,too_hot
4196,Interaction logistic,0.00187860338472068,0.0,0.24678871572082509,15,0,TOI-1062 b,TOI-1062,Transit,0,4.11296,5328.0,0.84,0.94,too_hot
4196,Prevalence baseline,0.07682751762204515,0.0,0.5,15,0,TOI-1062 b,TOI-1062,Transit,0,4.11296,5328.0,0.84,0.94,too_hot
4197,Additive logistic,0.008967953752886167,0.0,0.2514231116976821,15,0,TOI-1062 c,TOI-1062,Transit,0,7.972,5328.0,0.84,0.94,too_hot
4197,Interaction logistic,0.007201887144334667,0.0,0.24678871572082509,15,0,TOI-1062 c,TOI-1062,Transit,0,7.972,5328.0,0.84,0.94,too_hot
4197,Prevalence baseline,0.07682751762204515,0.0,0.5,15,0,TOI-1062 c,TOI-1062,Transit,0,7.972,5328.0,0.84,0.94,too_hot
4200,Additive logistic,0.01437755554655122,0.0,0.24008106853220404,15,0,TOI-1201 b,TOI-1201,Transit,0,2.4919863,3476.0,0.51,0.51,too_hot
4200,Interaction logistic,0.016680693193397853,0.0,0.26359495914365977,15,0,TOI-1201 b,TOI-1201,Transit,0,2.4919863,3476.0,0.51,0.51,too_hot
4200,Prevalence baseline,0.07655581290614788,0.0,0.5,15,0,TOI-1201 b,TOI-1201,Transit,0,2.4919863,3476.0,0.51,0.51,too_hot
4201,Additive logistic,0.06220298078885385,0.0,0.24025610841427916,15,0,TOI-122 b,TOI-122,Transit,0,5.07803,3403.0,0.33,0.31,too_hot
4201,Interaction logistic,0.07101815684026068,0.0,0.23812821745604748,15,0,TOI-122 b,TOI-122,Transit,0,5.07803,3403.0,0.33,0.31,too_hot
4201,Prevalence baseline,0.07567063987007544,0.0,0.5,15,0,TOI-122 b,TOI-122,Transit,0,5.07803,3403.0,0.33,0.31,too_hot
4202,Additive logistic,0.3770182371159215,1.0,0.2420314783929375,15,1,TOI-1231 b,TOI-1231,Transit,0,24.245586,3553.0,0.48,0.48,too_hot
4202,Interaction logistic,0.3620361101355136,1.0,0.2364805612046895,15,1,TOI-1231 b,TOI-1231,Transit,0,24.245586,3553.0,0.48,0.48,too_hot
4202,Prevalence baseline,0.07559814333385874,0.0,0.5,15,0,TOI-1231 b,TOI-1231,Transit,0,24.245586,3553.0,0.48,0.48,too_hot
4203,Additive logistic,0.011683528184168627,0.0,0.25124042408498204,15,0,TOI-1235 b,TOI-1235,Transit,0,3.444717,3997.0,0.62,0.63,too_hot
4203,Interaction logistic,0.011053287466239507,0.0,0.24973952592847307,15,0,TOI-1235 b,TOI-1235,Transit,0,3.444717,3997.0,0.62,0.63,too_hot
4203,Prevalence baseline,0.07730993567096141,0.0,0.5,15,0,TOI-1235 b,TOI-1235,Transit,0,3.444717,3997.0,0.62,0.63,too_hot
4204,Additive logistic,0.0035956549513870267,0.0,0.24790685201554766,15,0,TOI-125 b,TOI-125,Transit,0,4.65382,5320.0,0.85,0.86,too_hot
4204,Interaction logistic,0.0024137259968983133,0.0,0.24140952438858918,15,0,TOI-125 b,TOI-125,Transit,0,4.65382,5320.0,0.85,0.86,too_hot
4204,Prevalence baseline,0.07527435900501195,0.0,0.5,15,0,TOI-125 b,TOI-125,Transit,0,4.65382,5320.0,0.85,0.86,too_hot
4205,Additive logistic,0.011455344217156714,0.0,0.24790685201554766,15,0,TOI-125 c,TOI-125,Transit,0,9.15059,5320.0,0.85,0.86,too_hot
4205,Interaction logistic,0.009186058329103613,0.0,0.24140952438858918,15,0,TOI-125 c,TOI-125,Transit,0,9.15059,5320.0,0.85,0.86,too_hot
4205,Prevalence baseline,0.07527435900501195,0.0,0.5,15,0,TOI-125 c,TOI-125,Transit,0,9.15059,5320.0,0.85,0.86,too_hot
4206,Additive logistic,0.035003918377039575,0.0,0.24790685201554766,15,0,TOI-125 d,TOI-125,Transit,0,19.98,5320.0,0.85,0.86,too_hot
4206,Interaction logistic,0.0329201984119541,0.0,0.24140952438858918,15,0,TOI-125 d,TOI-125,Transit,0,19.98,5320.0,0.85,0.86,too_hot
4206,Prevalence baseline,0.07527435900501195,0.0,0.5,15,0,TOI-125 d,TOI-125,Transit,0,19.98,5320.0,0.85,0.86,too_hot
4208,Additive logistic,0.0067850839653616265,0.0,0.23980134542061896,15,0,TOI-1260 b,TOI-1260,Transit,0,3.12748,4227.0,0.65,0.66,too_hot
4208,Interaction logistic,0.0058139431718168865,0.0,0.23325507081263058,15,0,TOI-1260 b,TOI-1260,Transit,0,3.12748,4227.0,0.65,0.66,too_hot
4208,Prevalence baseline,0.07852789744874127,0.0,0.5,15,0,TOI-1260 b,TOI-1260,Transit,0,3.12748,4227.0,0.65,0.66,too_hot
4209,Additive logistic,0.034400816857159885,0.0,0.23980134542061896,15,0,TOI-1260 c,TOI-1260,Transit,0,7.49325,4227.0,0.65,0.66,too_hot
4209,Interaction logistic,0.03219743022994977,0.0,0.23325507081263058,15,0,TOI-1260 c,TOI-1260,Transit,0,7.49325,4227.0,0.65,0.66,too_hot
4209,Prevalence baseline,0.07852789744874127,0.0,0.5,15,0,TOI-1260 c,TOI-1260,Transit,0,7.49325,4227.0,0.65,0.66,too_hot
4210,Additive logistic,0.15365710750590705,0.0,0.24768119711525152,15,0,TOI-1266 b,TOI-1266,Transit,0,10.894843,3600.0,0.42,0.45,too_hot
4210,Interaction logistic,0.1587066677533209,0.0,0.24340993505118683,15,0,TOI-1266 b,TOI-1266,Transit,0,10.894843,3600.0,0.42,0.45,too_hot
4210,Prevalence baseline,0.0764134135278,0.0,0.5,15,0,TOI-1266 b,TOI-1266,Transit,0,10.894843,3600.0,0.42,0.45,too_hot
4211,Additive logistic,0.28975122241542933,0.8,0.24768119711525152,15,1,TOI-1266 c,TOI-1266,Transit,0,18.80151,3600.0,0.42,0.45,too_hot
4211,Interaction logistic,0.28576398841286443,0.8,0.24340993505118683,15,1,TOI-1266 c,TOI-1266,Transit,0,18.80151,3600.0,0.42,0.45,too_hot
4211,Prevalence baseline,0.0764134135278,0.0,0.5,15,0,TOI-1266 c,TOI-1266,Transit,0,18.80151,3600.0,0.42,0.45,too_hot
4215,Additive logistic,0.0006315185368530333,0.0,0.23272676878356346,15,0,TOI-132 b,TOI-132,Transit,0,2.1097019,5397.0,0.9,0.97,too_hot
4215,Interaction logistic,0.0003677393151420667,0.0,0.24728296053145343,15,0,TOI-132 b,TOI-132,Transit,0,2.1097019,5397.0,0.9,0.97,too_hot
4215,Prevalence baseline,0.07720823631433796,0.0,0.5,15,0,TOI-132 b,TOI-132,Transit,0,2.1097019,5397.0,0.9,0.97,too_hot
4218,Additive logistic,0.00011890485091168778,0.0,0.23216013934987115,15,0,TOI-1431 b,TOI-1431,Transit,0,2.650237,7690.0,1.92,1.9,too_hot
4218,Interaction logistic,3.521923454244035e-05,0.0,0.2604694497034165,15,0,TOI-1431 b,TOI-1431,Transit,0,2.650237,7690.0,1.92,1.9,too_hot
4218,Prevalence baseline,0.07784587817204848,0.0,0.5,15,0,TOI-1431 b,TOI-1431,Transit,0,2.650237,7690.0,1.92,1.9,too_hot
4224,Additive logistic,0.00058246169472802,0.0,0.265098108304523,15,0,TOI-157 b,TOI-157,Transit,0,2.0845435,5404.0,1.17,0.95,too_hot
4224,Interaction logistic,0.0003476200834412133,0.0,0.268621053274334,15,0,TOI-157 b,TOI-157,Transit,0,2.0845435,5404.0,1.17,0.95,too_hot
4224,Prevalence baseline,0.07622481840438686,0.0,0.5,15,0,TOI-157 b,TOI-157,Transit,0,2.0845435,5404.0,1.17,0.95,too_hot
4227,Additive logistic,0.0013192502484568867,0.0,0.2551413520912032,15,0,TOI-1634 b,TOI-1634,Transit,0,0.989343,3550.0,0.45,0.5,too_hot
4227,Interaction logistic,0.0014197937248475734,0.0,0.2416143227773769,15,0,TOI-1634 b,TOI-1634,Transit,0,0.989343,3550.0,0.45,0.5,too_hot
4227,Prevalence baseline,0.07610885299629708,0.0,0.5,15,0,TOI-1634 b,TOI-1634,Transit,0,0.989343,3550.0,0.45,0.5,too_hot
4228,Additive logistic,0.0006660292279608799,0.0,0.24070206181029408,15,0,TOI-1685 b,TOI-1685,Transit,0,0.6691403,3434.0,0.49,0.49,too_hot
4228,Interaction logistic,0.0007576154455053266,0.0,0.2604422881785892,15,0,TOI-1685 b,TOI-1685,Transit,0,0.6691403,3434.0,0.49,0.49,too_hot
4228,Prevalence baseline,0.07556611217570296,0.0,0.5,15,0,TOI-1685 b,TOI-1685,Transit,0,0.6691403,3434.0,0.49,0.49,too_hot
4229,Additive logistic,0.0005018571006692867,0.0,0.2265495841946174,15,0,TOI-169 b,TOI-169,Transit,0,2.2554477,5880.0,1.29,1.15,too_hot
4229,Interaction logistic,0.0001936007669074933,0.0,0.2399237088446707,15,0,TOI-169 b,TOI-169,Transit,0,2.2554477,5880.0,1.29,1.15,too_hot
4229,Prevalence baseline,0.07723690992121464,0.0,0.5,15,0,TOI-169 b,TOI-169,Transit,0,2.2554477,5880.0,1.29,1.15,too_hot
4230,Additive logistic,0.008865822780306627,0.0,0.2398752277622506,15,0,TOI-172 b,TOI-172,Transit,0,9.47725,5645.0,1.78,1.13,too_hot
4230,Interaction logistic,0.007014427486488386,0.0,0.23896862724697235,15,0,TOI-172 b,TOI-172,Transit,0,9.47725,5645.0,1.78,1.13,too_hot
4230,Prevalence baseline,0.07881154995354953,0.0,0.5,15,0,TOI-172 b,TOI-172,Transit,0,9.47725,5645.0,1.78,1.13,too_hot
4231,Additive logistic,0.012090910184276821,0.0,0.24994676126548657,15,0,TOI-1728 b,TOI-1728,Transit,0,3.49151,3980.0,0.62,0.65,too_hot
4231,Interaction logistic,0.01154398366002376,0.0,0.2527348462316383,15,0,TOI-1728 b,TOI-1728,Transit,0,3.49151,3980.0,0.62,0.65,too_hot
4231,Prevalence baseline,0.07650049168148239,0.0,0.5,15,0,TOI-1728 b,TOI-1728,Transit,0,3.49151,3980.0,0.62,0.65,too_hot
4241,Additive logistic,0.0007753485970637933,0.0,0.24291871546174834,15,0,TOI-1789 b,TOI-1789,Transit,0,3.208664,5991.0,2.17,1.51,too_hot
4241,Interaction logistic,0.0004034993046058,0.0,0.24826664107942292,15,0,TOI-1789 b,TOI-1789,Transit,0,3.208664,5991.0,2.17,1.51,too_hot
4241,Prevalence baseline,0.07667344765772349,0.0,0.5,15,0,TOI-1789 b,TOI-1789,Transit,0,3.208664,5991.0,2.17,1.51,too_hot
4243,Additive logistic,0.32713511417646757,1.0,0.21731199420879924,15,1,TOI-1899 b,TOI-1899,Transit,0,29.02,3841.0,0.61,0.63,too_hot
4243,Interaction logistic,0.30962546567091287,1.0,0.2260257067238969,15,1,TOI-1899 b,TOI-1899,Transit,0,29.02,3841.0,0.61,0.63,too_hot
4243,Prevalence baseline,0.0768011537519509,0.0,0.5,15,0,TOI-1899 b,TOI-1899,Transit,0,29.02,3841.0,0.61,0.63,too_hot
4248,Additive logistic,0.0965012965715175,0.0,0.25132888725569363,15,0,TOI-216.01,TOI-216,Transit,0,34.556,5026.0,0.84,0.87,too_hot
4248,Interaction logistic,0.09680104471934464,0.0,0.23568503728081772,15,0,TOI-216.01,TOI-216,Transit,0,34.556,5026.0,0.84,0.87,too_hot
4248,Prevalence baseline,0.07704328097733602,0.0,0.5,15,0,TOI-216.01,TOI-216,Transit,0,34.556,5026.0,0.84,0.87,too_hot
4249,Additive logistic,0.04192559252497405,0.0,0.25132888725569363,15,0,TOI-216.02,TOI-216,Transit,0,17.089,5026.0,0.84,0.87,too_hot
4249,Interaction logistic,0.039688528472820866,0.0,0.23568503728081772,15,0,TOI-216.02,TOI-216,Transit,0,17.089,5026.0,0.84,0.87,too_hot
4249,Prevalence baseline,0.07704328097733602,0.0,0.5,15,0,TOI-216.02,TOI-216,Transit,0,17.089,5026.0,0.84,0.87,too_hot
4254,Additive logistic,0.4194848234330933,1.0,0.22498315703252494,15,1,TOI-2285 b,TOI-2285,Transit,1,27.26955,3491.0,0.46,0.45,habitable_zone
4254,Interaction logistic,0.3973415823748706,1.0,0.2303154909641866,15,1,TOI-2285 b,TOI-2285,Transit,1,27.26955,3491.0,0.46,0.45,habitable_zone
4254,Prevalence baseline,0.07465144038900667,0.0,0.5,15,0,TOI-2285 b,TOI-2285,Transit,1,27.26955,3491.0,0.46,0.45,habitable_zone
4255,Additive logistic,0.09698799879096469,0.0,0.2388976405674617,15,0,TOI-237 b,TOI-237,Transit,0,5.436098,3212.0,0.21,0.18,too_hot
4255,Interaction logistic,0.11645237175730425,0.0,0.27256879095435543,15,0,TOI-237 b,TOI-237,Transit,0,5.436098,3212.0,0.21,0.18,too_hot
4255,Prevalence baseline,0.07745635455819039,0.0,0.5,15,0,TOI-237 b,TOI-237,Transit,0,5.436098,3212.0,0.21,0.18,too_hot
4256,Additive logistic,0.04313726306258296,0.0,0.2553179961363439,15,0,TOI-2406 b,TOI-2406,Transit,0,3.0766896,3100.0,0.2,0.16,too_hot
4256,Interaction logistic,0.057318576698945,0.0,0.2553803476539302,15,0,TOI-2406 b,TOI-2406,Transit,0,3.0766896,3100.0,0.2,0.16,too_hot
4256,Prevalence baseline,0.07756049117327142,0.0,0.5,15,0,TOI-2406 b,TOI-2406,Transit,0,3.0766896,3100.0,0.2,0.16,too_hot
4258,Additive logistic,0.014088949809890328,0.0,0.2502337361978766,15,0,TOI-257 b,TOI-257,Transit,0,18.38818,6095.0,1.87,1.41,too_hot
4258,Interaction logistic,0.012788539603671926,0.0,0.24959670733375963,15,0,TOI-257 b,TOI-257,Transit,0,18.38818,6095.0,1.87,1.41,too_hot
4258,Prevalence baseline,0.07669388682254365,0.0,0.5,15,0,TOI-257 b,TOI-257,Transit,0,18.38818,6095.0,1.87,1.41,too_hot
4259,Additive logistic,0.028587064388835817,0.0,0.2303739784802826,15,0,TOI-269 b,TOI-269,Transit,0,3.6977104,3514.0,0.4,0.39,too_hot
4259,Interaction logistic,0.0320635608481886,0.0,0.2321830165792901,15,0,TOI-269 b,TOI-269,Transit,0,3.6977104,3514.0,0.4,0.39,too_hot
4259,Prevalence baseline,0.0753981459280662,0.0,0.5,15,0,TOI-269 b,TOI-269,Transit,0,3.6977104,3514.0,0.4,0.39,too_hot
4264,Additive logistic,0.004199150374618154,0.0,0.26600497514526983,15,0,TOI-421 b,TOI-421,Transit,0,5.19672,5325.0,0.87,0.85,too_hot
4264,Interaction logistic,0.0031389823867560003,0.0,0.25919295472092757,15,0,TOI-421 b,TOI-421,Transit,0,5.19672,5325.0,0.87,0.85,too_hot
4264,Prevalence baseline,0.07618721806694476,0.0,0.5,15,0,TOI-421 b,TOI-421,Transit,0,5.19672,5325.0,0.87,0.85,too_hot
4265,Additive logistic,0.02697194234486947,0.0,0.26600497514526983,15,0,TOI-421 c,TOI-421,Transit,0,16.06819,5325.0,0.87,0.85,too_hot
4265,Interaction logistic,0.024834236730505447,0.0,0.25919295472092757,15,0,TOI-421 c,TOI-421,Transit,0,16.06819,5325.0,0.87,0.85,too_hot
4265,Prevalence baseline,0.07618721806694476,0.0,0.5,15,0,TOI-421 c,TOI-421,Transit,0,16.06819,5325.0,0.87,0.85,too_hot
4275,Additive logistic,0.00587795911092992,0.0,0.23853253312691697,15,0,TOI-532 b,TOI-532,Transit,0,2.3266508,3927.0,0.61,0.64,too_hot
4275,Interaction logistic,0.005560828657364366,0.0,0.23977436467046293,15,0,TOI-532 b,TOI-532,Transit,0,2.3266508,3927.0,0.61,0.64,too_hot
4275,Prevalence baseline,0.07701518547698565,0.0,0.5,15,0,TOI-532 b,TOI-532,Transit,0,2.3266508,3927.0,0.61,0.64,too_hot
4276,Additive logistic,0.00516793756182376,0.0,0.2494764236349392,15,0,TOI-540 b,TOI-540,Transit,0,1.2391491,3216.0,0.19,0.16,too_hot
4276,Interaction logistic,0.00714417356287428,0.0,0.24047724862007364,15,0,TOI-540 b,TOI-540,Transit,0,1.2391491,3216.0,0.19,0.16,too_hot
4276,Prevalence baseline,0.0762114469989449,0.0,0.5,15,0,TOI-540 b,TOI-540,Transit,0,1.2391491,3216.0,0.19,0.16,too_hot
4284,Additive logistic,0.00026912029779650005,0.0,0.2325146773939677,15,0,TOI-564 b,TOI-564,Transit,0,1.651144,5640.0,1.09,1.0,too_hot
4284,Interaction logistic,0.00013310486649237204,0.0,0.22247647446667018,15,0,TOI-564 b,TOI-564,Transit,0,1.651144,5640.0,1.09,1.0,too_hot
4284,Prevalence baseline,0.07464812278946661,0.0,0.5,15,0,TOI-564 b,TOI-564,Transit,0,1.651144,5640.0,1.09,1.0,too_hot
4287,Additive logistic,0.008621460468284067,0.0,0.22485259229330712,15,0,TOI-674 b,TOI-674,Transit,0,1.977143,3514.0,0.42,0.42,too_hot
4287,Interaction logistic,0.009800895405353206,0.0,0.2452076931815892,15,0,TOI-674 b,TOI-674,Transit,0,1.977143,3514.0,0.42,0.42,too_hot
4287,Prevalence baseline,0.07504037399301992,0.0,0.5,15,0,TOI-674 b,TOI-674,Transit,0,1.977143,3514.0,0.42,0.42,too_hot
4289,Additive logistic,0.17282153957578072,0.13333333333333333,0.23116157487806666,15,0,TOI-700 b,TOI-700,Transit,0,9.97702,3461.0,0.42,0.41,too_hot
4289,Interaction logistic,0.18235352035457436,0.06666666666666667,0.22528190403395837,15,0,TOI-700 b,TOI-700,Transit,0,9.97702,3461.0,0.42,0.41,too_hot
4289,Prevalence baseline,0.07862421696703258,0.0,0.5,15,0,TOI-700 b,TOI-700,Transit,0,9.97702,3461.0,0.42,0.41,too_hot
4290,Additive logistic,0.30314886844032324,0.8666666666666667,0.23116157487806666,15,1,TOI-700 c,TOI-700,Transit,0,16.05111,3461.0,0.42,0.41,too_hot
4290,Interaction logistic,0.3040019100796481,0.8666666666666667,0.22528190403395837,15,1,TOI-700 c,TOI-700,Transit,0,16.05111,3461.0,0.42,0.41,too_hot
4290,Prevalence baseline,0.07862421696703258,0.0,0.5,15,0,TOI-700 c,TOI-700,Transit,0,16.05111,3461.0,0.42,0.41,too_hot
4291,Additive logistic,0.5631265721470334,1.0,0.23116157487806666,15,1,TOI-700 d,TOI-700,Transit,1,37.42475,3461.0,0.42,0.41,habitable_zone
4291,Interaction logistic,0.5262664738605334,1.0,0.22528190403395837,15,1,TOI-700 d,TOI-700,Transit,1,37.42475,3461.0,0.42,0.41,habitable_zone
4291,Prevalence baseline,0.07862421696703258,0.0,0.5,15,0,TOI-700 d,TOI-700,Transit,1,37.42475,3461.0,0.42,0.41,habitable_zone
4294,Additive logistic,0.08428589553087863,0.0,0.2429627736681945,15,0,TOI-776 b,TOI-776,Transit,0,8.24661,3709.0,0.54,0.54,too_hot
4294,Interaction logistic,0.08702256422758799,0.0,0.2537086885266251,15,0,TOI-776 b,TOI-776,Transit,0,8.24661,3709.0,0.54,0.54,too_hot
4294,Prevalence baseline,0.07567146541811569,0.0,0.5,15,0,TOI-776 b,TOI-776,Transit,0,8.24661,3709.0,0.54,0.54,too_hot
4295,Additive logistic,0.20057146034687237,0.5333333333333333,0.2429627736681945,15,1,TOI-776 c,TOI-776,Transit,0,15.6653,3709.0,0.54,0.54,too_hot
4295,Interaction logistic,0.20006319223530505,0.4,0.2537086885266251,15,0,TOI-776 c,TOI-776,Transit,0,15.6653,3709.0,0.54,0.54,too_hot
4295,Prevalence baseline,0.07567146541811569,0.0,0.5,15,0,TOI-776 c,TOI-776,Transit,0,15.6653,3709.0,0.54,0.54,too_hot
4296,Additive logistic,0.08729461472199523,0.0,0.23277387398902918,15,0,TOI-813 b,TOI-813,Transit,0,83.8911,5907.0,1.94,1.32,too_hot
4296,Interaction logistic,0.10650254231689174,0.0,0.2502624125098342,15,0,TOI-813 b,TOI-813,Transit,0,83.8911,5907.0,1.94,1.32,too_hot
4296,Prevalence baseline,0.07528279339969131,0.0,0.5,15,0,TOI-813 b,TOI-813,Transit,0,83.8911,5907.0,1.94,1.32,too_hot
4297,Additive logistic,0.0006803135332781933,0.0,0.2532904731016777,15,0,TOI-824 b,TOI-824,Transit,0,1.392978,4600.0,0.69,0.71,too_hot
4297,Interaction logistic,0.0004335273160475467,0.0,0.2394566817662947,15,0,TOI-824 b,TOI-824,Transit,0,1.392978,4600.0,0.69,0.71,too_hot
4297,Prevalence baseline,0.07726688722117413,0.0,0.5,15,0,TOI-824 b,TOI-824,Transit,0,1.392978,4600.0,0.69,0.71,too_hot
4301,Additive logistic,0.00173361512434572,0.0,0.23387611626959742,15,0,TOI-905 b,TOI-905,Transit,0,3.739494,5570.0,0.92,0.97,too_hot
4301,Interaction logistic,0.0009928840052283133,0.0,0.2510950146824539,15,0,TOI-905 b,TOI-905,Transit,0,3.739494,5570.0,0.92,0.97,too_hot
4301,Prevalence baseline,0.07815640515615038,0.0,0.5,15,0,TOI-905 b,TOI-905,Transit,0,3.739494,5570.0,0.92,0.97,too_hot
4304,Additive logistic,0.0014577619096141333,0.0,0.23484970188979618,15,0,TOI-954 b,TOI-954,Transit,0,3.6849729,5710.0,1.89,1.2,too_hot
4304,Interaction logistic,0.0008488567356789533,0.0,0.23141245067212315,15,0,TOI-954 b,TOI-954,Transit,0,3.6849729,5710.0,1.89,1.2,too_hot
4304,Prevalence baseline,0.07668472621774443,0.0,0.5,15,0,TOI-954 b,TOI-954,Transit,0,3.6849729,5710.0,1.89,1.2,too_hot
4305,Additive logistic,0.03171839157933421,0.0,0.24392138133925848,15,0,TRAPPIST-1 b,TRAPPIST-1,Transit,0,1.510826,2566.0,0.12,0.09,too_hot
4305,Interaction logistic,0.06990821029315777,0.0,0.24444427960426018,15,0,TRAPPIST-1 b,TRAPPIST-1,Transit,0,1.510826,2566.0,0.12,0.09,too_hot
4305,Prevalence baseline,0.08048790701874221,0.0,0.5,15,0,TRAPPIST-1 b,TRAPPIST-1,Transit,0,1.510826,2566.0,0.12,0.09,too_hot
4306,Additive logistic,0.0880505258231329,0.0,0.24392138133925848,15,0,TRAPPIST-1 c,TRAPPIST-1,Transit,0,2.421937,2566.0,0.12,0.09,too_hot
4306,Interaction logistic,0.1642127527180599,0.13333333333333333,0.24444427960426018,15,0,TRAPPIST-1 c,TRAPPIST-1,Transit,0,2.421937,2566.0,0.12,0.09,too_hot
4306,Prevalence baseline,0.08048790701874221,0.0,0.5,15,0,TRAPPIST-1 c,TRAPPIST-1,Transit,0,2.421937,2566.0,0.12,0.09,too_hot
4307,Additive logistic,0.22159099606897675,0.4,0.24392138133925848,15,0,TRAPPIST-1 d,TRAPPIST-1,Transit,1,4.049219,2566.0,0.12,0.09,habitable_zone
4307,Interaction logistic,0.3335602647418128,0.8666666666666667,0.24444427960426018,15,1,TRAPPIST-1 d,TRAPPIST-1,Transit,1,4.049219,2566.0,0.12,0.09,habitable_zone
4307,Prevalence baseline,0.08048790701874221,0.0,0.5,15,0,TRAPPIST-1 d,TRAPPIST-1,Transit,1,4.049219,2566.0,0.12,0.09,habitable_zone
4308,Additive logistic,0.3852226981068398,1.0,0.24392138133925848,15,1,TRAPPIST-1 e,TRAPPIST-1,Transit,1,6.101013,2566.0,0.12,0.09,habitable_zone
4308,Interaction logistic,0.4929551444119481,1.0,0.24444427960426018,15,1,TRAPPIST-1 e,TRAPPIST-1,Transit,1,6.101013,2566.0,0.12,0.09,habitable_zone
4308,Prevalence baseline,0.08048790701874221,0.0,0.5,15,0,TRAPPIST-1 e,TRAPPIST-1,Transit,1,6.101013,2566.0,0.12,0.09,habitable_zone
4309,Additive logistic,0.5642045751197416,1.0,0.24392138133925848,15,1,TRAPPIST-1 f,TRAPPIST-1,Transit,1,9.20754,2566.0,0.12,0.09,habitable_zone
4309,Interaction logistic,0.6372861706741524,1.0,0.24444427960426018,15,1,TRAPPIST-1 f,TRAPPIST-1,Transit,1,9.20754,2566.0,0.12,0.09,habitable_zone
4309,Prevalence baseline,0.08048790701874221,0.0,0.5,15,0,TRAPPIST-1 f,TRAPPIST-1,Transit,1,9.20754,2566.0,0.12,0.09,habitable_zone
4310,Additive logistic,0.6760256907011153,1.0,0.24392138133925848,15,1,TRAPPIST-1 g,TRAPPIST-1,Transit,0,12.352446,2566.0,0.12,0.09,too_cold
4310,Interaction logistic,0.718762698224693,1.0,0.24444427960426018,15,1,TRAPPIST-1 g,TRAPPIST-1,Transit,0,12.352446,2566.0,0.12,0.09,too_cold
4310,Prevalence baseline,0.08048790701874221,0.0,0.5,15,0,TRAPPIST-1 g,TRAPPIST-1,Transit,0,12.352446,2566.0,0.12,0.09,too_cold
4311,Additive logistic,0.7952837717025982,1.0,0.24392138133925848,15,1,TRAPPIST-1 h,TRAPPIST-1,Transit,0,18.772866,2566.0,0.12,0.09,too_cold
4311,Interaction logistic,0.8023513767104222,1.0,0.24444427960426018,15,1,TRAPPIST-1 h,TRAPPIST-1,Transit,0,18.772866,2566.0,0.12,0.09,too_cold
4311,Prevalence baseline,0.08048790701874221,0.0,0.5,15,0,TRAPPIST-1 h,TRAPPIST-1,Transit,0,18.772866,2566.0,0.12,0.09,too_cold
4320,Additive logistic,0.1167794334405919,0.0,0.22585671776652283,15,0,Teegarden's Star b,Teegarden's Star,Radial Velocity,1,4.91,2904.0,0.11,0.09,habitable_zone
4320,Interaction logistic,0.1604368375617846,0.06666666666666667,0.24056873157523864,15,0,Teegarden's Star b,Teegarden's Star,Radial Velocity,1,4.91,2904.0,0.11,0.09,habitable_zone
4320,Prevalence baseline,0.07659174527217966,0.0,0.5,15,0,Teegarden's Star b,Teegarden's Star,Radial Velocity,1,4.91,2904.0,0.11,0.09,habitable_zone
4321,Additive logistic,0.3731018059436731,1.0,0.22585671776652283,15,1,Teegarden's Star c,Teegarden's Star,Radial Velocity,1,11.409,2904.0,0.11,0.09,habitable_zone
4321,Interaction logistic,0.41366620486999134,1.0,0.24056873157523864,15,1,Teegarden's Star c,Teegarden's Star,Radial Velocity,1,11.409,2904.0,0.11,0.09,habitable_zone
4321,Prevalence baseline,0.07659174527217966,0.0,0.5,15,0,Teegarden's Star c,Teegarden's Star,Radial Velocity,1,11.409,2904.0,0.11,0.09,habitable_zone
4386,Additive logistic,0.0017451066537802933,0.0,0.2558298640599812,15,0,WASP-151 b,WASP-151,Transit,0,4.533471,5871.0,1.14,1.08,too_hot
4386,Interaction logistic,0.0010999504724473468,0.0,0.24860587341392754,15,0,WASP-151 b,WASP-151,Transit,0,4.533471,5871.0,1.14,1.08,too_hot
4386,Prevalence baseline,0.07718085294867084,0.0,0.5,15,0,WASP-151 b,WASP-151,Transit,0,4.533471,5871.0,1.14,1.08,too_hot
4387,Additive logistic,0.0009239212208586,0.0,0.2549053917425331,15,0,WASP-153 b,WASP-153,Transit,0,3.332609,5914.0,1.73,1.34,too_hot
4387,Interaction logistic,0.0005414285522508933,0.0,0.2518098055206005,15,0,WASP-153 b,WASP-153,Transit,0,3.332609,5914.0,1.73,1.34,too_hot
4387,Prevalence baseline,0.07752894375167087,0.0,0.5,15,0,WASP-153 b,WASP-153,Transit,0,3.332609,5914.0,1.73,1.34,too_hot
4388,Additive logistic,0.00414756062812686,0.0,0.248423260619324,15,0,WASP-156 b,WASP-156,Transit,0,3.836169,4910.0,0.76,0.84,too_hot
4388,Interaction logistic,0.0029957683855435136,0.0,0.24909209008847508,15,0,WASP-156 b,WASP-156,Transit,0,3.836169,4910.0,0.76,0.84,too_hot
4388,Prevalence baseline,0.07667031140820847,0.0,0.5,15,0,WASP-156 b,WASP-156,Transit,0,3.836169,4910.0,0.76,0.84,too_hot
4394,Additive logistic,0.0014170845413402665,0.0,0.26992577362427606,15,0,WASP-161 b,WASP-161,Transit,0,5.4060425,6400.0,1.71,1.39,too_hot
4394,Interaction logistic,0.00086185937001478,0.0,0.2570168718136464,15,0,WASP-161 b,WASP-161,Transit,0,5.4060425,6400.0,1.71,1.39,too_hot
4394,Prevalence baseline,0.07625889527377057,0.0,0.5,15,0,WASP-161 b,WASP-161,Transit,0,5.4060425,6400.0,1.71,1.39,too_hot
4396,Additive logistic,0.00032714825817576,0.0,0.2436721456703474,15,0,WASP-163 b,WASP-163,Transit,0,1.6096884,5500.0,1.01,0.97,too_hot
4396,Interaction logistic,0.00013698923996190667,0.0,0.2487806747451446,15,0,WASP-163 b,WASP-163,Transit,0,1.6096884,5500.0,1.01,0.97,too_hot
4396,Prevalence baseline,0.07681411745278238,0.0,0.5,15,0,WASP-163 b,WASP-163,Transit,0,1.6096884,5500.0,1.01,0.97,too_hot
4399,Additive logistic,0.0022582403693017596,0.0,0.2386347140197274,15,0,WASP-166 b,WASP-166,Transit,0,5.44354,6050.0,1.22,1.19,too_hot
4399,Interaction logistic,0.0012969986773912665,0.0,0.23299214378617128,15,0,WASP-166 b,WASP-166,Transit,0,5.44354,6050.0,1.22,1.19,too_hot
4399,Prevalence baseline,0.07725805460885334,0.0,0.5,15,0,WASP-166 b,WASP-166,Transit,0,5.44354,6050.0,1.22,1.19,too_hot
4404,Additive logistic,0.00063556649764838,0.0,0.24513282914205678,15,0,WASP-170 b,WASP-170,Transit,0,2.34478022,5600.0,0.94,0.93,too_hot
4404,Interaction logistic,0.00033605809396919335,0.0,0.24215875815633012,15,0,WASP-170 b,WASP-170,Transit,0,2.34478022,5600.0,0.94,0.93,too_hot
4404,Prevalence baseline,0.0773635841223256,0.0,0.5,15,0,WASP-170 b,WASP-170,Transit,0,2.34478022,5600.0,0.94,0.93,too_hot
4426,Additive logistic,0.00078520395925426,0.0,0.26084109609754474,15,0,WASP-2 b,WASP-2,Transit,0,2.152175,5180.0,0.87,0.9,too_hot
4426,Interaction logistic,0.00050283889479018,0.0,0.24214382923668895,15,0,WASP-2 b,WASP-2,Transit,0,2.152175,5180.0,0.87,0.9,too_hot
4426,Prevalence baseline,0.07677286827987412,0.0,0.5,15,0,WASP-2 b,WASP-2,Transit,0,2.152175,5180.0,0.87,0.9,too_hot
4451,Additive logistic,0.0007827719671406,0.0,0.22777387979322106,15,0,WASP-44 b,WASP-44,Transit,0,2.423804,5420.0,0.91,0.94,too_hot
4451,Interaction logistic,0.000467028121544,0.0,0.23366615507679525,15,0,WASP-44 b,WASP-44,Transit,0,2.423804,5420.0,0.91,0.94,too_hot
4451,Prevalence baseline,0.07594578067402728,0.0,0.5,15,0,WASP-44 b,WASP-44,Transit,0,2.423804,5420.0,0.91,0.94,too_hot
4452,Additive logistic,0.0020991558093269003,0.0,0.24579593822880336,15,0,WASP-45 b,WASP-45,Transit,0,3.126089,5150.0,0.85,0.85,too_hot
4452,Interaction logistic,0.0013814498160626,0.0,0.22999716829099165,15,0,WASP-45 b,WASP-45,Transit,0,3.126089,5150.0,0.85,0.85,too_hot
4452,Prevalence baseline,0.07701124615329243,0.0,0.5,15,0,WASP-45 b,WASP-45,Transit,0,3.126089,5150.0,0.85,0.85,too_hot
4516,Additive logistic,0.0006075755846687799,0.0,0.25175948574843193,15,0,WD 1856+534 b,WD 1856+534,Transit,0,1.4079405,4710.0,0.01,0.52,too_cold
4516,Interaction logistic,0.00037378176849702665,0.0,0.26858648198229346,15,0,WD 1856+534 b,WD 1856+534,Transit,0,1.4079405,4710.0,0.01,0.52,too_cold
4516,Prevalence baseline,0.07526435227610123,0.0,0.5,15,0,WD 1856+534 b,WD 1856+534,Transit,0,1.4079405,4710.0,0.01,0.52,too_cold
4522,Additive logistic,0.0674323812658889,0.0,0.2575409893052075,15,0,Wolf 1061 b,Wolf 1061,Radial Velocity,0,4.8869,3342.0,0.31,0.29,too_hot
4522,Interaction logistic,0.0753526466509493,0.0,0.2615439395694982,15,0,Wolf 1061 b,Wolf 1061,Radial Velocity,0,4.8869,3342.0,0.31,0.29,too_hot
4522,Prevalence baseline,0.0762695041006008,0.0,0.5,15,0,Wolf 1061 b,Wolf 1061,Radial Velocity,0,4.8869,3342.0,0.31,0.29,too_hot
4523,Additive logistic,0.3868420022693416,1.0,0.2575409893052075,15,1,Wolf 1061 c,Wolf 1061,Radial Velocity,1,17.8719,3342.0,0.31,0.29,habitable_zone
4523,Interaction logistic,0.3845259442303873,1.0,0.2615439395694982,15,1,Wolf 1061 c,Wolf 1061,Radial Velocity,1,17.8719,3342.0,0.31,0.29,habitable_zone
4523,Prevalence baseline,0.0762695041006008,0.0,0.5,15,0,Wolf 1061 c,Wolf 1061,Radial Velocity,1,17.8719,3342.0,0.31,0.29,habitable_zone
4524,Additive logistic,0.8757503356100048,1.0,0.2575409893052075,15,1,Wolf 1061 d,Wolf 1061,Radial Velocity,0,217.21,3342.0,0.31,0.29,too_cold
4524,Interaction logistic,0.8021412639330905,1.0,0.2615439395694982,15,1,Wolf 1061 d,Wolf 1061,Radial Velocity,0,217.21,3342.0,0.31,0.29,too_cold
4524,Prevalence baseline,0.0762695041006008,0.0,0.5,15,0,Wolf 1061 d,Wolf 1061,Radial Velocity,0,217.21,3342.0,0.31,0.29,too_cold
4525,Additive logistic,0.012167828470025214,0.0,0.24574046480956405,15,0,Wolf 503 b,Wolf 503,Transit,0,6.00118,4716.0,0.69,0.69,too_hot
4525,Interaction logistic,0.009958567800724079,0.0,0.23836132173438904,15,0,Wolf 503 b,Wolf 503,Transit,0,6.00118,4716.0,0.69,0.69,too_hot
4525,Prevalence baseline,0.07743608889612408,0.0,0.5,15,0,Wolf 503 b,Wolf 503,Transit,0,6.00118,4716.0,0.69,0.69,too_hot
4534,Additive logistic,0.00047761946242843336,0.0,0.2284521946080008,15,0,XO-7 b,XO-7,Transit,0,2.8641424,6250.0,1.48,1.41,too_hot
4534,Interaction logistic,0.00021891902500333334,0.0,0.24111747307318016,15,0,XO-7 b,XO-7,Transit,0,2.8641424,6250.0,1.48,1.41,too_hot
4534,Prevalence baseline,0.07770362733506637,0.0,0.5,15,0,XO-7 b,XO-7,Transit,0,2.8641424,6250.0,1.48,1.41,too_hot
4562,Additive logistic,0.0029482356576483533,0.0,0.22640177532595132,15,0,pi Men c,HD 39091,Transit,0,6.2679,6037.0,1.1,1.09,too_hot
4562,Interaction logistic,0.00187903951359338,0.0,0.2532426139834901,15,0,pi Men c,HD 39091,Transit,0,6.2679,6037.0,1.1,1.09,too_hot
4562,Prevalence baseline,0.07582958050485097,0.0,0.5,15,0,pi Men c,HD 39091,Transit,0,6.2679,6037.0,1.1,1.09,too_hot
4564,Additive logistic,0.05672879949213485,0.0,0.22895692152779565,15,0,rho CrB b,rho CrB,Radial Velocity,0,39.8458,5627.0,1.36,0.89,too_hot
4564,Interaction logistic,0.06042021706975309,0.0,0.2388944298143013,15,0,rho CrB b,rho CrB,Radial Velocity,0,39.8458,5627.0,1.36,0.89,too_hot
4564,Prevalence baseline,0.07483461251599906,0.0,0.5,15,0,rho CrB b,rho CrB,Radial Velocity,0,39.8458,5627.0,1.36,0.89,too_hot
4565,Additive logistic,0.12472903444467251,0.0,0.22895692152779565,15,0,rho CrB c,rho CrB,Radial Velocity,0,102.54,5627.0,1.36,0.89,too_hot
4565,Interaction logistic,0.1471472552875695,0.0,0.2388944298143013,15,0,rho CrB c,rho CrB,Radial Velocity,0,102.54,5627.0,1.36,0.89,too_hot
4565,Prevalence baseline,0.07483461251599906,0.0,0.5,15,0,rho CrB c,rho CrB,Radial Velocity,0,102.54,5627.0,1.36,0.89,too_hot
