row_id,model,mean_probability,hard_vote_rate,mean_threshold,repeats,hard_prediction,planet_name,planet_host,discovery_method_group,y,orbital_period_days,stellar_teff_k,stellar_radius_solar,stellar_mass_solar
71,Chunk 4 interaction,0.03481476979353252,0.0,0.24477245877196732,15,0,CD Cet b,CD Cet,Radial Velocity,0,2.2907,3130.0,0.17,0.16
71,Full stellar structure,0.052546111119902504,0.0,0.24477245877196732,15,0,CD Cet b,CD Cet,Radial Velocity,0,2.2907,3130.0,0.17,0.16
71,Method-adjusted full,0.05086611343784878,0.0,0.24477245877196732,15,0,CD Cet b,CD Cet,Radial Velocity,0,2.2907,3130.0,0.17,0.16
71,Period + method,0.010659756347971528,0.0,0.24477245877196732,15,0,CD Cet b,CD Cet,Radial Velocity,0,2.2907,3130.0,0.17,0.16
71,Period-only curved,0.005227646331566227,0.0,0.24477245877196732,15,0,CD Cet b,CD Cet,Radial Velocity,0,2.2907,3130.0,0.17,0.16
111,Chunk 4 interaction,0.0023813243434163,0.0,0.21985742024777827,15,0,CoRoTID 223977153 b,CoRoTID 223977153,Transit,0,6.71837,5970.0,0.79,1.08
111,Full stellar structure,0.0037316944083115103,0.0,0.21985742024777827,15,0,CoRoTID 223977153 b,CoRoTID 223977153,Transit,0,6.71837,5970.0,0.79,1.08
111,Method-adjusted full,0.003718485857316593,0.0,0.21985742024777827,15,0,CoRoTID 223977153 b,CoRoTID 223977153,Transit,0,6.71837,5970.0,0.79,1.08
111,Period + method,0.030606570525435948,0.0,0.21985742024777827,15,0,CoRoTID 223977153 b,CoRoTID 223977153,Transit,0,6.71837,5970.0,0.79,1.08
111,Period-only curved,0.035589056516654866,0.0,0.21985742024777827,15,0,CoRoTID 223977153 b,CoRoTID 223977153,Transit,0,6.71837,5970.0,0.79,1.08
159,Chunk 4 interaction,0.0013441299552715068,0.0,0.243097472992205,15,0,EPIC 246851721 b,EPIC 246851721,Transit,0,6.180235,6202.0,1.59,1.32
159,Full stellar structure,0.0011800850223578515,0.0,0.243097472992205,15,0,EPIC 246851721 b,EPIC 246851721,Transit,0,6.180235,6202.0,1.59,1.32
159,Method-adjusted full,0.0011834152077154678,0.0,0.243097472992205,15,0,EPIC 246851721 b,EPIC 246851721,Transit,0,6.180235,6202.0,1.59,1.32
159,Period + method,0.02574492002826933,0.0,0.243097472992205,15,0,EPIC 246851721 b,EPIC 246851721,Transit,0,6.180235,6202.0,1.59,1.32
159,Period-only curved,0.03021418632937941,0.0,0.243097472992205,15,0,EPIC 246851721 b,EPIC 246851721,Transit,0,6.180235,6202.0,1.59,1.32
160,Chunk 4 interaction,0.28738825026750925,0.6,0.23786151286384827,15,1,EPIC 248847494 b,EPIC 248847494,Transit,0,3650.0,4898.0,2.7,0.9
160,Full stellar structure,0.21128930336128704,0.3333333333333333,0.23786151286384827,15,0,EPIC 248847494 b,EPIC 248847494,Transit,0,3650.0,4898.0,2.7,0.9
160,Method-adjusted full,0.22268316859794662,0.4,0.23786151286384827,15,0,EPIC 248847494 b,EPIC 248847494,Transit,0,3650.0,4898.0,2.7,0.9
160,Period + method,0.049602474716846874,0.0,0.23786151286384827,15,0,EPIC 248847494 b,EPIC 248847494,Transit,0,3650.0,4898.0,2.7,0.9
160,Period-only curved,0.09288672386418999,0.0,0.23786151286384827,15,0,EPIC 248847494 b,EPIC 248847494,Transit,0,3650.0,4898.0,2.7,0.9
161,Chunk 4 interaction,0.0012257663715041667,0.0,0.247917930486021,15,0,EPIC 249893012 b,EPIC 249893012,Transit,0,3.5951,5430.0,1.71,1.05
161,Full stellar structure,0.0006376849796082541,0.0,0.247917930486021,15,0,EPIC 249893012 b,EPIC 249893012,Transit,0,3.5951,5430.0,1.71,1.05
161,Method-adjusted full,0.0006274184891515885,0.0,0.247917930486021,15,0,EPIC 249893012 b,EPIC 249893012,Transit,0,3.5951,5430.0,1.71,1.05
161,Period + method,0.011013024623537171,0.0,0.247917930486021,15,0,EPIC 249893012 b,EPIC 249893012,Transit,0,3.5951,5430.0,1.71,1.05
161,Period-only curved,0.012847298037841608,0.0,0.247917930486021,15,0,EPIC 249893012 b,EPIC 249893012,Transit,0,3.5951,5430.0,1.71,1.05
162,Chunk 4 interaction,0.021158318002983786,0.0,0.247917930486021,15,0,EPIC 249893012 c,EPIC 249893012,Transit,0,15.624,5430.0,1.71,1.05
162,Full stellar structure,0.011164474640821884,0.0,0.247917930486021,15,0,EPIC 249893012 c,EPIC 249893012,Transit,0,15.624,5430.0,1.71,1.05
162,Method-adjusted full,0.011044873639357078,0.0,0.247917930486021,15,0,EPIC 249893012 c,EPIC 249893012,Transit,0,15.624,5430.0,1.71,1.05
162,Period + method,0.09639681618035915,0.0,0.247917930486021,15,0,EPIC 249893012 c,EPIC 249893012,Transit,0,15.624,5430.0,1.71,1.05
162,Period-only curved,0.11323253063458247,0.0,0.247917930486021,15,0,EPIC 249893012 c,EPIC 249893012,Transit,0,15.624,5430.0,1.71,1.05
163,Chunk 4 interaction,0.06658076220862086,0.0,0.247917930486021,15,0,EPIC 249893012 d,EPIC 249893012,Transit,0,35.747,5430.0,1.71,1.05
163,Full stellar structure,0.036577309273189834,0.0,0.247917930486021,15,0,EPIC 249893012 d,EPIC 249893012,Transit,0,35.747,5430.0,1.71,1.05
163,Method-adjusted full,0.036316560018275795,0.0,0.247917930486021,15,0,EPIC 249893012 d,EPIC 249893012,Transit,0,35.747,5430.0,1.71,1.05
163,Period + method,0.19208788189207174,0.13333333333333333,0.247917930486021,15,0,EPIC 249893012 d,EPIC 249893012,Transit,0,35.747,5430.0,1.71,1.05
163,Period-only curved,0.22776006290827755,0.6,0.247917930486021,15,1,EPIC 249893012 d,EPIC 249893012,Transit,0,35.747,5430.0,1.71,1.05
165,Chunk 4 interaction,0.019343034592040394,0.0,0.25925433888251814,15,0,G 264-012 b,G 264-012,Radial Velocity,0,2.30538,3326.0,0.3,0.3
165,Full stellar structure,0.00979772783754197,0.0,0.25925433888251814,15,0,G 264-012 b,G 264-012,Radial Velocity,0,2.30538,3326.0,0.3,0.3
165,Method-adjusted full,0.009799421362992026,0.0,0.25925433888251814,15,0,G 264-012 b,G 264-012,Radial Velocity,0,2.30538,3326.0,0.3,0.3
165,Period + method,0.010332158939293032,0.0,0.25925433888251814,15,0,G 264-012 b,G 264-012,Radial Velocity,0,2.30538,3326.0,0.3,0.3
165,Period-only curved,0.004799226672805052,0.0,0.25925433888251814,15,0,G 264-012 b,G 264-012,Radial Velocity,0,2.30538,3326.0,0.3,0.3
166,Chunk 4 interaction,0.16813617228897906,0.0,0.25925433888251814,15,0,G 264-012 c,G 264-012,Radial Velocity,0,8.0518,3326.0,0.3,0.3
166,Full stellar structure,0.1364950572325708,0.0,0.25925433888251814,15,0,G 264-012 c,G 264-012,Radial Velocity,0,8.0518,3326.0,0.3,0.3
166,Method-adjusted full,0.13688675686559235,0.0,0.25925433888251814,15,0,G 264-012 c,G 264-012,Radial Velocity,0,8.0518,3326.0,0.3,0.3
166,Period + method,0.09183770106081415,0.0,0.25925433888251814,15,0,G 264-012 c,G 264-012,Radial Velocity,0,8.0518,3326.0,0.3,0.3
166,Period-only curved,0.04592267394053083,0.0,0.25925433888251814,15,0,G 264-012 c,G 264-012,Radial Velocity,0,8.0518,3326.0,0.3,0.3
167,Chunk 4 interaction,0.09756198370819785,0.0,0.24460711149671407,15,0,G 9-40 b,G 9-40,Transit,0,5.746007,3348.0,0.31,0.29
167,Full stellar structure,0.07615285567689652,0.0,0.24460711149671407,15,0,G 9-40 b,G 9-40,Transit,0,5.746007,3348.0,0.31,0.29
167,Method-adjusted full,0.07778257480370818,0.0,0.24460711149671407,15,0,G 9-40 b,G 9-40,Transit,0,5.746007,3348.0,0.31,0.29
167,Period + method,0.023259411685805535,0.0,0.24460711149671407,15,0,G 9-40 b,G 9-40,Transit,0,5.746007,3348.0,0.31,0.29
167,Period-only curved,0.02685690775057503,0.0,0.24460711149671407,15,0,G 9-40 b,G 9-40,Transit,0,5.746007,3348.0,0.31,0.29
168,Chunk 4 interaction,0.08859005125667059,0.0,0.2597135419571223,15,0,GJ 1061 b,GJ 1061,Radial Velocity,0,3.204,2953.0,0.16,0.12
168,Full stellar structure,0.16252569901868938,0.06666666666666667,0.2597135419571223,15,0,GJ 1061 b,GJ 1061,Radial Velocity,0,3.204,2953.0,0.16,0.12
168,Method-adjusted full,0.15717592326468346,0.06666666666666667,0.2597135419571223,15,0,GJ 1061 b,GJ 1061,Radial Velocity,0,3.204,2953.0,0.16,0.12
168,Period + method,0.018319416537033464,0.0,0.2597135419571223,15,0,GJ 1061 b,GJ 1061,Radial Velocity,0,3.204,2953.0,0.16,0.12
168,Period-only curved,0.009715392813788826,0.0,0.2597135419571223,15,0,GJ 1061 b,GJ 1061,Radial Velocity,0,3.204,2953.0,0.16,0.12
169,Chunk 4 interaction,0.25744733166616374,0.5333333333333333,0.2597135419571223,15,1,GJ 1061 c,GJ 1061,Radial Velocity,1,6.689,2953.0,0.16,0.12
169,Full stellar structure,0.4818441622357853,1.0,0.2597135419571223,15,1,GJ 1061 c,GJ 1061,Radial Velocity,1,6.689,2953.0,0.16,0.12
169,Method-adjusted full,0.46937471266022485,1.0,0.2597135419571223,15,1,GJ 1061 c,GJ 1061,Radial Velocity,1,6.689,2953.0,0.16,0.12
169,Period + method,0.06483158803040893,0.0,0.2597135419571223,15,0,GJ 1061 c,GJ 1061,Radial Velocity,1,6.689,2953.0,0.16,0.12
169,Period-only curved,0.03542448797899992,0.0,0.2597135419571223,15,0,GJ 1061 c,GJ 1061,Radial Velocity,1,6.689,2953.0,0.16,0.12
170,Chunk 4 interaction,0.47192574672124327,1.0,0.2597135419571223,15,1,GJ 1061 d,GJ 1061,Radial Velocity,1,13.031,2953.0,0.16,0.12
170,Full stellar structure,0.7585980660706776,1.0,0.2597135419571223,15,1,GJ 1061 d,GJ 1061,Radial Velocity,1,13.031,2953.0,0.16,0.12
170,Method-adjusted full,0.7475844499503552,1.0,0.2597135419571223,15,1,GJ 1061 d,GJ 1061,Radial Velocity,1,13.031,2953.0,0.16,0.12
170,Period + method,0.15344691450163248,0.0,0.2597135419571223,15,0,GJ 1061 d,GJ 1061,Radial Velocity,1,13.031,2953.0,0.16,0.12
170,Period-only curved,0.08890702125337599,0.0,0.2597135419571223,15,0,GJ 1061 d,GJ 1061,Radial Velocity,1,13.031,2953.0,0.16,0.12
176,Chunk 4 interaction,0.011055938787767313,0.0,0.24969555507097738,15,0,GJ 1214 b,GJ 1214,Transit,0,1.58040433,3250.0,0.21,0.18
176,Full stellar structure,0.013266409754394854,0.0,0.24969555507097738,15,0,GJ 1214 b,GJ 1214,Transit,0,1.58040433,3250.0,0.21,0.18
176,Method-adjusted full,0.014266641316152105,0.0,0.24969555507097738,15,0,GJ 1214 b,GJ 1214,Transit,0,1.58040433,3250.0,0.21,0.18
176,Period + method,0.0018705636523083412,0.0,0.24969555507097738,15,0,GJ 1214 b,GJ 1214,Transit,0,1.58040433,3250.0,0.21,0.18
176,Period-only curved,0.0021623779351011454,0.0,0.24969555507097738,15,0,GJ 1214 b,GJ 1214,Transit,0,1.58040433,3250.0,0.21,0.18
193,Chunk 4 interaction,0.284090298247862,1.0,0.2247584477165562,15,1,GJ 251 b,GJ 251,Radial Velocity,0,14.238,3451.0,0.36,0.36
193,Full stellar structure,0.22951529367215173,0.6,0.2247584477165562,15,1,GJ 251 b,GJ 251,Radial Velocity,0,14.238,3451.0,0.36,0.36
193,Method-adjusted full,0.2229975227673879,0.6,0.2247584477165562,15,1,GJ 251 b,GJ 251,Radial Velocity,0,14.238,3451.0,0.36,0.36
193,Period + method,0.19073856813993587,0.13333333333333333,0.2247584477165562,15,0,GJ 251 b,GJ 251,Radial Velocity,0,14.238,3451.0,0.36,0.36
193,Period-only curved,0.1036593706607971,0.0,0.2247584477165562,15,0,GJ 251 b,GJ 251,Radial Velocity,0,14.238,3451.0,0.36,0.36
195,Chunk 4 interaction,0.3599628112403009,1.0,0.2402480530032468,15,1,GJ 273 b,GJ 273,Radial Velocity,1,18.6498,3382.0,0.29,0.29
195,Full stellar structure,0.4152327678436517,1.0,0.2402480530032468,15,1,GJ 273 b,GJ 273,Radial Velocity,1,18.6498,3382.0,0.29,0.29
195,Method-adjusted full,0.4021613136857337,1.0,0.2402480530032468,15,1,GJ 273 b,GJ 273,Radial Velocity,1,18.6498,3382.0,0.29,0.29
195,Period + method,0.21843274053641917,0.4666666666666667,0.2402480530032468,15,0,GJ 273 b,GJ 273,Radial Velocity,1,18.6498,3382.0,0.29,0.29
195,Period-only curved,0.1291447273621443,0.0,0.2402480530032468,15,0,GJ 273 b,GJ 273,Radial Velocity,1,18.6498,3382.0,0.29,0.29
196,Chunk 4 interaction,0.06452167182158954,0.0,0.2402480530032468,15,0,GJ 273 c,GJ 273,Radial Velocity,0,4.7234,3382.0,0.29,0.29
196,Full stellar structure,0.05353245426748455,0.0,0.2402480530032468,15,0,GJ 273 c,GJ 273,Radial Velocity,0,4.7234,3382.0,0.29,0.29
196,Method-adjusted full,0.05148626025331186,0.0,0.2402480530032468,15,0,GJ 273 c,GJ 273,Radial Velocity,0,4.7234,3382.0,0.29,0.29
196,Period + method,0.03593892988544604,0.0,0.2402480530032468,15,0,GJ 273 c,GJ 273,Radial Velocity,0,4.7234,3382.0,0.29,0.29
196,Period-only curved,0.01867097643011428,0.0,0.2402480530032468,15,0,GJ 273 c,GJ 273,Radial Velocity,0,4.7234,3382.0,0.29,0.29
199,Chunk 4 interaction,0.0018351170538940267,0.0,0.23526004721373064,15,0,GJ 3138 b,GJ 3138,Radial Velocity,0,1.22003,3717.0,0.5,0.68
199,Full stellar structure,0.00028920862764318444,0.0,0.23526004721373064,15,0,GJ 3138 b,GJ 3138,Radial Velocity,0,1.22003,3717.0,0.5,0.68
199,Method-adjusted full,0.0003268313664525077,0.0,0.23526004721373064,15,0,GJ 3138 b,GJ 3138,Radial Velocity,0,1.22003,3717.0,0.5,0.68
199,Period + method,0.002988811356708698,0.0,0.23526004721373064,15,0,GJ 3138 b,GJ 3138,Radial Velocity,0,1.22003,3717.0,0.5,0.68
199,Period-only curved,0.001262568891216149,0.0,0.23526004721373064,15,0,GJ 3138 b,GJ 3138,Radial Velocity,0,1.22003,3717.0,0.5,0.68
200,Chunk 4 interaction,0.05172284563989042,0.0,0.23526004721373064,15,0,GJ 3138 c,GJ 3138,Radial Velocity,0,5.974,3717.0,0.5,0.68
200,Full stellar structure,0.012429326520573944,0.0,0.23526004721373064,15,0,GJ 3138 c,GJ 3138,Radial Velocity,0,5.974,3717.0,0.5,0.68
200,Method-adjusted full,0.013997159713358695,0.0,0.23526004721373064,15,0,GJ 3138 c,GJ 3138,Radial Velocity,0,5.974,3717.0,0.5,0.68
200,Period + method,0.06530579649165119,0.0,0.23526004721373064,15,0,GJ 3138 c,GJ 3138,Radial Velocity,0,5.974,3717.0,0.5,0.68
200,Period-only curved,0.029184524577992643,0.0,0.23526004721373064,15,0,GJ 3138 c,GJ 3138,Radial Velocity,0,5.974,3717.0,0.5,0.68
201,Chunk 4 interaction,0.6680072533414289,1.0,0.23526004721373064,15,1,GJ 3138 d,GJ 3138,Radial Velocity,0,257.8,3717.0,0.5,0.68
201,Full stellar structure,0.6185218627582935,1.0,0.23526004721373064,15,1,GJ 3138 d,GJ 3138,Radial Velocity,0,257.8,3717.0,0.5,0.68
201,Method-adjusted full,0.6476998227073232,1.0,0.23526004721373064,15,1,GJ 3138 d,GJ 3138,Radial Velocity,0,257.8,3717.0,0.5,0.68
201,Period + method,0.5346405485907041,1.0,0.23526004721373064,15,1,GJ 3138 d,GJ 3138,Radial Velocity,0,257.8,3717.0,0.5,0.68
201,Period-only curved,0.382924499303221,1.0,0.23526004721373064,15,1,GJ 3138 d,GJ 3138,Radial Velocity,0,257.8,3717.0,0.5,0.68
205,Chunk 4 interaction,0.46277430397941893,1.0,0.24155290068014157,15,1,GJ 3293 b,GJ 3293,Radial Velocity,1,30.5987,3466.0,0.4,0.42
205,Full stellar structure,0.38208901468679457,1.0,0.24155290068014157,15,1,GJ 3293 b,GJ 3293,Radial Velocity,1,30.5987,3466.0,0.4,0.42
205,Method-adjusted full,0.3653130240637912,1.0,0.24155290068014157,15,1,GJ 3293 b,GJ 3293,Radial Velocity,1,30.5987,3466.0,0.4,0.42
205,Period + method,0.31168357876295233,0.8666666666666667,0.24155290068014157,15,1,GJ 3293 b,GJ 3293,Radial Velocity,1,30.5987,3466.0,0.4,0.42
205,Period-only curved,0.19474217767396074,0.2,0.24155290068014157,15,0,GJ 3293 b,GJ 3293,Radial Velocity,1,30.5987,3466.0,0.4,0.42
206,Chunk 4 interaction,0.6961312795909119,1.0,0.24155290068014157,15,1,GJ 3293 c,GJ 3293,Radial Velocity,0,122.6196,3466.0,0.4,0.42
206,Full stellar structure,0.72844219273696,1.0,0.24155290068014157,15,1,GJ 3293 c,GJ 3293,Radial Velocity,0,122.6196,3466.0,0.4,0.42
206,Method-adjusted full,0.7123171598915491,1.0,0.24155290068014157,15,1,GJ 3293 c,GJ 3293,Radial Velocity,0,122.6196,3466.0,0.4,0.42
206,Period + method,0.48474350952886686,1.0,0.24155290068014157,15,1,GJ 3293 c,GJ 3293,Radial Velocity,0,122.6196,3466.0,0.4,0.42
206,Period-only curved,0.3520569398846554,0.9333333333333333,0.24155290068014157,15,1,GJ 3293 c,GJ 3293,Radial Velocity,0,122.6196,3466.0,0.4,0.42
207,Chunk 4 interaction,0.5662456839748723,1.0,0.24155290068014157,15,1,GJ 3293 d,GJ 3293,Radial Velocity,1,48.1345,3466.0,0.4,0.42
207,Full stellar structure,0.522709606667341,1.0,0.24155290068014157,15,1,GJ 3293 d,GJ 3293,Radial Velocity,1,48.1345,3466.0,0.4,0.42
207,Method-adjusted full,0.5039043877872936,1.0,0.24155290068014157,15,1,GJ 3293 d,GJ 3293,Radial Velocity,1,48.1345,3466.0,0.4,0.42
207,Period + method,0.38828579948544556,1.0,0.24155290068014157,15,1,GJ 3293 d,GJ 3293,Radial Velocity,1,48.1345,3466.0,0.4,0.42
207,Period-only curved,0.2576512859590662,0.6666666666666666,0.24155290068014157,15,1,GJ 3293 d,GJ 3293,Radial Velocity,1,48.1345,3466.0,0.4,0.42
208,Chunk 4 interaction,0.23850589233477834,0.6666666666666666,0.24155290068014157,15,1,GJ 3293 e,GJ 3293,Radial Velocity,0,13.2543,3466.0,0.4,0.42
208,Full stellar structure,0.14546844330406905,0.0,0.24155290068014157,15,0,GJ 3293 e,GJ 3293,Radial Velocity,0,13.2543,3466.0,0.4,0.42
208,Method-adjusted full,0.13777972109730657,0.0,0.24155290068014157,15,0,GJ 3293 e,GJ 3293,Radial Velocity,0,13.2543,3466.0,0.4,0.42
208,Period + method,0.1587980013340758,0.06666666666666667,0.24155290068014157,15,0,GJ 3293 e,GJ 3293,Radial Velocity,0,13.2543,3466.0,0.4,0.42
208,Period-only curved,0.0883483432047787,0.0,0.24155290068014157,15,0,GJ 3293 e,GJ 3293,Radial Velocity,0,13.2543,3466.0,0.4,0.42
209,Chunk 4 interaction,0.1366635230297563,0.0,0.2406219894430436,15,0,GJ 3323 b,GJ 3323,Radial Velocity,0,5.3636,3159.0,0.12,0.16
209,Full stellar structure,0.3769166685575559,0.9333333333333333,0.2406219894430436,15,1,GJ 3323 b,GJ 3323,Radial Velocity,0,5.3636,3159.0,0.12,0.16
209,Method-adjusted full,0.38286986067359524,1.0,0.2406219894430436,15,1,GJ 3323 b,GJ 3323,Radial Velocity,0,5.3636,3159.0,0.12,0.16
209,Period + method,0.05349131277216754,0.0,0.2406219894430436,15,0,GJ 3323 b,GJ 3323,Radial Velocity,0,5.3636,3159.0,0.12,0.16
209,Period-only curved,0.025638123666849425,0.0,0.2406219894430436,15,0,GJ 3323 b,GJ 3323,Radial Velocity,0,5.3636,3159.0,0.12,0.16
210,Chunk 4 interaction,0.6767735651909347,1.0,0.2406219894430436,15,1,GJ 3323 c,GJ 3323,Radial Velocity,0,40.54,3159.0,0.12,0.16
210,Full stellar structure,0.9561421826642099,1.0,0.2406219894430436,15,1,GJ 3323 c,GJ 3323,Radial Velocity,0,40.54,3159.0,0.12,0.16
210,Method-adjusted full,0.9576237238986955,1.0,0.2406219894430436,15,1,GJ 3323 c,GJ 3323,Radial Velocity,0,40.54,3159.0,0.12,0.16
210,Period + method,0.3882053070274936,1.0,0.2406219894430436,15,1,GJ 3323 c,GJ 3323,Radial Velocity,0,40.54,3159.0,0.12,0.16
210,Period-only curved,0.24213212689608987,0.6,0.2406219894430436,15,1,GJ 3323 c,GJ 3323,Radial Velocity,0,40.54,3159.0,0.12,0.16
214,Chunk 4 interaction,0.0044099818458524795,0.0,0.2590998745192381,15,0,GJ 3473 b,GJ 3473,Transit,0,1.1980035,3347.0,0.36,0.36
214,Full stellar structure,0.001305103721196714,0.0,0.2590998745192381,15,0,GJ 3473 b,GJ 3473,Transit,0,1.1980035,3347.0,0.36,0.36
214,Method-adjusted full,0.001327665457129743,0.0,0.2590998745192381,15,0,GJ 3473 b,GJ 3473,Transit,0,1.1980035,3347.0,0.36,0.36
214,Period + method,0.0009992885999712824,0.0,0.2590998745192381,15,0,GJ 3473 b,GJ 3473,Transit,0,1.1980035,3347.0,0.36,0.36
214,Period-only curved,0.0011598525482840983,0.0,0.2590998745192381,15,0,GJ 3473 b,GJ 3473,Transit,0,1.1980035,3347.0,0.36,0.36
215,Chunk 4 interaction,0.33500493139051024,0.9333333333333333,0.2590998745192381,15,1,GJ 3473 c,GJ 3473,Radial Velocity,0,15.509,3347.0,0.36,0.36
215,Full stellar structure,0.25138724056222134,0.4666666666666667,0.2590998745192381,15,0,GJ 3473 c,GJ 3473,Radial Velocity,0,15.509,3347.0,0.36,0.36
215,Method-adjusted full,0.24387311298733322,0.5333333333333333,0.2590998745192381,15,1,GJ 3473 c,GJ 3473,Radial Velocity,0,15.509,3347.0,0.36,0.36
215,Period + method,0.19508296464854086,0.2,0.2590998745192381,15,0,GJ 3473 c,GJ 3473,Radial Velocity,0,15.509,3347.0,0.36,0.36
215,Period-only curved,0.10679991235209924,0.0,0.2590998745192381,15,0,GJ 3473 c,GJ 3473,Radial Velocity,0,15.509,3347.0,0.36,0.36
217,Chunk 4 interaction,0.039588751031271054,0.0,0.24813743055506923,15,0,GJ 357 b,GJ 357,Transit,0,3.93072,3505.0,0.34,0.34
217,Full stellar structure,0.025849341102390313,0.0,0.24813743055506923,15,0,GJ 357 b,GJ 357,Transit,0,3.93072,3505.0,0.34,0.34
217,Method-adjusted full,0.0254957669952694,0.0,0.24813743055506923,15,0,GJ 357 b,GJ 357,Transit,0,3.93072,3505.0,0.34,0.34
217,Period + method,0.012576733275368781,0.0,0.24813743055506923,15,0,GJ 357 b,GJ 357,Transit,0,3.93072,3505.0,0.34,0.34
217,Period-only curved,0.014815047804685557,0.0,0.24813743055506923,15,0,GJ 357 b,GJ 357,Transit,0,3.93072,3505.0,0.34,0.34
218,Chunk 4 interaction,0.14730805461587396,0.0,0.24813743055506923,15,0,GJ 357 c,GJ 357,Radial Velocity,0,9.1247,3505.0,0.34,0.34
218,Full stellar structure,0.12580904278133004,0.0,0.24813743055506923,15,0,GJ 357 c,GJ 357,Radial Velocity,0,9.1247,3505.0,0.34,0.34
218,Method-adjusted full,0.1298805524994419,0.0,0.24813743055506923,15,0,GJ 357 c,GJ 357,Radial Velocity,0,9.1247,3505.0,0.34,0.34
218,Period + method,0.11520212036561937,0.0,0.24813743055506923,15,0,GJ 357 c,GJ 357,Radial Velocity,0,9.1247,3505.0,0.34,0.34
218,Period-only curved,0.05598079081759614,0.0,0.24813743055506923,15,0,GJ 357 c,GJ 357,Radial Velocity,0,9.1247,3505.0,0.34,0.34
219,Chunk 4 interaction,0.5563564637920525,1.0,0.24813743055506923,15,1,GJ 357 d,GJ 357,Radial Velocity,1,55.661,3505.0,0.34,0.34
219,Full stellar structure,0.6566938639853476,1.0,0.24813743055506923,15,1,GJ 357 d,GJ 357,Radial Velocity,1,55.661,3505.0,0.34,0.34
219,Method-adjusted full,0.6628106560108196,1.0,0.24813743055506923,15,1,GJ 357 d,GJ 357,Radial Velocity,1,55.661,3505.0,0.34,0.34
219,Period + method,0.4366363905273568,1.0,0.24813743055506923,15,1,GJ 357 d,GJ 357,Radial Velocity,1,55.661,3505.0,0.34,0.34
219,Period-only curved,0.27824050696574576,0.6666666666666666,0.24813743055506923,15,1,GJ 357 d,GJ 357,Radial Velocity,1,55.661,3505.0,0.34,0.34
222,Chunk 4 interaction,0.08684434908736417,0.0,0.2596652577939862,15,0,GJ 393 b,GJ 393,Radial Velocity,0,7.02679,3579.0,0.43,0.43
222,Full stellar structure,0.04744153576227626,0.0,0.2596652577939862,15,0,GJ 393 b,GJ 393,Radial Velocity,0,7.02679,3579.0,0.43,0.43
222,Method-adjusted full,0.044409011244217665,0.0,0.2596652577939862,15,0,GJ 393 b,GJ 393,Radial Velocity,0,7.02679,3579.0,0.43,0.43
222,Period + method,0.07320704165970719,0.0,0.2596652577939862,15,0,GJ 393 b,GJ 393,Radial Velocity,0,7.02679,3579.0,0.43,0.43
222,Period-only curved,0.03776689453937068,0.0,0.2596652577939862,15,0,GJ 393 b,GJ 393,Radial Velocity,0,7.02679,3579.0,0.43,0.43
226,Chunk 4 interaction,0.1929482411542364,0.2,0.2383487244204859,15,0,GJ 411 b,GJ 411,Radial Velocity,0,12.946,3601.0,0.39,0.39
226,Full stellar structure,0.15991913141300207,0.0,0.2383487244204859,15,0,GJ 411 b,GJ 411,Radial Velocity,0,12.946,3601.0,0.39,0.39
226,Method-adjusted full,0.157303522471613,0.0,0.2383487244204859,15,0,GJ 411 b,GJ 411,Radial Velocity,0,12.946,3601.0,0.39,0.39
226,Period + method,0.16893996911552575,0.06666666666666667,0.2383487244204859,15,0,GJ 411 b,GJ 411,Radial Velocity,0,12.946,3601.0,0.39,0.39
226,Period-only curved,0.08790007937925044,0.0,0.2383487244204859,15,0,GJ 411 b,GJ 411,Radial Velocity,0,12.946,3601.0,0.39,0.39
236,Chunk 4 interaction,0.007051138128261993,0.0,0.23338338026004976,15,0,GJ 486 b,GJ 486,Radial Velocity,0,1.467119,3340.0,0.33,0.32
236,Full stellar structure,0.002699527132346812,0.0,0.23338338026004976,15,0,GJ 486 b,GJ 486,Radial Velocity,0,1.467119,3340.0,0.33,0.32
236,Method-adjusted full,0.0026962441781016506,0.0,0.23338338026004976,15,0,GJ 486 b,GJ 486,Radial Velocity,0,1.467119,3340.0,0.33,0.32
236,Period + method,0.003964699663106797,0.0,0.23338338026004976,15,0,GJ 486 b,GJ 486,Radial Velocity,0,1.467119,3340.0,0.33,0.32
236,Period-only curved,0.0018393199090471213,0.0,0.23338338026004976,15,0,GJ 486 b,GJ 486,Radial Velocity,0,1.467119,3340.0,0.33,0.32
260,Chunk 4 interaction,0.006156703167097213,0.0,0.25728124028635774,15,0,GJ 740 b,GJ 740,Radial Velocity,0,2.37756,3913.0,0.56,0.58
260,Full stellar structure,0.002139084239523464,0.0,0.25728124028635774,15,0,GJ 740 b,GJ 740,Radial Velocity,0,2.37756,3913.0,0.56,0.58
260,Method-adjusted full,0.0020879424625421593,0.0,0.25728124028635774,15,0,GJ 740 b,GJ 740,Radial Velocity,0,2.37756,3913.0,0.56,0.58
260,Period + method,0.012199160933975597,0.0,0.25728124028635774,15,0,GJ 740 b,GJ 740,Radial Velocity,0,2.37756,3913.0,0.56,0.58
260,Period-only curved,0.00554891180743059,0.0,0.25728124028635774,15,0,GJ 740 b,GJ 740,Radial Velocity,0,2.37756,3913.0,0.56,0.58
270,Chunk 4 interaction,0.11496058324762994,0.0,0.25046161483609636,15,0,GJ 887 b,GJ 887,Radial Velocity,0,9.262,3688.0,0.47,0.49
270,Full stellar structure,0.059430967098376426,0.0,0.25046161483609636,15,0,GJ 887 b,GJ 887,Radial Velocity,0,9.262,3688.0,0.47,0.49
270,Method-adjusted full,0.06116819303321949,0.0,0.25046161483609636,15,0,GJ 887 b,GJ 887,Radial Velocity,0,9.262,3688.0,0.47,0.49
270,Period + method,0.1258286418346581,0.0,0.25046161483609636,15,0,GJ 887 b,GJ 887,Radial Velocity,0,9.262,3688.0,0.47,0.49
270,Period-only curved,0.05912286140605291,0.0,0.25046161483609636,15,0,GJ 887 b,GJ 887,Radial Velocity,0,9.262,3688.0,0.47,0.49
271,Chunk 4 interaction,0.2981324044021729,0.8666666666666667,0.25046161483609636,15,1,GJ 887 c,GJ 887,Radial Velocity,0,21.789,3688.0,0.47,0.49
271,Full stellar structure,0.20766483518475518,0.26666666666666666,0.25046161483609636,15,0,GJ 887 c,GJ 887,Radial Velocity,0,21.789,3688.0,0.47,0.49
271,Method-adjusted full,0.2108773674610914,0.26666666666666666,0.25046161483609636,15,0,GJ 887 c,GJ 887,Radial Velocity,0,21.789,3688.0,0.47,0.49
271,Period + method,0.2900851423044018,0.7333333333333333,0.25046161483609636,15,1,GJ 887 c,GJ 887,Radial Velocity,0,21.789,3688.0,0.47,0.49
271,Period-only curved,0.1556690071166695,0.0,0.25046161483609636,15,0,GJ 887 c,GJ 887,Radial Velocity,0,21.789,3688.0,0.47,0.49
279,Chunk 4 interaction,2.5951585439129913e-05,0.0,0.2409353296181531,15,0,GPX-1 b,GPX-1,Transit,0,1.744579,7000.0,1.56,1.68
279,Full stellar structure,4.0902238508574445e-05,0.0,0.2409353296181531,15,0,GPX-1 b,GPX-1,Transit,0,1.744579,7000.0,1.56,1.68
279,Method-adjusted full,3.963738749560137e-05,0.0,0.2409353296181531,15,0,GPX-1 b,GPX-1,Transit,0,1.744579,7000.0,1.56,1.68
279,Period + method,0.0022425794563720484,0.0,0.2409353296181531,15,0,GPX-1 b,GPX-1,Transit,0,1.744579,7000.0,1.56,1.68
279,Period-only curved,0.002631588541441078,0.0,0.2409353296181531,15,0,GPX-1 b,GPX-1,Transit,0,1.744579,7000.0,1.56,1.68
305,Chunk 4 interaction,0.00114351856694142,0.0,0.23282576210657588,15,0,HAT-P-25 b,HAT-P-25,Transit,0,3.65281514,5519.0,0.92,1.01
305,Full stellar structure,0.0011382272407596413,0.0,0.23282576210657588,15,0,HAT-P-25 b,HAT-P-25,Transit,0,3.65281514,5519.0,0.92,1.01
305,Method-adjusted full,0.001135357073419747,0.0,0.23282576210657588,15,0,HAT-P-25 b,HAT-P-25,Transit,0,3.65281514,5519.0,0.92,1.01
305,Period + method,0.011003013492199868,0.0,0.23282576210657588,15,0,HAT-P-25 b,HAT-P-25,Transit,0,3.65281514,5519.0,0.92,1.01
305,Period-only curved,0.012938136689491453,0.0,0.23282576210657588,15,0,HAT-P-25 b,HAT-P-25,Transit,0,3.65281514,5519.0,0.92,1.01
313,Chunk 4 interaction,0.00016681243614957331,0.0,0.23830111183199215,15,0,HAT-P-32 b,HAT-P-32,Transit,0,2.1500082,6001.0,1.37,1.13
313,Full stellar structure,0.00018014797308855585,0.0,0.23830111183199215,15,0,HAT-P-32 b,HAT-P-32,Transit,0,2.1500082,6001.0,1.37,1.13
313,Method-adjusted full,0.0001757938987521168,0.0,0.23830111183199215,15,0,HAT-P-32 b,HAT-P-32,Transit,0,2.1500082,6001.0,1.37,1.13
313,Period + method,0.0033661489585940776,0.0,0.23830111183199215,15,0,HAT-P-32 b,HAT-P-32,Transit,0,2.1500082,6001.0,1.37,1.13
313,Period-only curved,0.0038193868313774614,0.0,0.23830111183199215,15,0,HAT-P-32 b,HAT-P-32,Transit,0,2.1500082,6001.0,1.37,1.13
340,Chunk 4 interaction,0.0006642664731515333,0.0,0.24860924631113807,15,0,HAT-P-58 b,HAT-P-58,Transit,0,4.0138379,6078.0,1.53,1.03
340,Full stellar structure,0.0008745143017644413,0.0,0.24860924631113807,15,0,HAT-P-58 b,HAT-P-58,Transit,0,4.0138379,6078.0,1.53,1.03
340,Method-adjusted full,0.0008704354325620203,0.0,0.24860924631113807,15,0,HAT-P-58 b,HAT-P-58,Transit,0,4.0138379,6078.0,1.53,1.03
340,Period + method,0.01342595266055128,0.0,0.24860924631113807,15,0,HAT-P-58 b,HAT-P-58,Transit,0,4.0138379,6078.0,1.53,1.03
340,Period-only curved,0.015893420877511607,0.0,0.24860924631113807,15,0,HAT-P-58 b,HAT-P-58,Transit,0,4.0138379,6078.0,1.53,1.03
341,Chunk 4 interaction,0.0011321499522071268,0.0,0.26172217194292,15,0,HAT-P-59 b,HAT-P-59,Transit,0,4.1419771,5678.0,1.1,1.01
341,Full stellar structure,0.0012133181425613322,0.0,0.26172217194292,15,0,HAT-P-59 b,HAT-P-59,Transit,0,4.1419771,5678.0,1.1,1.01
341,Method-adjusted full,0.0012092571793012568,0.0,0.26172217194292,15,0,HAT-P-59 b,HAT-P-59,Transit,0,4.1419771,5678.0,1.1,1.01
341,Period + method,0.014227182124062645,0.0,0.26172217194292,15,0,HAT-P-59 b,HAT-P-59,Transit,0,4.1419771,5678.0,1.1,1.01
341,Period-only curved,0.016489043428921695,0.0,0.26172217194292,15,0,HAT-P-59 b,HAT-P-59,Transit,0,4.1419771,5678.0,1.1,1.01
343,Chunk 4 interaction,0.0008642570190881466,0.0,0.22413902513259573,15,0,HAT-P-60 b,HAT-P-60,Transit,0,4.7947813,6212.0,2.2,1.44
343,Full stellar structure,0.0005296423568419129,0.0,0.22413902513259573,15,0,HAT-P-60 b,HAT-P-60,Transit,0,4.7947813,6212.0,2.2,1.44
343,Method-adjusted full,0.0005101592255075359,0.0,0.22413902513259573,15,0,HAT-P-60 b,HAT-P-60,Transit,0,4.7947813,6212.0,2.2,1.44
343,Period + method,0.018721580310332896,0.0,0.22413902513259573,15,0,HAT-P-60 b,HAT-P-60,Transit,0,4.7947813,6212.0,2.2,1.44
343,Period-only curved,0.022051514883133047,0.0,0.22413902513259573,15,0,HAT-P-60 b,HAT-P-60,Transit,0,4.7947813,6212.0,2.2,1.44
344,Chunk 4 interaction,0.00017924698082815333,0.0,0.2680262057487791,15,0,HAT-P-61 b,HAT-P-61,Transit,0,1.90231289,5587.0,0.94,1.0
344,Full stellar structure,0.00020113274555118112,0.0,0.2680262057487791,15,0,HAT-P-61 b,HAT-P-61,Transit,0,1.90231289,5587.0,0.94,1.0
344,Method-adjusted full,0.00020114077944029916,0.0,0.2680262057487791,15,0,HAT-P-61 b,HAT-P-61,Transit,0,1.90231289,5587.0,0.94,1.0
344,Period + method,0.002775469840052792,0.0,0.2680262057487791,15,0,HAT-P-61 b,HAT-P-61,Transit,0,1.90231289,5587.0,0.94,1.0
344,Period-only curved,0.003278064442801264,0.0,0.2680262057487791,15,0,HAT-P-61 b,HAT-P-61,Transit,0,1.90231289,5587.0,0.94,1.0
345,Chunk 4 interaction,0.0003889291190636067,0.0,0.23325141131898075,15,0,HAT-P-62 b,HAT-P-62,Transit,0,2.6453235,5629.0,1.17,1.02
345,Full stellar structure,0.00037939837110492465,0.0,0.23325141131898075,15,0,HAT-P-62 b,HAT-P-62,Transit,0,2.6453235,5629.0,1.17,1.02
345,Method-adjusted full,0.00037966084649984253,0.0,0.23325141131898075,15,0,HAT-P-62 b,HAT-P-62,Transit,0,2.6453235,5629.0,1.17,1.02
345,Period + method,0.0056759849549331,0.0,0.23325141131898075,15,0,HAT-P-62 b,HAT-P-62,Transit,0,2.6453235,5629.0,1.17,1.02
345,Period-only curved,0.006691565509948622,0.0,0.23325141131898075,15,0,HAT-P-62 b,HAT-P-62,Transit,0,2.6453235,5629.0,1.17,1.02
346,Chunk 4 interaction,0.0010354744231882132,0.0,0.21886555956355808,15,0,HAT-P-63 b,HAT-P-63,Transit,0,3.377728,5400.0,0.97,0.93
346,Full stellar structure,0.0009889987282369706,0.0,0.21886555956355808,15,0,HAT-P-63 b,HAT-P-63,Transit,0,3.377728,5400.0,0.97,0.93
346,Method-adjusted full,0.0009871775534592577,0.0,0.21886555956355808,15,0,HAT-P-63 b,HAT-P-63,Transit,0,3.377728,5400.0,0.97,0.93
346,Period + method,0.009511072728133504,0.0,0.21886555956355808,15,0,HAT-P-63 b,HAT-P-63,Transit,0,3.377728,5400.0,0.97,0.93
346,Period-only curved,0.011120759158022369,0.0,0.21886555956355808,15,0,HAT-P-63 b,HAT-P-63,Transit,0,3.377728,5400.0,0.97,0.93
347,Chunk 4 interaction,0.00041433453059392,0.0,0.2344866409001553,15,0,HAT-P-64 b,HAT-P-64,Transit,0,4.007232,6457.0,1.74,1.3
347,Full stellar structure,0.0004889456065753662,0.0,0.2344866409001553,15,0,HAT-P-64 b,HAT-P-64,Transit,0,4.007232,6457.0,1.74,1.3
347,Method-adjusted full,0.00048244869349181905,0.0,0.2344866409001553,15,0,HAT-P-64 b,HAT-P-64,Transit,0,4.007232,6457.0,1.74,1.3
347,Period + method,0.01286747103029952,0.0,0.2344866409001553,15,0,HAT-P-64 b,HAT-P-64,Transit,0,4.007232,6457.0,1.74,1.3
347,Period-only curved,0.014963231811853729,0.0,0.2344866409001553,15,0,HAT-P-64 b,HAT-P-64,Transit,0,4.007232,6457.0,1.74,1.3
351,Chunk 4 interaction,0.0018507519505716933,0.0,0.23950077798737146,15,0,HAT-P-68 b,HAT-P-68,Transit,0,2.29840551,4508.0,0.67,0.68
351,Full stellar structure,0.0011067396116977248,0.0,0.23950077798737146,15,0,HAT-P-68 b,HAT-P-68,Transit,0,2.29840551,4508.0,0.67,0.68
351,Method-adjusted full,0.0011076884141002598,0.0,0.23950077798737146,15,0,HAT-P-68 b,HAT-P-68,Transit,0,2.29840551,4508.0,0.67,0.68
351,Period + method,0.004356529144430844,0.0,0.23950077798737146,15,0,HAT-P-68 b,HAT-P-68,Transit,0,2.29840551,4508.0,0.67,0.68
351,Period-only curved,0.005125636736276215,0.0,0.23950077798737146,15,0,HAT-P-68 b,HAT-P-68,Transit,0,2.29840551,4508.0,0.67,0.68
356,Chunk 4 interaction,0.00045977712519792004,0.0,0.2542841091198991,15,0,HAT-P-9 b,HAT-P-9,Transit,0,3.92281072,6350.0,1.34,1.28
356,Full stellar structure,0.0005742679078373092,0.0,0.2542841091198991,15,0,HAT-P-9 b,HAT-P-9,Transit,0,3.92281072,6350.0,1.34,1.28
356,Method-adjusted full,0.0005738935973427027,0.0,0.2542841091198991,15,0,HAT-P-9 b,HAT-P-9,Transit,0,3.92281072,6350.0,1.34,1.28
356,Period + method,0.012465655601521786,0.0,0.2542841091198991,15,0,HAT-P-9 b,HAT-P-9,Transit,0,3.92281072,6350.0,1.34,1.28
356,Period-only curved,0.014392706065769952,0.0,0.2542841091198991,15,0,HAT-P-9 b,HAT-P-9,Transit,0,3.92281072,6350.0,1.34,1.28
365,Chunk 4 interaction,0.0138267959479009,0.0,0.24306730780355995,15,0,HATS-17 b,HATS-17,Transit,0,16.254611,5846.0,1.09,1.13
365,Full stellar structure,0.013513169382357115,0.0,0.24306730780355995,15,0,HATS-17 b,HATS-17,Transit,0,16.254611,5846.0,1.09,1.13
365,Method-adjusted full,0.013541846081252551,0.0,0.24306730780355995,15,0,HATS-17 b,HATS-17,Transit,0,16.254611,5846.0,1.09,1.13
365,Period + method,0.097567800268378,0.0,0.24306730780355995,15,0,HATS-17 b,HATS-17,Transit,0,16.254611,5846.0,1.09,1.13
365,Period-only curved,0.11539244714058204,0.0,0.24306730780355995,15,0,HATS-17 b,HATS-17,Transit,0,16.254611,5846.0,1.09,1.13
384,Chunk 4 interaction,0.0021060428070632667,0.0,0.25480855562074084,15,0,HATS-37 A b,HATS-37 A,Transit,0,4.3315366,5326.0,0.88,0.84
384,Full stellar structure,0.00236654749023513,0.0,0.25480855562074084,15,0,HATS-37 A b,HATS-37 A,Transit,0,4.3315366,5326.0,0.88,0.84
384,Method-adjusted full,0.0023594920331662422,0.0,0.25480855562074084,15,0,HATS-37 A b,HATS-37 A,Transit,0,4.3315366,5326.0,0.88,0.84
384,Period + method,0.014920393783871876,0.0,0.25480855562074084,15,0,HATS-37 A b,HATS-37 A,Transit,0,4.3315366,5326.0,0.88,0.84
384,Period-only curved,0.017005031074122125,0.0,0.25480855562074084,15,0,HATS-37 A b,HATS-37 A,Transit,0,4.3315366,5326.0,0.88,0.84
385,Chunk 4 interaction,0.0011771760918230533,0.0,0.24853884123066344,15,0,HATS-38 b,HATS-38,Transit,0,4.375021,5732.0,1.1,0.89
385,Full stellar structure,0.0016423104204866576,0.0,0.24853884123066344,15,0,HATS-38 b,HATS-38,Transit,0,4.375021,5732.0,1.1,0.89
385,Method-adjusted full,0.0016369362452507876,0.0,0.24853884123066344,15,0,HATS-38 b,HATS-38,Transit,0,4.375021,5732.0,1.1,0.89
385,Period + method,0.015134965280346292,0.0,0.24853884123066344,15,0,HATS-38 b,HATS-38,Transit,0,4.375021,5732.0,1.1,0.89
385,Period-only curved,0.017792384040215457,0.0,0.24853884123066344,15,0,HATS-38 b,HATS-38,Transit,0,4.375021,5732.0,1.1,0.89
395,Chunk 4 interaction,0.005743234182750873,0.0,0.2450251852291925,15,0,HATS-47 b,HATS-47,Transit,0,3.9228038,4512.0,0.66,0.67
395,Full stellar structure,0.0038762721931688195,0.0,0.2450251852291925,15,0,HATS-47 b,HATS-47,Transit,0,3.9228038,4512.0,0.66,0.67
395,Method-adjusted full,0.0039035638833109323,0.0,0.2450251852291925,15,0,HATS-47 b,HATS-47,Transit,0,3.9228038,4512.0,0.66,0.67
395,Period + method,0.011968551201045915,0.0,0.2450251852291925,15,0,HATS-47 b,HATS-47,Transit,0,3.9228038,4512.0,0.66,0.67
395,Period-only curved,0.013654985006479211,0.0,0.2450251852291925,15,0,HATS-47 b,HATS-47,Transit,0,3.9228038,4512.0,0.66,0.67
396,Chunk 4 interaction,0.0033221989441380136,0.0,0.2350783307099658,15,0,HATS-48 A b,HATS-48 A,Transit,0,3.1316666,4546.0,0.72,0.73
396,Full stellar structure,0.0018658282729485636,0.0,0.2350783307099658,15,0,HATS-48 A b,HATS-48 A,Transit,0,3.1316666,4546.0,0.72,0.73
396,Method-adjusted full,0.0018716615516743,0.0,0.2350783307099658,15,0,HATS-48 A b,HATS-48 A,Transit,0,3.1316666,4546.0,0.72,0.73
396,Period + method,0.007825207813417827,0.0,0.2350783307099658,15,0,HATS-48 A b,HATS-48 A,Transit,0,3.1316666,4546.0,0.72,0.73
396,Period-only curved,0.00918643711151971,0.0,0.2350783307099658,15,0,HATS-48 A b,HATS-48 A,Transit,0,3.1316666,4546.0,0.72,0.73
397,Chunk 4 interaction,0.00800849619647888,0.0,0.2235291639370312,15,0,HATS-49 b,HATS-49,Transit,0,4.1480467,4405.0,0.7,0.71
397,Full stellar structure,0.003931680196464988,0.0,0.2235291639370312,15,0,HATS-49 b,HATS-49,Transit,0,4.1480467,4405.0,0.7,0.71
397,Method-adjusted full,0.003943955240458942,0.0,0.2235291639370312,15,0,HATS-49 b,HATS-49,Transit,0,4.1480467,4405.0,0.7,0.71
397,Period + method,0.01377086465304284,0.0,0.2235291639370312,15,0,HATS-49 b,HATS-49,Transit,0,4.1480467,4405.0,0.7,0.71
397,Period-only curved,0.015896540318155728,0.0,0.2235291639370312,15,0,HATS-49 b,HATS-49,Transit,0,4.1480467,4405.0,0.7,0.71
408,Chunk 4 interaction,0.0021365542672260665,0.0,0.24014672049285782,15,0,HATS-59 b,HATS-59,Transit,0,5.416081,5670.0,1.04,1.04
408,Full stellar structure,0.0021442213914868295,0.0,0.24014672049285782,15,0,HATS-59 b,HATS-59,Transit,0,5.416081,5670.0,1.04,1.04
408,Method-adjusted full,0.002130245353024683,0.0,0.24014672049285782,15,0,HATS-59 b,HATS-59,Transit,0,5.416081,5670.0,1.04,1.04
408,Period + method,0.021415506663127255,0.0,0.24014672049285782,15,0,HATS-59 b,HATS-59,Transit,0,5.416081,5670.0,1.04,1.04
408,Period-only curved,0.024120449526106168,0.0,0.24014672049285782,15,0,HATS-59 b,HATS-59,Transit,0,5.416081,5670.0,1.04,1.04
409,Chunk 4 interaction,0.25647774030451714,0.5333333333333333,0.24014672049285782,15,1,HATS-59 c,HATS-59,Radial Velocity,0,1422.0,5670.0,1.04,1.04
409,Full stellar structure,0.2799585604819103,0.6,0.24014672049285782,15,1,HATS-59 c,HATS-59,Radial Velocity,0,1422.0,5670.0,1.04,1.04
409,Method-adjusted full,0.2711541829733199,0.6,0.24014672049285782,15,1,HATS-59 c,HATS-59,Radial Velocity,0,1422.0,5670.0,1.04,1.04
409,Period + method,0.2790045378319028,0.6666666666666666,0.24014672049285782,15,1,HATS-59 c,HATS-59,Radial Velocity,0,1422.0,5670.0,1.04,1.04
409,Period-only curved,0.22337451081237697,0.4666666666666667,0.24014672049285782,15,0,HATS-59 c,HATS-59,Radial Velocity,0,1422.0,5670.0,1.04,1.04
411,Chunk 4 interaction,0.00077638993034954,0.0,0.2490716582380967,15,0,HATS-60 b,HATS-60,Transit,0,3.560829,5688.0,1.46,1.1
411,Full stellar structure,0.0005864739277516928,0.0,0.2490716582380967,15,0,HATS-60 b,HATS-60,Transit,0,3.560829,5688.0,1.46,1.1
411,Method-adjusted full,0.0005820443627910784,0.0,0.2490716582380967,15,0,HATS-60 b,HATS-60,Transit,0,3.560829,5688.0,1.46,1.1
411,Period + method,0.01000546462035311,0.0,0.2490716582380967,15,0,HATS-60 b,HATS-60,Transit,0,3.560829,5688.0,1.46,1.1
411,Period-only curved,0.011566705598831144,0.0,0.2490716582380967,15,0,HATS-60 b,HATS-60,Transit,0,3.560829,5688.0,1.46,1.1
412,Chunk 4 interaction,0.005664177359561454,0.0,0.2270042626604524,15,0,HATS-61 b,HATS-61,Transit,0,7.817953,5542.0,1.66,1.08
412,Full stellar structure,0.003366578997907633,0.0,0.2270042626604524,15,0,HATS-61 b,HATS-61,Transit,0,7.817953,5542.0,1.66,1.08
412,Method-adjusted full,0.0033039114412888714,0.0,0.2270042626604524,15,0,HATS-61 b,HATS-61,Transit,0,7.817953,5542.0,1.66,1.08
412,Period + method,0.03873916655840792,0.0,0.2270042626604524,15,0,HATS-61 b,HATS-61,Transit,0,7.817953,5542.0,1.66,1.08
412,Period-only curved,0.04498089035221719,0.0,0.2270042626604524,15,0,HATS-61 b,HATS-61,Transit,0,7.817953,5542.0,1.66,1.08
413,Chunk 4 interaction,0.0009540259380409533,0.0,0.23851264077764414,15,0,HATS-62 b,HATS-62,Transit,0,3.2768837,5416.0,0.93,0.9
413,Full stellar structure,0.001029709476195153,0.0,0.23851264077764414,15,0,HATS-62 b,HATS-62,Transit,0,3.2768837,5416.0,0.93,0.9
413,Method-adjusted full,0.0010275517825581043,0.0,0.23851264077764414,15,0,HATS-62 b,HATS-62,Transit,0,3.2768837,5416.0,0.93,0.9
413,Period + method,0.008287124571302177,0.0,0.23851264077764414,15,0,HATS-62 b,HATS-62,Transit,0,3.2768837,5416.0,0.93,0.9
413,Period-only curved,0.00938883372130903,0.0,0.23851264077764414,15,0,HATS-62 b,HATS-62,Transit,0,3.2768837,5416.0,0.93,0.9
414,Chunk 4 interaction,0.0005849449462495066,0.0,0.231108112201677,15,0,HATS-63 b,HATS-63,Transit,0,3.0566527,5627.0,1.07,0.93
414,Full stellar structure,0.0007002119863124532,0.0,0.231108112201677,15,0,HATS-63 b,HATS-63,Transit,0,3.0566527,5627.0,1.07,0.93
414,Method-adjusted full,0.0006988064368748867,0.0,0.231108112201677,15,0,HATS-63 b,HATS-63,Transit,0,3.0566527,5627.0,1.07,0.93
414,Period + method,0.007815360956785889,0.0,0.231108112201677,15,0,HATS-63 b,HATS-63,Transit,0,3.0566527,5627.0,1.07,0.93
414,Period-only curved,0.009329430463078896,0.0,0.231108112201677,15,0,HATS-63 b,HATS-63,Transit,0,3.0566527,5627.0,1.07,0.93
415,Chunk 4 interaction,0.0005589071042194466,0.0,0.2414826270422113,15,0,HATS-64 b,HATS-64,Transit,0,4.908897,6554.0,2.11,1.56
415,Full stellar structure,0.0004182660067323392,0.0,0.2414826270422113,15,0,HATS-64 b,HATS-64,Transit,0,4.908897,6554.0,2.11,1.56
415,Method-adjusted full,0.0004179932675011975,0.0,0.2414826270422113,15,0,HATS-64 b,HATS-64,Transit,0,4.908897,6554.0,2.11,1.56
415,Period + method,0.018135885575032415,0.0,0.2414826270422113,15,0,HATS-64 b,HATS-64,Transit,0,4.908897,6554.0,2.11,1.56
415,Period-only curved,0.021433399508651974,0.0,0.2414826270422113,15,0,HATS-64 b,HATS-64,Transit,0,4.908897,6554.0,2.11,1.56
416,Chunk 4 interaction,0.00025420273117731333,0.0,0.2503140481405019,15,0,HATS-65 b,HATS-65,Transit,0,3.105161,6277.0,1.31,1.26
416,Full stellar structure,0.0003361391559490686,0.0,0.2503140481405019,15,0,HATS-65 b,HATS-65,Transit,0,3.105161,6277.0,1.31,1.26
416,Method-adjusted full,0.0003357688692714424,0.0,0.2503140481405019,15,0,HATS-65 b,HATS-65,Transit,0,3.105161,6277.0,1.31,1.26
416,Period + method,0.008055026969194514,0.0,0.2503140481405019,15,0,HATS-65 b,HATS-65,Transit,0,3.105161,6277.0,1.31,1.26
416,Period-only curved,0.009844265560475674,0.0,0.2503140481405019,15,0,HATS-65 b,HATS-65,Transit,0,3.105161,6277.0,1.31,1.26
417,Chunk 4 interaction,0.00019933204453404,0.0,0.26383235686417394,15,0,HATS-66 b,HATS-66,Transit,0,3.1414391,6626.0,1.84,1.41
417,Full stellar structure,0.0002348852980642656,0.0,0.26383235686417394,15,0,HATS-66 b,HATS-66,Transit,0,3.1414391,6626.0,1.84,1.41
417,Method-adjusted full,0.00022814143974310988,0.0,0.26383235686417394,15,0,HATS-66 b,HATS-66,Transit,0,3.1414391,6626.0,1.84,1.41
417,Period + method,0.008329712073170917,0.0,0.26383235686417394,15,0,HATS-66 b,HATS-66,Transit,0,3.1414391,6626.0,1.84,1.41
417,Period-only curved,0.009712280944576983,0.0,0.26383235686417394,15,0,HATS-66 b,HATS-66,Transit,0,3.1414391,6626.0,1.84,1.41
418,Chunk 4 interaction,3.366757721464024e-05,0.0,0.2505634055185906,15,0,HATS-67 b,HATS-67,Transit,0,1.6091788,6594.0,1.44,1.44
418,Full stellar structure,4.889249988560666e-05,0.0,0.2505634055185906,15,0,HATS-67 b,HATS-67,Transit,0,1.6091788,6594.0,1.44,1.44
418,Method-adjusted full,4.6866907503860594e-05,0.0,0.2505634055185906,15,0,HATS-67 b,HATS-67,Transit,0,1.6091788,6594.0,1.44,1.44
418,Period + method,0.0018606328619453392,0.0,0.2505634055185906,15,0,HATS-67 b,HATS-67,Transit,0,1.6091788,6594.0,1.44,1.44
418,Period-only curved,0.002143053427547321,0.0,0.2505634055185906,15,0,HATS-67 b,HATS-67,Transit,0,1.6091788,6594.0,1.44,1.44
419,Chunk 4 interaction,0.00050187924525398,0.0,0.25912948224489524,15,0,HATS-68 b,HATS-68,Transit,0,3.5862202,6147.0,1.75,1.35
419,Full stellar structure,0.00041309321847732435,0.0,0.25912948224489524,15,0,HATS-68 b,HATS-68,Transit,0,3.5862202,6147.0,1.75,1.35
419,Method-adjusted full,0.0004067480185516911,0.0,0.25912948224489524,15,0,HATS-68 b,HATS-68,Transit,0,3.5862202,6147.0,1.75,1.35
419,Period + method,0.01038870398040604,0.0,0.25912948224489524,15,0,HATS-68 b,HATS-68,Transit,0,3.5862202,6147.0,1.75,1.35
419,Period-only curved,0.01199788169623099,0.0,0.25912948224489524,15,0,HATS-68 b,HATS-68,Transit,0,3.5862202,6147.0,1.75,1.35
420,Chunk 4 interaction,0.0005555778850909799,0.0,0.227990436528756,15,0,HATS-69 b,HATS-69,Transit,0,2.2252577,5137.0,0.88,0.89
420,Full stellar structure,0.00043099381319176546,0.0,0.227990436528756,15,0,HATS-69 b,HATS-69,Transit,0,2.2252577,5137.0,0.88,0.89
420,Method-adjusted full,0.0004326036554825643,0.0,0.227990436528756,15,0,HATS-69 b,HATS-69,Transit,0,2.2252577,5137.0,0.88,0.89
420,Period + method,0.00407054481202139,0.0,0.227990436528756,15,0,HATS-69 b,HATS-69,Transit,0,2.2252577,5137.0,0.88,0.89
420,Period-only curved,0.004984339797369365,0.0,0.227990436528756,15,0,HATS-69 b,HATS-69,Transit,0,2.2252577,5137.0,0.88,0.89
422,Chunk 4 interaction,1.1505923133532395e-05,0.0,0.24867148632255606,15,0,HATS-70 b,HATS-70,Transit,0,1.8882378,7930.0,1.88,1.78
422,Full stellar structure,3.26494575480462e-05,0.0,0.24867148632255606,15,0,HATS-70 b,HATS-70,Transit,0,1.8882378,7930.0,1.88,1.78
422,Method-adjusted full,3.272614218346219e-05,0.0,0.24867148632255606,15,0,HATS-70 b,HATS-70,Transit,0,1.8882378,7930.0,1.88,1.78
422,Period + method,0.002839069001718971,0.0,0.24867148632255606,15,0,HATS-70 b,HATS-70,Transit,0,1.8882378,7930.0,1.88,1.78
422,Period-only curved,0.0033297751206169896,0.0,0.24867148632255606,15,0,HATS-70 b,HATS-70,Transit,0,1.8882378,7930.0,1.88,1.78
424,Chunk 4 interaction,0.01636179855789196,0.0,0.2414798916298266,15,0,HATS-72 b,HATS-72,Transit,0,7.3279474,4656.1,0.72,0.73
424,Full stellar structure,0.011950193986451845,0.0,0.2414798916298266,15,0,HATS-72 b,HATS-72,Transit,0,7.3279474,4656.1,0.72,0.73
424,Method-adjusted full,0.012023141033120603,0.0,0.2414798916298266,15,0,HATS-72 b,HATS-72,Transit,0,7.3279474,4656.1,0.72,0.73
424,Period + method,0.03554652805200346,0.0,0.2414798916298266,15,0,HATS-72 b,HATS-72,Transit,0,7.3279474,4656.1,0.72,0.73
424,Period-only curved,0.041447073138265275,0.0,0.2414798916298266,15,0,HATS-72 b,HATS-72,Transit,0,7.3279474,4656.1,0.72,0.73
475,Chunk 4 interaction,0.20481508619954525,0.26666666666666666,0.23902322120857858,15,0,HD 109286 b,HD 109286,Radial Velocity,1,520.1,5694.0,1.09,0.98
475,Full stellar structure,0.22553709055797244,0.4,0.23902322120857858,15,0,HD 109286 b,HD 109286,Radial Velocity,1,520.1,5694.0,1.09,0.98
475,Method-adjusted full,0.1987131588292048,0.26666666666666666,0.23902322120857858,15,0,HD 109286 b,HD 109286,Radial Velocity,1,520.1,5694.0,1.09,0.98
475,Period + method,0.3898388839524065,1.0,0.23902322120857858,15,1,HD 109286 b,HD 109286,Radial Velocity,1,520.1,5694.0,1.09,0.98
475,Period-only curved,0.2805191970827823,0.8,0.23902322120857858,15,1,HD 109286 b,HD 109286,Radial Velocity,1,520.1,5694.0,1.09,0.98
479,Chunk 4 interaction,0.00034782834654439334,0.0,0.248292492648141,15,0,HD 110113 b,HD 110113,Transit,0,2.541,5732.0,0.97,1.0
479,Full stellar structure,0.00046161574225521456,0.0,0.248292492648141,15,0,HD 110113 b,HD 110113,Transit,0,2.541,5732.0,0.97,1.0
479,Method-adjusted full,0.00046134476931428104,0.0,0.248292492648141,15,0,HD 110113 b,HD 110113,Transit,0,2.541,5732.0,0.97,1.0
479,Period + method,0.0057461868324645725,0.0,0.248292492648141,15,0,HD 110113 b,HD 110113,Transit,0,2.541,5732.0,0.97,1.0
479,Period-only curved,0.0067282390268648875,0.0,0.248292492648141,15,0,HD 110113 b,HD 110113,Transit,0,2.541,5732.0,0.97,1.0
480,Chunk 4 interaction,0.0031646871899069866,0.0,0.248292492648141,15,0,HD 110113 c,HD 110113,Radial Velocity,0,6.744,5732.0,0.97,1.0
480,Full stellar structure,0.003955334347704013,0.0,0.248292492648141,15,0,HD 110113 c,HD 110113,Radial Velocity,0,6.744,5732.0,0.97,1.0
480,Method-adjusted full,0.0038233515915031845,0.0,0.248292492648141,15,0,HD 110113 c,HD 110113,Radial Velocity,0,6.744,5732.0,0.97,1.0
480,Period + method,0.08039389463496889,0.0,0.248292492648141,15,0,HD 110113 c,HD 110113,Radial Velocity,0,6.744,5732.0,0.97,1.0
480,Period-only curved,0.03803990633019009,0.0,0.248292492648141,15,0,HD 110113 c,HD 110113,Radial Velocity,0,6.744,5732.0,0.97,1.0
497,Chunk 4 interaction,0.1984492789310673,0.26666666666666666,0.23599993031559016,15,0,HD 115954 b,HD 115954,Radial Velocity,0,3700.0,5957.0,1.21,1.18
497,Full stellar structure,0.19587850889090574,0.26666666666666666,0.23599993031559016,15,0,HD 115954 b,HD 115954,Radial Velocity,0,3700.0,5957.0,1.21,1.18
497,Method-adjusted full,0.198854010007973,0.26666666666666666,0.23599993031559016,15,0,HD 115954 b,HD 115954,Radial Velocity,0,3700.0,5957.0,1.21,1.18
497,Period + method,0.1485016330270353,0.06666666666666667,0.23599993031559016,15,0,HD 115954 b,HD 115954,Radial Velocity,0,3700.0,5957.0,1.21,1.18
497,Period-only curved,0.11051832998204106,0.0,0.23599993031559016,15,0,HD 115954 b,HD 115954,Radial Velocity,0,3700.0,5957.0,1.21,1.18
539,Chunk 4 interaction,0.009391741365023713,0.0,0.275979086373856,15,0,HD 136352 b,HD 136352,Radial Velocity,0,11.57797,5664.0,1.06,0.87
539,Full stellar structure,0.012543629467944876,0.0,0.275979086373856,15,0,HD 136352 b,HD 136352,Radial Velocity,0,11.57797,5664.0,1.06,0.87
539,Method-adjusted full,0.01211656251602845,0.0,0.275979086373856,15,0,HD 136352 b,HD 136352,Radial Velocity,0,11.57797,5664.0,1.06,0.87
539,Period + method,0.16019053183203683,0.0,0.275979086373856,15,0,HD 136352 b,HD 136352,Radial Velocity,0,11.57797,5664.0,1.06,0.87
539,Period-only curved,0.07839875566508676,0.0,0.275979086373856,15,0,HD 136352 b,HD 136352,Radial Velocity,0,11.57797,5664.0,1.06,0.87
540,Chunk 4 interaction,0.03650703653151947,0.0,0.275979086373856,15,0,HD 136352 c,HD 136352,Radial Velocity,0,27.59221,5664.0,1.06,0.87
540,Full stellar structure,0.047457743945514344,0.0,0.275979086373856,15,0,HD 136352 c,HD 136352,Radial Velocity,0,27.59221,5664.0,1.06,0.87
540,Method-adjusted full,0.04594772531653114,0.0,0.275979086373856,15,0,HD 136352 c,HD 136352,Radial Velocity,0,27.59221,5664.0,1.06,0.87
540,Period + method,0.33341446650110396,0.7333333333333333,0.275979086373856,15,1,HD 136352 c,HD 136352,Radial Velocity,0,27.59221,5664.0,1.06,0.87
540,Period-only curved,0.18815716460140358,0.06666666666666667,0.275979086373856,15,0,HD 136352 c,HD 136352,Radial Velocity,0,27.59221,5664.0,1.06,0.87
541,Chunk 4 interaction,0.14346935001336053,0.06666666666666667,0.275979086373856,15,0,HD 136352 d,HD 136352,Radial Velocity,0,107.245,5664.0,1.06,0.87
541,Full stellar structure,0.18044646186793248,0.06666666666666667,0.275979086373856,15,0,HD 136352 d,HD 136352,Radial Velocity,0,107.245,5664.0,1.06,0.87
541,Method-adjusted full,0.1755760181143026,0.13333333333333333,0.275979086373856,15,0,HD 136352 d,HD 136352,Radial Velocity,0,107.245,5664.0,1.06,0.87
541,Period + method,0.5145304032719349,1.0,0.275979086373856,15,1,HD 136352 d,HD 136352,Radial Velocity,0,107.245,5664.0,1.06,0.87
541,Period-only curved,0.3500270589002283,0.9333333333333333,0.275979086373856,15,1,HD 136352 d,HD 136352,Radial Velocity,0,107.245,5664.0,1.06,0.87
553,Chunk 4 interaction,0.01177983548888124,0.0,0.25062485169966686,15,0,HD 1397 b,HD 1397,Transit,0,11.53533,5521.0,2.34,1.32
553,Full stellar structure,0.003647949291909422,0.0,0.25062485169966686,15,0,HD 1397 b,HD 1397,Transit,0,11.53533,5521.0,2.34,1.32
553,Method-adjusted full,0.0036002808877285486,0.0,0.25062485169966686,15,0,HD 1397 b,HD 1397,Transit,0,11.53533,5521.0,2.34,1.32
553,Period + method,0.06708979867424444,0.0,0.25062485169966686,15,0,HD 1397 b,HD 1397,Transit,0,11.53533,5521.0,2.34,1.32
553,Period-only curved,0.07823051530443989,0.0,0.25062485169966686,15,0,HD 1397 b,HD 1397,Transit,0,11.53533,5521.0,2.34,1.32
591,Chunk 4 interaction,0.004669893285962227,0.0,0.23681726291240407,15,0,HD 152843 b,HD 152843,Transit,0,11.6264,6310.0,1.43,1.15
591,Full stellar structure,0.005814972241223343,0.0,0.23681726291240407,15,0,HD 152843 b,HD 152843,Transit,0,11.6264,6310.0,1.43,1.15
591,Method-adjusted full,0.005806252682157929,0.0,0.23681726291240407,15,0,HD 152843 b,HD 152843,Transit,0,11.6264,6310.0,1.43,1.15
591,Period + method,0.06606327455523651,0.0,0.23681726291240407,15,0,HD 152843 b,HD 152843,Transit,0,11.6264,6310.0,1.43,1.15
591,Period-only curved,0.07724892920096993,0.0,0.23681726291240407,15,0,HD 152843 b,HD 152843,Transit,0,11.6264,6310.0,1.43,1.15
662,Chunk 4 interaction,0.008487882432297787,0.0,0.2537073435987763,15,0,HD 176986 b,HD 176986,Radial Velocity,0,6.4898,4931.0,0.78,0.79
662,Full stellar structure,0.007129958027476471,0.0,0.2537073435987763,15,0,HD 176986 b,HD 176986,Radial Velocity,0,6.4898,4931.0,0.78,0.79
662,Method-adjusted full,0.007001214131973692,0.0,0.2537073435987763,15,0,HD 176986 b,HD 176986,Radial Velocity,0,6.4898,4931.0,0.78,0.79
662,Period + method,0.07459887618514047,0.0,0.2537073435987763,15,0,HD 176986 b,HD 176986,Radial Velocity,0,6.4898,4931.0,0.78,0.79
662,Period-only curved,0.034408535730155995,0.0,0.2537073435987763,15,0,HD 176986 b,HD 176986,Radial Velocity,0,6.4898,4931.0,0.78,0.79
663,Chunk 4 interaction,0.0430411883511213,0.0,0.2537073435987763,15,0,HD 176986 c,HD 176986,Radial Velocity,0,16.8191,4931.0,0.78,0.79
663,Full stellar structure,0.03876748573720733,0.0,0.2537073435987763,15,0,HD 176986 c,HD 176986,Radial Velocity,0,16.8191,4931.0,0.78,0.79
663,Method-adjusted full,0.03783914327043298,0.0,0.2537073435987763,15,0,HD 176986 c,HD 176986,Radial Velocity,0,16.8191,4931.0,0.78,0.79
663,Period + method,0.2269043763536648,0.3333333333333333,0.2537073435987763,15,0,HD 176986 c,HD 176986,Radial Velocity,0,16.8191,4931.0,0.78,0.79
663,Period-only curved,0.11865431396625753,0.0,0.2537073435987763,15,0,HD 176986 c,HD 176986,Radial Velocity,0,16.8191,4931.0,0.78,0.79
683,Chunk 4 interaction,0.016567264885271066,0.0,0.2352913329022012,15,0,HD 183579 b,HD 183579,Transit,0,17.471278,5788.0,0.98,1.03
683,Full stellar structure,0.0190479183064662,0.0,0.2352913329022012,15,0,HD 183579 b,HD 183579,Transit,0,17.471278,5788.0,0.98,1.03
683,Method-adjusted full,0.019061607588729136,0.0,0.2352913329022012,15,0,HD 183579 b,HD 183579,Transit,0,17.471278,5788.0,0.98,1.03
683,Period + method,0.10207595604550411,0.0,0.2352913329022012,15,0,HD 183579 b,HD 183579,Transit,0,17.471278,5788.0,0.98,1.03
683,Period-only curved,0.11810930674727933,0.0,0.2352913329022012,15,0,HD 183579 b,HD 183579,Transit,0,17.471278,5788.0,0.98,1.03
719,Chunk 4 interaction,0.00030478897352130004,0.0,0.26198077156212757,15,0,HD 202772 A b,HD 202772 A,Transit,0,3.308958,6272.0,2.59,1.72
719,Full stellar structure,0.00013066278963019885,0.0,0.26198077156212757,15,0,HD 202772 A b,HD 202772 A,Transit,0,3.308958,6272.0,2.59,1.72
719,Method-adjusted full,0.00012962134695746776,0.0,0.26198077156212757,15,0,HD 202772 A b,HD 202772 A,Transit,0,3.308958,6272.0,2.59,1.72
719,Period + method,0.008732465215943635,0.0,0.26198077156212757,15,0,HD 202772 A b,HD 202772 A,Transit,0,3.308958,6272.0,2.59,1.72
719,Period-only curved,0.010335761657823489,0.0,0.26198077156212757,15,0,HD 202772 A b,HD 202772 A,Transit,0,3.308958,6272.0,2.59,1.72
736,Chunk 4 interaction,0.03394577394972162,0.0,0.2590086742887963,15,0,HD 207897 b,HD 207897,Transit,0,16.202159,5070.0,0.78,0.8
736,Full stellar structure,0.03433868587289868,0.0,0.2590086742887963,15,0,HD 207897 b,HD 207897,Transit,0,16.202159,5070.0,0.78,0.8
736,Method-adjusted full,0.034295948145973566,0.0,0.2590086742887963,15,0,HD 207897 b,HD 207897,Transit,0,16.202159,5070.0,0.78,0.8
736,Period + method,0.09992984715212813,0.0,0.2590086742887963,15,0,HD 207897 b,HD 207897,Transit,0,16.202159,5070.0,0.78,0.8
736,Period-only curved,0.1189110434487883,0.0,0.2590086742887963,15,0,HD 207897 b,HD 207897,Transit,0,16.202159,5070.0,0.78,0.8
749,Chunk 4 interaction,0.17672703771935852,0.2,0.22015939832193457,15,0,HD 211403 b,HD 211403,Radial Velocity,0,223.8,6273.0,1.21,1.2
749,Full stellar structure,0.18487115346328256,0.2,0.22015939832193457,15,0,HD 211403 b,HD 211403,Radial Velocity,0,223.8,6273.0,1.21,1.2
749,Method-adjusted full,0.18938852677764992,0.3333333333333333,0.22015939832193457,15,0,HD 211403 b,HD 211403,Radial Velocity,0,223.8,6273.0,1.21,1.2
749,Period + method,0.5289502866390678,1.0,0.22015939832193457,15,1,HD 211403 b,HD 211403,Radial Velocity,0,223.8,6273.0,1.21,1.2
749,Period-only curved,0.38047858891147157,1.0,0.22015939832193457,15,1,HD 211403 b,HD 211403,Radial Velocity,0,223.8,6273.0,1.21,1.2
781,Chunk 4 interaction,0.00258041008590442,0.0,0.24154813821418528,15,0,HD 219134 b,HD 219134,Radial Velocity,0,3.092926,4699.0,0.78,0.81
781,Full stellar structure,0.0014556529415802465,0.0,0.24154813821418528,15,0,HD 219134 b,HD 219134,Radial Velocity,0,3.092926,4699.0,0.78,0.81
781,Method-adjusted full,0.0014662166805366405,0.0,0.24154813821418528,15,0,HD 219134 b,HD 219134,Radial Velocity,0,3.092926,4699.0,0.78,0.81
781,Period + method,0.02033104135724425,0.0,0.24154813821418528,15,0,HD 219134 b,HD 219134,Radial Velocity,0,3.092926,4699.0,0.78,0.81
781,Period-only curved,0.009162005692422166,0.0,0.24154813821418528,15,0,HD 219134 b,HD 219134,Radial Velocity,0,3.092926,4699.0,0.78,0.81
782,Chunk 4 interaction,0.013045736924683514,0.0,0.24154813821418528,15,0,HD 219134 c,HD 219134,Radial Velocity,0,6.76458,4699.0,0.78,0.81
782,Full stellar structure,0.00789450286362017,0.0,0.24154813821418528,15,0,HD 219134 c,HD 219134,Radial Velocity,0,6.76458,4699.0,0.78,0.81
782,Method-adjusted full,0.007929713860986854,0.0,0.24154813821418528,15,0,HD 219134 c,HD 219134,Radial Velocity,0,6.76458,4699.0,0.78,0.81
782,Period + method,0.07677717708962187,0.0,0.24154813821418528,15,0,HD 219134 c,HD 219134,Radial Velocity,0,6.76458,4699.0,0.78,0.81
782,Period-only curved,0.03631366415627923,0.0,0.24154813821418528,15,0,HD 219134 c,HD 219134,Radial Velocity,0,6.76458,4699.0,0.78,0.81
783,Chunk 4 interaction,0.18560495280176045,0.06666666666666667,0.24154813821418528,15,0,HD 219134 d,HD 219134,Radial Velocity,0,46.859,4699.0,0.78,0.81
783,Full stellar structure,0.14506638314836934,0.0,0.24154813821418528,15,0,HD 219134 d,HD 219134,Radial Velocity,0,46.859,4699.0,0.78,0.81
783,Method-adjusted full,0.14489041950904552,0.0,0.24154813821418528,15,0,HD 219134 d,HD 219134,Radial Velocity,0,46.859,4699.0,0.78,0.81
783,Period + method,0.41549098153329417,1.0,0.24154813821418528,15,1,HD 219134 d,HD 219134,Radial Velocity,0,46.859,4699.0,0.78,0.81
783,Period-only curved,0.2616423024050056,0.6,0.24154813821418528,15,1,HD 219134 d,HD 219134,Radial Velocity,0,46.859,4699.0,0.78,0.81
784,Chunk 4 interaction,0.08743177442895791,0.0,0.24154813821418528,15,0,HD 219134 f,HD 219134,Radial Velocity,0,22.717,4699.0,0.78,0.81
784,Full stellar structure,0.061311318760507445,0.0,0.24154813821418528,15,0,HD 219134 f,HD 219134,Radial Velocity,0,22.717,4699.0,0.78,0.81
784,Method-adjusted full,0.06134258744735937,0.0,0.24154813821418528,15,0,HD 219134 f,HD 219134,Radial Velocity,0,22.717,4699.0,0.78,0.81
784,Period + method,0.2828817774724254,0.6666666666666666,0.24154813821418528,15,1,HD 219134 f,HD 219134,Radial Velocity,0,22.717,4699.0,0.78,0.81
784,Period-only curved,0.15853762360910378,0.0,0.24154813821418528,15,0,HD 219134 f,HD 219134,Radial Velocity,0,22.717,4699.0,0.78,0.81
805,Chunk 4 interaction,0.012553884403238406,0.0,0.23528879558422658,15,0,HD 22496 b,HD 22496,Radial Velocity,0,5.09071,4385.0,0.67,0.68
805,Full stellar structure,0.006981118944869342,0.0,0.23528879558422658,15,0,HD 22496 b,HD 22496,Radial Velocity,0,5.09071,4385.0,0.67,0.68
805,Method-adjusted full,0.007132437385885761,0.0,0.23528879558422658,15,0,HD 22496 b,HD 22496,Radial Velocity,0,5.09071,4385.0,0.67,0.68
805,Period + method,0.05165962683525549,0.0,0.23528879558422658,15,0,HD 22496 b,HD 22496,Radial Velocity,0,5.09071,4385.0,0.67,0.68
805,Period-only curved,0.023542697726475634,0.0,0.23528879558422658,15,0,HD 22496 b,HD 22496,Radial Velocity,0,5.09071,4385.0,0.67,0.68
815,Chunk 4 interaction,0.12550870564887256,0.0,0.24972435349147198,15,0,HD 238090 b,HD 238090,Radial Velocity,0,13.671,3933.0,0.57,0.58
815,Full stellar structure,0.06778379003070234,0.0,0.24972435349147198,15,0,HD 238090 b,HD 238090,Radial Velocity,0,13.671,3933.0,0.57,0.58
815,Method-adjusted full,0.06755557024718858,0.0,0.24972435349147198,15,0,HD 238090 b,HD 238090,Radial Velocity,0,13.671,3933.0,0.57,0.58
815,Period + method,0.1824255478871259,0.13333333333333333,0.24972435349147198,15,0,HD 238090 b,HD 238090,Radial Velocity,0,13.671,3933.0,0.57,0.58
815,Period-only curved,0.09359576077655571,0.0,0.24972435349147198,15,0,HD 238090 b,HD 238090,Radial Velocity,0,13.671,3933.0,0.57,0.58
835,Chunk 4 interaction,0.15087483246777128,0.0,0.25414634621139864,15,0,HD 27969 b,HD 27969,Radial Velocity,1,654.5,5966.0,1.27,1.16
835,Full stellar structure,0.13165424093054684,0.0,0.25414634621139864,15,0,HD 27969 b,HD 27969,Radial Velocity,1,654.5,5966.0,1.27,1.16
835,Method-adjusted full,0.11179823866522699,0.0,0.25414634621139864,15,0,HD 27969 b,HD 27969,Radial Velocity,1,654.5,5966.0,1.27,1.16
835,Period + method,0.3384259299709226,0.8666666666666667,0.25414634621139864,15,1,HD 27969 b,HD 27969,Radial Velocity,1,654.5,5966.0,1.27,1.16
835,Period-only curved,0.24295406087147342,0.6,0.25414634621139864,15,1,HD 27969 b,HD 27969,Radial Velocity,1,654.5,5966.0,1.27,1.16
856,Chunk 4 interaction,0.009111247144582973,0.0,0.22523764885315795,15,0,HD 3167 d,HD 3167,Transit,0,8.509,5261.0,0.86,0.86
856,Full stellar structure,0.00921127674445838,0.0,0.22523764885315795,15,0,HD 3167 d,HD 3167,Transit,0,8.509,5261.0,0.86,0.86
856,Method-adjusted full,0.009201635581167824,0.0,0.22523764885315795,15,0,HD 3167 d,HD 3167,Transit,0,8.509,5261.0,0.86,0.86
856,Period + method,0.04409722486278464,0.0,0.22523764885315795,15,0,HD 3167 d,HD 3167,Transit,0,8.509,5261.0,0.86,0.86
856,Period-only curved,0.05133482071207123,0.0,0.22523764885315795,15,0,HD 3167 d,HD 3167,Transit,0,8.509,5261.0,0.86,0.86
863,Chunk 4 interaction,0.013918946229639406,0.0,0.2308609553341032,15,0,HD 332231 b,HD 332231,Transit,0,18.71204,6089.0,1.28,1.13
863,Full stellar structure,0.015260944512389855,0.0,0.2308609553341032,15,0,HD 332231 b,HD 332231,Transit,0,18.71204,6089.0,1.28,1.13
863,Method-adjusted full,0.015248421024538043,0.0,0.2308609553341032,15,0,HD 332231 b,HD 332231,Transit,0,18.71204,6089.0,1.28,1.13
863,Period + method,0.11317234287367477,0.0,0.2308609553341032,15,0,HD 332231 b,HD 332231,Transit,0,18.71204,6089.0,1.28,1.13
863,Period-only curved,0.13227645946116862,0.0,0.2308609553341032,15,0,HD 332231 b,HD 332231,Transit,0,18.71204,6089.0,1.28,1.13
905,Chunk 4 interaction,0.1802422601814125,0.2,0.2557196346369599,15,0,HD 42618 b,HD 42618,Radial Velocity,0,149.61,5727.0,1.0,1.01
905,Full stellar structure,0.19821786620473977,0.26666666666666666,0.2557196346369599,15,0,HD 42618 b,HD 42618,Radial Velocity,0,149.61,5727.0,1.0,1.01
905,Method-adjusted full,0.19072000275136203,0.3333333333333333,0.2557196346369599,15,0,HD 42618 b,HD 42618,Radial Velocity,0,149.61,5727.0,1.0,1.01
905,Period + method,0.5363486507624191,1.0,0.2557196346369599,15,1,HD 42618 b,HD 42618,Radial Velocity,0,149.61,5727.0,1.0,1.01
905,Period-only curved,0.3766286265728041,0.9333333333333333,0.2557196346369599,15,1,HD 42618 b,HD 42618,Radial Velocity,0,149.61,5727.0,1.0,1.01
935,Chunk 4 interaction,0.00769640899433158,0.0,0.23449159685842894,15,0,HD 5278 b,HD 5278,Transit,0,14.339156,6203.0,1.19,1.13
935,Full stellar structure,0.010083652339525129,0.0,0.23449159685842894,15,0,HD 5278 b,HD 5278,Transit,0,14.339156,6203.0,1.19,1.13
935,Method-adjusted full,0.010086960630480304,0.0,0.23449159685842894,15,0,HD 5278 b,HD 5278,Transit,0,14.339156,6203.0,1.19,1.13
935,Period + method,0.0866377962229563,0.0,0.23449159685842894,15,0,HD 5278 b,HD 5278,Transit,0,14.339156,6203.0,1.19,1.13
935,Period-only curved,0.10151898085206872,0.0,0.23449159685842894,15,0,HD 5278 b,HD 5278,Transit,0,14.339156,6203.0,1.19,1.13
953,Chunk 4 interaction,0.007355696145644406,0.0,0.22999881821572393,15,0,HD 63935 b,HD 63935,Transit,0,9.058811,5534.0,0.96,0.93
953,Full stellar structure,0.008156926416730307,0.0,0.22999881821572393,15,0,HD 63935 b,HD 63935,Transit,0,9.058811,5534.0,0.96,0.93
953,Method-adjusted full,0.008162455217788389,0.0,0.22999881821572393,15,0,HD 63935 b,HD 63935,Transit,0,9.058811,5534.0,0.96,0.93
953,Period + method,0.047742940983789485,0.0,0.22999881821572393,15,0,HD 63935 b,HD 63935,Transit,0,9.058811,5534.0,0.96,0.93
953,Period-only curved,0.055579082168303505,0.0,0.22999881821572393,15,0,HD 63935 b,HD 63935,Transit,0,9.058811,5534.0,0.96,0.93
954,Chunk 4 interaction,0.03145846318388155,0.0,0.22999881821572393,15,0,HD 63935 c,HD 63935,Radial Velocity,0,21.4023,5534.0,0.96,0.93
954,Full stellar structure,0.03468582417558445,0.0,0.22999881821572393,15,0,HD 63935 c,HD 63935,Radial Velocity,0,21.4023,5534.0,0.96,0.93
954,Method-adjusted full,0.03181386667021013,0.0,0.22999881821572393,15,0,HD 63935 c,HD 63935,Radial Velocity,0,21.4023,5534.0,0.96,0.93
954,Period + method,0.2606407362307945,0.6,0.22999881821572393,15,1,HD 63935 c,HD 63935,Radial Velocity,0,21.4023,5534.0,0.96,0.93
954,Period-only curved,0.15080108611295337,0.0,0.22999881821572393,15,0,HD 63935 c,HD 63935,Radial Velocity,0,21.4023,5534.0,0.96,0.93
992,Chunk 4 interaction,0.031459009080465186,0.0,0.23849376845238185,15,0,HD 7924 c,HD 7924,Radial Velocity,0,15.299,5075.0,0.78,0.83
992,Full stellar structure,0.030222274986633366,0.0,0.23849376845238185,15,0,HD 7924 c,HD 7924,Radial Velocity,0,15.299,5075.0,0.78,0.83
992,Method-adjusted full,0.027886328567210975,0.0,0.23849376845238185,15,0,HD 7924 c,HD 7924,Radial Velocity,0,15.299,5075.0,0.78,0.83
992,Period + method,0.1867532522185309,0.2,0.23849376845238185,15,0,HD 7924 c,HD 7924,Radial Velocity,0,15.299,5075.0,0.78,0.83
992,Period-only curved,0.10497006183630352,0.0,0.23849376845238185,15,0,HD 7924 c,HD 7924,Radial Velocity,0,15.299,5075.0,0.78,0.83
993,Chunk 4 interaction,0.06158829433988698,0.0,0.23849376845238185,15,0,HD 7924 d,HD 7924,Radial Velocity,0,24.451,5075.0,0.78,0.83
993,Full stellar structure,0.060775788213387444,0.0,0.23849376845238185,15,0,HD 7924 d,HD 7924,Radial Velocity,0,24.451,5075.0,0.78,0.83
993,Method-adjusted full,0.056341366744525265,0.0,0.23849376845238185,15,0,HD 7924 d,HD 7924,Radial Velocity,0,24.451,5075.0,0.78,0.83
993,Period + method,0.27628677800805385,0.8,0.23849376845238185,15,1,HD 7924 d,HD 7924,Radial Velocity,0,24.451,5075.0,0.78,0.83
993,Period-only curved,0.1660349680132855,0.0,0.23849376845238185,15,0,HD 7924 d,HD 7924,Radial Velocity,0,24.451,5075.0,0.78,0.83
997,Chunk 4 interaction,0.2450415170004899,0.6666666666666666,0.241394715626298,15,1,HD 80869 b,HD 80869,Radial Velocity,0,1711.7,5837.0,1.06,1.08
997,Full stellar structure,0.27295928594867186,0.6666666666666666,0.241394715626298,15,1,HD 80869 b,HD 80869,Radial Velocity,0,1711.7,5837.0,1.06,1.08
997,Method-adjusted full,0.27285168582194963,0.6666666666666666,0.241394715626298,15,1,HD 80869 b,HD 80869,Radial Velocity,0,1711.7,5837.0,1.06,1.08
997,Period + method,0.27958600756505386,0.6666666666666666,0.241394715626298,15,1,HD 80869 b,HD 80869,Radial Velocity,0,1711.7,5837.0,1.06,1.08
997,Period-only curved,0.2115974321585634,0.4666666666666667,0.241394715626298,15,0,HD 80869 b,HD 80869,Radial Velocity,0,1711.7,5837.0,1.06,1.08
1038,Chunk 4 interaction,0.13159116501623858,0.0,0.24263742604114422,15,0,HD 95338 b,HD 95338,Radial Velocity,0,55.087,5212.0,0.87,0.83
1038,Full stellar structure,0.14309999112359623,0.06666666666666667,0.24263742604114422,15,0,HD 95338 b,HD 95338,Radial Velocity,0,55.087,5212.0,0.87,0.83
1038,Method-adjusted full,0.13865358510620276,0.0,0.24263742604114422,15,0,HD 95338 b,HD 95338,Radial Velocity,0,55.087,5212.0,0.87,0.83
1038,Period + method,0.4427083104089215,1.0,0.24263742604114422,15,1,HD 95338 b,HD 95338,Radial Velocity,0,55.087,5212.0,0.87,0.83
1038,Period-only curved,0.2854334588776861,0.6,0.24263742604114422,15,1,HD 95338 b,HD 95338,Radial Velocity,0,55.087,5212.0,0.87,0.83
1039,Chunk 4 interaction,0.23010466261558823,0.4666666666666667,0.255651237716002,15,0,HD 95544 b,HD 95544,Radial Velocity,0,2172.0,5722.0,1.09,1.09
1039,Full stellar structure,0.24782013047401608,0.5333333333333333,0.255651237716002,15,1,HD 95544 b,HD 95544,Radial Velocity,0,2172.0,5722.0,1.09,1.09
1039,Method-adjusted full,0.25310163198513236,0.5333333333333333,0.255651237716002,15,1,HD 95544 b,HD 95544,Radial Velocity,0,2172.0,5722.0,1.09,1.09
1039,Period + method,0.22784304604502298,0.3333333333333333,0.255651237716002,15,0,HD 95544 b,HD 95544,Radial Velocity,0,2172.0,5722.0,1.09,1.09
1039,Period-only curved,0.1632431778929595,0.2,0.255651237716002,15,0,HD 95544 b,HD 95544,Radial Velocity,0,2172.0,5722.0,1.09,1.09
1088,Chunk 4 interaction,0.00017473000872060668,0.0,0.22937740493005304,15,0,HIP 65 A b,HIP 65 A,Transit,0,0.9809734,4590.0,0.72,0.78
1088,Full stellar structure,8.719211074503848e-05,0.0,0.22937740493005304,15,0,HIP 65 A b,HIP 65 A,Transit,0,0.9809734,4590.0,0.72,0.78
1088,Method-adjusted full,8.728288221896189e-05,0.0,0.22937740493005304,15,0,HIP 65 A b,HIP 65 A,Transit,0,0.9809734,4590.0,0.72,0.78
1088,Period + method,0.0005719576438787372,0.0,0.22937740493005304,15,0,HIP 65 A b,HIP 65 A,Transit,0,0.9809734,4590.0,0.72,0.78
1088,Period-only curved,0.000705711940546163,0.0,0.22937740493005304,15,0,HIP 65 A b,HIP 65 A,Transit,0,0.9809734,4590.0,0.72,0.78
1114,Chunk 4 interaction,0.00042938137355667333,0.0,0.2509851847035736,15,0,HR 858 b,HR 858,Transit,0,3.58599,6201.0,1.31,1.15
1114,Full stellar structure,0.0005920171395566159,0.0,0.2509851847035736,15,0,HR 858 b,HR 858,Transit,0,3.58599,6201.0,1.31,1.15
1114,Method-adjusted full,0.0005848067524198247,0.0,0.2509851847035736,15,0,HR 858 b,HR 858,Transit,0,3.58599,6201.0,1.31,1.15
1114,Period + method,0.010491779363172834,0.0,0.2509851847035736,15,0,HR 858 b,HR 858,Transit,0,3.58599,6201.0,1.31,1.15
1114,Period-only curved,0.012241910139604585,0.0,0.2509851847035736,15,0,HR 858 b,HR 858,Transit,0,3.58599,6201.0,1.31,1.15
1115,Chunk 4 interaction,0.00136728433351302,0.0,0.2509851847035736,15,0,HR 858 c,HR 858,Transit,0,5.97293,6201.0,1.31,1.15
1115,Full stellar structure,0.0017742621629495612,0.0,0.2509851847035736,15,0,HR 858 c,HR 858,Transit,0,5.97293,6201.0,1.31,1.15
1115,Method-adjusted full,0.0017575501435029587,0.0,0.2509851847035736,15,0,HR 858 c,HR 858,Transit,0,5.97293,6201.0,1.31,1.15
1115,Period + method,0.025512312196166547,0.0,0.2509851847035736,15,0,HR 858 c,HR 858,Transit,0,5.97293,6201.0,1.31,1.15
1115,Period-only curved,0.029775473434335075,0.0,0.2509851847035736,15,0,HR 858 c,HR 858,Transit,0,5.97293,6201.0,1.31,1.15
1116,Chunk 4 interaction,0.004890926907041767,0.0,0.2509851847035736,15,0,HR 858 d,HR 858,Transit,0,11.23,6201.0,1.31,1.15
1116,Full stellar structure,0.005935332002128055,0.0,0.2509851847035736,15,0,HR 858 d,HR 858,Transit,0,11.23,6201.0,1.31,1.15
1116,Method-adjusted full,0.005903601611775853,0.0,0.2509851847035736,15,0,HR 858 d,HR 858,Transit,0,11.23,6201.0,1.31,1.15
1116,Period + method,0.06312795940482274,0.0,0.2509851847035736,15,0,HR 858 d,HR 858,Transit,0,11.23,6201.0,1.31,1.15
1116,Period-only curved,0.07389195919657064,0.0,0.2509851847035736,15,0,HR 858 d,HR 858,Transit,0,11.23,6201.0,1.31,1.15
1126,Chunk 4 interaction,7.616359482322237e-05,0.0,0.234140405484185,15,0,K2-100 b,K2-100,Transit,0,1.6739035,5945.0,1.24,1.15
1126,Full stellar structure,8.583414906925586e-05,0.0,0.234140405484185,15,0,K2-100 b,K2-100,Transit,0,1.6739035,5945.0,1.24,1.15
1126,Method-adjusted full,8.61363833308231e-05,0.0,0.234140405484185,15,0,K2-100 b,K2-100,Transit,0,1.6739035,5945.0,1.24,1.15
1126,Period + method,0.002072697269803464,0.0,0.234140405484185,15,0,K2-100 b,K2-100,Transit,0,1.6739035,5945.0,1.24,1.15
1126,Period-only curved,0.00247334529337202,0.0,0.234140405484185,15,0,K2-100 b,K2-100,Transit,0,1.6739035,5945.0,1.24,1.15
1140,Chunk 4 interaction,0.0109552697200055,0.0,0.2624528241978947,15,0,K2-116 b,K2-116,Transit,0,4.655411,4348.35,0.67,0.69
1140,Full stellar structure,0.005763590067287408,0.0,0.2624528241978947,15,0,K2-116 b,K2-116,Transit,0,4.655411,4348.35,0.67,0.69
1140,Method-adjusted full,0.005833392628570703,0.0,0.2624528241978947,15,0,K2-116 b,K2-116,Transit,0,4.655411,4348.35,0.67,0.69
1140,Period + method,0.016788423671978855,0.0,0.2624528241978947,15,0,K2-116 b,K2-116,Transit,0,4.655411,4348.35,0.67,0.69
1140,Period-only curved,0.0189482266402684,0.0,0.2624528241978947,15,0,K2-116 b,K2-116,Transit,0,4.655411,4348.35,0.67,0.69
1143,Chunk 4 interaction,0.1900344958222309,0.2,0.2250331913818581,15,0,K2-118 b,K2-118,Transit,0,50.92092,4726.29,0.73,0.76
1143,Full stellar structure,0.17367798877196536,0.06666666666666667,0.2250331913818581,15,0,K2-118 b,K2-118,Transit,0,50.92092,4726.29,0.73,0.76
1143,Method-adjusted full,0.17396013045024497,0.06666666666666667,0.2250331913818581,15,0,K2-118 b,K2-118,Transit,0,50.92092,4726.29,0.73,0.76
1143,Period + method,0.22706901931646803,0.6666666666666666,0.2250331913818581,15,1,K2-118 b,K2-118,Transit,0,50.92092,4726.29,0.73,0.76
1143,Period-only curved,0.2748305784458803,0.8,0.2250331913818581,15,1,K2-118 b,K2-118,Transit,0,50.92092,4726.29,0.73,0.76
1146,Chunk 4 interaction,0.040811020208542555,0.0,0.2496929118684881,15,0,K2-120 b,K2-120,Transit,0,9.562742,4349.9,0.67,0.69
1146,Full stellar structure,0.022954446052075545,0.0,0.2496929118684881,15,0,K2-120 b,K2-120,Transit,0,9.562742,4349.9,0.67,0.69
1146,Method-adjusted full,0.023071340149536854,0.0,0.2496929118684881,15,0,K2-120 b,K2-120,Transit,0,9.562742,4349.9,0.67,0.69
1146,Period + method,0.052075091229143236,0.0,0.2496929118684881,15,0,K2-120 b,K2-120,Transit,0,9.562742,4349.9,0.67,0.69
1146,Period-only curved,0.06030692771616077,0.0,0.2496929118684881,15,0,K2-120 b,K2-120,Transit,0,9.562742,4349.9,0.67,0.69
1151,Chunk 4 interaction,0.3076979089732499,0.8,0.24700065386836992,15,1,K2-125 b,K2-125,Transit,0,21.750264,3654.47,0.4,0.49
1151,Full stellar structure,0.2224234940220403,0.4666666666666667,0.24700065386836992,15,0,K2-125 b,K2-125,Transit,0,21.750264,3654.47,0.4,0.49
1151,Method-adjusted full,0.22785007351823217,0.3333333333333333,0.24700065386836992,15,0,K2-125 b,K2-125,Transit,0,21.750264,3654.47,0.4,0.49
1151,Period + method,0.13238941086153316,0.0,0.24700065386836992,15,0,K2-125 b,K2-125,Transit,0,21.750264,3654.47,0.4,0.49
1151,Period-only curved,0.15598898151680857,0.0,0.24700065386836992,15,0,K2-125 b,K2-125,Transit,0,21.750264,3654.47,0.4,0.49
1154,Chunk 4 interaction,0.013125227181416938,0.0,0.23537988884984198,15,0,K2-128 b,K2-128,Transit,0,5.675819,4469.51,0.78,0.71
1154,Full stellar structure,0.007097095788902592,0.0,0.23537988884984198,15,0,K2-128 b,K2-128,Transit,0,5.675819,4469.51,0.78,0.71
1154,Method-adjusted full,0.007143165758463805,0.0,0.23537988884984198,15,0,K2-128 b,K2-128,Transit,0,5.675819,4469.51,0.78,0.71
1154,Period + method,0.02402800533661301,0.0,0.23537988884984198,15,0,K2-128 b,K2-128,Transit,0,5.675819,4469.51,0.78,0.71
1154,Period-only curved,0.0273831560252312,0.0,0.23537988884984198,15,0,K2-128 b,K2-128,Transit,0,5.675819,4469.51,0.78,0.71
1155,Chunk 4 interaction,0.13983201964738817,0.0,0.28275054710805864,15,0,K2-129 b,K2-129,Transit,0,8.239493,3459.09,0.36,0.36
1155,Full stellar structure,0.09469231241820451,0.0,0.28275054710805864,15,0,K2-129 b,K2-129,Transit,0,8.239493,3459.09,0.36,0.36
1155,Method-adjusted full,0.09813792567933448,0.0,0.28275054710805864,15,0,K2-129 b,K2-129,Transit,0,8.239493,3459.09,0.36,0.36
1155,Period + method,0.042668414845581946,0.0,0.28275054710805864,15,0,K2-129 b,K2-129,Transit,0,8.239493,3459.09,0.36,0.36
1155,Period-only curved,0.04929830433436482,0.0,0.28275054710805864,15,0,K2-129 b,K2-129,Transit,0,8.239493,3459.09,0.36,0.36
1157,Chunk 4 interaction,0.0027401715949810133,0.0,0.2569144311221161,15,0,K2-130 b,K2-130,Transit,0,2.49412,4356.47,0.74,0.7
1157,Full stellar structure,0.0011589525708849853,0.0,0.2569144311221161,15,0,K2-130 b,K2-130,Transit,0,2.49412,4356.47,0.74,0.7
1157,Method-adjusted full,0.0011550446669665907,0.0,0.2569144311221161,15,0,K2-130 b,K2-130,Transit,0,2.49412,4356.47,0.74,0.7
1157,Period + method,0.005047331140766703,0.0,0.2569144311221161,15,0,K2-130 b,K2-130,Transit,0,2.49412,4356.47,0.74,0.7
1157,Period-only curved,0.006030024522392412,0.0,0.2569144311221161,15,0,K2-130 b,K2-130,Transit,0,2.49412,4356.47,0.74,0.7
1163,Chunk 4 interaction,0.35439249291373776,1.0,0.24689148081184978,15,1,K2-133 e,K2-133,Transit,0,26.5841,3655.0,0.46,0.46
1163,Full stellar structure,0.27857162608054964,0.6666666666666666,0.24689148081184978,15,1,K2-133 e,K2-133,Transit,0,26.5841,3655.0,0.46,0.46
1163,Method-adjusted full,0.2807920324782805,0.6666666666666666,0.24689148081184978,15,1,K2-133 e,K2-133,Transit,0,26.5841,3655.0,0.46,0.46
1163,Period + method,0.15661018719996977,0.06666666666666667,0.24689148081184978,15,0,K2-133 e,K2-133,Transit,0,26.5841,3655.0,0.46,0.46
1163,Period-only curved,0.18244308661228992,0.13333333333333333,0.24689148081184978,15,0,K2-133 e,K2-133,Transit,0,26.5841,3655.0,0.46,0.46
1176,Chunk 4 interaction,0.00353007152897492,0.0,0.24729127185363334,15,0,K2-140 b,K2-140,Transit,0,6.569188,5585.0,1.06,0.96
1176,Full stellar structure,0.003690565539718542,0.0,0.24729127185363334,15,0,K2-140 b,K2-140,Transit,0,6.569188,5585.0,1.06,0.96
1176,Method-adjusted full,0.0036857304703368722,0.0,0.24729127185363334,15,0,K2-140 b,K2-140,Transit,0,6.569188,5585.0,1.06,0.96
1176,Period + method,0.02929824953512891,0.0,0.24729127185363334,15,0,K2-140 b,K2-140,Transit,0,6.569188,5585.0,1.06,0.96
1176,Period-only curved,0.033614681828597996,0.0,0.24729127185363334,15,0,K2-140 b,K2-140,Transit,0,6.569188,5585.0,1.06,0.96
1181,Chunk 4 interaction,0.0009678803746806466,0.0,0.24324392038146017,15,0,K2-147 b,K2-147,Transit,0,0.961917,3672.0,0.55,0.58
1181,Full stellar structure,0.0001764922297750098,0.0,0.24324392038146017,15,0,K2-147 b,K2-147,Transit,0,0.961917,3672.0,0.55,0.58
1181,Method-adjusted full,0.000182242757354236,0.0,0.24324392038146017,15,0,K2-147 b,K2-147,Transit,0,0.961917,3672.0,0.55,0.58
1181,Period + method,0.0005069657144007254,0.0,0.24324392038146017,15,0,K2-147 b,K2-147,Transit,0,0.961917,3672.0,0.55,0.58
1181,Period-only curved,0.0005826812385228606,0.0,0.24324392038146017,15,0,K2-147 b,K2-147,Transit,0,0.961917,3672.0,0.55,0.58
1182,Chunk 4 interaction,0.01535711779708608,0.0,0.25597407266676986,15,0,K2-148 b,K2-148,Transit,0,4.38395,4079.0,0.63,0.65
1182,Full stellar structure,0.005940400921278875,0.0,0.25597407266676986,15,0,K2-148 b,K2-148,Transit,0,4.38395,4079.0,0.63,0.65
1182,Method-adjusted full,0.006031237272264388,0.0,0.25597407266676986,15,0,K2-148 b,K2-148,Transit,0,4.38395,4079.0,0.63,0.65
1182,Period + method,0.015036303213693173,0.0,0.25597407266676986,15,0,K2-148 b,K2-148,Transit,0,4.38395,4079.0,0.63,0.65
1182,Period-only curved,0.017064537973673275,0.0,0.25597407266676986,15,0,K2-148 b,K2-148,Transit,0,4.38395,4079.0,0.63,0.65
1183,Chunk 4 interaction,0.03579240141146358,0.0,0.25597407266676986,15,0,K2-148 c,K2-148,Transit,0,6.9226,4079.0,0.63,0.65
1183,Full stellar structure,0.015297555523223781,0.0,0.25597407266676986,15,0,K2-148 c,K2-148,Transit,0,6.9226,4079.0,0.63,0.65
1183,Method-adjusted full,0.015532724974641173,0.0,0.25597407266676986,15,0,K2-148 c,K2-148,Transit,0,6.9226,4079.0,0.63,0.65
1183,Period + method,0.03232244301883566,0.0,0.25597407266676986,15,0,K2-148 c,K2-148,Transit,0,6.9226,4079.0,0.63,0.65
1183,Period-only curved,0.03673720015044179,0.0,0.25597407266676986,15,0,K2-148 c,K2-148,Transit,0,6.9226,4079.0,0.63,0.65
1184,Chunk 4 interaction,0.06276752100480675,0.0,0.25597407266676986,15,0,K2-148 d,K2-148,Transit,0,9.7579,4079.0,0.63,0.65
1184,Full stellar structure,0.029154773351665907,0.0,0.25597407266676986,15,0,K2-148 d,K2-148,Transit,0,9.7579,4079.0,0.63,0.65
1184,Method-adjusted full,0.029617820411211606,0.0,0.25597407266676986,15,0,K2-148 d,K2-148,Transit,0,9.7579,4079.0,0.63,0.65
1184,Period + method,0.05324865931143717,0.0,0.25597407266676986,15,0,K2-148 d,K2-148,Transit,0,9.7579,4079.0,0.63,0.65
1184,Period-only curved,0.060649041148588025,0.0,0.25597407266676986,15,0,K2-148 d,K2-148,Transit,0,9.7579,4079.0,0.63,0.65
1185,Chunk 4 interaction,0.1353239760696426,0.0,0.24886299621783498,15,0,K2-149 b,K2-149,Transit,0,11.332,3745.0,0.57,0.59
1185,Full stellar structure,0.04981840583136059,0.0,0.24886299621783498,15,0,K2-149 b,K2-149,Transit,0,11.332,3745.0,0.57,0.59
1185,Method-adjusted full,0.049954043399642045,0.0,0.24886299621783498,15,0,K2-149 b,K2-149,Transit,0,11.332,3745.0,0.57,0.59
1185,Period + method,0.06459212801979028,0.0,0.24886299621783498,15,0,K2-149 b,K2-149,Transit,0,11.332,3745.0,0.57,0.59
1185,Period-only curved,0.07639277893759315,0.0,0.24886299621783498,15,0,K2-149 b,K2-149,Transit,0,11.332,3745.0,0.57,0.59
1187,Chunk 4 interaction,0.1809642508876728,0.0,0.23893056369966195,15,0,K2-150 b,K2-150,Transit,0,10.59357,3499.0,0.44,0.46
1187,Full stellar structure,0.08404267099233334,0.0,0.23893056369966195,15,0,K2-150 b,K2-150,Transit,0,10.59357,3499.0,0.44,0.46
1187,Method-adjusted full,0.08395433900796652,0.0,0.23893056369966195,15,0,K2-150 b,K2-150,Transit,0,10.59357,3499.0,0.44,0.46
1187,Period + method,0.05894938637822116,0.0,0.23893056369966195,15,0,K2-150 b,K2-150,Transit,0,10.59357,3499.0,0.44,0.46
1187,Period-only curved,0.06927709338910179,0.0,0.23893056369966195,15,0,K2-150 b,K2-150,Transit,0,10.59357,3499.0,0.44,0.46
1201,Chunk 4 interaction,0.014978754402122714,0.0,0.23446130123298717,15,0,K2-16 b,K2-16,Transit,0,7.6188,4742.0,0.66,0.68
1201,Full stellar structure,0.01435547407596344,0.0,0.23446130123298717,15,0,K2-16 b,K2-16,Transit,0,7.6188,4742.0,0.66,0.68
1201,Method-adjusted full,0.01443969370248412,0.0,0.23446130123298717,15,0,K2-16 b,K2-16,Transit,0,7.6188,4742.0,0.66,0.68
1201,Period + method,0.03792546053995154,0.0,0.23446130123298717,15,0,K2-16 b,K2-16,Transit,0,7.6188,4742.0,0.66,0.68
1201,Period-only curved,0.044264396442930294,0.0,0.23446130123298717,15,0,K2-16 b,K2-16,Transit,0,7.6188,4742.0,0.66,0.68
1202,Chunk 4 interaction,0.06547806230943025,0.0,0.23446130123298717,15,0,K2-16 c,K2-16,Transit,0,19.07863,4742.0,0.66,0.68
1202,Full stellar structure,0.06838607795879062,0.0,0.23446130123298717,15,0,K2-16 c,K2-16,Transit,0,19.07863,4742.0,0.66,0.68
1202,Method-adjusted full,0.06878464368115447,0.0,0.23446130123298717,15,0,K2-16 c,K2-16,Transit,0,19.07863,4742.0,0.66,0.68
1202,Period + method,0.11553833088347777,0.0,0.23446130123298717,15,0,K2-16 c,K2-16,Transit,0,19.07863,4742.0,0.66,0.68
1202,Period-only curved,0.13574102004502786,0.0,0.23446130123298717,15,0,K2-16 c,K2-16,Transit,0,19.07863,4742.0,0.66,0.68
1248,Chunk 4 interaction,0.006180020687404833,0.0,0.24157998051724236,15,0,K2-19 b,K2-19,Transit,0,7.9194,5430.0,0.86,0.93
1248,Full stellar structure,0.006707239420954975,0.0,0.24157998051724236,15,0,K2-19 b,K2-19,Transit,0,7.9194,5430.0,0.86,0.93
1248,Method-adjusted full,0.006714627998796323,0.0,0.24157998051724236,15,0,K2-19 b,K2-19,Transit,0,7.9194,5430.0,0.86,0.93
1248,Period + method,0.040588446801547946,0.0,0.24157998051724236,15,0,K2-19 b,K2-19,Transit,0,7.9194,5430.0,0.86,0.93
1248,Period-only curved,0.047365024369091006,0.0,0.24157998051724236,15,0,K2-19 b,K2-19,Transit,0,7.9194,5430.0,0.86,0.93
1249,Chunk 4 interaction,0.012859065203840598,0.0,0.24157998051724236,15,0,K2-19 c,K2-19,Transit,0,11.90715,5430.0,0.86,0.93
1249,Full stellar structure,0.013942461775636048,0.0,0.24157998051724236,15,0,K2-19 c,K2-19,Transit,0,11.90715,5430.0,0.86,0.93
1249,Method-adjusted full,0.013978994748689418,0.0,0.24157998051724236,15,0,K2-19 c,K2-19,Transit,0,11.90715,5430.0,0.86,0.93
1249,Period + method,0.06961965129572097,0.0,0.24157998051724236,15,0,K2-19 c,K2-19,Transit,0,11.90715,5430.0,0.86,0.93
1249,Period-only curved,0.08141855617035001,0.0,0.24157998051724236,15,0,K2-19 c,K2-19,Transit,0,11.90715,5430.0,0.86,0.93
1250,Chunk 4 interaction,0.0005285024383099333,0.0,0.24157998051724236,15,0,K2-19 d,K2-19,Transit,0,2.50856,5430.0,0.86,0.93
1250,Full stellar structure,0.0005846362594439864,0.0,0.24157998051724236,15,0,K2-19 d,K2-19,Transit,0,2.50856,5430.0,0.86,0.93
1250,Method-adjusted full,0.0005839616679485191,0.0,0.24157998051724236,15,0,K2-19 d,K2-19,Transit,0,2.50856,5430.0,0.86,0.93
1250,Period + method,0.005468903572832634,0.0,0.24157998051724236,15,0,K2-19 d,K2-19,Transit,0,2.50856,5430.0,0.86,0.93
1250,Period-only curved,0.0063892445604001,0.0,0.24157998051724236,15,0,K2-19 d,K2-19,Transit,0,2.50856,5430.0,0.86,0.93
1277,Chunk 4 interaction,0.047001566854546845,0.0,0.27205997901317713,15,0,K2-21 b,K2-21,Transit,0,9.325038,4222.06,0.65,0.68
1277,Full stellar structure,0.023456696600482007,0.0,0.27205997901317713,15,0,K2-21 b,K2-21,Transit,0,9.325038,4222.06,0.65,0.68
1277,Method-adjusted full,0.023671227482576676,0.0,0.27205997901317713,15,0,K2-21 b,K2-21,Transit,0,9.325038,4222.06,0.65,0.68
1277,Period + method,0.05024150385912771,0.0,0.27205997901317713,15,0,K2-21 b,K2-21,Transit,0,9.325038,4222.06,0.65,0.68
1277,Period-only curved,0.05899717358947564,0.0,0.27205997901317713,15,0,K2-21 b,K2-21,Transit,0,9.325038,4222.06,0.65,0.68
1278,Chunk 4 interaction,0.09799436736513172,0.0,0.27205997901317713,15,0,K2-21 c,K2-21,Transit,0,15.50192,4222.06,0.65,0.68
1278,Full stellar structure,0.054845325837168835,0.0,0.27205997901317713,15,0,K2-21 c,K2-21,Transit,0,15.50192,4222.06,0.65,0.68
1278,Method-adjusted full,0.05534122913080183,0.0,0.27205997901317713,15,0,K2-21 c,K2-21,Transit,0,15.50192,4222.06,0.65,0.68
1278,Period + method,0.09280423290014136,0.0,0.27205997901317713,15,0,K2-21 c,K2-21,Transit,0,15.50192,4222.06,0.65,0.68
1278,Period-only curved,0.10895595035857489,0.0,0.27205997901317713,15,0,K2-21 c,K2-21,Transit,0,15.50192,4222.06,0.65,0.68
1285,Chunk 4 interaction,0.0015205627221109132,0.0,0.240875229653594,15,0,K2-216 b,K2-216,Transit,0,2.1748,4503.0,0.72,0.7
1285,Full stellar structure,0.0007855035833389426,0.0,0.240875229653594,15,0,K2-216 b,K2-216,Transit,0,2.1748,4503.0,0.72,0.7
1285,Method-adjusted full,0.0007839282807659699,0.0,0.240875229653594,15,0,K2-216 b,K2-216,Transit,0,2.1748,4503.0,0.72,0.7
1285,Period + method,0.003921233180583023,0.0,0.240875229653594,15,0,K2-216 b,K2-216,Transit,0,2.1748,4503.0,0.72,0.7
1285,Period-only curved,0.004618703125549366,0.0,0.240875229653594,15,0,K2-216 b,K2-216,Transit,0,2.1748,4503.0,0.72,0.7
1343,Chunk 4 interaction,0.17812626564632528,0.0,0.2629916932361886,15,0,K2-26 b,K2-26,Transit,0,14.5665,3785.0,0.52,0.56
1343,Full stellar structure,0.09077347241984396,0.0,0.2629916932361886,15,0,K2-26 b,K2-26,Transit,0,14.5665,3785.0,0.52,0.56
1343,Method-adjusted full,0.09114870736569423,0.0,0.2629916932361886,15,0,K2-26 b,K2-26,Transit,0,14.5665,3785.0,0.52,0.56
1343,Period + method,0.09006562028329235,0.0,0.2629916932361886,15,0,K2-26 b,K2-26,Transit,0,14.5665,3785.0,0.52,0.56
1343,Period-only curved,0.10515130936085512,0.0,0.2629916932361886,15,0,K2-26 b,K2-26,Transit,0,14.5665,3785.0,0.52,0.56
1350,Chunk 4 interaction,9.504225667797223e-05,0.0,0.25094877744529265,15,0,K2-266 b,K2-266,Transit,0,0.658524,4285.0,0.7,0.69
1350,Full stellar structure,3.1415997326241696e-05,0.0,0.25094877744529265,15,0,K2-266 b,K2-266,Transit,0,0.658524,4285.0,0.7,0.69
1350,Method-adjusted full,3.152024997674813e-05,0.0,0.25094877744529265,15,0,K2-266 b,K2-266,Transit,0,0.658524,4285.0,0.7,0.69
1350,Period + method,0.00019790196829316502,0.0,0.25094877744529265,15,0,K2-266 b,K2-266,Transit,0,0.658524,4285.0,0.7,0.69
1350,Period-only curved,0.00024326528059607027,0.0,0.25094877744529265,15,0,K2-266 b,K2-266,Transit,0,0.658524,4285.0,0.7,0.69
1351,Chunk 4 interaction,0.03131634018594279,0.0,0.25094877744529265,15,0,K2-266 c,K2-266,Transit,0,7.814,4285.0,0.7,0.69
1351,Full stellar structure,0.014983753299481086,0.0,0.25094877744529265,15,0,K2-266 c,K2-266,Transit,0,7.814,4285.0,0.7,0.69
1351,Method-adjusted full,0.015007550821794578,0.0,0.25094877744529265,15,0,K2-266 c,K2-266,Transit,0,7.814,4285.0,0.7,0.69
1351,Period + method,0.037821081649064586,0.0,0.25094877744529265,15,0,K2-266 c,K2-266,Transit,0,7.814,4285.0,0.7,0.69
1351,Period-only curved,0.044526797795180297,0.0,0.25094877744529265,15,0,K2-266 c,K2-266,Transit,0,7.814,4285.0,0.7,0.69
1352,Chunk 4 interaction,0.08355034521691147,0.0,0.25094877744529265,15,0,K2-266 d,K2-266,Transit,0,14.697,4285.0,0.7,0.69
1352,Full stellar structure,0.04564562210466017,0.0,0.25094877744529265,15,0,K2-266 d,K2-266,Transit,0,14.697,4285.0,0.7,0.69
1352,Method-adjusted full,0.04572673666627524,0.0,0.25094877744529265,15,0,K2-266 d,K2-266,Transit,0,14.697,4285.0,0.7,0.69
1352,Period + method,0.0862312136941978,0.0,0.25094877744529265,15,0,K2-266 d,K2-266,Transit,0,14.697,4285.0,0.7,0.69
1352,Period-only curved,0.10166621578068101,0.0,0.25094877744529265,15,0,K2-266 d,K2-266,Transit,0,14.697,4285.0,0.7,0.69
1353,Chunk 4 interaction,0.11994474208761864,0.0,0.25094877744529265,15,0,K2-266 e,K2-266,Transit,0,19.482,4285.0,0.7,0.69
1353,Full stellar structure,0.0700006098813257,0.0,0.25094877744529265,15,0,K2-266 e,K2-266,Transit,0,19.482,4285.0,0.7,0.69
1353,Method-adjusted full,0.07013372988680583,0.0,0.25094877744529265,15,0,K2-266 e,K2-266,Transit,0,19.482,4285.0,0.7,0.69
1353,Period + method,0.1157561151646927,0.0,0.25094877744529265,15,0,K2-266 e,K2-266,Transit,0,19.482,4285.0,0.7,0.69
1353,Period-only curved,0.1366154218880368,0.0,0.25094877744529265,15,0,K2-266 e,K2-266,Transit,0,19.482,4285.0,0.7,0.69
1360,Chunk 4 interaction,0.005776798130551747,0.0,0.24769408500938642,15,0,K2-27 b,K2-27,Transit,0,6.771315,5248.0,0.89,0.87
1360,Full stellar structure,0.005427329959226527,0.0,0.24769408500938642,15,0,K2-27 b,K2-27,Transit,0,6.771315,5248.0,0.89,0.87
1360,Method-adjusted full,0.005417858045619548,0.0,0.24769408500938642,15,0,K2-27 b,K2-27,Transit,0,6.771315,5248.0,0.89,0.87
1360,Period + method,0.03144814283037458,0.0,0.24769408500938642,15,0,K2-27 b,K2-27,Transit,0,6.771315,5248.0,0.89,0.87
1360,Period-only curved,0.03653303237018366,0.0,0.24769408500938642,15,0,K2-27 b,K2-27,Transit,0,6.771315,5248.0,0.89,0.87
1378,Chunk 4 interaction,0.016844973618894508,0.0,0.24864096000428215,15,0,K2-284 b,K2-284,Transit,0,4.795069,4140.0,0.61,0.63
1378,Full stellar structure,0.00820718963556549,0.0,0.24864096000428215,15,0,K2-284 b,K2-284,Transit,0,4.795069,4140.0,0.61,0.63
1378,Method-adjusted full,0.008176604996779267,0.0,0.24864096000428215,15,0,K2-284 b,K2-284,Transit,0,4.795069,4140.0,0.61,0.63
1378,Period + method,0.017839338038514948,0.0,0.24864096000428215,15,0,K2-284 b,K2-284,Transit,0,4.795069,4140.0,0.61,0.63
1378,Period-only curved,0.02125424400968403,0.0,0.24864096000428215,15,0,K2-284 b,K2-284,Transit,0,4.795069,4140.0,0.61,0.63
1379,Chunk 4 interaction,0.00215960841000674,0.0,0.2317185505288682,15,0,K2-285 b,K2-285,Transit,0,3.471745,4975.0,0.79,0.83
1379,Full stellar structure,0.0016224978585330859,0.0,0.2317185505288682,15,0,K2-285 b,K2-285,Transit,0,3.471745,4975.0,0.79,0.83
1379,Method-adjusted full,0.001620770282973571,0.0,0.2317185505288682,15,0,K2-285 b,K2-285,Transit,0,3.471745,4975.0,0.79,0.83
1379,Period + method,0.009981009555274487,0.0,0.2317185505288682,15,0,K2-285 b,K2-285,Transit,0,3.471745,4975.0,0.79,0.83
1379,Period-only curved,0.011429083177952637,0.0,0.2317185505288682,15,0,K2-285 b,K2-285,Transit,0,3.471745,4975.0,0.79,0.83
1380,Chunk 4 interaction,0.009432242010277968,0.0,0.2317185505288682,15,0,K2-285 c,K2-285,Transit,0,7.138048,4975.0,0.79,0.83
1380,Full stellar structure,0.007450577532456187,0.0,0.2317185505288682,15,0,K2-285 c,K2-285,Transit,0,7.138048,4975.0,0.79,0.83
1380,Method-adjusted full,0.0074590532468672,0.0,0.2317185505288682,15,0,K2-285 c,K2-285,Transit,0,7.138048,4975.0,0.79,0.83
1380,Period + method,0.03460840688765191,0.0,0.2317185505288682,15,0,K2-285 c,K2-285,Transit,0,7.138048,4975.0,0.79,0.83
1380,Period-only curved,0.03967920091990215,0.0,0.2317185505288682,15,0,K2-285 c,K2-285,Transit,0,7.138048,4975.0,0.79,0.83
1381,Chunk 4 interaction,0.018694205050698586,0.0,0.2317185505288682,15,0,K2-285 d,K2-285,Transit,0,10.45582,4975.0,0.79,0.83
1381,Full stellar structure,0.015220078257350314,0.0,0.2317185505288682,15,0,K2-285 d,K2-285,Transit,0,10.45582,4975.0,0.79,0.83
1381,Method-adjusted full,0.015258510298959945,0.0,0.2317185505288682,15,0,K2-285 d,K2-285,Transit,0,10.45582,4975.0,0.79,0.83
1381,Period + method,0.05946730526519775,0.0,0.2317185505288682,15,0,K2-285 d,K2-285,Transit,0,10.45582,4975.0,0.79,0.83
1381,Period-only curved,0.06832962412401168,0.0,0.2317185505288682,15,0,K2-285 d,K2-285,Transit,0,10.45582,4975.0,0.79,0.83
1382,Chunk 4 interaction,0.03265399212335114,0.0,0.2317185505288682,15,0,K2-285 e,K2-285,Transit,0,14.76289,4975.0,0.79,0.83
1382,Full stellar structure,0.02738759764325587,0.0,0.2317185505288682,15,0,K2-285 e,K2-285,Transit,0,14.76289,4975.0,0.79,0.83
1382,Method-adjusted full,0.027493577776470417,0.0,0.2317185505288682,15,0,K2-285 e,K2-285,Transit,0,14.76289,4975.0,0.79,0.83
1382,Period + method,0.09024878219816647,0.0,0.2317185505288682,15,0,K2-285 e,K2-285,Transit,0,14.76289,4975.0,0.79,0.83
1382,Period-only curved,0.1039397693770149,0.0,0.2317185505288682,15,0,K2-285 e,K2-285,Transit,0,14.76289,4975.0,0.79,0.83
1390,Chunk 4 interaction,0.00031692914585064664,0.0,0.24256561461902948,15,0,K2-291 b,K2-291,Transit,0,2.225177,5520.0,0.9,0.93
1390,Full stellar structure,0.0003798646352848983,0.0,0.24256561461902948,15,0,K2-291 b,K2-291,Transit,0,2.225177,5520.0,0.9,0.93
1390,Method-adjusted full,0.00037865616287469176,0.0,0.24256561461902948,15,0,K2-291 b,K2-291,Transit,0,2.225177,5520.0,0.9,0.93
1390,Period + method,0.0038830724261936815,0.0,0.24256561461902948,15,0,K2-291 b,K2-291,Transit,0,2.225177,5520.0,0.9,0.93
1390,Period-only curved,0.004521856822289858,0.0,0.24256561461902948,15,0,K2-291 b,K2-291,Transit,0,2.225177,5520.0,0.9,0.93
1391,Chunk 4 interaction,0.018530194540159115,0.0,0.22176565730833744,15,0,K2-292 b,K2-292,Transit,0,16.9841,5725.0,1.09,1.0
1391,Full stellar structure,0.020027510040126883,0.0,0.22176565730833744,15,0,K2-292 b,K2-292,Transit,0,16.9841,5725.0,1.09,1.0
1391,Method-adjusted full,0.0200401241669446,0.0,0.22176565730833744,15,0,K2-292 b,K2-292,Transit,0,16.9841,5725.0,1.09,1.0
1391,Period + method,0.10123065344173589,0.0,0.22176565730833744,15,0,K2-292 b,K2-292,Transit,0,16.9841,5725.0,1.09,1.0
1391,Period-only curved,0.11727546904819643,0.0,0.22176565730833744,15,0,K2-292 b,K2-292,Transit,0,16.9841,5725.0,1.09,1.0
1401,Chunk 4 interaction,0.03793232954970112,0.0,0.23378015077431408,15,0,K2-315 b,K2-315,Transit,0,3.1443189,3300.0,0.2,0.17
1401,Full stellar structure,0.0758857389896863,0.0,0.23378015077431408,15,0,K2-315 b,K2-315,Transit,0,3.1443189,3300.0,0.2,0.17
1401,Method-adjusted full,0.07564305754713317,0.0,0.23378015077431408,15,0,K2-315 b,K2-315,Transit,0,3.1443189,3300.0,0.2,0.17
1401,Period + method,0.007774286575446805,0.0,0.23378015077431408,15,0,K2-315 b,K2-315,Transit,0,3.1443189,3300.0,0.2,0.17
1401,Period-only curved,0.009066517966618335,0.0,0.23378015077431408,15,0,K2-315 b,K2-315,Transit,0,3.1443189,3300.0,0.2,0.17
1418,Chunk 4 interaction,0.01663981425800922,0.0,0.2713559308084522,15,0,K2-329 b,K2-329,Transit,0,12.4551225,5282.0,0.82,0.9
1418,Full stellar structure,0.016518419971522983,0.0,0.2713559308084522,15,0,K2-329 b,K2-329,Transit,0,12.4551225,5282.0,0.82,0.9
1418,Method-adjusted full,0.016597637049938718,0.0,0.2713559308084522,15,0,K2-329 b,K2-329,Transit,0,12.4551225,5282.0,0.82,0.9
1418,Period + method,0.07154145016738217,0.0,0.2713559308084522,15,0,K2-329 b,K2-329,Transit,0,12.4551225,5282.0,0.82,0.9
1418,Period-only curved,0.08215570246261983,0.0,0.2713559308084522,15,0,K2-329 b,K2-329,Transit,0,12.4551225,5282.0,0.82,0.9
1444,Chunk 4 interaction,0.0023748909854589867,0.0,0.23364013363605796,15,0,K2-35 b,K2-35,Transit,0,2.399964,4402.71,0.62,0.7
1444,Full stellar structure,0.0012057907113606576,0.0,0.23364013363605796,15,0,K2-35 b,K2-35,Transit,0,2.399964,4402.71,0.62,0.7
1444,Method-adjusted full,0.0012072531407611533,0.0,0.23364013363605796,15,0,K2-35 b,K2-35,Transit,0,2.399964,4402.71,0.62,0.7
1444,Period + method,0.004840050912273589,0.0,0.23364013363605796,15,0,K2-35 b,K2-35,Transit,0,2.399964,4402.71,0.62,0.7
1444,Period-only curved,0.005626383250885866,0.0,0.23364013363605796,15,0,K2-35 b,K2-35,Transit,0,2.399964,4402.71,0.62,0.7
1445,Chunk 4 interaction,0.014368306957241134,0.0,0.23364013363605796,15,0,K2-35 c,K2-35,Transit,0,5.608352,4402.71,0.62,0.7
1445,Full stellar structure,0.008207109829763524,0.0,0.23364013363605796,15,0,K2-35 c,K2-35,Transit,0,5.608352,4402.71,0.62,0.7
1445,Method-adjusted full,0.00822677617571415,0.0,0.23364013363605796,15,0,K2-35 c,K2-35,Transit,0,5.608352,4402.71,0.62,0.7
1445,Period + method,0.023410943250823886,0.0,0.23364013363605796,15,0,K2-35 c,K2-35,Transit,0,5.608352,4402.71,0.62,0.7
1445,Period-only curved,0.027049167162822386,0.0,0.23364013363605796,15,0,K2-35 c,K2-35,Transit,0,5.608352,4402.71,0.62,0.7
1458,Chunk 4 interaction,0.00026007723934404664,0.0,0.21141337543020575,15,0,K2-36 b,K2-36,Transit,0,1.422614,4916.0,0.72,0.79
1458,Full stellar structure,0.00020480615642161384,0.0,0.21141337543020575,15,0,K2-36 b,K2-36,Transit,0,1.422614,4916.0,0.72,0.79
1458,Method-adjusted full,0.0002062022835138153,0.0,0.21141337543020575,15,0,K2-36 b,K2-36,Transit,0,1.422614,4916.0,0.72,0.79
1458,Period + method,0.0015119215098882515,0.0,0.21141337543020575,15,0,K2-36 b,K2-36,Transit,0,1.422614,4916.0,0.72,0.79
1458,Period-only curved,0.0018440627573908927,0.0,0.21141337543020575,15,0,K2-36 b,K2-36,Transit,0,1.422614,4916.0,0.72,0.79
1459,Chunk 4 interaction,0.005870347084877773,0.0,0.21141337543020575,15,0,K2-36 c,K2-36,Transit,0,5.340888,4916.0,0.72,0.79
1459,Full stellar structure,0.0050057022475346324,0.0,0.21141337543020575,15,0,K2-36 c,K2-36,Transit,0,5.340888,4916.0,0.72,0.79
1459,Method-adjusted full,0.005038104557691343,0.0,0.21141337543020575,15,0,K2-36 c,K2-36,Transit,0,5.340888,4916.0,0.72,0.79
1459,Period + method,0.0215164577819197,0.0,0.21141337543020575,15,0,K2-36 c,K2-36,Transit,0,5.340888,4916.0,0.72,0.79
1459,Period-only curved,0.02570741457746688,0.0,0.21141337543020575,15,0,K2-36 c,K2-36,Transit,0,5.340888,4916.0,0.72,0.79
1460,Chunk 4 interaction,0.0018649193213124866,0.0,0.23749647877770866,15,0,K2-37 b,K2-37,Transit,0,4.44117,5413.0,0.85,0.9
1460,Full stellar structure,0.002113055957427591,0.0,0.23749647877770866,15,0,K2-37 b,K2-37,Transit,0,4.44117,5413.0,0.85,0.9
1460,Method-adjusted full,0.002112030438785705,0.0,0.23749647877770866,15,0,K2-37 b,K2-37,Transit,0,4.44117,5413.0,0.85,0.9
1460,Period + method,0.015141929772927156,0.0,0.23749647877770866,15,0,K2-37 b,K2-37,Transit,0,4.44117,5413.0,0.85,0.9
1460,Period-only curved,0.01775596228434423,0.0,0.23749647877770866,15,0,K2-37 b,K2-37,Transit,0,4.44117,5413.0,0.85,0.9
1461,Chunk 4 interaction,0.004135453940405234,0.0,0.23749647877770866,15,0,K2-37 c,K2-37,Transit,0,6.42904,5413.0,0.85,0.9
1461,Full stellar structure,0.004652464637142937,0.0,0.23749647877770866,15,0,K2-37 c,K2-37,Transit,0,6.42904,5413.0,0.85,0.9
1461,Method-adjusted full,0.004654084636140285,0.0,0.23749647877770866,15,0,K2-37 c,K2-37,Transit,0,6.42904,5413.0,0.85,0.9
1461,Period + method,0.02805566228362814,0.0,0.23749647877770866,15,0,K2-37 c,K2-37,Transit,0,6.42904,5413.0,0.85,0.9
1461,Period-only curved,0.032827809319655614,0.0,0.23749647877770866,15,0,K2-37 c,K2-37,Transit,0,6.42904,5413.0,0.85,0.9
1462,Chunk 4 interaction,0.018045625484274033,0.0,0.23749647877770866,15,0,K2-37 d,K2-37,Transit,0,14.09189,5413.0,0.85,0.9
1462,Full stellar structure,0.02019107168797798,0.0,0.23749647877770866,15,0,K2-37 d,K2-37,Transit,0,14.09189,5413.0,0.85,0.9
1462,Method-adjusted full,0.020238169751416412,0.0,0.23749647877770866,15,0,K2-37 d,K2-37,Transit,0,14.09189,5413.0,0.85,0.9
1462,Period + method,0.08144242937919971,0.0,0.23749647877770866,15,0,K2-37 d,K2-37,Transit,0,14.09189,5413.0,0.85,0.9
1462,Period-only curved,0.09532760784605089,0.0,0.23749647877770866,15,0,K2-37 d,K2-37,Transit,0,14.09189,5413.0,0.85,0.9
1464,Chunk 4 interaction,0.00700129634230444,0.0,0.2518193922774374,15,0,K2-38 c,K2-38,Transit,0,10.56103,5757.0,1.1,1.07
1464,Full stellar structure,0.007049106590260692,0.0,0.2518193922774374,15,0,K2-38 c,K2-38,Transit,0,10.56103,5757.0,1.1,1.07
1464,Method-adjusted full,0.00702787528950868,0.0,0.2518193922774374,15,0,K2-38 c,K2-38,Transit,0,10.56103,5757.0,1.1,1.07
1464,Period + method,0.057378548543480824,0.0,0.2518193922774374,15,0,K2-38 c,K2-38,Transit,0,10.56103,5757.0,1.1,1.07
1464,Period-only curved,0.06787817614050204,0.0,0.2518193922774374,15,0,K2-38 c,K2-38,Transit,0,10.56103,5757.0,1.1,1.07
1466,Chunk 4 interaction,0.07215002349648851,0.0,0.2539915565361481,15,0,K2-4 b,K2-4,Transit,0,10.003417,4014.73,0.57,0.64
1466,Full stellar structure,0.033453653943078025,0.0,0.2539915565361481,15,0,K2-4 b,K2-4,Transit,0,10.003417,4014.73,0.57,0.64
1466,Method-adjusted full,0.03359333839426736,0.0,0.2539915565361481,15,0,K2-4 b,K2-4,Transit,0,10.003417,4014.73,0.57,0.64
1466,Period + method,0.05495672114801341,0.0,0.2539915565361481,15,0,K2-4 b,K2-4,Transit,0,10.003417,4014.73,0.57,0.64
1466,Period-only curved,0.06342134489747371,0.0,0.2539915565361481,15,0,K2-4 b,K2-4,Transit,0,10.003417,4014.73,0.57,0.64
1467,Chunk 4 interaction,0.014252833709909953,0.0,0.2505815116219401,15,0,K2-42 b,K2-42,Transit,0,6.68796,4613.0,0.64,0.7
1467,Full stellar structure,0.010734125792621639,0.0,0.2505815116219401,15,0,K2-42 b,K2-42,Transit,0,6.68796,4613.0,0.64,0.7
1467,Method-adjusted full,0.010646134386717403,0.0,0.2505815116219401,15,0,K2-42 b,K2-42,Transit,0,6.68796,4613.0,0.64,0.7
1467,Period + method,0.030975946424796716,0.0,0.2505815116219401,15,0,K2-42 b,K2-42,Transit,0,6.68796,4613.0,0.64,0.7
1467,Period-only curved,0.03675625576945239,0.0,0.2505815116219401,15,0,K2-42 b,K2-42,Transit,0,6.68796,4613.0,0.64,0.7
1471,Chunk 4 interaction,0.0019724301495062132,0.0,0.2699325774953627,15,0,K2-45 b,K2-45,Transit,0,1.7292684,4103.0,0.45,0.5
1471,Full stellar structure,0.001291876903091016,0.0,0.2699325774953627,15,0,K2-45 b,K2-45,Transit,0,1.7292684,4103.0,0.45,0.5
1471,Method-adjusted full,0.0013251793602636168,0.0,0.2699325774953627,15,0,K2-45 b,K2-45,Transit,0,1.7292684,4103.0,0.45,0.5
1471,Period + method,0.0022840812566176875,0.0,0.2699325774953627,15,0,K2-45 b,K2-45,Transit,0,1.7292684,4103.0,0.45,0.5
1471,Period-only curved,0.0026967672942794997,0.0,0.2699325774953627,15,0,K2-45 b,K2-45,Transit,0,1.7292684,4103.0,0.45,0.5
1472,Chunk 4 interaction,0.011718493580421254,0.0,0.2500829819864009,15,0,K2-46 b,K2-46,Transit,0,19.1541,6256.0,1.29,0.96
1472,Full stellar structure,0.019684207969272494,0.0,0.2500829819864009,15,0,K2-46 b,K2-46,Transit,0,19.1541,6256.0,1.29,0.96
1472,Method-adjusted full,0.019719210155866508,0.0,0.2500829819864009,15,0,K2-46 b,K2-46,Transit,0,19.1541,6256.0,1.29,0.96
1472,Period + method,0.11867829333371724,0.0,0.2500829819864009,15,0,K2-46 b,K2-46,Transit,0,19.1541,6256.0,1.29,0.96
1472,Period-only curved,0.13899817742929882,0.0,0.2500829819864009,15,0,K2-46 b,K2-46,Transit,0,19.1541,6256.0,1.29,0.96
1473,Chunk 4 interaction,0.08669167357414986,0.0,0.2530519021344215,15,0,K2-47 b,K2-47,Transit,0,31.6372,5054.0,0.76,0.75
1473,Full stellar structure,0.10136424531261401,0.0,0.2530519021344215,15,0,K2-47 b,K2-47,Transit,0,31.6372,5054.0,0.76,0.75
1473,Method-adjusted full,0.10094479723593737,0.0,0.2530519021344215,15,0,K2-47 b,K2-47,Transit,0,31.6372,5054.0,0.76,0.75
1473,Period + method,0.17758271133621067,0.06666666666666667,0.2530519021344215,15,0,K2-47 b,K2-47,Transit,0,31.6372,5054.0,0.76,0.75
1473,Period-only curved,0.2102728187437574,0.3333333333333333,0.2530519021344215,15,0,K2-47 b,K2-47,Transit,0,31.6372,5054.0,0.76,0.75
1474,Chunk 4 interaction,0.0568534408046731,0.0,0.24444687248079527,15,0,K2-48 b,K2-48,Transit,0,20.5065,4899.0,0.73,0.77
1474,Full stellar structure,0.054108554729306695,0.0,0.24444687248079527,15,0,K2-48 b,K2-48,Transit,0,20.5065,4899.0,0.73,0.77
1474,Method-adjusted full,0.05408491826268692,0.0,0.24444687248079527,15,0,K2-48 b,K2-48,Transit,0,20.5065,4899.0,0.73,0.77
1474,Period + method,0.12062707051547483,0.0,0.24444687248079527,15,0,K2-48 b,K2-48,Transit,0,20.5065,4899.0,0.73,0.77
1474,Period-only curved,0.14457637145197275,0.0,0.24444687248079527,15,0,K2-48 b,K2-48,Transit,0,20.5065,4899.0,0.73,0.77
1475,Chunk 4 interaction,0.00492122883703036,0.0,0.23986040012235607,15,0,K2-49 b,K2-49,Transit,0,2.77065,4175.0,0.45,0.51
1475,Full stellar structure,0.0039018897593647134,0.0,0.23986040012235607,15,0,K2-49 b,K2-49,Transit,0,2.77065,4175.0,0.45,0.51
1475,Method-adjusted full,0.003991278969517853,0.0,0.23986040012235607,15,0,K2-49 b,K2-49,Transit,0,2.77065,4175.0,0.45,0.51
1475,Period + method,0.006213157410083557,0.0,0.23986040012235607,15,0,K2-49 b,K2-49,Transit,0,2.77065,4175.0,0.45,0.51
1475,Period-only curved,0.007200107898080645,0.0,0.23986040012235607,15,0,K2-49 b,K2-49,Transit,0,2.77065,4175.0,0.45,0.51
1476,Chunk 4 interaction,0.033945211766849274,0.0,0.23325310630255144,15,0,K2-5 b,K2-5,Transit,0,5.73594,3930.0,0.57,0.61
1476,Full stellar structure,0.013889126337494654,0.0,0.23325310630255144,15,0,K2-5 b,K2-5,Transit,0,5.73594,3930.0,0.57,0.61
1476,Method-adjusted full,0.014032523228296777,0.0,0.23325310630255144,15,0,K2-5 b,K2-5,Transit,0,5.73594,3930.0,0.57,0.61
1476,Period + method,0.02506172584904592,0.0,0.23325310630255144,15,0,K2-5 b,K2-5,Transit,0,5.73594,3930.0,0.57,0.61
1476,Period-only curved,0.028663117188996688,0.0,0.23325310630255144,15,0,K2-5 b,K2-5,Transit,0,5.73594,3930.0,0.57,0.61
1477,Chunk 4 interaction,0.09448869919500455,0.0,0.23325310630255144,15,0,K2-5 c,K2-5,Transit,0,10.93241,3930.0,0.57,0.61
1477,Full stellar structure,0.045718231451637434,0.0,0.23325310630255144,15,0,K2-5 c,K2-5,Transit,0,10.93241,3930.0,0.57,0.61
1477,Method-adjusted full,0.046200189048663784,0.0,0.23325310630255144,15,0,K2-5 c,K2-5,Transit,0,10.93241,3930.0,0.57,0.61
1477,Period + method,0.06307396190677407,0.0,0.23325310630255144,15,0,K2-5 c,K2-5,Transit,0,10.93241,3930.0,0.57,0.61
1477,Period-only curved,0.07242046830423861,0.0,0.23325310630255144,15,0,K2-5 c,K2-5,Transit,0,10.93241,3930.0,0.57,0.61
1478,Chunk 4 interaction,0.0348582827002092,0.0,0.23859955113631995,15,0,K2-50 b,K2-50,Transit,0,8.7529,4326.0,0.55,0.61
1478,Full stellar structure,0.02671809656256883,0.0,0.23859955113631995,15,0,K2-50 b,K2-50,Transit,0,8.7529,4326.0,0.55,0.61
1478,Method-adjusted full,0.026656844170741347,0.0,0.23859955113631995,15,0,K2-50 b,K2-50,Transit,0,8.7529,4326.0,0.55,0.61
1478,Period + method,0.044511524639925276,0.0,0.23859955113631995,15,0,K2-50 b,K2-50,Transit,0,8.7529,4326.0,0.55,0.61
1478,Period-only curved,0.052534916781478674,0.0,0.23859955113631995,15,0,K2-50 b,K2-50,Transit,0,8.7529,4326.0,0.55,0.61
1481,Chunk 4 interaction,0.0980261674521008,0.0,0.22926234451021468,15,0,K2-54 b,K2-54,Transit,0,9.7843,3798.0,0.38,0.42
1481,Full stellar structure,0.08873529761809065,0.0,0.22926234451021468,15,0,K2-54 b,K2-54,Transit,0,9.7843,3798.0,0.38,0.42
1481,Method-adjusted full,0.08979979115464491,0.0,0.22926234451021468,15,0,K2-54 b,K2-54,Transit,0,9.7843,3798.0,0.38,0.42
1481,Period + method,0.054133383424824086,0.0,0.22926234451021468,15,0,K2-54 b,K2-54,Transit,0,9.7843,3798.0,0.38,0.42
1481,Period-only curved,0.06194132731213589,0.0,0.22926234451021468,15,0,K2-54 b,K2-54,Transit,0,9.7843,3798.0,0.38,0.42
1482,Chunk 4 interaction,0.003206265096549807,0.0,0.2381885420996586,15,0,K2-55 b,K2-55,Transit,0,2.849258,4456.0,0.63,0.7
1482,Full stellar structure,0.0018712896869185365,0.0,0.2381885420996586,15,0,K2-55 b,K2-55,Transit,0,2.849258,4456.0,0.63,0.7
1482,Method-adjusted full,0.0018645858411203392,0.0,0.2381885420996586,15,0,K2-55 b,K2-55,Transit,0,2.849258,4456.0,0.63,0.7
1482,Period + method,0.007037160395720175,0.0,0.2381885420996586,15,0,K2-55 b,K2-55,Transit,0,2.849258,4456.0,0.63,0.7
1482,Period-only curved,0.008304932808168072,0.0,0.2381885420996586,15,0,K2-55 b,K2-55,Transit,0,2.849258,4456.0,0.63,0.7
1483,Chunk 4 interaction,0.031022289486040293,0.0,0.26823694933214426,15,0,K2-57 b,K2-57,Transit,0,9.0063,4434.0,0.62,0.68
1483,Full stellar structure,0.021300910333135754,0.0,0.26823694933214426,15,0,K2-57 b,K2-57,Transit,0,9.0063,4434.0,0.62,0.68
1483,Method-adjusted full,0.02129711718902248,0.0,0.26823694933214426,15,0,K2-57 b,K2-57,Transit,0,9.0063,4434.0,0.62,0.68
1483,Period + method,0.04574709906897561,0.0,0.26823694933214426,15,0,K2-57 b,K2-57,Transit,0,9.0063,4434.0,0.62,0.68
1483,Period-only curved,0.05343667184507717,0.0,0.26823694933214426,15,0,K2-57 b,K2-57,Transit,0,9.0063,4434.0,0.62,0.68
1484,Chunk 4 interaction,0.005167246933468507,0.0,0.24226219101674787,15,0,K2-58 b,K2-58,Transit,0,7.05254,5413.0,0.86,0.89
1484,Full stellar structure,0.0058947277564675195,0.0,0.24226219101674787,15,0,K2-58 b,K2-58,Transit,0,7.05254,5413.0,0.86,0.89
1484,Method-adjusted full,0.005905931770157837,0.0,0.24226219101674787,15,0,K2-58 b,K2-58,Transit,0,7.05254,5413.0,0.86,0.89
1484,Period + method,0.03256089082845714,0.0,0.24226219101674787,15,0,K2-58 b,K2-58,Transit,0,7.05254,5413.0,0.86,0.89
1484,Period-only curved,0.03732948345665267,0.0,0.24226219101674787,15,0,K2-58 b,K2-58,Transit,0,7.05254,5413.0,0.86,0.89
1485,Chunk 4 interaction,0.0004975211792198133,0.0,0.24226219101674787,15,0,K2-58 c,K2-58,Transit,0,2.53726,5413.0,0.86,0.89
1485,Full stellar structure,0.000581330686676439,0.0,0.24226219101674787,15,0,K2-58 c,K2-58,Transit,0,2.53726,5413.0,0.86,0.89
1485,Method-adjusted full,0.0005781924558283624,0.0,0.24226219101674787,15,0,K2-58 c,K2-58,Transit,0,2.53726,5413.0,0.86,0.89
1485,Period + method,0.005151382603586837,0.0,0.24226219101674787,15,0,K2-58 c,K2-58,Transit,0,2.53726,5413.0,0.86,0.89
1485,Period-only curved,0.005934267291328568,0.0,0.24226219101674787,15,0,K2-58 c,K2-58,Transit,0,2.53726,5413.0,0.86,0.89
1486,Chunk 4 interaction,0.04056785751308227,0.0,0.24226219101674787,15,0,K2-58 d,K2-58,Transit,0,22.8827,5413.0,0.86,0.89
1486,Full stellar structure,0.046258156924506,0.0,0.24226219101674787,15,0,K2-58 d,K2-58,Transit,0,22.8827,5413.0,0.86,0.89
1486,Method-adjusted full,0.04672004138021963,0.0,0.24226219101674787,15,0,K2-58 d,K2-58,Transit,0,22.8827,5413.0,0.86,0.89
1486,Period + method,0.1354658266802078,0.0,0.24226219101674787,15,0,K2-58 d,K2-58,Transit,0,22.8827,5413.0,0.86,0.89
1486,Period-only curved,0.15595090388758254,0.0,0.24226219101674787,15,0,K2-58 d,K2-58,Transit,0,22.8827,5413.0,0.86,0.89
1487,Chunk 4 interaction,0.04809212787937471,0.0,0.24194062706351663,15,0,K2-59 b,K2-59,Transit,0,20.6921,5055.0,0.73,0.77
1487,Full stellar structure,0.054430976635184494,0.0,0.24194062706351663,15,0,K2-59 b,K2-59,Transit,0,20.6921,5055.0,0.73,0.77
1487,Method-adjusted full,0.05407528822461807,0.0,0.24194062706351663,15,0,K2-59 b,K2-59,Transit,0,20.6921,5055.0,0.73,0.77
1487,Period + method,0.1199366023349546,0.0,0.24194062706351663,15,0,K2-59 b,K2-59,Transit,0,20.6921,5055.0,0.73,0.77
1487,Period-only curved,0.14354656934265764,0.0,0.24194062706351663,15,0,K2-59 b,K2-59,Transit,0,20.6921,5055.0,0.73,0.77
1488,Chunk 4 interaction,0.01901695705534862,0.0,0.24194062706351663,15,0,K2-59 c,K2-59,Transit,0,11.2954,5055.0,0.73,0.77
1488,Full stellar structure,0.020824943525415047,0.0,0.24194062706351663,15,0,K2-59 c,K2-59,Transit,0,11.2954,5055.0,0.73,0.77
1488,Method-adjusted full,0.020731780705332725,0.0,0.24194062706351663,15,0,K2-59 c,K2-59,Transit,0,11.2954,5055.0,0.73,0.77
1488,Period + method,0.06283936247072844,0.0,0.24194062706351663,15,0,K2-59 c,K2-59,Transit,0,11.2954,5055.0,0.73,0.77
1488,Period-only curved,0.07478956709260651,0.0,0.24194062706351663,15,0,K2-59 c,K2-59,Transit,0,11.2954,5055.0,0.73,0.77
1491,Chunk 4 interaction,0.00017502910114235333,0.0,0.2517883873985034,15,0,K2-61 b,K2-61,Transit,0,2.57302,6293.0,1.36,1.21
1491,Full stellar structure,0.00023498905418134475,0.0,0.2517883873985034,15,0,K2-61 b,K2-61,Transit,0,2.57302,6293.0,1.36,1.21
1491,Method-adjusted full,0.0002349686090747878,0.0,0.2517883873985034,15,0,K2-61 b,K2-61,Transit,0,2.57302,6293.0,1.36,1.21
1491,Period + method,0.005003938174113629,0.0,0.2517883873985034,15,0,K2-61 b,K2-61,Transit,0,2.57302,6293.0,1.36,1.21
1491,Period-only curved,0.005778441108331441,0.0,0.2517883873985034,15,0,K2-61 b,K2-61,Transit,0,2.57302,6293.0,1.36,1.21
1492,Chunk 4 interaction,0.009454943735556541,0.0,0.22185497172899424,15,0,K2-62 b,K2-62,Transit,0,6.67202,4880.0,0.73,0.77
1492,Full stellar structure,0.008039018844110875,0.0,0.22185497172899424,15,0,K2-62 b,K2-62,Transit,0,6.67202,4880.0,0.73,0.77
1492,Method-adjusted full,0.008043189324847738,0.0,0.22185497172899424,15,0,K2-62 b,K2-62,Transit,0,6.67202,4880.0,0.73,0.77
1492,Period + method,0.02939251593954346,0.0,0.22185497172899424,15,0,K2-62 b,K2-62,Transit,0,6.67202,4880.0,0.73,0.77
1492,Period-only curved,0.03503440103613716,0.0,0.22185497172899424,15,0,K2-62 b,K2-62,Transit,0,6.67202,4880.0,0.73,0.77
1493,Chunk 4 interaction,0.04354736709395137,0.0,0.22185497172899424,15,0,K2-62 c,K2-62,Transit,0,16.1966,4880.0,0.73,0.77
1493,Full stellar structure,0.039794573008396915,0.0,0.22185497172899424,15,0,K2-62 c,K2-62,Transit,0,16.1966,4880.0,0.73,0.77
1493,Method-adjusted full,0.0397460132711351,0.0,0.22185497172899424,15,0,K2-62 c,K2-62,Transit,0,16.1966,4880.0,0.73,0.77
1493,Period + method,0.09397190369993798,0.0,0.22185497172899424,15,0,K2-62 c,K2-62,Transit,0,16.1966,4880.0,0.73,0.77
1493,Period-only curved,0.11192960319403493,0.0,0.22185497172899424,15,0,K2-62 c,K2-62,Transit,0,16.1966,4880.0,0.73,0.77
1494,Chunk 4 interaction,0.00718404363928386,0.0,0.2480869794375902,15,0,K2-63 b,K2-63,Transit,0,20.257,6771.0,1.63,1.4
1494,Full stellar structure,0.008151834139259649,0.0,0.2480869794375902,15,0,K2-63 b,K2-63,Transit,0,20.257,6771.0,1.63,1.4
1494,Method-adjusted full,0.008102034331444628,0.0,0.2480869794375902,15,0,K2-63 b,K2-63,Transit,0,20.257,6771.0,1.63,1.4
1494,Period + method,0.12090126939928215,0.0,0.2480869794375902,15,0,K2-63 b,K2-63,Transit,0,20.257,6771.0,1.63,1.4
1494,Period-only curved,0.1418947079183693,0.0,0.2480869794375902,15,0,K2-63 b,K2-63,Transit,0,20.257,6771.0,1.63,1.4
1495,Chunk 4 interaction,0.01037965690576926,0.0,0.2480869794375902,15,0,K2-63 c,K2-63,Transit,0,25.4556,6771.0,1.63,1.4
1495,Full stellar structure,0.011405918899091975,0.0,0.2480869794375902,15,0,K2-63 c,K2-63,Transit,0,25.4556,6771.0,1.63,1.4
1495,Method-adjusted full,0.011316045179835964,0.0,0.2480869794375902,15,0,K2-63 c,K2-63,Transit,0,25.4556,6771.0,1.63,1.4
1495,Period + method,0.14717217883609818,0.0,0.2480869794375902,15,0,K2-63 c,K2-63,Transit,0,25.4556,6771.0,1.63,1.4
1495,Period-only curved,0.17324242733572903,0.0,0.2480869794375902,15,0,K2-63 c,K2-63,Transit,0,25.4556,6771.0,1.63,1.4
1496,Chunk 4 interaction,0.005011162721269473,0.0,0.2374921735014549,15,0,K2-64 b,K2-64,Transit,0,6.53044,5312.0,0.73,0.74
1496,Full stellar structure,0.007779721975728005,0.0,0.2374921735014549,15,0,K2-64 b,K2-64,Transit,0,6.53044,5312.0,0.73,0.74
1496,Method-adjusted full,0.007774499891305794,0.0,0.2374921735014549,15,0,K2-64 b,K2-64,Transit,0,6.53044,5312.0,0.73,0.74
1496,Period + method,0.02867035306637126,0.0,0.2374921735014549,15,0,K2-64 b,K2-64,Transit,0,6.53044,5312.0,0.73,0.74
1496,Period-only curved,0.033175964692248885,0.0,0.2374921735014549,15,0,K2-64 b,K2-64,Transit,0,6.53044,5312.0,0.73,0.74
1497,Chunk 4 interaction,0.019887557191110187,0.0,0.23583610281044873,15,0,K2-65 b,K2-65,Transit,0,12.6475,5213.0,0.84,0.87
1497,Full stellar structure,0.019347381365103087,0.0,0.23583610281044873,15,0,K2-65 b,K2-65,Transit,0,12.6475,5213.0,0.84,0.87
1497,Method-adjusted full,0.019417936183961423,0.0,0.23583610281044873,15,0,K2-65 b,K2-65,Transit,0,12.6475,5213.0,0.84,0.87
1497,Period + method,0.07484726592479103,0.0,0.23583610281044873,15,0,K2-65 b,K2-65,Transit,0,12.6475,5213.0,0.84,0.87
1497,Period-only curved,0.0864072107706644,0.0,0.23583610281044873,15,0,K2-65 b,K2-65,Transit,0,12.6475,5213.0,0.84,0.87
1498,Chunk 4 interaction,0.0014800236890996667,0.0,0.2429203398706171,15,0,K2-66 b,K2-66,Transit,0,5.06963,5887.0,1.67,1.11
1498,Full stellar structure,0.0011898046848397104,0.0,0.2429203398706171,15,0,K2-66 b,K2-66,Transit,0,5.06963,5887.0,1.67,1.11
1498,Method-adjusted full,0.0011589137856788088,0.0,0.2429203398706171,15,0,K2-66 b,K2-66,Transit,0,5.06963,5887.0,1.67,1.11
1498,Period + method,0.018595007275639435,0.0,0.2429203398706171,15,0,K2-66 b,K2-66,Transit,0,5.06963,5887.0,1.67,1.11
1498,Period-only curved,0.02122853654551443,0.0,0.2429203398706171,15,0,K2-66 b,K2-66,Transit,0,5.06963,5887.0,1.67,1.11
1499,Chunk 4 interaction,0.016261596044013105,0.0,0.23489172479180734,15,0,K2-68 b,K2-68,Transit,0,8.05428,4746.0,0.68,0.73
1499,Full stellar structure,0.013587913450933273,0.0,0.23489172479180734,15,0,K2-68 b,K2-68,Transit,0,8.05428,4746.0,0.68,0.73
1499,Method-adjusted full,0.013611604426149547,0.0,0.23489172479180734,15,0,K2-68 b,K2-68,Transit,0,8.05428,4746.0,0.68,0.73
1499,Period + method,0.04093236035030432,0.0,0.23489172479180734,15,0,K2-68 b,K2-68,Transit,0,8.05428,4746.0,0.68,0.73
1499,Period-only curved,0.04777461861489219,0.0,0.23489172479180734,15,0,K2-68 b,K2-68,Transit,0,8.05428,4746.0,0.68,0.73
1500,Chunk 4 interaction,0.03488005672840598,0.0,0.25460045984603574,15,0,K2-69 b,K2-69,Transit,0,7.06599,4127.0,0.49,0.55
1500,Full stellar structure,0.025305295253746574,0.0,0.25460045984603574,15,0,K2-69 b,K2-69,Transit,0,7.06599,4127.0,0.49,0.55
1500,Method-adjusted full,0.02599822957427644,0.0,0.25460045984603574,15,0,K2-69 b,K2-69,Transit,0,7.06599,4127.0,0.49,0.55
1500,Period + method,0.03380199222058782,0.0,0.25460045984603574,15,0,K2-69 b,K2-69,Transit,0,7.06599,4127.0,0.49,0.55
1500,Period-only curved,0.03901163486228476,0.0,0.25460045984603574,15,0,K2-69 b,K2-69,Transit,0,7.06599,4127.0,0.49,0.55
1502,Chunk 4 interaction,0.013572603841888041,0.0,0.2519735401784192,15,0,K2-70 b,K2-70,Transit,0,13.97896,5622.0,0.93,0.94
1502,Full stellar structure,0.016569618530502046,0.0,0.2519735401784192,15,0,K2-70 b,K2-70,Transit,0,13.97896,5622.0,0.93,0.94
1502,Method-adjusted full,0.016655756114209535,0.0,0.2519735401784192,15,0,K2-70 b,K2-70,Transit,0,13.97896,5622.0,0.93,0.94
1502,Period + method,0.08597598952891301,0.0,0.2519735401784192,15,0,K2-70 b,K2-70,Transit,0,13.97896,5622.0,0.93,0.94
1502,Period-only curved,0.09958198035516214,0.0,0.2519735401784192,15,0,K2-70 b,K2-70,Transit,0,13.97896,5622.0,0.93,0.94
1503,Chunk 4 interaction,0.04153442821781921,0.0,0.237253376823527,15,0,K2-71 b,K2-71,Transit,0,6.98541,4006.0,0.43,0.48
1503,Full stellar structure,0.03445012358165414,0.0,0.237253376823527,15,0,K2-71 b,K2-71,Transit,0,6.98541,4006.0,0.43,0.48
1503,Method-adjusted full,0.03542571859563053,0.0,0.237253376823527,15,0,K2-71 b,K2-71,Transit,0,6.98541,4006.0,0.43,0.48
1503,Period + method,0.033182137696713083,0.0,0.237253376823527,15,0,K2-71 b,K2-71,Transit,0,6.98541,4006.0,0.43,0.48
1503,Period-only curved,0.038435763559022854,0.0,0.237253376823527,15,0,K2-71 b,K2-71,Transit,0,6.98541,4006.0,0.43,0.48
1504,Chunk 4 interaction,0.09733191196132311,0.0,0.24477874922510423,15,0,K2-72 b,K2-72,Transit,0,5.577212,3360.47,0.33,0.27
1504,Full stellar structure,0.0829812957939479,0.0,0.24477874922510423,15,0,K2-72 b,K2-72,Transit,0,5.577212,3360.47,0.33,0.27
1504,Method-adjusted full,0.08522479786201756,0.0,0.24477874922510423,15,0,K2-72 b,K2-72,Transit,0,5.577212,3360.47,0.33,0.27
1504,Period + method,0.023047727569207484,0.0,0.24477874922510423,15,0,K2-72 b,K2-72,Transit,0,5.577212,3360.47,0.33,0.27
1504,Period-only curved,0.027095882365858075,0.0,0.24477874922510423,15,0,K2-72 b,K2-72,Transit,0,5.577212,3360.47,0.33,0.27
1505,Chunk 4 interaction,0.33301975764071623,0.8666666666666667,0.24477874922510423,15,1,K2-72 c,K2-72,Transit,0,15.189034,3360.47,0.33,0.27
1505,Full stellar structure,0.3726038236758317,1.0,0.24477874922510423,15,1,K2-72 c,K2-72,Transit,0,15.189034,3360.47,0.33,0.27
1505,Method-adjusted full,0.378662938536127,1.0,0.24477874922510423,15,1,K2-72 c,K2-72,Transit,0,15.189034,3360.47,0.33,0.27
1505,Period + method,0.09243067902798473,0.0,0.24477874922510423,15,0,K2-72 c,K2-72,Transit,0,15.189034,3360.47,0.33,0.27
1505,Period-only curved,0.10870576227258981,0.0,0.24477874922510423,15,0,K2-72 c,K2-72,Transit,0,15.189034,3360.47,0.33,0.27
1506,Chunk 4 interaction,0.15795906085501385,0.0,0.24477874922510423,15,0,K2-72 d,K2-72,Transit,0,7.760178,3360.47,0.33,0.27
1506,Full stellar structure,0.1498637146761584,0.0,0.24477874922510423,15,0,K2-72 d,K2-72,Transit,0,7.760178,3360.47,0.33,0.27
1506,Method-adjusted full,0.15346090538892357,0.0,0.24477874922510423,15,0,K2-72 d,K2-72,Transit,0,7.760178,3360.47,0.33,0.27
1506,Period + method,0.038792523555635144,0.0,0.24477874922510423,15,0,K2-72 d,K2-72,Transit,0,7.760178,3360.47,0.33,0.27
1506,Period-only curved,0.04556635087816536,0.0,0.24477874922510423,15,0,K2-72 d,K2-72,Transit,0,7.760178,3360.47,0.33,0.27
1507,Chunk 4 interaction,0.4663427289484267,1.0,0.24477874922510423,15,1,K2-72 e,K2-72,Transit,1,24.158868,3360.47,0.33,0.27
1507,Full stellar structure,0.5507687644014185,1.0,0.24477874922510423,15,1,K2-72 e,K2-72,Transit,1,24.158868,3360.47,0.33,0.27
1507,Method-adjusted full,0.5568810298242541,1.0,0.24477874922510423,15,1,K2-72 e,K2-72,Transit,1,24.158868,3360.47,0.33,0.27
1507,Period + method,0.14489817144322234,0.0,0.24477874922510423,15,0,K2-72 e,K2-72,Transit,1,24.158868,3360.47,0.33,0.27
1507,Period-only curved,0.17079536066713602,0.0,0.24477874922510423,15,0,K2-72 e,K2-72,Transit,1,24.158868,3360.47,0.33,0.27
1508,Chunk 4 interaction,0.0032844730665890537,0.0,0.24292730753563757,15,0,K2-73 b,K2-73,Transit,0,7.49543,5922.0,1.06,1.05
1508,Full stellar structure,0.004131502047852622,0.0,0.24292730753563757,15,0,K2-73 b,K2-73,Transit,0,7.49543,5922.0,1.06,1.05
1508,Method-adjusted full,0.0041146633837474385,0.0,0.24292730753563757,15,0,K2-73 b,K2-73,Transit,0,7.49543,5922.0,1.06,1.05
1508,Period + method,0.03560422955087111,0.0,0.24292730753563757,15,0,K2-73 b,K2-73,Transit,0,7.49543,5922.0,1.06,1.05
1508,Period-only curved,0.04068174195072445,0.0,0.24292730753563757,15,0,K2-73 b,K2-73,Transit,0,7.49543,5922.0,1.06,1.05
1509,Chunk 4 interaction,0.016444675196569905,0.0,0.2548119561367499,15,0,K2-74 b,K2-74,Transit,0,19.5666,6060.0,0.98,0.96
1509,Full stellar structure,0.027503476413374393,0.0,0.2548119561367499,15,0,K2-74 b,K2-74,Transit,0,19.5666,6060.0,0.98,0.96
1509,Method-adjusted full,0.027713100945345816,0.0,0.2548119561367499,15,0,K2-74 b,K2-74,Transit,0,19.5666,6060.0,0.98,0.96
1509,Period + method,0.1183317274749322,0.0,0.2548119561367499,15,0,K2-74 b,K2-74,Transit,0,19.5666,6060.0,0.98,0.96
1509,Period-only curved,0.1353041974239154,0.0,0.2548119561367499,15,0,K2-74 b,K2-74,Transit,0,19.5666,6060.0,0.98,0.96
1510,Chunk 4 interaction,0.00321055437001504,0.0,0.26055762235085694,15,0,K2-75 b,K2-75,Transit,0,7.8142,5995.0,1.56,1.16
1510,Full stellar structure,0.0028920327502755037,0.0,0.26055762235085694,15,0,K2-75 b,K2-75,Transit,0,7.8142,5995.0,1.56,1.16
1510,Method-adjusted full,0.0028679374328469545,0.0,0.26055762235085694,15,0,K2-75 b,K2-75,Transit,0,7.8142,5995.0,1.56,1.16
1510,Period + method,0.038231582446245964,0.0,0.26055762235085694,15,0,K2-75 b,K2-75,Transit,0,7.8142,5995.0,1.56,1.16
1510,Period-only curved,0.04405450202084151,0.0,0.26055762235085694,15,0,K2-75 b,K2-75,Transit,0,7.8142,5995.0,1.56,1.16
1511,Chunk 4 interaction,0.015445807850079186,0.0,0.26055762235085694,15,0,K2-75 c,K2-75,Transit,0,18.311,5995.0,1.56,1.16
1511,Full stellar structure,0.013281545152817728,0.0,0.26055762235085694,15,0,K2-75 c,K2-75,Transit,0,18.311,5995.0,1.56,1.16
1511,Method-adjusted full,0.013240233080636767,0.0,0.26055762235085694,15,0,K2-75 c,K2-75,Transit,0,18.311,5995.0,1.56,1.16
1511,Period + method,0.11137802315741266,0.0,0.26055762235085694,15,0,K2-75 c,K2-75,Transit,0,18.311,5995.0,1.56,1.16
1511,Period-only curved,0.12845275966116323,0.0,0.26055762235085694,15,0,K2-75 c,K2-75,Transit,0,18.311,5995.0,1.56,1.16
1512,Chunk 4 interaction,0.012771013663816241,0.0,0.23593892616481785,15,0,K2-77 b,K2-77,Transit,0,8.199796,4970.0,0.76,0.8
1512,Full stellar structure,0.011270817470152681,0.0,0.23593892616481785,15,0,K2-77 b,K2-77,Transit,0,8.199796,4970.0,0.76,0.8
1512,Method-adjusted full,0.011303016541802336,0.0,0.23593892616481785,15,0,K2-77 b,K2-77,Transit,0,8.199796,4970.0,0.76,0.8
1512,Period + method,0.041811993866069236,0.0,0.23593892616481785,15,0,K2-77 b,K2-77,Transit,0,8.199796,4970.0,0.76,0.8
1512,Period-only curved,0.04894777035424891,0.0,0.23593892616481785,15,0,K2-77 b,K2-77,Transit,0,8.199796,4970.0,0.76,0.8
1513,Chunk 4 interaction,0.0068785157392100334,0.0,0.23369821337551538,15,0,K2-79 b,K2-79,Transit,0,10.99573,5926.0,1.28,1.06
1513,Full stellar structure,0.007395325216443208,0.0,0.23369821337551538,15,0,K2-79 b,K2-79,Transit,0,10.99573,5926.0,1.28,1.06
1513,Method-adjusted full,0.007376796517237416,0.0,0.23369821337551538,15,0,K2-79 b,K2-79,Transit,0,10.99573,5926.0,1.28,1.06
1513,Period + method,0.061498489449933656,0.0,0.23369821337551538,15,0,K2-79 b,K2-79,Transit,0,10.99573,5926.0,1.28,1.06
1513,Period-only curved,0.07078134370315219,0.0,0.23369821337551538,15,0,K2-79 b,K2-79,Transit,0,10.99573,5926.0,1.28,1.06
1514,Chunk 4 interaction,0.021859450282323185,0.0,0.2514462345503416,15,0,K2-8 b,K2-8,Transit,0,10.35239,4870.0,0.74,0.78
1514,Full stellar structure,0.018513067287717785,0.0,0.2514462345503416,15,0,K2-8 b,K2-8,Transit,0,10.35239,4870.0,0.74,0.78
1514,Method-adjusted full,0.018558943244135533,0.0,0.2514462345503416,15,0,K2-8 b,K2-8,Transit,0,10.35239,4870.0,0.74,0.78
1514,Period + method,0.05688206923321041,0.0,0.2514462345503416,15,0,K2-8 b,K2-8,Transit,0,10.35239,4870.0,0.74,0.78
1514,Period-only curved,0.0664316989619517,0.0,0.2514462345503416,15,0,K2-8 b,K2-8,Transit,0,10.35239,4870.0,0.74,0.78
1515,Chunk 4 interaction,0.005606928831723966,0.0,0.2514462345503416,15,0,K2-8 c,K2-8,Transit,0,5.06416,4870.0,0.74,0.78
1515,Full stellar structure,0.00451873142534994,0.0,0.2514462345503416,15,0,K2-8 c,K2-8,Transit,0,5.06416,4870.0,0.74,0.78
1515,Method-adjusted full,0.004523522735186858,0.0,0.2514462345503416,15,0,K2-8 c,K2-8,Transit,0,5.06416,4870.0,0.74,0.78
1515,Period + method,0.019100879074872967,0.0,0.2514462345503416,15,0,K2-8 c,K2-8,Transit,0,5.06416,4870.0,0.74,0.78
1515,Period-only curved,0.022292624332420866,0.0,0.2514462345503416,15,0,K2-8 c,K2-8,Transit,0,5.06416,4870.0,0.74,0.78
1516,Chunk 4 interaction,0.02886084901895896,0.0,0.24470867298915186,15,0,K2-80 b,K2-80,Transit,0,19.0918,5441.0,0.87,0.9
1516,Full stellar structure,0.03248723160501195,0.0,0.24470867298915186,15,0,K2-80 b,K2-80,Transit,0,19.0918,5441.0,0.87,0.9
1516,Method-adjusted full,0.03265065915643466,0.0,0.24470867298915186,15,0,K2-80 b,K2-80,Transit,0,19.0918,5441.0,0.87,0.9
1516,Period + method,0.11467919228298241,0.0,0.24470867298915186,15,0,K2-80 b,K2-80,Transit,0,19.0918,5441.0,0.87,0.9
1516,Period-only curved,0.13129432027447469,0.0,0.24470867298915186,15,0,K2-80 b,K2-80,Transit,0,19.0918,5441.0,0.87,0.9
1517,Chunk 4 interaction,0.0030659478417314067,0.0,0.24470867298915186,15,0,K2-80 c,K2-80,Transit,0,5.605,5441.0,0.87,0.9
1517,Full stellar structure,0.003454861249302273,0.0,0.24470867298915186,15,0,K2-80 c,K2-80,Transit,0,5.605,5441.0,0.87,0.9
1517,Method-adjusted full,0.003453172621027329,0.0,0.24470867298915186,15,0,K2-80 c,K2-80,Transit,0,5.605,5441.0,0.87,0.9
1517,Period + method,0.021924893666433794,0.0,0.24470867298915186,15,0,K2-80 c,K2-80,Transit,0,5.605,5441.0,0.87,0.9
1517,Period-only curved,0.02486209922639309,0.0,0.24470867298915186,15,0,K2-80 c,K2-80,Transit,0,5.605,5441.0,0.87,0.9
1519,Chunk 4 interaction,0.010610304918348901,0.0,0.2673671723451818,15,0,K2-81 b,K2-81,Transit,0,6.102325,4674.13,0.63,0.75
1519,Full stellar structure,0.00787214338830006,0.0,0.2673671723451818,15,0,K2-81 b,K2-81,Transit,0,6.102325,4674.13,0.63,0.75
1519,Method-adjusted full,0.007928807042837943,0.0,0.2673671723451818,15,0,K2-81 b,K2-81,Transit,0,6.102325,4674.13,0.63,0.75
1519,Period + method,0.026975281901117268,0.0,0.2673671723451818,15,0,K2-81 b,K2-81,Transit,0,6.102325,4674.13,0.63,0.75
1519,Period-only curved,0.031209336963555545,0.0,0.2673671723451818,15,0,K2-81 b,K2-81,Transit,0,6.102325,4674.13,0.63,0.75
1520,Chunk 4 interaction,0.00768145065247384,0.0,0.25874246827408937,15,0,K2-83 b,K2-83,Transit,0,2.74697,3910.0,0.42,0.48
1520,Full stellar structure,0.00467166899407681,0.0,0.25874246827408937,15,0,K2-83 b,K2-83,Transit,0,2.74697,3910.0,0.42,0.48
1520,Method-adjusted full,0.004593794651574574,0.0,0.25874246827408937,15,0,K2-83 b,K2-83,Transit,0,2.74697,3910.0,0.42,0.48
1520,Period + method,0.005681961844730673,0.0,0.25874246827408937,15,0,K2-83 b,K2-83,Transit,0,2.74697,3910.0,0.42,0.48
1520,Period-only curved,0.006774303372648455,0.0,0.25874246827408937,15,0,K2-83 b,K2-83,Transit,0,2.74697,3910.0,0.42,0.48
1521,Chunk 4 interaction,0.08130515931818404,0.0,0.25874246827408937,15,0,K2-83 c,K2-83,Transit,0,9.99767,3910.0,0.42,0.48
1521,Full stellar structure,0.06572991925917612,0.0,0.25874246827408937,15,0,K2-83 c,K2-83,Transit,0,9.99767,3910.0,0.42,0.48
1521,Method-adjusted full,0.06476122047390333,0.0,0.25874246827408937,15,0,K2-83 c,K2-83,Transit,0,9.99767,3910.0,0.42,0.48
1521,Period + method,0.051037085028312904,0.0,0.25874246827408937,15,0,K2-83 c,K2-83,Transit,0,9.99767,3910.0,0.42,0.48
1521,Period-only curved,0.060003157887316125,0.0,0.25874246827408937,15,0,K2-83 c,K2-83,Transit,0,9.99767,3910.0,0.42,0.48
1522,Chunk 4 interaction,0.0030803331027555335,0.0,0.2434511145501481,15,0,K2-84 b,K2-84,Transit,0,6.4215,5652.0,0.93,0.95
1522,Full stellar structure,0.0038990090015747284,0.0,0.2434511145501481,15,0,K2-84 b,K2-84,Transit,0,6.4215,5652.0,0.93,0.95
1522,Method-adjusted full,0.0039031370862310576,0.0,0.2434511145501481,15,0,K2-84 b,K2-84,Transit,0,6.4215,5652.0,0.93,0.95
1522,Period + method,0.02971335657135674,0.0,0.2434511145501481,15,0,K2-84 b,K2-84,Transit,0,6.4215,5652.0,0.93,0.95
1522,Period-only curved,0.0339054234796785,0.0,0.2434511145501481,15,0,K2-84 b,K2-84,Transit,0,6.4215,5652.0,0.93,0.95
1523,Chunk 4 interaction,0.036784153460211695,0.0,0.2434511145501481,15,0,K2-84 c,K2-84,Transit,0,27.86,5652.0,0.93,0.95
1523,Full stellar structure,0.044677301834887655,0.0,0.2434511145501481,15,0,K2-84 c,K2-84,Transit,0,27.86,5652.0,0.93,0.95
1523,Method-adjusted full,0.04547331415696571,0.0,0.2434511145501481,15,0,K2-84 c,K2-84,Transit,0,27.86,5652.0,0.93,0.95
1523,Period + method,0.16237933597841012,0.0,0.2434511145501481,15,0,K2-84 c,K2-84,Transit,0,27.86,5652.0,0.93,0.95
1523,Period-only curved,0.1876108736911207,0.06666666666666667,0.2434511145501481,15,0,K2-84 c,K2-84,Transit,0,27.86,5652.0,0.93,0.95
1524,Chunk 4 interaction,0.00011611220580564412,0.0,0.24057441036201108,15,0,K2-85 b,K2-85,Transit,0,0.684533,4268.0,0.51,0.57
1524,Full stellar structure,6.673997187028148e-05,0.0,0.24057441036201108,15,0,K2-85 b,K2-85,Transit,0,0.684533,4268.0,0.51,0.57
1524,Method-adjusted full,6.85763351391212e-05,0.0,0.24057441036201108,15,0,K2-85 b,K2-85,Transit,0,0.684533,4268.0,0.51,0.57
1524,Period + method,0.00019007571220194347,0.0,0.24057441036201108,15,0,K2-85 b,K2-85,Transit,0,0.684533,4268.0,0.51,0.57
1524,Period-only curved,0.00023292733217290378,0.0,0.24057441036201108,15,0,K2-85 b,K2-85,Transit,0,0.684533,4268.0,0.51,0.57
1525,Chunk 4 interaction,0.007092989261202454,0.0,0.24775255666411442,15,0,K2-86 b,K2-86,Transit,0,8.77683,5482.0,0.76,0.79
1525,Full stellar structure,0.011550118468133549,0.0,0.24775255666411442,15,0,K2-86 b,K2-86,Transit,0,8.77683,5482.0,0.76,0.79
1525,Method-adjusted full,0.01149687750742966,0.0,0.24775255666411442,15,0,K2-86 b,K2-86,Transit,0,8.77683,5482.0,0.76,0.79
1525,Period + method,0.045728677823341994,0.0,0.24775255666411442,15,0,K2-86 b,K2-86,Transit,0,8.77683,5482.0,0.76,0.79
1525,Period-only curved,0.0526247924559375,0.0,0.24775255666411442,15,0,K2-86 b,K2-86,Transit,0,8.77683,5482.0,0.76,0.79
1527,Chunk 4 interaction,0.04654985730631414,0.0,0.23778840554761196,15,0,K2-88 b,K2-88,Transit,0,4.6122,3537.0,0.26,0.26
1527,Full stellar structure,0.06344670509040157,0.0,0.23778840554761196,15,0,K2-88 b,K2-88,Transit,0,4.6122,3537.0,0.26,0.26
1527,Method-adjusted full,0.06523476928802475,0.0,0.23778840554761196,15,0,K2-88 b,K2-88,Transit,0,4.6122,3537.0,0.26,0.26
1527,Period + method,0.016166309125658973,0.0,0.23778840554761196,15,0,K2-88 b,K2-88,Transit,0,4.6122,3537.0,0.26,0.26
1527,Period-only curved,0.018758660428398237,0.0,0.23778840554761196,15,0,K2-88 b,K2-88,Transit,0,4.6122,3537.0,0.26,0.26
1528,Chunk 4 interaction,0.00160428117704636,0.0,0.236598325526278,15,0,K2-89 b,K2-89,Transit,0,1.096026,3691.0,0.32,0.35
1528,Full stellar structure,0.0010128651486418136,0.0,0.236598325526278,15,0,K2-89 b,K2-89,Transit,0,1.096026,3691.0,0.32,0.35
1528,Method-adjusted full,0.0009939830202610731,0.0,0.236598325526278,15,0,K2-89 b,K2-89,Transit,0,1.096026,3691.0,0.32,0.35
1528,Period + method,0.000815253659492333,0.0,0.236598325526278,15,0,K2-89 b,K2-89,Transit,0,1.096026,3691.0,0.32,0.35
1528,Period-only curved,0.0009945692718263922,0.0,0.236598325526278,15,0,K2-89 b,K2-89,Transit,0,1.096026,3691.0,0.32,0.35
1529,Chunk 4 interaction,0.3413233053231296,1.0,0.25193281234206266,15,1,K2-9 b,K2-9,Transit,1,18.4498,3390.0,0.31,0.3
1529,Full stellar structure,0.37590925647875567,1.0,0.25193281234206266,15,1,K2-9 b,K2-9,Transit,1,18.4498,3390.0,0.31,0.3
1529,Method-adjusted full,0.3702598073269526,1.0,0.25193281234206266,15,1,K2-9 b,K2-9,Transit,1,18.4498,3390.0,0.31,0.3
1529,Period + method,0.10360049980838618,0.0,0.25193281234206266,15,0,K2-9 b,K2-9,Transit,1,18.4498,3390.0,0.31,0.3
1529,Period-only curved,0.12237297843661203,0.0,0.25193281234206266,15,0,K2-9 b,K2-9,Transit,1,18.4498,3390.0,0.31,0.3
1531,Chunk 4 interaction,0.0033663581612879134,0.0,0.2359131756938902,15,0,K2-90 c,K2-90,Transit,0,2.900706,4421.98,0.63,0.7
1531,Full stellar structure,0.001801045418344374,0.0,0.2359131756938902,15,0,K2-90 c,K2-90,Transit,0,2.900706,4421.98,0.63,0.7
1531,Method-adjusted full,0.0017884576724789673,0.0,0.2359131756938902,15,0,K2-90 c,K2-90,Transit,0,2.900706,4421.98,0.63,0.7
1531,Period + method,0.00667245147215401,0.0,0.2359131756938902,15,0,K2-90 c,K2-90,Transit,0,2.900706,4421.98,0.63,0.7
1531,Period-only curved,0.007901689746605546,0.0,0.2359131756938902,15,0,K2-90 c,K2-90,Transit,0,2.900706,4421.98,0.63,0.7
1532,Chunk 4 interaction,0.0033047660804382067,0.0,0.2674445497855782,15,0,K2-91 b,K2-91,Transit,0,1.419549,3622.0,0.28,0.29
1532,Full stellar structure,0.003051882951373034,0.0,0.2674445497855782,15,0,K2-91 b,K2-91,Transit,0,1.419549,3622.0,0.28,0.29
1532,Method-adjusted full,0.0030430412042210036,0.0,0.2674445497855782,15,0,K2-91 b,K2-91,Transit,0,1.419549,3622.0,0.28,0.29
1532,Period + method,0.001467642046869398,0.0,0.2674445497855782,15,0,K2-91 b,K2-91,Transit,0,1.419549,3622.0,0.28,0.29
1532,Period-only curved,0.0017427522353327908,0.0,0.2674445497855782,15,0,K2-91 b,K2-91,Transit,0,1.419549,3622.0,0.28,0.29
1538,Chunk 4 interaction,0.00080175941495066,0.0,0.23000156515058987,15,0,KELT-10 b,KELT-10,Transit,0,4.1662739,5948.0,1.21,1.11
1538,Full stellar structure,0.0008895591071361481,0.0,0.23000156515058987,15,0,KELT-10 b,KELT-10,Transit,0,4.1662739,5948.0,1.21,1.11
1538,Method-adjusted full,0.000882438509822558,0.0,0.23000156515058987,15,0,KELT-10 b,KELT-10,Transit,0,4.1662739,5948.0,1.21,1.11
1538,Period + method,0.013665678279985946,0.0,0.23000156515058987,15,0,KELT-10 b,KELT-10,Transit,0,4.1662739,5948.0,1.21,1.11
1538,Period-only curved,0.01567349926180799,0.0,0.23000156515058987,15,0,KELT-10 b,KELT-10,Transit,0,4.1662739,5948.0,1.21,1.11
1540,Chunk 4 interaction,0.0008783838339886267,0.0,0.2285302059496631,15,0,KELT-12 b,KELT-12,Transit,0,5.031623,6279.0,2.37,1.59
1540,Full stellar structure,0.0004652217649280515,0.0,0.2285302059496631,15,0,KELT-12 b,KELT-12,Transit,0,5.031623,6279.0,2.37,1.59
1540,Method-adjusted full,0.00046211242933326695,0.0,0.2285302059496631,15,0,KELT-12 b,KELT-12,Transit,0,5.031623,6279.0,2.37,1.59
1540,Period + method,0.018824680973173375,0.0,0.2285302059496631,15,0,KELT-12 b,KELT-12,Transit,0,5.031623,6279.0,2.37,1.59
1540,Period-only curved,0.021831155738900865,0.0,0.2285302059496631,15,0,KELT-12 b,KELT-12,Transit,0,5.031623,6279.0,2.37,1.59
1545,Chunk 4 interaction,0.00013767949430891138,0.0,0.24109233663539956,15,0,KELT-18 b,KELT-18,Transit,0,2.8717518,6670.0,1.91,1.52
1545,Full stellar structure,0.00014721504613836114,0.0,0.24109233663539956,15,0,KELT-18 b,KELT-18,Transit,0,2.8717518,6670.0,1.91,1.52
1545,Method-adjusted full,0.0001465308724892129,0.0,0.24109233663539956,15,0,KELT-18 b,KELT-18,Transit,0,2.8717518,6670.0,1.91,1.52
1545,Period + method,0.006467189048910636,0.0,0.24109233663539956,15,0,KELT-18 b,KELT-18,Transit,0,2.8717518,6670.0,1.91,1.52
1545,Period-only curved,0.007518802658756843,0.0,0.24109233663539956,15,0,KELT-18 b,KELT-18,Transit,0,2.8717518,6670.0,1.91,1.52
1546,Chunk 4 interaction,0.00018387926190369046,0.0,0.2443933123465105,15,0,KELT-19 A b,KELT-19 A,Transit,0,4.6117093,7500.0,1.83,1.62
1546,Full stellar structure,0.0003790437648660055,0.0,0.2443933123465105,15,0,KELT-19 A b,KELT-19 A,Transit,0,4.6117093,7500.0,1.83,1.62
1546,Method-adjusted full,0.00037084956222381815,0.0,0.2443933123465105,15,0,KELT-19 A b,KELT-19 A,Transit,0,4.6117093,7500.0,1.83,1.62
1546,Period + method,0.016973000734827152,0.0,0.2443933123465105,15,0,KELT-19 A b,KELT-19 A,Transit,0,4.6117093,7500.0,1.83,1.62
1546,Period-only curved,0.019664612401882844,0.0,0.2443933123465105,15,0,KELT-19 A b,KELT-19 A,Transit,0,4.6117093,7500.0,1.83,1.62
1548,Chunk 4 interaction,2.5262299407617724e-05,0.0,0.24287903284629345,15,0,KELT-20 b,KELT-20,Transit,0,3.4741085,8720.0,1.56,1.76
1548,Full stellar structure,0.00016697508275809663,0.0,0.24287903284629345,15,0,KELT-20 b,KELT-20,Transit,0,3.4741085,8720.0,1.56,1.76
1548,Method-adjusted full,0.0001701212744427235,0.0,0.24287903284629345,15,0,KELT-20 b,KELT-20,Transit,0,3.4741085,8720.0,1.56,1.76
1548,Period + method,0.01037442543325206,0.0,0.24287903284629345,15,0,KELT-20 b,KELT-20,Transit,0,3.4741085,8720.0,1.56,1.76
1548,Period-only curved,0.012201230679862037,0.0,0.24287903284629345,15,0,KELT-20 b,KELT-20,Transit,0,3.4741085,8720.0,1.56,1.76
1549,Chunk 4 interaction,9.165348737965726e-05,0.0,0.22466507926686866,15,0,KELT-21 b,KELT-21,Transit,0,3.6127647,7598.0,1.64,1.46
1549,Full stellar structure,0.00027500890240854473,0.0,0.22466507926686866,15,0,KELT-21 b,KELT-21,Transit,0,3.6127647,7598.0,1.64,1.46
1549,Method-adjusted full,0.00027585716325173967,0.0,0.22466507926686866,15,0,KELT-21 b,KELT-21,Transit,0,3.6127647,7598.0,1.64,1.46
1549,Period + method,0.010330145334562299,0.0,0.22466507926686866,15,0,KELT-21 b,KELT-21,Transit,0,3.6127647,7598.0,1.64,1.46
1549,Period-only curved,0.012188673408363299,0.0,0.22466507926686866,15,0,KELT-21 b,KELT-21,Transit,0,3.6127647,7598.0,1.64,1.46
1550,Chunk 4 interaction,0.00021719058348952666,0.0,0.2312766555024181,15,0,KELT-23 A b,KELT-23 A,Transit,0,2.255251,5899.0,1.0,0.94
1550,Full stellar structure,0.0003766972758107349,0.0,0.2312766555024181,15,0,KELT-23 A b,KELT-23 A,Transit,0,2.255251,5899.0,1.0,0.94
1550,Method-adjusted full,0.00037388674448716753,0.0,0.2312766555024181,15,0,KELT-23 A b,KELT-23 A,Transit,0,2.255251,5899.0,1.0,0.94
1550,Period + method,0.003991961502411547,0.0,0.2312766555024181,15,0,KELT-23 A b,KELT-23 A,Transit,0,2.255251,5899.0,1.0,0.94
1550,Period-only curved,0.004720637910575334,0.0,0.2312766555024181,15,0,KELT-23 A b,KELT-23 A,Transit,0,2.255251,5899.0,1.0,0.94
1551,Chunk 4 interaction,0.0007748803803190334,0.0,0.2518023561272221,15,0,KELT-24 b,KELT-24,Transit,0,5.5514926,6509.0,1.51,1.46
1551,Full stellar structure,0.0008307006620638273,0.0,0.2518023561272221,15,0,KELT-24 b,KELT-24,Transit,0,5.5514926,6509.0,1.51,1.46
1551,Method-adjusted full,0.0008316275869048304,0.0,0.2518023561272221,15,0,KELT-24 b,KELT-24,Transit,0,5.5514926,6509.0,1.51,1.46
1551,Period + method,0.02315062973723604,0.0,0.2518023561272221,15,0,KELT-24 b,KELT-24,Transit,0,5.5514926,6509.0,1.51,1.46
1551,Period-only curved,0.027304148101572816,0.0,0.2518023561272221,15,0,KELT-24 b,KELT-24,Transit,0,5.5514926,6509.0,1.51,1.46
1553,Chunk 4 interaction,0.00028046030185874,0.0,0.24578343851377368,15,0,KELT-4 A b,KELT-4 A,Transit,0,2.9895932,6206.0,1.6,1.2
1553,Full stellar structure,0.0003213415179085722,0.0,0.24578343851377368,15,0,KELT-4 A b,KELT-4 A,Transit,0,2.9895932,6206.0,1.6,1.2
1553,Method-adjusted full,0.000318308237212681,0.0,0.24578343851377368,15,0,KELT-4 A b,KELT-4 A,Transit,0,2.9895932,6206.0,1.6,1.2
1553,Period + method,0.007446022737100798,0.0,0.24578343851377368,15,0,KELT-4 A b,KELT-4 A,Transit,0,2.9895932,6206.0,1.6,1.2
1553,Period-only curved,0.008723260182091425,0.0,0.24578343851377368,15,0,KELT-4 A b,KELT-4 A,Transit,0,2.9895932,6206.0,1.6,1.2
1558,Chunk 4 interaction,3.7562102773769607e-07,0.0,0.22467529971963449,15,0,KELT-9 b,KELT-9,Transit,0,1.4811235,10170.0,2.36,2.52
1558,Full stellar structure,3.577812218660505e-06,0.0,0.22467529971963449,15,0,KELT-9 b,KELT-9,Transit,0,1.4811235,10170.0,2.36,2.52
1558,Method-adjusted full,3.673955964134672e-06,0.0,0.22467529971963449,15,0,KELT-9 b,KELT-9,Transit,0,1.4811235,10170.0,2.36,2.52
1558,Period + method,0.0016554746947898935,0.0,0.22467529971963449,15,0,KELT-9 b,KELT-9,Transit,0,1.4811235,10170.0,2.36,2.52
1558,Period-only curved,0.0020088972211761685,0.0,0.22467529971963449,15,0,KELT-9 b,KELT-9,Transit,0,1.4811235,10170.0,2.36,2.52
1606,Chunk 4 interaction,0.16256372777127762,0.06666666666666667,0.22965510514258464,15,0,KOI-1783.01,KOI-1783,Transit,0,134.4628,5922.0,1.14,1.08
1606,Full stellar structure,0.16818158438459918,0.13333333333333333,0.22965510514258464,15,0,KOI-1783.01,KOI-1783,Transit,0,134.4628,5922.0,1.14,1.08
1606,Method-adjusted full,0.16644065246231102,0.13333333333333333,0.22965510514258464,15,0,KOI-1783.01,KOI-1783,Transit,0,134.4628,5922.0,1.14,1.08
1606,Period + method,0.310504761171089,0.8666666666666667,0.22965510514258464,15,1,KOI-1783.01,KOI-1783,Transit,0,134.4628,5922.0,1.14,1.08
1606,Period-only curved,0.3777659424966236,1.0,0.22965510514258464,15,1,KOI-1783.01,KOI-1783,Transit,0,134.4628,5922.0,1.14,1.08
1607,Chunk 4 interaction,0.2310069954655552,0.6,0.22965510514258464,15,1,KOI-1783.02,KOI-1783,Transit,0,284.215,5922.0,1.14,1.08
1607,Full stellar structure,0.23814575478713426,0.6666666666666666,0.22965510514258464,15,1,KOI-1783.02,KOI-1783,Transit,0,284.215,5922.0,1.14,1.08
1607,Method-adjusted full,0.23545347339395414,0.6666666666666666,0.22965510514258464,15,1,KOI-1783.02,KOI-1783,Transit,0,284.215,5922.0,1.14,1.08
1607,Period + method,0.3057807781492276,0.8666666666666667,0.22965510514258464,15,1,KOI-1783.02,KOI-1783,Transit,0,284.215,5922.0,1.14,1.08
1607,Period-only curved,0.38728119558593693,1.0,0.22965510514258464,15,1,KOI-1783.02,KOI-1783,Transit,0,284.215,5922.0,1.14,1.08
1627,Chunk 4 interaction,0.0002672389966690333,0.0,0.2448613400148825,15,0,KPS-1 b,KPS-1,Transit,0,1.706291,5165.0,0.91,0.89
1627,Full stellar structure,0.00021173432071102568,0.0,0.2448613400148825,15,0,KPS-1 b,KPS-1,Transit,0,1.706291,5165.0,0.91,0.89
1627,Method-adjusted full,0.00021315592764838573,0.0,0.2448613400148825,15,0,KPS-1 b,KPS-1,Transit,0,1.706291,5165.0,0.91,0.89
1627,Period + method,0.00231055408917716,0.0,0.2448613400148825,15,0,KPS-1 b,KPS-1,Transit,0,1.706291,5165.0,0.91,0.89
1627,Period-only curved,0.002765719159414782,0.0,0.2448613400148825,15,0,KPS-1 b,KPS-1,Transit,0,1.706291,5165.0,0.91,0.89
1700,Chunk 4 interaction,0.0030130293581838202,0.0,0.24229278233288903,15,0,Kepler-105 c,Kepler-105,Transit,0,7.1262,5827.0,0.89,0.96
1700,Full stellar structure,0.004642209555347337,0.0,0.24229278233288903,15,0,Kepler-105 c,Kepler-105,Transit,0,7.1262,5827.0,0.89,0.96
1700,Method-adjusted full,0.004630032434514494,0.0,0.24229278233288903,15,0,Kepler-105 c,Kepler-105,Transit,0,7.1262,5827.0,0.89,0.96
1700,Period + method,0.032568291824734814,0.0,0.24229278233288903,15,0,Kepler-105 c,Kepler-105,Transit,0,7.1262,5827.0,0.89,0.96
1700,Period-only curved,0.037622442146139995,0.0,0.24229278233288903,15,0,Kepler-105 c,Kepler-105,Transit,0,7.1262,5827.0,0.89,0.96
2136,Chunk 4 interaction,0.10104205882133746,0.0,0.25983942180344105,15,0,Kepler-138 b,Kepler-138,Transit,0,10.3126,3841.0,0.44,0.52
2136,Full stellar structure,0.06330818274816515,0.0,0.25983942180344105,15,0,Kepler-138 b,Kepler-138,Transit,0,10.3126,3841.0,0.44,0.52
2136,Method-adjusted full,0.06397311860128337,0.0,0.25983942180344105,15,0,Kepler-138 b,Kepler-138,Transit,0,10.3126,3841.0,0.44,0.52
2136,Period + method,0.05758007464721208,0.0,0.25983942180344105,15,0,Kepler-138 b,Kepler-138,Transit,0,10.3126,3841.0,0.44,0.52
2136,Period-only curved,0.06700601610047967,0.0,0.25983942180344105,15,0,Kepler-138 b,Kepler-138,Transit,0,10.3126,3841.0,0.44,0.52
2137,Chunk 4 interaction,0.1495205560210815,0.0,0.25983942180344105,15,0,Kepler-138 c,Kepler-138,Transit,0,13.7813,3841.0,0.44,0.52
2137,Full stellar structure,0.10204210737634366,0.0,0.25983942180344105,15,0,Kepler-138 c,Kepler-138,Transit,0,13.7813,3841.0,0.44,0.52
2137,Method-adjusted full,0.10308890013377486,0.0,0.25983942180344105,15,0,Kepler-138 c,Kepler-138,Transit,0,13.7813,3841.0,0.44,0.52
2137,Period + method,0.0832424704093795,0.0,0.25983942180344105,15,0,Kepler-138 c,Kepler-138,Transit,0,13.7813,3841.0,0.44,0.52
2137,Period-only curved,0.09689001220779721,0.0,0.25983942180344105,15,0,Kepler-138 c,Kepler-138,Transit,0,13.7813,3841.0,0.44,0.52
2138,Chunk 4 interaction,0.26169545982167786,0.4666666666666667,0.25983942180344105,15,0,Kepler-138 d,Kepler-138,Transit,0,23.0881,3841.0,0.44,0.52
2138,Full stellar structure,0.20753410000816258,0.2,0.25983942180344105,15,0,Kepler-138 d,Kepler-138,Transit,0,23.0881,3841.0,0.44,0.52
2138,Method-adjusted full,0.20942512805617766,0.26666666666666666,0.25983942180344105,15,0,Kepler-138 d,Kepler-138,Transit,0,23.0881,3841.0,0.44,0.52
2138,Period + method,0.14213413520572768,0.06666666666666667,0.25983942180344105,15,0,Kepler-138 d,Kepler-138,Transit,0,23.0881,3841.0,0.44,0.52
2138,Period-only curved,0.16554200661099738,0.06666666666666667,0.25983942180344105,15,0,Kepler-138 d,Kepler-138,Transit,0,23.0881,3841.0,0.44,0.52
2313,Chunk 4 interaction,0.17387331194922748,0.2,0.23577736263327198,15,0,Kepler-1514 b,Kepler-1514,Transit,0,217.83184,6145.0,1.29,1.2
2313,Full stellar structure,0.1618295714398286,0.06666666666666667,0.23577736263327198,15,0,Kepler-1514 b,Kepler-1514,Transit,0,217.83184,6145.0,1.29,1.2
2313,Method-adjusted full,0.16379257169044023,0.06666666666666667,0.23577736263327198,15,0,Kepler-1514 b,Kepler-1514,Transit,0,217.83184,6145.0,1.29,1.2
2313,Period + method,0.29916144404754813,0.8666666666666667,0.23577736263327198,15,1,Kepler-1514 b,Kepler-1514,Transit,0,217.83184,6145.0,1.29,1.2
2313,Period-only curved,0.37832384940686686,1.0,0.23577736263327198,15,1,Kepler-1514 b,Kepler-1514,Transit,0,217.83184,6145.0,1.29,1.2
2314,Chunk 4 interaction,0.0047441657618400735,0.0,0.23577736263327198,15,0,Kepler-1514 c,Kepler-1514,Transit,0,10.514181,6145.0,1.29,1.2
2314,Full stellar structure,0.005222469622986558,0.0,0.23577736263327198,15,0,Kepler-1514 c,Kepler-1514,Transit,0,10.514181,6145.0,1.29,1.2
2314,Method-adjusted full,0.0051908742035859665,0.0,0.23577736263327198,15,0,Kepler-1514 c,Kepler-1514,Transit,0,10.514181,6145.0,1.29,1.2
2314,Period + method,0.05705356887772741,0.0,0.23577736263327198,15,0,Kepler-1514 c,Kepler-1514,Transit,0,10.514181,6145.0,1.29,1.2
2314,Period-only curved,0.06786825441386266,0.0,0.23577736263327198,15,0,Kepler-1514 c,Kepler-1514,Transit,0,10.514181,6145.0,1.29,1.2
2487,Chunk 4 interaction,0.21880569888177911,0.4,0.22781820934057062,15,0,Kepler-1649 b,Kepler-1649,Transit,0,8.689099,3240.0,0.23,0.2
2487,Full stellar structure,0.3236259727649848,1.0,0.22781820934057062,15,1,Kepler-1649 b,Kepler-1649,Transit,0,8.689099,3240.0,0.23,0.2
2487,Method-adjusted full,0.32725823401813037,1.0,0.22781820934057062,15,1,Kepler-1649 b,Kepler-1649,Transit,0,8.689099,3240.0,0.23,0.2
2487,Period + method,0.04445890002612481,0.0,0.22781820934057062,15,0,Kepler-1649 b,Kepler-1649,Transit,0,8.689099,3240.0,0.23,0.2
2487,Period-only curved,0.052845145445745464,0.0,0.22781820934057062,15,0,Kepler-1649 b,Kepler-1649,Transit,0,8.689099,3240.0,0.23,0.2
2488,Chunk 4 interaction,0.44287403949976495,1.0,0.22781820934057062,15,1,Kepler-1649 c,Kepler-1649,Transit,1,19.53527,3240.0,0.23,0.2
2488,Full stellar structure,0.6449637389881265,1.0,0.22781820934057062,15,1,Kepler-1649 c,Kepler-1649,Transit,1,19.53527,3240.0,0.23,0.2
2488,Method-adjusted full,0.647920743737112,1.0,0.22781820934057062,15,1,Kepler-1649 c,Kepler-1649,Transit,1,19.53527,3240.0,0.23,0.2
2488,Period + method,0.11465942291034119,0.0,0.22781820934057062,15,0,Kepler-1649 c,Kepler-1649,Transit,1,19.53527,3240.0,0.23,0.2
2488,Period-only curved,0.1364191905706818,0.0,0.22781820934057062,15,0,Kepler-1649 c,Kepler-1649,Transit,1,19.53527,3240.0,0.23,0.2
2493,Chunk 4 interaction,0.43359293470468224,1.0,0.23907965830722624,15,1,Kepler-1652 b,Kepler-1652,Transit,1,38.09722,3638.0,0.38,0.4
2493,Full stellar structure,0.4590371746980396,1.0,0.23907965830722624,15,1,Kepler-1652 b,Kepler-1652,Transit,1,38.09722,3638.0,0.38,0.4
2493,Method-adjusted full,0.46089842683709636,1.0,0.23907965830722624,15,1,Kepler-1652 b,Kepler-1652,Transit,1,38.09722,3638.0,0.38,0.4
2493,Period + method,0.18690905237609506,0.13333333333333333,0.23907965830722624,15,0,Kepler-1652 b,Kepler-1652,Transit,1,38.09722,3638.0,0.38,0.4
2493,Period-only curved,0.2268268308661819,0.6,0.23907965830722624,15,1,Kepler-1652 b,Kepler-1652,Transit,1,38.09722,3638.0,0.38,0.4
2494,Chunk 4 interaction,0.3048802655494336,0.6,0.26008355776837,15,1,Kepler-1653 b,Kepler-1653,Transit,1,140.2524,4807.0,0.69,0.72
2494,Full stellar structure,0.35810757437538976,0.8,0.26008355776837,15,1,Kepler-1653 b,Kepler-1653,Transit,1,140.2524,4807.0,0.69,0.72
2494,Method-adjusted full,0.3559592824309862,0.8,0.26008355776837,15,1,Kepler-1653 b,Kepler-1653,Transit,1,140.2524,4807.0,0.69,0.72
2494,Period + method,0.28389772009946423,0.6,0.26008355776837,15,1,Kepler-1653 b,Kepler-1653,Transit,1,140.2524,4807.0,0.69,0.72
2494,Period-only curved,0.3554312584340065,0.9333333333333333,0.26008355776837,15,1,Kepler-1653 b,Kepler-1653,Transit,1,140.2524,4807.0,0.69,0.72
2495,Chunk 4 interaction,0.2778035663792814,0.5333333333333333,0.2533420452730073,15,1,Kepler-1654 b,Kepler-1654,Transit,0,1047.8356,5597.0,1.18,1.01
2495,Full stellar structure,0.2797494129237457,0.5333333333333333,0.2533420452730073,15,1,Kepler-1654 b,Kepler-1654,Transit,0,1047.8356,5597.0,1.18,1.01
2495,Method-adjusted full,0.29133652742238525,0.6666666666666666,0.2533420452730073,15,1,Kepler-1654 b,Kepler-1654,Transit,0,1047.8356,5597.0,1.18,1.01
2495,Period + method,0.18214459099070368,0.13333333333333333,0.2533420452730073,15,0,Kepler-1654 b,Kepler-1654,Transit,0,1047.8356,5597.0,1.18,1.01
2495,Period-only curved,0.2642745368354881,0.5333333333333333,0.2533420452730073,15,1,Kepler-1654 b,Kepler-1654,Transit,0,1047.8356,5597.0,1.18,1.01
2496,Chunk 4 interaction,0.005904689187448026,0.0,0.2686418443288373,15,0,Kepler-1655 b,Kepler-1655,Transit,0,11.8728787,6148.0,1.03,1.03
2496,Full stellar structure,0.009468929984141635,0.0,0.2686418443288373,15,0,Kepler-1655 b,Kepler-1655,Transit,0,11.8728787,6148.0,1.03,1.03
2496,Method-adjusted full,0.0094128986156431,0.0,0.2686418443288373,15,0,Kepler-1655 b,Kepler-1655,Transit,0,11.8728787,6148.0,1.03,1.03
2496,Period + method,0.06822320058590975,0.0,0.2686418443288373,15,0,Kepler-1655 b,Kepler-1655,Transit,0,11.8728787,6148.0,1.03,1.03
2496,Period-only curved,0.08034592121248284,0.0,0.2686418443288373,15,0,Kepler-1655 b,Kepler-1655,Transit,0,11.8728787,6148.0,1.03,1.03
2502,Chunk 4 interaction,0.27632365592821945,0.4666666666666667,0.2610929022859621,15,0,Kepler-1661 b,Kepler-1661,Transit,1,175.06,5100.0,0.76,0.84
2502,Full stellar structure,0.31125597005886446,0.8,0.2610929022859621,15,1,Kepler-1661 b,Kepler-1661,Transit,1,175.06,5100.0,0.76,0.84
2502,Method-adjusted full,0.31114428883987705,0.8,0.2610929022859621,15,1,Kepler-1661 b,Kepler-1661,Transit,1,175.06,5100.0,0.76,0.84
2502,Period + method,0.2978312146662784,0.7333333333333333,0.2610929022859621,15,1,Kepler-1661 b,Kepler-1661,Transit,1,175.06,5100.0,0.76,0.84
2502,Period-only curved,0.36570695684474896,0.9333333333333333,0.2610929022859621,15,1,Kepler-1661 b,Kepler-1661,Transit,1,175.06,5100.0,0.76,0.84
2511,Chunk 4 interaction,0.004043764393587333,0.0,0.2525225540318161,15,0,Kepler-167 b,Kepler-167,Transit,0,4.3931632,4890.0,0.73,0.77
2511,Full stellar structure,0.003441915732974405,0.0,0.2525225540318161,15,0,Kepler-167 b,Kepler-167,Transit,0,4.3931632,4890.0,0.73,0.77
2511,Method-adjusted full,0.0034495597297033555,0.0,0.2525225540318161,15,0,Kepler-167 b,Kepler-167,Transit,0,4.3931632,4890.0,0.73,0.77
2511,Period + method,0.015283831407323239,0.0,0.2525225540318161,15,0,Kepler-167 b,Kepler-167,Transit,0,4.3931632,4890.0,0.73,0.77
2511,Period-only curved,0.01772640618339091,0.0,0.2525225540318161,15,0,Kepler-167 b,Kepler-167,Transit,0,4.3931632,4890.0,0.73,0.77
2512,Chunk 4 interaction,0.011297785668642554,0.0,0.2525225540318161,15,0,Kepler-167 c,Kepler-167,Transit,0,7.406114,4890.0,0.73,0.77
2512,Full stellar structure,0.009934143888172136,0.0,0.2525225540318161,15,0,Kepler-167 c,Kepler-167,Transit,0,7.406114,4890.0,0.73,0.77
2512,Method-adjusted full,0.009944354497043754,0.0,0.2525225540318161,15,0,Kepler-167 c,Kepler-167,Transit,0,7.406114,4890.0,0.73,0.77
2512,Period + method,0.03575339438158809,0.0,0.2525225540318161,15,0,Kepler-167 c,Kepler-167,Transit,0,7.406114,4890.0,0.73,0.77
2512,Period-only curved,0.041458809726500886,0.0,0.2525225540318161,15,0,Kepler-167 c,Kepler-167,Transit,0,7.406114,4890.0,0.73,0.77
2513,Chunk 4 interaction,0.06272180827408294,0.0,0.2525225540318161,15,0,Kepler-167 d,Kepler-167,Transit,0,21.803855,4890.0,0.73,0.77
2513,Full stellar structure,0.060057856357476486,0.0,0.2525225540318161,15,0,Kepler-167 d,Kepler-167,Transit,0,21.803855,4890.0,0.73,0.77
2513,Method-adjusted full,0.0600928106022997,0.0,0.2525225540318161,15,0,Kepler-167 d,Kepler-167,Transit,0,21.803855,4890.0,0.73,0.77
2513,Period + method,0.1285975898035604,0.0,0.2525225540318161,15,0,Kepler-167 d,Kepler-167,Transit,0,21.803855,4890.0,0.73,0.77
2513,Period-only curved,0.1505145894966762,0.0,0.2525225540318161,15,0,Kepler-167 d,Kepler-167,Transit,0,21.803855,4890.0,0.73,0.77
2514,Chunk 4 interaction,0.36785364163146017,0.9333333333333333,0.2525225540318161,15,1,Kepler-167 e,Kepler-167,Transit,0,1071.23228,4890.0,0.73,0.77
2514,Full stellar structure,0.4787512928004839,1.0,0.2525225540318161,15,1,Kepler-167 e,Kepler-167,Transit,0,1071.23228,4890.0,0.73,0.77
2514,Method-adjusted full,0.48278339313334595,1.0,0.2525225540318161,15,1,Kepler-167 e,Kepler-167,Transit,0,1071.23228,4890.0,0.73,0.77
2514,Period + method,0.16547831176478459,0.13333333333333333,0.2525225540318161,15,0,Kepler-167 e,Kepler-167,Transit,0,1071.23228,4890.0,0.73,0.77
2514,Period-only curved,0.2506590990193434,0.4666666666666667,0.2525225540318161,15,0,Kepler-167 e,Kepler-167,Transit,0,1071.23228,4890.0,0.73,0.77
2558,Chunk 4 interaction,0.2776332170875345,0.5333333333333333,0.24158345434898998,15,1,Kepler-1704 b,Kepler-1704,Transit,0,988.88113,5745.0,1.7,1.13
2558,Full stellar structure,0.20917247575852088,0.3333333333333333,0.24158345434898998,15,0,Kepler-1704 b,Kepler-1704,Transit,0,988.88113,5745.0,1.7,1.13
2558,Method-adjusted full,0.2166125833783244,0.3333333333333333,0.24158345434898998,15,0,Kepler-1704 b,Kepler-1704,Transit,0,988.88113,5745.0,1.7,1.13
2558,Period + method,0.2131218942080268,0.3333333333333333,0.24158345434898998,15,0,Kepler-1704 b,Kepler-1704,Transit,0,988.88113,5745.0,1.7,1.13
2558,Period-only curved,0.2934338615369704,0.6666666666666666,0.24158345434898998,15,1,Kepler-1704 b,Kepler-1704,Transit,0,988.88113,5745.0,1.7,1.13
2577,Chunk 4 interaction,0.05172415862074499,0.0,0.2537465586631686,15,0,Kepler-177 b,Kepler-177,Transit,0,36.8601,5732.0,1.32,0.92
2577,Full stellar structure,0.05425069023646457,0.0,0.2537465586631686,15,0,Kepler-177 b,Kepler-177,Transit,0,36.8601,5732.0,1.32,0.92
2577,Method-adjusted full,0.05451275435646394,0.0,0.2537465586631686,15,0,Kepler-177 b,Kepler-177,Transit,0,36.8601,5732.0,1.32,0.92
2577,Period + method,0.19774648682264537,0.26666666666666666,0.2537465586631686,15,0,Kepler-177 b,Kepler-177,Transit,0,36.8601,5732.0,1.32,0.92
2577,Period-only curved,0.22902608082881595,0.4,0.2537465586631686,15,0,Kepler-177 b,Kepler-177,Transit,0,36.8601,5732.0,1.32,0.92
2578,Chunk 4 interaction,0.07218811090045851,0.0,0.2537465586631686,15,0,Kepler-177 c,Kepler-177,Transit,0,49.40926,5732.0,1.32,0.92
2578,Full stellar structure,0.07549691424294808,0.0,0.2537465586631686,15,0,Kepler-177 c,Kepler-177,Transit,0,49.40926,5732.0,1.32,0.92
2578,Method-adjusted full,0.07603367315358332,0.0,0.2537465586631686,15,0,Kepler-177 c,Kepler-177,Transit,0,49.40926,5732.0,1.32,0.92
2578,Period + method,0.23251367694688663,0.3333333333333333,0.2537465586631686,15,0,Kepler-177 c,Kepler-177,Transit,0,49.40926,5732.0,1.32,0.92
2578,Period-only curved,0.2700338840576073,0.6,0.2537465586631686,15,1,Kepler-177 c,Kepler-177,Transit,0,49.40926,5732.0,1.32,0.92
2604,Chunk 4 interaction,0.6644988133976736,1.0,0.267566527966461,15,1,Kepler-186 f,Kepler-186,Transit,0,129.9441,3755.0,0.52,0.54
2604,Full stellar structure,0.6465179030707436,1.0,0.267566527966461,15,1,Kepler-186 f,Kepler-186,Transit,0,129.9441,3755.0,0.52,0.54
2604,Method-adjusted full,0.6481367404996103,1.0,0.267566527966461,15,1,Kepler-186 f,Kepler-186,Transit,0,129.9441,3755.0,0.52,0.54
2604,Period + method,0.31115175379942994,0.8,0.267566527966461,15,1,Kepler-186 f,Kepler-186,Transit,0,129.9441,3755.0,0.52,0.54
2604,Period-only curved,0.3728109795623599,1.0,0.267566527966461,15,1,Kepler-186 f,Kepler-186,Transit,0,129.9441,3755.0,0.52,0.54
2819,Chunk 4 interaction,0.11236192923054689,0.0,0.24348693629716264,15,0,Kepler-26 b,Kepler-26,Transit,0,12.28,3914.0,0.51,0.54
2819,Full stellar structure,0.06895570867923997,0.0,0.24348693629716264,15,0,Kepler-26 b,Kepler-26,Transit,0,12.28,3914.0,0.51,0.54
2819,Method-adjusted full,0.06903705817692982,0.0,0.24348693629716264,15,0,Kepler-26 b,Kepler-26,Transit,0,12.28,3914.0,0.51,0.54
2819,Period + method,0.06957643025036334,0.0,0.24348693629716264,15,0,Kepler-26 b,Kepler-26,Transit,0,12.28,3914.0,0.51,0.54
2819,Period-only curved,0.08101175344765912,0.0,0.24348693629716264,15,0,Kepler-26 b,Kepler-26,Transit,0,12.28,3914.0,0.51,0.54
2820,Chunk 4 interaction,0.17097734286069907,0.0,0.24348693629716264,15,0,Kepler-26 c,Kepler-26,Transit,0,17.2559,3914.0,0.51,0.54
2820,Full stellar structure,0.1159328215221002,0.0,0.24348693629716264,15,0,Kepler-26 c,Kepler-26,Transit,0,17.2559,3914.0,0.51,0.54
2820,Method-adjusted full,0.11607792892252695,0.0,0.24348693629716264,15,0,Kepler-26 c,Kepler-26,Transit,0,17.2559,3914.0,0.51,0.54
2820,Period + method,0.10222841761840537,0.0,0.24348693629716264,15,0,Kepler-26 c,Kepler-26,Transit,0,17.2559,3914.0,0.51,0.54
2820,Period-only curved,0.11925102095308755,0.0,0.24348693629716264,15,0,Kepler-26 c,Kepler-26,Transit,0,17.2559,3914.0,0.51,0.54
2901,Chunk 4 interaction,0.01195297114184104,0.0,0.24998641029313665,15,0,Kepler-29 b,Kepler-29,Transit,0,10.33974,5378.0,0.73,0.76
2901,Full stellar structure,0.01910771476117325,0.0,0.24998641029313665,15,0,Kepler-29 b,Kepler-29,Transit,0,10.33974,5378.0,0.73,0.76
2901,Method-adjusted full,0.019233461789080683,0.0,0.24998641029313665,15,0,Kepler-29 b,Kepler-29,Transit,0,10.33974,5378.0,0.73,0.76
2901,Period + method,0.05737105940596275,0.0,0.24998641029313665,15,0,Kepler-29 b,Kepler-29,Transit,0,10.33974,5378.0,0.73,0.76
2901,Period-only curved,0.0651587905504638,0.0,0.24998641029313665,15,0,Kepler-29 b,Kepler-29,Transit,0,10.33974,5378.0,0.73,0.76
2902,Chunk 4 interaction,0.01844771897150333,0.0,0.24998641029313665,15,0,Kepler-29 c,Kepler-29,Transit,0,13.28613,5378.0,0.73,0.76
2902,Full stellar structure,0.02945362470871606,0.0,0.24998641029313665,15,0,Kepler-29 c,Kepler-29,Transit,0,13.28613,5378.0,0.73,0.76
2902,Method-adjusted full,0.0296790926334546,0.0,0.24998641029313665,15,0,Kepler-29 c,Kepler-29,Transit,0,13.28613,5378.0,0.73,0.76
2902,Period + method,0.07891359251523805,0.0,0.24998641029313665,15,0,Kepler-29 c,Kepler-29,Transit,0,13.28613,5378.0,0.73,0.76
2902,Period-only curved,0.0897208366176159,0.0,0.24998641029313665,15,0,Kepler-29 c,Kepler-29,Transit,0,13.28613,5378.0,0.73,0.76
2919,Chunk 4 interaction,0.13148627460124296,0.0,0.23626252569196088,15,0,Kepler-296 b,Kepler-296,Transit,0,10.864384,3740.0,0.48,0.5
2919,Full stellar structure,0.06985313856522553,0.0,0.23626252569196088,15,0,Kepler-296 b,Kepler-296,Transit,0,10.864384,3740.0,0.48,0.5
2919,Method-adjusted full,0.07023360011350793,0.0,0.23626252569196088,15,0,Kepler-296 b,Kepler-296,Transit,0,10.864384,3740.0,0.48,0.5
2919,Period + method,0.06435359880025798,0.0,0.23626252569196088,15,0,Kepler-296 b,Kepler-296,Transit,0,10.864384,3740.0,0.48,0.5
2919,Period-only curved,0.07552031659198478,0.0,0.23626252569196088,15,0,Kepler-296 b,Kepler-296,Transit,0,10.864384,3740.0,0.48,0.5
2920,Chunk 4 interaction,0.051482196102828455,0.0,0.23626252569196088,15,0,Kepler-296 c,Kepler-296,Transit,0,5.8416366,3740.0,0.48,0.5
2920,Full stellar structure,0.022100624843332896,0.0,0.23626252569196088,15,0,Kepler-296 c,Kepler-296,Transit,0,5.8416366,3740.0,0.48,0.5
2920,Method-adjusted full,0.022222402451339347,0.0,0.23626252569196088,15,0,Kepler-296 c,Kepler-296,Transit,0,5.8416366,3740.0,0.48,0.5
2920,Period + method,0.026647903370308406,0.0,0.23626252569196088,15,0,Kepler-296 c,Kepler-296,Transit,0,5.8416366,3740.0,0.48,0.5
2920,Period-only curved,0.03116339672855913,0.0,0.23626252569196088,15,0,Kepler-296 c,Kepler-296,Transit,0,5.8416366,3740.0,0.48,0.5
2921,Chunk 4 interaction,0.2584618401192925,0.8666666666666667,0.23626252569196088,15,1,Kepler-296 d,Kepler-296,Transit,0,19.850291,3740.0,0.48,0.5
2921,Full stellar structure,0.17146362526845307,0.0,0.23626252569196088,15,0,Kepler-296 d,Kepler-296,Transit,0,19.850291,3740.0,0.48,0.5
2921,Method-adjusted full,0.1724506253666448,0.06666666666666667,0.23626252569196088,15,0,Kepler-296 d,Kepler-296,Transit,0,19.850291,3740.0,0.48,0.5
2921,Period + method,0.12322795311709284,0.0,0.23626252569196088,15,0,Kepler-296 d,Kepler-296,Transit,0,19.850291,3740.0,0.48,0.5
2921,Period-only curved,0.14537662786009076,0.0,0.23626252569196088,15,0,Kepler-296 d,Kepler-296,Transit,0,19.850291,3740.0,0.48,0.5
2922,Chunk 4 interaction,0.39142923091449205,1.0,0.23626252569196088,15,1,Kepler-296 e,Kepler-296,Transit,1,34.14211,3740.0,0.48,0.5
2922,Full stellar structure,0.31142135806766097,0.8666666666666667,0.23626252569196088,15,1,Kepler-296 e,Kepler-296,Transit,1,34.14211,3740.0,0.48,0.5
2922,Method-adjusted full,0.3131885570923732,0.9333333333333333,0.23626252569196088,15,1,Kepler-296 e,Kepler-296,Transit,1,34.14211,3740.0,0.48,0.5
2922,Period + method,0.1867304683813807,0.13333333333333333,0.23626252569196088,15,0,Kepler-296 e,Kepler-296,Transit,1,34.14211,3740.0,0.48,0.5
2922,Period-only curved,0.22160239034147527,0.4666666666666667,0.23626252569196088,15,0,Kepler-296 e,Kepler-296,Transit,1,34.14211,3740.0,0.48,0.5
2923,Chunk 4 interaction,0.5239585420941374,1.0,0.23626252569196088,15,1,Kepler-296 f,Kepler-296,Transit,1,63.33627,3740.0,0.48,0.5
2923,Full stellar structure,0.48534309119984453,1.0,0.23626252569196088,15,1,Kepler-296 f,Kepler-296,Transit,1,63.33627,3740.0,0.48,0.5
2923,Method-adjusted full,0.48772938263239646,1.0,0.23626252569196088,15,1,Kepler-296 f,Kepler-296,Transit,1,63.33627,3740.0,0.48,0.5
2923,Period + method,0.2520544166757433,0.8,0.23626252569196088,15,1,Kepler-296 f,Kepler-296,Transit,1,63.33627,3740.0,0.48,0.5
2923,Period-only curved,0.30220876570164923,0.8666666666666667,0.23626252569196088,15,1,Kepler-296 f,Kepler-296,Transit,1,63.33627,3740.0,0.48,0.5
2957,Chunk 4 interaction,0.011960261249076226,0.0,0.23084013802401307,15,0,Kepler-307 b,Kepler-307,Transit,0,10.4208,5367.0,0.81,0.91
2957,Full stellar structure,0.012639761184937795,0.0,0.23084013802401307,15,0,Kepler-307 b,Kepler-307,Transit,0,10.4208,5367.0,0.81,0.91
2957,Method-adjusted full,0.012627247999302761,0.0,0.23084013802401307,15,0,Kepler-307 b,Kepler-307,Transit,0,10.4208,5367.0,0.81,0.91
2957,Period + method,0.05874086317887019,0.0,0.23084013802401307,15,0,Kepler-307 b,Kepler-307,Transit,0,10.4208,5367.0,0.81,0.91
2957,Period-only curved,0.06894174934609448,0.0,0.23084013802401307,15,0,Kepler-307 b,Kepler-307,Transit,0,10.4208,5367.0,0.81,0.91
2958,Chunk 4 interaction,0.017841771419979828,0.0,0.23084013802401307,15,0,Kepler-307 c,Kepler-307,Transit,0,13.0729,5367.0,0.81,0.91
2958,Full stellar structure,0.018942930486637765,0.0,0.23084013802401307,15,0,Kepler-307 c,Kepler-307,Transit,0,13.0729,5367.0,0.81,0.91
2958,Method-adjusted full,0.018930807731929313,0.0,0.23084013802401307,15,0,Kepler-307 c,Kepler-307,Transit,0,13.0729,5367.0,0.81,0.91
2958,Period + method,0.07828724498685458,0.0,0.23084013802401307,15,0,Kepler-307 c,Kepler-307,Transit,0,13.0729,5367.0,0.81,0.91
2958,Period-only curved,0.09194829391433643,0.0,0.23084013802401307,15,0,Kepler-307 c,Kepler-307,Transit,0,13.0729,5367.0,0.81,0.91
3099,Chunk 4 interaction,0.008897899260492394,0.0,0.25666356603036067,15,0,Kepler-36 b,Kepler-36,Transit,0,13.86825,5979.0,1.63,1.03
3099,Full stellar structure,0.008679302945857592,0.0,0.25666356603036067,15,0,Kepler-36 b,Kepler-36,Transit,0,13.86825,5979.0,1.63,1.03
3099,Method-adjusted full,0.008667456469743477,0.0,0.25666356603036067,15,0,Kepler-36 b,Kepler-36,Transit,0,13.86825,5979.0,1.63,1.03
3099,Period + method,0.08312957864769972,0.0,0.25666356603036067,15,0,Kepler-36 b,Kepler-36,Transit,0,13.86825,5979.0,1.63,1.03
3099,Period-only curved,0.0974770614952276,0.0,0.25666356603036067,15,0,Kepler-36 b,Kepler-36,Transit,0,13.86825,5979.0,1.63,1.03
3100,Chunk 4 interaction,0.011591406236598507,0.0,0.25666356603036067,15,0,Kepler-36 c,Kepler-36,Transit,0,16.21865,5979.0,1.63,1.03
3100,Full stellar structure,0.011203126177251036,0.0,0.25666356603036067,15,0,Kepler-36 c,Kepler-36,Transit,0,16.21865,5979.0,1.63,1.03
3100,Method-adjusted full,0.011174592526219098,0.0,0.25666356603036067,15,0,Kepler-36 c,Kepler-36,Transit,0,16.21865,5979.0,1.63,1.03
3100,Period + method,0.09874639717045294,0.0,0.25666356603036067,15,0,Kepler-36 c,Kepler-36,Transit,0,16.21865,5979.0,1.63,1.03
3100,Period-only curved,0.11587102932559075,0.0,0.25666356603036067,15,0,Kepler-36 c,Kepler-36,Transit,0,16.21865,5979.0,1.63,1.03
3259,Chunk 4 interaction,0.23211405313674194,0.4,0.2627730863260866,15,0,Kepler-436 b,Kepler-436,Transit,1,64.00205,4651.0,0.7,0.73
3259,Full stellar structure,0.22351343178087577,0.4,0.2627730863260866,15,0,Kepler-436 b,Kepler-436,Transit,1,64.00205,4651.0,0.7,0.73
3259,Method-adjusted full,0.22201540460848276,0.4,0.2627730863260866,15,0,Kepler-436 b,Kepler-436,Transit,1,64.00205,4651.0,0.7,0.73
3259,Period + method,0.24660018628053823,0.4,0.2627730863260866,15,0,Kepler-436 b,Kepler-436,Transit,1,64.00205,4651.0,0.7,0.73
3259,Period-only curved,0.29696403453496195,0.6666666666666666,0.2627730863260866,15,1,Kepler-436 b,Kepler-436,Transit,1,64.00205,4651.0,0.7,0.73
3261,Chunk 4 interaction,0.2831190620864345,0.7333333333333333,0.23445298090328148,15,1,Kepler-437 b,Kepler-437,Transit,0,66.65062,4551.0,0.68,0.71
3261,Full stellar structure,0.26689979403042563,0.7333333333333333,0.23445298090328148,15,1,Kepler-437 b,Kepler-437,Transit,0,66.65062,4551.0,0.68,0.71
3261,Method-adjusted full,0.2719746317357553,0.7333333333333333,0.23445298090328148,15,1,Kepler-437 b,Kepler-437,Transit,0,66.65062,4551.0,0.68,0.71
3261,Period + method,0.27331684297311226,0.7333333333333333,0.23445298090328148,15,1,Kepler-437 b,Kepler-437,Transit,0,66.65062,4551.0,0.68,0.71
3261,Period-only curved,0.3131151818275402,0.8666666666666667,0.23445298090328148,15,1,Kepler-437 b,Kepler-437,Transit,0,66.65062,4551.0,0.68,0.71
3262,Chunk 4 interaction,0.373093384322524,1.0,0.2396711776300811,15,1,Kepler-438 b,Kepler-438,Transit,1,35.23319,3748.0,0.52,0.54
3262,Full stellar structure,0.25133360043710334,0.6666666666666666,0.2396711776300811,15,1,Kepler-438 b,Kepler-438,Transit,1,35.23319,3748.0,0.52,0.54
3262,Method-adjusted full,0.2520728537818167,0.6666666666666666,0.2396711776300811,15,1,Kepler-438 b,Kepler-438,Transit,1,35.23319,3748.0,0.52,0.54
3262,Period + method,0.17980671120810687,0.13333333333333333,0.2396711776300811,15,0,Kepler-438 b,Kepler-438,Transit,1,35.23319,3748.0,0.52,0.54
3262,Period-only curved,0.21463435960553817,0.4,0.2396711776300811,15,0,Kepler-438 b,Kepler-438,Transit,1,35.23319,3748.0,0.52,0.54
3263,Chunk 4 interaction,0.2380833646054105,0.4,0.2471245652182669,15,0,Kepler-439 b,Kepler-439,Transit,0,178.1396,5431.0,0.87,0.88
3263,Full stellar structure,0.2870753099591928,0.8,0.2471245652182669,15,1,Kepler-439 b,Kepler-439,Transit,0,178.1396,5431.0,0.87,0.88
3263,Method-adjusted full,0.2881049628438793,0.8,0.2471245652182669,15,1,Kepler-439 b,Kepler-439,Transit,0,178.1396,5431.0,0.87,0.88
3263,Period + method,0.31342751953884235,0.9333333333333333,0.2471245652182669,15,1,Kepler-439 b,Kepler-439,Transit,0,178.1396,5431.0,0.87,0.88
3263,Period-only curved,0.38184628893914824,1.0,0.2471245652182669,15,1,Kepler-439 b,Kepler-439,Transit,0,178.1396,5431.0,0.87,0.88
3265,Chunk 4 interaction,0.42737913390555776,1.0,0.24874461366047662,15,1,Kepler-440 b,Kepler-440,Transit,1,101.11141,4134.0,0.56,0.57
3265,Full stellar structure,0.4543919423007347,1.0,0.24874461366047662,15,1,Kepler-440 b,Kepler-440,Transit,1,101.11141,4134.0,0.56,0.57
3265,Method-adjusted full,0.4496574832081887,1.0,0.24874461366047662,15,1,Kepler-440 b,Kepler-440,Transit,1,101.11141,4134.0,0.56,0.57
3265,Period + method,0.2645181970844513,0.5333333333333333,0.24874461366047662,15,1,Kepler-440 b,Kepler-440,Transit,1,101.11141,4134.0,0.56,0.57
3265,Period-only curved,0.33269048433549686,0.8666666666666667,0.24874461366047662,15,1,Kepler-440 b,Kepler-440,Transit,1,101.11141,4134.0,0.56,0.57
3266,Chunk 4 interaction,0.5242993456889197,1.0,0.2535696612112996,15,1,Kepler-441 b,Kepler-441,Transit,0,207.2482,4340.0,0.55,0.57
3266,Full stellar structure,0.6734091011649405,1.0,0.2535696612112996,15,1,Kepler-441 b,Kepler-441,Transit,0,207.2482,4340.0,0.55,0.57
3266,Method-adjusted full,0.6816950204081844,1.0,0.2535696612112996,15,1,Kepler-441 b,Kepler-441,Transit,0,207.2482,4340.0,0.55,0.57
3266,Period + method,0.31388808624719966,0.8,0.2535696612112996,15,1,Kepler-441 b,Kepler-441,Transit,0,207.2482,4340.0,0.55,0.57
3266,Period-only curved,0.3831690603993107,1.0,0.2535696612112996,15,1,Kepler-441 b,Kepler-441,Transit,0,207.2482,4340.0,0.55,0.57
3267,Chunk 4 interaction,0.3909053945441456,1.0,0.22375111401149217,15,1,Kepler-442 b,Kepler-442,Transit,1,112.3053,4402.0,0.6,0.61
3267,Full stellar structure,0.44696329990062156,1.0,0.22375111401149217,15,1,Kepler-442 b,Kepler-442,Transit,1,112.3053,4402.0,0.6,0.61
3267,Method-adjusted full,0.44264584775143995,1.0,0.22375111401149217,15,1,Kepler-442 b,Kepler-442,Transit,1,112.3053,4402.0,0.6,0.61
3267,Period + method,0.28126662953790926,0.9333333333333333,0.22375111401149217,15,1,Kepler-442 b,Kepler-442,Transit,1,112.3053,4402.0,0.6,0.61
3267,Period-only curved,0.34632016584855624,1.0,0.22375111401149217,15,1,Kepler-442 b,Kepler-442,Transit,1,112.3053,4402.0,0.6,0.61
3268,Chunk 4 interaction,0.3558184360115063,1.0,0.24411743653003845,15,1,Kepler-443 b,Kepler-443,Transit,1,177.6693,4723.0,0.71,0.74
3268,Full stellar structure,0.38466852902736287,1.0,0.24411743653003845,15,1,Kepler-443 b,Kepler-443,Transit,1,177.6693,4723.0,0.71,0.74
3268,Method-adjusted full,0.3795647297089327,1.0,0.24411743653003845,15,1,Kepler-443 b,Kepler-443,Transit,1,177.6693,4723.0,0.71,0.74
3268,Period + method,0.29158299688200656,0.8666666666666667,0.24411743653003845,15,1,Kepler-443 b,Kepler-443,Transit,1,177.6693,4723.0,0.71,0.74
3268,Period-only curved,0.371241013723861,1.0,0.24411743653003845,15,1,Kepler-443 b,Kepler-443,Transit,1,177.6693,4723.0,0.71,0.74
3288,Chunk 4 interaction,0.20802484317891143,0.2,0.23840598522901177,15,0,Kepler-452 b,Kepler-452,Transit,1,384.843,5757.0,1.11,1.04
3288,Full stellar structure,0.2133109972795866,0.2,0.23840598522901177,15,0,Kepler-452 b,Kepler-452,Transit,1,384.843,5757.0,1.11,1.04
3288,Method-adjusted full,0.2100063615818877,0.26666666666666666,0.23840598522901177,15,0,Kepler-452 b,Kepler-452,Transit,1,384.843,5757.0,1.11,1.04
3288,Period + method,0.2511197884464023,0.6,0.23840598522901177,15,1,Kepler-452 b,Kepler-452,Transit,1,384.843,5757.0,1.11,1.04
3288,Period-only curved,0.33738214973276814,0.9333333333333333,0.23840598522901177,15,1,Kepler-452 b,Kepler-452,Transit,1,384.843,5757.0,1.11,1.04
3401,Chunk 4 interaction,0.12913626405136636,0.0,0.240095538191951,15,0,Kepler-538 b,Kepler-538,Transit,0,81.73778,5547.0,0.87,0.89
3401,Full stellar structure,0.16683832309513474,0.0,0.240095538191951,15,0,Kepler-538 b,Kepler-538,Transit,0,81.73778,5547.0,0.87,0.89
3401,Method-adjusted full,0.16751707274454694,0.0,0.240095538191951,15,0,Kepler-538 b,Kepler-538,Transit,0,81.73778,5547.0,0.87,0.89
3401,Period + method,0.2721268009610347,0.8,0.240095538191951,15,1,Kepler-538 b,Kepler-538,Transit,0,81.73778,5547.0,0.87,0.89
3401,Period-only curved,0.32524646361900467,1.0,0.240095538191951,15,1,Kepler-538 b,Kepler-538,Transit,0,81.73778,5547.0,0.87,0.89
3488,Chunk 4 interaction,0.00297048382358756,0.0,0.234959613218687,15,0,Kepler-60 b,Kepler-60,Transit,0,7.1334,5905.0,1.26,1.04
3488,Full stellar structure,0.0034120699119475815,0.0,0.234959613218687,15,0,Kepler-60 b,Kepler-60,Transit,0,7.1334,5905.0,1.26,1.04
3488,Method-adjusted full,0.003409946423674291,0.0,0.234959613218687,15,0,Kepler-60 b,Kepler-60,Transit,0,7.1334,5905.0,1.26,1.04
3488,Period + method,0.03415243848284756,0.0,0.234959613218687,15,0,Kepler-60 b,Kepler-60,Transit,0,7.1334,5905.0,1.26,1.04
3488,Period-only curved,0.04016698044271456,0.0,0.234959613218687,15,0,Kepler-60 b,Kepler-60,Transit,0,7.1334,5905.0,1.26,1.04
3489,Chunk 4 interaction,0.004647359587374954,0.0,0.234959613218687,15,0,Kepler-60 c,Kepler-60,Transit,0,8.9187,5905.0,1.26,1.04
3489,Full stellar structure,0.00526298699132816,0.0,0.234959613218687,15,0,Kepler-60 c,Kepler-60,Transit,0,8.9187,5905.0,1.26,1.04
3489,Method-adjusted full,0.005261584350588278,0.0,0.234959613218687,15,0,Kepler-60 c,Kepler-60,Transit,0,8.9187,5905.0,1.26,1.04
3489,Period + method,0.04739736205516109,0.0,0.234959613218687,15,0,Kepler-60 c,Kepler-60,Transit,0,8.9187,5905.0,1.26,1.04
3489,Period-only curved,0.05567247361675678,0.0,0.234959613218687,15,0,Kepler-60 c,Kepler-60,Transit,0,8.9187,5905.0,1.26,1.04
3490,Chunk 4 interaction,0.007995257107372766,0.0,0.234959613218687,15,0,Kepler-60 d,Kepler-60,Transit,0,11.8981,5905.0,1.26,1.04
3490,Full stellar structure,0.008900662156073942,0.0,0.234959613218687,15,0,Kepler-60 d,Kepler-60,Transit,0,11.8981,5905.0,1.26,1.04
3490,Method-adjusted full,0.008902932245271219,0.0,0.234959613218687,15,0,Kepler-60 d,Kepler-60,Transit,0,11.8981,5905.0,1.26,1.04
3490,Period + method,0.06934086453050388,0.0,0.234959613218687,15,0,Kepler-60 d,Kepler-60,Transit,0,11.8981,5905.0,1.26,1.04
3490,Period-only curved,0.08139091530139454,0.0,0.234959613218687,15,0,Kepler-60 d,Kepler-60,Transit,0,11.8981,5905.0,1.26,1.04
4003,Chunk 4 interaction,0.01492950111084052,0.0,0.23676362015995694,15,0,L 98-59 b,L 98-59,Transit,0,2.2531136,3415.0,0.3,0.27
4003,Full stellar structure,0.011126585088038467,0.0,0.23676362015995694,15,0,L 98-59 b,L 98-59,Transit,0,2.2531136,3415.0,0.3,0.27
4003,Method-adjusted full,0.011346241942104464,0.0,0.23676362015995694,15,0,L 98-59 b,L 98-59,Transit,0,2.2531136,3415.0,0.3,0.27
4003,Period + method,0.003971866081204447,0.0,0.23676362015995694,15,0,L 98-59 b,L 98-59,Transit,0,2.2531136,3415.0,0.3,0.27
4003,Period-only curved,0.004650444341720575,0.0,0.23676362015995694,15,0,L 98-59 b,L 98-59,Transit,0,2.2531136,3415.0,0.3,0.27
4004,Chunk 4 interaction,0.03983846939425719,0.0,0.23676362015995694,15,0,L 98-59 c,L 98-59,Transit,0,3.6906777,3415.0,0.3,0.27
4004,Full stellar structure,0.03437948858118505,0.0,0.23676362015995694,15,0,L 98-59 c,L 98-59,Transit,0,3.6906777,3415.0,0.3,0.27
4004,Method-adjusted full,0.03504949543456717,0.0,0.23676362015995694,15,0,L 98-59 c,L 98-59,Transit,0,3.6906777,3415.0,0.3,0.27
4004,Period + method,0.010723095655194066,0.0,0.23676362015995694,15,0,L 98-59 c,L 98-59,Transit,0,3.6906777,3415.0,0.3,0.27
4004,Period-only curved,0.012442052897443432,0.0,0.23676362015995694,15,0,L 98-59 c,L 98-59,Transit,0,3.6906777,3415.0,0.3,0.27
4005,Chunk 4 interaction,0.12596973882220902,0.0,0.23676362015995694,15,0,L 98-59 d,L 98-59,Transit,0,7.4507245,3415.0,0.3,0.27
4005,Full stellar structure,0.1329199681737378,0.0,0.23676362015995694,15,0,L 98-59 d,L 98-59,Transit,0,7.4507245,3415.0,0.3,0.27
4005,Method-adjusted full,0.1353285097814643,0.0,0.23676362015995694,15,0,L 98-59 d,L 98-59,Transit,0,7.4507245,3415.0,0.3,0.27
4005,Period + method,0.035384066549269136,0.0,0.23676362015995694,15,0,L 98-59 d,L 98-59,Transit,0,7.4507245,3415.0,0.3,0.27
4005,Period-only curved,0.04084244149724667,0.0,0.23676362015995694,15,0,L 98-59 d,L 98-59,Transit,0,7.4507245,3415.0,0.3,0.27
4010,Chunk 4 interaction,0.0011429547696604999,0.0,0.24253853229279765,15,0,LHS 1678 b,LHS 1678,Transit,0,0.8602322,3490.0,0.33,0.34
4010,Full stellar structure,0.00047588526723804067,0.0,0.24253853229279765,15,0,LHS 1678 b,LHS 1678,Transit,0,0.8602322,3490.0,0.33,0.34
4010,Method-adjusted full,0.0004943012827296824,0.0,0.24253853229279765,15,0,LHS 1678 b,LHS 1678,Transit,0,0.8602322,3490.0,0.33,0.34
4010,Period + method,0.0003899934919185793,0.0,0.24253853229279765,15,0,LHS 1678 b,LHS 1678,Transit,0,0.8602322,3490.0,0.33,0.34
4010,Period-only curved,0.00046904265494749806,0.0,0.24253853229279765,15,0,LHS 1678 b,LHS 1678,Transit,0,0.8602322,3490.0,0.33,0.34
4011,Chunk 4 interaction,0.03275853183279713,0.0,0.24253853229279765,15,0,LHS 1678 c,LHS 1678,Transit,0,3.694247,3490.0,0.33,0.34
4011,Full stellar structure,0.020823438005485768,0.0,0.24253853229279765,15,0,LHS 1678 c,LHS 1678,Transit,0,3.694247,3490.0,0.33,0.34
4011,Method-adjusted full,0.021456989454360375,0.0,0.24253853229279765,15,0,LHS 1678 c,LHS 1678,Transit,0,3.694247,3490.0,0.33,0.34
4011,Period + method,0.010750538065487151,0.0,0.24253853229279765,15,0,LHS 1678 c,LHS 1678,Transit,0,3.694247,3490.0,0.33,0.34
4011,Period-only curved,0.012435460332234825,0.0,0.24253853229279765,15,0,LHS 1678 c,LHS 1678,Transit,0,3.694247,3490.0,0.33,0.34
4013,Chunk 4 interaction,0.0008072130694715267,0.0,0.2501784332986762,15,0,LHS 3844 b,LHS 3844,Transit,0,0.46292913,3036.0,0.19,0.15
4013,Full stellar structure,0.000515407240057551,0.0,0.2501784332986762,15,0,LHS 3844 b,LHS 3844,Transit,0,0.46292913,3036.0,0.19,0.15
4013,Method-adjusted full,0.0005031307770104739,0.0,0.2501784332986762,15,0,LHS 3844 b,LHS 3844,Transit,0,0.46292913,3036.0,0.19,0.15
4013,Period + method,7.520755572164223e-05,0.0,0.2501784332986762,15,0,LHS 3844 b,LHS 3844,Transit,0,0.46292913,3036.0,0.19,0.15
4013,Period-only curved,9.58254238586517e-05,0.0,0.2501784332986762,15,0,LHS 3844 b,LHS 3844,Transit,0,0.46292913,3036.0,0.19,0.15
4015,Chunk 4 interaction,0.00810796321795758,0.0,0.24163658052091452,15,0,LP 791-18 b,LP 791-18,Transit,0,0.948005,2960.0,0.17,0.14
4015,Full stellar structure,0.007452550050796144,0.0,0.24163658052091452,15,0,LP 791-18 b,LP 791-18,Transit,0,0.948005,2960.0,0.17,0.14
4015,Method-adjusted full,0.007698593667060585,0.0,0.24163658052091452,15,0,LP 791-18 b,LP 791-18,Transit,0,0.948005,2960.0,0.17,0.14
4015,Period + method,0.0005580143145857363,0.0,0.24163658052091452,15,0,LP 791-18 b,LP 791-18,Transit,0,0.948005,2960.0,0.17,0.14
4015,Period-only curved,0.0006483908869300251,0.0,0.24163658052091452,15,0,LP 791-18 b,LP 791-18,Transit,0,0.948005,2960.0,0.17,0.14
4016,Chunk 4 interaction,0.1853578506794715,0.13333333333333333,0.24163658052091452,15,0,LP 791-18 c,LP 791-18,Transit,0,4.989963,2960.0,0.17,0.14
4016,Full stellar structure,0.2906989542269173,0.8,0.24163658052091452,15,1,LP 791-18 c,LP 791-18,Transit,0,4.989963,2960.0,0.17,0.14
4016,Method-adjusted full,0.29510267618428176,0.9333333333333333,0.24163658052091452,15,1,LP 791-18 c,LP 791-18,Transit,0,4.989963,2960.0,0.17,0.14
4016,Period + method,0.018421645756325752,0.0,0.24163658052091452,15,0,LP 791-18 c,LP 791-18,Transit,0,4.989963,2960.0,0.17,0.14
4016,Period-only curved,0.02119731998476239,0.0,0.24163658052091452,15,0,LP 791-18 c,LP 791-18,Transit,0,4.989963,2960.0,0.17,0.14
4019,Chunk 4 interaction,0.0015335769359399666,0.0,0.2403529950523526,15,0,LTT 3780 b,LTT 3780,Transit,0,0.768448,3331.0,0.37,0.4
4019,Full stellar structure,0.0003291732117404331,0.0,0.2403529950523526,15,0,LTT 3780 b,LTT 3780,Transit,0,0.768448,3331.0,0.37,0.4
4019,Method-adjusted full,0.00032256381357051743,0.0,0.2403529950523526,15,0,LTT 3780 b,LTT 3780,Transit,0,0.768448,3331.0,0.37,0.4
4019,Period + method,0.00033736126194214646,0.0,0.2403529950523526,15,0,LTT 3780 b,LTT 3780,Transit,0,0.768448,3331.0,0.37,0.4
4019,Period-only curved,0.0004026695293423704,0.0,0.2403529950523526,15,0,LTT 3780 b,LTT 3780,Transit,0,0.768448,3331.0,0.37,0.4
4020,Chunk 4 interaction,0.2690624355741163,0.7333333333333333,0.2403529950523526,15,1,LTT 3780 c,LTT 3780,Transit,0,12.2519,3331.0,0.37,0.4
4020,Full stellar structure,0.1518867803814887,0.0,0.2403529950523526,15,0,LTT 3780 c,LTT 3780,Transit,0,12.2519,3331.0,0.37,0.4
4020,Method-adjusted full,0.1511273619311854,0.0,0.2403529950523526,15,0,LTT 3780 c,LTT 3780,Transit,0,12.2519,3331.0,0.37,0.4
4020,Period + method,0.06897424748553987,0.0,0.2403529950523526,15,0,LTT 3780 c,LTT 3780,Transit,0,12.2519,3331.0,0.37,0.4
4020,Period-only curved,0.08062069076169863,0.0,0.2403529950523526,15,0,LTT 3780 c,LTT 3780,Transit,0,12.2519,3331.0,0.37,0.4
4059,Chunk 4 interaction,0.00741673853981736,0.0,0.24255504421268356,15,0,NGTS-1 b,NGTS-1,Transit,0,2.647298,3916.0,0.57,0.62
4059,Full stellar structure,0.0021553156688281093,0.0,0.24255504421268356,15,0,NGTS-1 b,NGTS-1,Transit,0,2.647298,3916.0,0.57,0.62
4059,Method-adjusted full,0.0021576831156935312,0.0,0.24255504421268356,15,0,NGTS-1 b,NGTS-1,Transit,0,2.647298,3916.0,0.57,0.62
4059,Period + method,0.0059201782996939145,0.0,0.24255504421268356,15,0,NGTS-1 b,NGTS-1,Transit,0,2.647298,3916.0,0.57,0.62
4059,Period-only curved,0.006985187017743647,0.0,0.24255504421268356,15,0,NGTS-1 b,NGTS-1,Transit,0,2.647298,3916.0,0.57,0.62
4062,Chunk 4 interaction,0.0039801509250919735,0.0,0.23770442067706435,15,0,NGTS-12 b,NGTS-12,Transit,0,7.532806,5690.0,1.59,1.02
4062,Full stellar structure,0.0032318582914528096,0.0,0.23770442067706435,15,0,NGTS-12 b,NGTS-12,Transit,0,7.532806,5690.0,1.59,1.02
4062,Method-adjusted full,0.0032115327732203437,0.0,0.23770442067706435,15,0,NGTS-12 b,NGTS-12,Transit,0,7.532806,5690.0,1.59,1.02
4062,Period + method,0.036591543297499175,0.0,0.23770442067706435,15,0,NGTS-12 b,NGTS-12,Transit,0,7.532806,5690.0,1.59,1.02
4062,Period-only curved,0.04263985240854464,0.0,0.23770442067706435,15,0,NGTS-12 b,NGTS-12,Transit,0,7.532806,5690.0,1.59,1.02
4063,Chunk 4 interaction,0.00090497236112872,0.0,0.24628134112838962,15,0,NGTS-13 b,NGTS-13,Transit,0,4.119027,5819.0,1.79,1.3
4063,Full stellar structure,0.0005176346603737098,0.0,0.24628134112838962,15,0,NGTS-13 b,NGTS-13,Transit,0,4.119027,5819.0,1.79,1.3
4063,Method-adjusted full,0.0005176265296814115,0.0,0.24628134112838962,15,0,NGTS-13 b,NGTS-13,Transit,0,4.119027,5819.0,1.79,1.3
4063,Period + method,0.013879718766051187,0.0,0.24628134112838962,15,0,NGTS-13 b,NGTS-13,Transit,0,4.119027,5819.0,1.79,1.3
4063,Period-only curved,0.01632310157762589,0.0,0.24628134112838962,15,0,NGTS-13 b,NGTS-13,Transit,0,4.119027,5819.0,1.79,1.3
4065,Chunk 4 interaction,0.0008145467710750067,0.0,0.27685336720950693,15,0,NGTS-15 b,NGTS-15,Transit,0,3.27623,5600.0,0.95,0.99
4065,Full stellar structure,0.0009267907688542618,0.0,0.27685336720950693,15,0,NGTS-15 b,NGTS-15,Transit,0,3.27623,5600.0,0.95,0.99
4065,Method-adjusted full,0.0009274560389651545,0.0,0.27685336720950693,15,0,NGTS-15 b,NGTS-15,Transit,0,3.27623,5600.0,0.95,0.99
4065,Period + method,0.008978846911309481,0.0,0.27685336720950693,15,0,NGTS-15 b,NGTS-15,Transit,0,3.27623,5600.0,0.95,0.99
4065,Period-only curved,0.01062101892790763,0.0,0.27685336720950693,15,0,NGTS-15 b,NGTS-15,Transit,0,3.27623,5600.0,0.95,0.99
4066,Chunk 4 interaction,0.00208036292585924,0.0,0.2562893060936486,15,0,NGTS-16 b,NGTS-16,Transit,0,4.84532,5550.0,1.21,1.0
4066,Full stellar structure,0.0018187193686112913,0.0,0.2562893060936486,15,0,NGTS-16 b,NGTS-16,Transit,0,4.84532,5550.0,1.21,1.0
4066,Method-adjusted full,0.0018031190220925172,0.0,0.2562893060936486,15,0,NGTS-16 b,NGTS-16,Transit,0,4.84532,5550.0,1.21,1.0
4066,Period + method,0.017659617579779067,0.0,0.2562893060936486,15,0,NGTS-16 b,NGTS-16,Transit,0,4.84532,5550.0,1.21,1.0
4066,Period-only curved,0.020318309841739712,0.0,0.2562893060936486,15,0,NGTS-16 b,NGTS-16,Transit,0,4.84532,5550.0,1.21,1.0
4067,Chunk 4 interaction,0.0006603648421220067,0.0,0.2380628056568911,15,0,NGTS-17 b,NGTS-17,Transit,0,3.24253,5650.0,1.34,1.02
4067,Full stellar structure,0.0005897910580849437,0.0,0.2380628056568911,15,0,NGTS-17 b,NGTS-17,Transit,0,3.24253,5650.0,1.34,1.02
4067,Method-adjusted full,0.0005858737118277705,0.0,0.2380628056568911,15,0,NGTS-17 b,NGTS-17,Transit,0,3.24253,5650.0,1.34,1.02
4067,Period + method,0.008846263194813239,0.0,0.2380628056568911,15,0,NGTS-17 b,NGTS-17,Transit,0,3.24253,5650.0,1.34,1.02
4067,Period-only curved,0.010272236358778332,0.0,0.2380628056568911,15,0,NGTS-17 b,NGTS-17,Transit,0,3.24253,5650.0,1.34,1.02
4068,Chunk 4 interaction,0.00063115069637778,0.0,0.23907113123900944,15,0,NGTS-18 b,NGTS-18,Transit,0,3.05125,5610.0,1.39,1.0
4068,Full stellar structure,0.00051261895080065,0.0,0.23907113123900944,15,0,NGTS-18 b,NGTS-18,Transit,0,3.05125,5610.0,1.39,1.0
4068,Method-adjusted full,0.0005098677938132316,0.0,0.23907113123900944,15,0,NGTS-18 b,NGTS-18,Transit,0,3.05125,5610.0,1.39,1.0
4068,Period + method,0.007830602233961394,0.0,0.23907113123900944,15,0,NGTS-18 b,NGTS-18,Transit,0,3.05125,5610.0,1.39,1.0
4068,Period-only curved,0.009071764062192038,0.0,0.23907113123900944,15,0,NGTS-18 b,NGTS-18,Transit,0,3.05125,5610.0,1.39,1.0
4074,Chunk 4 interaction,0.0006636985114017267,0.0,0.23080636947135033,15,0,NGTS-8 b,NGTS-8,Transit,0,2.4997,5241.0,0.98,0.89
4074,Full stellar structure,0.0005566134913669015,0.0,0.23080636947135033,15,0,NGTS-8 b,NGTS-8,Transit,0,2.4997,5241.0,0.98,0.89
4074,Method-adjusted full,0.0005567873838757154,0.0,0.23080636947135033,15,0,NGTS-8 b,NGTS-8,Transit,0,2.4997,5241.0,0.98,0.89
4074,Period + method,0.0050312201966238035,0.0,0.23080636947135033,15,0,NGTS-8 b,NGTS-8,Transit,0,2.4997,5241.0,0.98,0.89
4074,Period-only curved,0.0060001433773396355,0.0,0.23080636947135033,15,0,NGTS-8 b,NGTS-8,Transit,0,2.4997,5241.0,0.98,0.89
4075,Chunk 4 interaction,0.0005911248996489133,0.0,0.24106437099016162,15,0,NGTS-9 b,NGTS-9,Transit,0,4.43527,6330.0,1.38,1.34
4075,Full stellar structure,0.000651803637577748,0.0,0.24106437099016162,15,0,NGTS-9 b,NGTS-9,Transit,0,4.43527,6330.0,1.38,1.34
4075,Method-adjusted full,0.0006505492993913305,0.0,0.24106437099016162,15,0,NGTS-9 b,NGTS-9,Transit,0,4.43527,6330.0,1.38,1.34
4075,Period + method,0.014647340990792821,0.0,0.24106437099016162,15,0,NGTS-9 b,NGTS-9,Transit,0,4.43527,6330.0,1.38,1.34
4075,Period-only curved,0.01745856044725738,0.0,0.24106437099016162,15,0,NGTS-9 b,NGTS-9,Transit,0,4.43527,6330.0,1.38,1.34
4172,Chunk 4 interaction,0.34775820337941227,1.0,0.2449930364510364,15,1,Proxima Cen b,Proxima Cen,Radial Velocity,1,11.186,3050.0,0.14,0.12
4172,Full stellar structure,0.6804633047492933,1.0,0.2449930364510364,15,1,Proxima Cen b,Proxima Cen,Radial Velocity,1,11.186,3050.0,0.14,0.12
4172,Method-adjusted full,0.6777689425756676,1.0,0.2449930364510364,15,1,Proxima Cen b,Proxima Cen,Radial Velocity,1,11.186,3050.0,0.14,0.12
4172,Period + method,0.11951418148428201,0.0,0.2449930364510364,15,0,Proxima Cen b,Proxima Cen,Radial Velocity,1,11.186,3050.0,0.14,0.12
4172,Period-only curved,0.06772902871742552,0.0,0.2449930364510364,15,0,Proxima Cen b,Proxima Cen,Radial Velocity,1,11.186,3050.0,0.14,0.12
4176,Chunk 4 interaction,0.00021930157709295332,0.0,0.23063279337036177,15,0,Qatar-3 b,Qatar-3,Transit,0,2.5079204,6007.0,1.27,1.15
4176,Full stellar structure,0.0002530156526987792,0.0,0.23063279337036177,15,0,Qatar-3 b,Qatar-3,Transit,0,2.5079204,6007.0,1.27,1.15
4176,Method-adjusted full,0.00025281233735361135,0.0,0.23063279337036177,15,0,Qatar-3 b,Qatar-3,Transit,0,2.5079204,6007.0,1.27,1.15
4176,Period + method,0.0050254802738468425,0.0,0.23063279337036177,15,0,Qatar-3 b,Qatar-3,Transit,0,2.5079204,6007.0,1.27,1.15
4176,Period-only curved,0.005983863681362745,0.0,0.23063279337036177,15,0,Qatar-3 b,Qatar-3,Transit,0,2.5079204,6007.0,1.27,1.15
4177,Chunk 4 interaction,0.00028568416686451333,0.0,0.22429102510729815,15,0,Qatar-4 b,Qatar-4,Transit,0,1.8053564,5215.0,0.85,0.9
4177,Full stellar structure,0.0002566337253893753,0.0,0.22429102510729815,15,0,Qatar-4 b,Qatar-4,Transit,0,1.8053564,5215.0,0.85,0.9
4177,Method-adjusted full,0.00025841394647147393,0.0,0.22429102510729815,15,0,Qatar-4 b,Qatar-4,Transit,0,1.8053564,5215.0,0.85,0.9
4177,Period + method,0.002445437572117289,0.0,0.22429102510729815,15,0,Qatar-4 b,Qatar-4,Transit,0,1.8053564,5215.0,0.85,0.9
4177,Period-only curved,0.0029262794953399053,0.0,0.22429102510729815,15,0,Qatar-4 b,Qatar-4,Transit,0,1.8053564,5215.0,0.85,0.9
4178,Chunk 4 interaction,0.0004628058301714,0.0,0.24788638960332393,15,0,Qatar-5 b,Qatar-5,Transit,0,2.8792319,5747.0,1.08,1.13
4178,Full stellar structure,0.000452666869015764,0.0,0.24788638960332393,15,0,Qatar-5 b,Qatar-5,Transit,0,2.8792319,5747.0,1.08,1.13
4178,Method-adjusted full,0.0004471350975048554,0.0,0.24788638960332393,15,0,Qatar-5 b,Qatar-5,Transit,0,2.8792319,5747.0,1.08,1.13
4178,Period + method,0.006886089933432721,0.0,0.24788638960332393,15,0,Qatar-5 b,Qatar-5,Transit,0,2.8792319,5747.0,1.08,1.13
4178,Period-only curved,0.00793270336271602,0.0,0.24788638960332393,15,0,Qatar-5 b,Qatar-5,Transit,0,2.8792319,5747.0,1.08,1.13
4186,Chunk 4 interaction,0.24057448307428939,0.5333333333333333,0.24820442732978634,15,1,Ross 128 b,Ross 128,Radial Velocity,1,9.8658,3192.0,0.2,0.17
4186,Full stellar structure,0.41449010383993623,1.0,0.24820442732978634,15,1,Ross 128 b,Ross 128,Radial Velocity,1,9.8658,3192.0,0.2,0.17
4186,Method-adjusted full,0.38735834181711254,1.0,0.24820442732978634,15,1,Ross 128 b,Ross 128,Radial Velocity,1,9.8658,3192.0,0.2,0.17
4186,Period + method,0.09019671690634458,0.0,0.24820442732978634,15,0,Ross 128 b,Ross 128,Radial Velocity,1,9.8658,3192.0,0.2,0.17
4186,Period-only curved,0.05605784217237968,0.0,0.24820442732978634,15,0,Ross 128 b,Ross 128,Radial Velocity,1,9.8658,3192.0,0.2,0.17
4196,Chunk 4 interaction,0.00187860338472068,0.0,0.24678871572082509,15,0,TOI-1062 b,TOI-1062,Transit,0,4.11296,5328.0,0.84,0.94
4196,Full stellar structure,0.0018017503422457248,0.0,0.24678871572082509,15,0,TOI-1062 b,TOI-1062,Transit,0,4.11296,5328.0,0.84,0.94
4196,Method-adjusted full,0.0017995674640678555,0.0,0.24678871572082509,15,0,TOI-1062 b,TOI-1062,Transit,0,4.11296,5328.0,0.84,0.94
4196,Period + method,0.013971367735861735,0.0,0.24678871572082509,15,0,TOI-1062 b,TOI-1062,Transit,0,4.11296,5328.0,0.84,0.94
4196,Period-only curved,0.016012955621654404,0.0,0.24678871572082509,15,0,TOI-1062 b,TOI-1062,Transit,0,4.11296,5328.0,0.84,0.94
4197,Chunk 4 interaction,0.007201887144334667,0.0,0.24678871572082509,15,0,TOI-1062 c,TOI-1062,Transit,0,7.972,5328.0,0.84,0.94
4197,Full stellar structure,0.006920369931978098,0.0,0.24678871572082509,15,0,TOI-1062 c,TOI-1062,Transit,0,7.972,5328.0,0.84,0.94
4197,Method-adjusted full,0.006918027888252371,0.0,0.24678871572082509,15,0,TOI-1062 c,TOI-1062,Transit,0,7.972,5328.0,0.84,0.94
4197,Period + method,0.0409169769427308,0.0,0.24678871572082509,15,0,TOI-1062 c,TOI-1062,Transit,0,7.972,5328.0,0.84,0.94
4197,Period-only curved,0.047167029679056144,0.0,0.24678871572082509,15,0,TOI-1062 c,TOI-1062,Transit,0,7.972,5328.0,0.84,0.94
4200,Chunk 4 interaction,0.016680693193397853,0.0,0.26359495914365977,15,0,TOI-1201 b,TOI-1201,Transit,0,2.4919863,3476.0,0.51,0.51
4200,Full stellar structure,0.003281531167576572,0.0,0.26359495914365977,15,0,TOI-1201 b,TOI-1201,Transit,0,2.4919863,3476.0,0.51,0.51
4200,Method-adjusted full,0.0033557854976263273,0.0,0.26359495914365977,15,0,TOI-1201 b,TOI-1201,Transit,0,2.4919863,3476.0,0.51,0.51
4200,Period + method,0.004940588647960191,0.0,0.26359495914365977,15,0,TOI-1201 b,TOI-1201,Transit,0,2.4919863,3476.0,0.51,0.51
4200,Period-only curved,0.005767058530662866,0.0,0.26359495914365977,15,0,TOI-1201 b,TOI-1201,Transit,0,2.4919863,3476.0,0.51,0.51
4201,Chunk 4 interaction,0.07101815684026068,0.0,0.23812821745604748,15,0,TOI-122 b,TOI-122,Transit,0,5.07803,3403.0,0.33,0.31
4201,Full stellar structure,0.049403318471900416,0.0,0.23812821745604748,15,0,TOI-122 b,TOI-122,Transit,0,5.07803,3403.0,0.33,0.31
4201,Method-adjusted full,0.05072058868145877,0.0,0.23812821745604748,15,0,TOI-122 b,TOI-122,Transit,0,5.07803,3403.0,0.33,0.31
4201,Period + method,0.01869240244292972,0.0,0.23812821745604748,15,0,TOI-122 b,TOI-122,Transit,0,5.07803,3403.0,0.33,0.31
4201,Period-only curved,0.021486986272094347,0.0,0.23812821745604748,15,0,TOI-122 b,TOI-122,Transit,0,5.07803,3403.0,0.33,0.31
4202,Chunk 4 interaction,0.3620361101355136,1.0,0.2364805612046895,15,1,TOI-1231 b,TOI-1231,Transit,0,24.245586,3553.0,0.48,0.48
4202,Full stellar structure,0.23162583141642606,0.4,0.2364805612046895,15,0,TOI-1231 b,TOI-1231,Transit,0,24.245586,3553.0,0.48,0.48
4202,Method-adjusted full,0.2291003466067322,0.4,0.2364805612046895,15,0,TOI-1231 b,TOI-1231,Transit,0,24.245586,3553.0,0.48,0.48
4202,Period + method,0.1371373389173992,0.0,0.2364805612046895,15,0,TOI-1231 b,TOI-1231,Transit,0,24.245586,3553.0,0.48,0.48
4202,Period-only curved,0.16321042537000607,0.0,0.2364805612046895,15,0,TOI-1231 b,TOI-1231,Transit,0,24.245586,3553.0,0.48,0.48
4203,Chunk 4 interaction,0.011053287466239507,0.0,0.24973952592847307,15,0,TOI-1235 b,TOI-1235,Transit,0,3.444717,3997.0,0.62,0.63
4203,Full stellar structure,0.003916707062614886,0.0,0.24973952592847307,15,0,TOI-1235 b,TOI-1235,Transit,0,3.444717,3997.0,0.62,0.63
4203,Method-adjusted full,0.003925108407639514,0.0,0.24973952592847307,15,0,TOI-1235 b,TOI-1235,Transit,0,3.444717,3997.0,0.62,0.63
4203,Period + method,0.009610251260043518,0.0,0.24973952592847307,15,0,TOI-1235 b,TOI-1235,Transit,0,3.444717,3997.0,0.62,0.63
4203,Period-only curved,0.0110730340805683,0.0,0.24973952592847307,15,0,TOI-1235 b,TOI-1235,Transit,0,3.444717,3997.0,0.62,0.63
4204,Chunk 4 interaction,0.0024137259968983133,0.0,0.24140952438858918,15,0,TOI-125 b,TOI-125,Transit,0,4.65382,5320.0,0.85,0.86
4204,Full stellar structure,0.0026642394193514213,0.0,0.24140952438858918,15,0,TOI-125 b,TOI-125,Transit,0,4.65382,5320.0,0.85,0.86
4204,Method-adjusted full,0.002660392026938544,0.0,0.24140952438858918,15,0,TOI-125 b,TOI-125,Transit,0,4.65382,5320.0,0.85,0.86
4204,Period + method,0.017439250235560692,0.0,0.24140952438858918,15,0,TOI-125 b,TOI-125,Transit,0,4.65382,5320.0,0.85,0.86
4204,Period-only curved,0.020436855843717024,0.0,0.24140952438858918,15,0,TOI-125 b,TOI-125,Transit,0,4.65382,5320.0,0.85,0.86
4205,Chunk 4 interaction,0.009186058329103613,0.0,0.24140952438858918,15,0,TOI-125 c,TOI-125,Transit,0,9.15059,5320.0,0.85,0.86
4205,Full stellar structure,0.010130665163685241,0.0,0.24140952438858918,15,0,TOI-125 c,TOI-125,Transit,0,9.15059,5320.0,0.85,0.86
4205,Method-adjusted full,0.010087412382431599,0.0,0.24140952438858918,15,0,TOI-125 c,TOI-125,Transit,0,9.15059,5320.0,0.85,0.86
4205,Period + method,0.048690039738076556,0.0,0.24140952438858918,15,0,TOI-125 c,TOI-125,Transit,0,9.15059,5320.0,0.85,0.86
4205,Period-only curved,0.057304404748135356,0.0,0.24140952438858918,15,0,TOI-125 c,TOI-125,Transit,0,9.15059,5320.0,0.85,0.86
4206,Chunk 4 interaction,0.0329201984119541,0.0,0.24140952438858918,15,0,TOI-125 d,TOI-125,Transit,0,19.98,5320.0,0.85,0.86
4206,Full stellar structure,0.03668970265724943,0.0,0.24140952438858918,15,0,TOI-125 d,TOI-125,Transit,0,19.98,5320.0,0.85,0.86
4206,Method-adjusted full,0.036423644222874474,0.0,0.24140952438858918,15,0,TOI-125 d,TOI-125,Transit,0,19.98,5320.0,0.85,0.86
4206,Period + method,0.11697214408226847,0.0,0.24140952438858918,15,0,TOI-125 d,TOI-125,Transit,0,19.98,5320.0,0.85,0.86
4206,Period-only curved,0.13863692535827385,0.0,0.24140952438858918,15,0,TOI-125 d,TOI-125,Transit,0,19.98,5320.0,0.85,0.86
4208,Chunk 4 interaction,0.0058139431718168865,0.0,0.23325507081263058,15,0,TOI-1260 b,TOI-1260,Transit,0,3.12748,4227.0,0.65,0.66
4208,Full stellar structure,0.0024517884683072553,0.0,0.23325507081263058,15,0,TOI-1260 b,TOI-1260,Transit,0,3.12748,4227.0,0.65,0.66
4208,Method-adjusted full,0.00247697493152509,0.0,0.23325507081263058,15,0,TOI-1260 b,TOI-1260,Transit,0,3.12748,4227.0,0.65,0.66
4208,Period + method,0.008007155407155186,0.0,0.23325507081263058,15,0,TOI-1260 b,TOI-1260,Transit,0,3.12748,4227.0,0.65,0.66
4208,Period-only curved,0.009302314949911237,0.0,0.23325507081263058,15,0,TOI-1260 b,TOI-1260,Transit,0,3.12748,4227.0,0.65,0.66
4209,Chunk 4 interaction,0.03219743022994977,0.0,0.23325507081263058,15,0,TOI-1260 c,TOI-1260,Transit,0,7.49325,4227.0,0.65,0.66
4209,Full stellar structure,0.015995300205105527,0.0,0.23325507081263058,15,0,TOI-1260 c,TOI-1260,Transit,0,7.49325,4227.0,0.65,0.66
4209,Method-adjusted full,0.016123522585403154,0.0,0.23325507081263058,15,0,TOI-1260 c,TOI-1260,Transit,0,7.49325,4227.0,0.65,0.66
4209,Period + method,0.03664714397485394,0.0,0.23325507081263058,15,0,TOI-1260 c,TOI-1260,Transit,0,7.49325,4227.0,0.65,0.66
4209,Period-only curved,0.04229696077701872,0.0,0.23325507081263058,15,0,TOI-1260 c,TOI-1260,Transit,0,7.49325,4227.0,0.65,0.66
4210,Chunk 4 interaction,0.1587066677533209,0.0,0.24340993505118683,15,0,TOI-1266 b,TOI-1266,Transit,0,10.894843,3600.0,0.42,0.45
4210,Full stellar structure,0.09202087279341449,0.0,0.24340993505118683,15,0,TOI-1266 b,TOI-1266,Transit,0,10.894843,3600.0,0.42,0.45
4210,Method-adjusted full,0.0938430349768811,0.0,0.24340993505118683,15,0,TOI-1266 b,TOI-1266,Transit,0,10.894843,3600.0,0.42,0.45
4210,Period + method,0.06048261963437415,0.0,0.24340993505118683,15,0,TOI-1266 b,TOI-1266,Transit,0,10.894843,3600.0,0.42,0.45
4210,Period-only curved,0.07106266977788128,0.0,0.24340993505118683,15,0,TOI-1266 b,TOI-1266,Transit,0,10.894843,3600.0,0.42,0.45
4211,Chunk 4 interaction,0.28576398841286443,0.8,0.24340993505118683,15,1,TOI-1266 c,TOI-1266,Transit,0,18.80151,3600.0,0.42,0.45
4211,Full stellar structure,0.2029487615204906,0.26666666666666666,0.24340993505118683,15,0,TOI-1266 c,TOI-1266,Transit,0,18.80151,3600.0,0.42,0.45
4211,Method-adjusted full,0.2063446289028322,0.26666666666666666,0.24340993505118683,15,0,TOI-1266 c,TOI-1266,Transit,0,18.80151,3600.0,0.42,0.45
4211,Period + method,0.11256518901602751,0.0,0.24340993505118683,15,0,TOI-1266 c,TOI-1266,Transit,0,18.80151,3600.0,0.42,0.45
4211,Period-only curved,0.13265593938917816,0.0,0.24340993505118683,15,0,TOI-1266 c,TOI-1266,Transit,0,18.80151,3600.0,0.42,0.45
4215,Chunk 4 interaction,0.0003677393151420667,0.0,0.24728296053145343,15,0,TOI-132 b,TOI-132,Transit,0,2.1097019,5397.0,0.9,0.97
4215,Full stellar structure,0.00034558674745809525,0.0,0.24728296053145343,15,0,TOI-132 b,TOI-132,Transit,0,2.1097019,5397.0,0.9,0.97
4215,Method-adjusted full,0.00034460820476408366,0.0,0.24728296053145343,15,0,TOI-132 b,TOI-132,Transit,0,2.1097019,5397.0,0.9,0.97
4215,Period + method,0.003558760024736307,0.0,0.24728296053145343,15,0,TOI-132 b,TOI-132,Transit,0,2.1097019,5397.0,0.9,0.97
4215,Period-only curved,0.00413840497275426,0.0,0.24728296053145343,15,0,TOI-132 b,TOI-132,Transit,0,2.1097019,5397.0,0.9,0.97
4218,Chunk 4 interaction,3.521923454244035e-05,0.0,0.2604694497034165,15,0,TOI-1431 b,TOI-1431,Transit,0,2.650237,7690.0,1.92,1.9
4218,Full stellar structure,6.984016654981926e-05,0.0,0.2604694497034165,15,0,TOI-1431 b,TOI-1431,Transit,0,2.650237,7690.0,1.92,1.9
4218,Method-adjusted full,6.770863500783756e-05,0.0,0.2604694497034165,15,0,TOI-1431 b,TOI-1431,Transit,0,2.650237,7690.0,1.92,1.9
4218,Period + method,0.005677612590186995,0.0,0.2604694497034165,15,0,TOI-1431 b,TOI-1431,Transit,0,2.650237,7690.0,1.92,1.9
4218,Period-only curved,0.006661784638613747,0.0,0.2604694497034165,15,0,TOI-1431 b,TOI-1431,Transit,0,2.650237,7690.0,1.92,1.9
4224,Chunk 4 interaction,0.0003476200834412133,0.0,0.268621053274334,15,0,TOI-157 b,TOI-157,Transit,0,2.0845435,5404.0,1.17,0.95
4224,Full stellar structure,0.00028588560462518086,0.0,0.268621053274334,15,0,TOI-157 b,TOI-157,Transit,0,2.0845435,5404.0,1.17,0.95
4224,Method-adjusted full,0.0002844312624786791,0.0,0.268621053274334,15,0,TOI-157 b,TOI-157,Transit,0,2.0845435,5404.0,1.17,0.95
4224,Period + method,0.003256211809354885,0.0,0.268621053274334,15,0,TOI-157 b,TOI-157,Transit,0,2.0845435,5404.0,1.17,0.95
4224,Period-only curved,0.003692366723828902,0.0,0.268621053274334,15,0,TOI-157 b,TOI-157,Transit,0,2.0845435,5404.0,1.17,0.95
4227,Chunk 4 interaction,0.0014197937248475734,0.0,0.2416143227773769,15,0,TOI-1634 b,TOI-1634,Transit,0,0.989343,3550.0,0.45,0.5
4227,Full stellar structure,0.00028354720901736487,0.0,0.2416143227773769,15,0,TOI-1634 b,TOI-1634,Transit,0,0.989343,3550.0,0.45,0.5
4227,Method-adjusted full,0.00028329417180013235,0.0,0.2416143227773769,15,0,TOI-1634 b,TOI-1634,Transit,0,0.989343,3550.0,0.45,0.5
4227,Period + method,0.0005825449842060865,0.0,0.2416143227773769,15,0,TOI-1634 b,TOI-1634,Transit,0,0.989343,3550.0,0.45,0.5
4227,Period-only curved,0.0006870990793186736,0.0,0.2416143227773769,15,0,TOI-1634 b,TOI-1634,Transit,0,0.989343,3550.0,0.45,0.5
4228,Chunk 4 interaction,0.0007576154455053266,0.0,0.2604422881785892,15,0,TOI-1685 b,TOI-1685,Transit,0,0.6691403,3434.0,0.49,0.49
4228,Full stellar structure,0.00011650003150972271,0.0,0.2604422881785892,15,0,TOI-1685 b,TOI-1685,Transit,0,0.6691403,3434.0,0.49,0.49
4228,Method-adjusted full,0.0001154682893305815,0.0,0.2604422881785892,15,0,TOI-1685 b,TOI-1685,Transit,0,0.6691403,3434.0,0.49,0.49
4228,Period + method,0.00021080482162311065,0.0,0.2604422881785892,15,0,TOI-1685 b,TOI-1685,Transit,0,0.6691403,3434.0,0.49,0.49
4228,Period-only curved,0.00025028906667400405,0.0,0.2604422881785892,15,0,TOI-1685 b,TOI-1685,Transit,0,0.6691403,3434.0,0.49,0.49
4229,Chunk 4 interaction,0.0001936007669074933,0.0,0.2399237088446707,15,0,TOI-169 b,TOI-169,Transit,0,2.2554477,5880.0,1.29,1.15
4229,Full stellar structure,0.00019619458710356573,0.0,0.2399237088446707,15,0,TOI-169 b,TOI-169,Transit,0,2.2554477,5880.0,1.29,1.15
4229,Method-adjusted full,0.00019371246586894302,0.0,0.2399237088446707,15,0,TOI-169 b,TOI-169,Transit,0,2.2554477,5880.0,1.29,1.15
4229,Period + method,0.004319545898771641,0.0,0.2399237088446707,15,0,TOI-169 b,TOI-169,Transit,0,2.2554477,5880.0,1.29,1.15
4229,Period-only curved,0.005066794735338623,0.0,0.2399237088446707,15,0,TOI-169 b,TOI-169,Transit,0,2.2554477,5880.0,1.29,1.15
4230,Chunk 4 interaction,0.007014427486488386,0.0,0.23896862724697235,15,0,TOI-172 b,TOI-172,Transit,0,9.47725,5645.0,1.78,1.13
4230,Full stellar structure,0.003799882500423382,0.0,0.23896862724697235,15,0,TOI-172 b,TOI-172,Transit,0,9.47725,5645.0,1.78,1.13
4230,Method-adjusted full,0.0037633106879555733,0.0,0.23896862724697235,15,0,TOI-172 b,TOI-172,Transit,0,9.47725,5645.0,1.78,1.13
4230,Period + method,0.05262099217898688,0.0,0.23896862724697235,15,0,TOI-172 b,TOI-172,Transit,0,9.47725,5645.0,1.78,1.13
4230,Period-only curved,0.061040512635071355,0.0,0.23896862724697235,15,0,TOI-172 b,TOI-172,Transit,0,9.47725,5645.0,1.78,1.13
4231,Chunk 4 interaction,0.01154398366002376,0.0,0.2527348462316383,15,0,TOI-1728 b,TOI-1728,Transit,0,3.49151,3980.0,0.62,0.65
4231,Full stellar structure,0.00381850357805883,0.0,0.2527348462316383,15,0,TOI-1728 b,TOI-1728,Transit,0,3.49151,3980.0,0.62,0.65
4231,Method-adjusted full,0.0038286682875762605,0.0,0.2527348462316383,15,0,TOI-1728 b,TOI-1728,Transit,0,3.49151,3980.0,0.62,0.65
4231,Period + method,0.009894407446821508,0.0,0.2527348462316383,15,0,TOI-1728 b,TOI-1728,Transit,0,3.49151,3980.0,0.62,0.65
4231,Period-only curved,0.01127938234354977,0.0,0.2527348462316383,15,0,TOI-1728 b,TOI-1728,Transit,0,3.49151,3980.0,0.62,0.65
4241,Chunk 4 interaction,0.0004034993046058,0.0,0.24826664107942292,15,0,TOI-1789 b,TOI-1789,Transit,0,3.208664,5991.0,2.17,1.51
4241,Full stellar structure,0.00019239928662550195,0.0,0.24826664107942292,15,0,TOI-1789 b,TOI-1789,Transit,0,3.208664,5991.0,2.17,1.51
4241,Method-adjusted full,0.000188388567102534,0.0,0.24826664107942292,15,0,TOI-1789 b,TOI-1789,Transit,0,3.208664,5991.0,2.17,1.51
4241,Period + method,0.007967866339357251,0.0,0.24826664107942292,15,0,TOI-1789 b,TOI-1789,Transit,0,3.208664,5991.0,2.17,1.51
4241,Period-only curved,0.009239022050600575,0.0,0.24826664107942292,15,0,TOI-1789 b,TOI-1789,Transit,0,3.208664,5991.0,2.17,1.51
4243,Chunk 4 interaction,0.30962546567091287,1.0,0.2260257067238969,15,1,TOI-1899 b,TOI-1899,Transit,0,29.02,3841.0,0.61,0.63
4243,Full stellar structure,0.1658056533554832,0.0,0.2260257067238969,15,0,TOI-1899 b,TOI-1899,Transit,0,29.02,3841.0,0.61,0.63
4243,Method-adjusted full,0.1652578950615115,0.0,0.2260257067238969,15,0,TOI-1899 b,TOI-1899,Transit,0,29.02,3841.0,0.61,0.63
4243,Period + method,0.162444498052463,0.0,0.2260257067238969,15,0,TOI-1899 b,TOI-1899,Transit,0,29.02,3841.0,0.61,0.63
4243,Period-only curved,0.19356665861723543,0.2,0.2260257067238969,15,0,TOI-1899 b,TOI-1899,Transit,0,29.02,3841.0,0.61,0.63
4248,Chunk 4 interaction,0.09680104471934464,0.0,0.23568503728081772,15,0,TOI-216.01,TOI-216,Transit,0,34.556,5026.0,0.84,0.87
4248,Full stellar structure,0.08353410492872156,0.0,0.23568503728081772,15,0,TOI-216.01,TOI-216,Transit,0,34.556,5026.0,0.84,0.87
4248,Method-adjusted full,0.08407856130065405,0.0,0.23568503728081772,15,0,TOI-216.01,TOI-216,Transit,0,34.556,5026.0,0.84,0.87
4248,Period + method,0.18814468279556443,0.06666666666666667,0.23568503728081772,15,0,TOI-216.01,TOI-216,Transit,0,34.556,5026.0,0.84,0.87
4248,Period-only curved,0.22162245058021643,0.6,0.23568503728081772,15,1,TOI-216.01,TOI-216,Transit,0,34.556,5026.0,0.84,0.87
4249,Chunk 4 interaction,0.039688528472820866,0.0,0.23568503728081772,15,0,TOI-216.02,TOI-216,Transit,0,17.089,5026.0,0.84,0.87
4249,Full stellar structure,0.032424699282384624,0.0,0.23568503728081772,15,0,TOI-216.02,TOI-216,Transit,0,17.089,5026.0,0.84,0.87
4249,Method-adjusted full,0.032565228003403016,0.0,0.23568503728081772,15,0,TOI-216.02,TOI-216,Transit,0,17.089,5026.0,0.84,0.87
4249,Period + method,0.1055555089381385,0.0,0.23568503728081772,15,0,TOI-216.02,TOI-216,Transit,0,17.089,5026.0,0.84,0.87
4249,Period-only curved,0.12346698651576136,0.0,0.23568503728081772,15,0,TOI-216.02,TOI-216,Transit,0,17.089,5026.0,0.84,0.87
4254,Chunk 4 interaction,0.3973415823748706,1.0,0.2303154909641866,15,1,TOI-2285 b,TOI-2285,Transit,1,27.26955,3491.0,0.46,0.45
4254,Full stellar structure,0.2632456264823917,0.7333333333333333,0.2303154909641866,15,1,TOI-2285 b,TOI-2285,Transit,1,27.26955,3491.0,0.46,0.45
4254,Method-adjusted full,0.2642732501384482,0.8,0.2303154909641866,15,1,TOI-2285 b,TOI-2285,Transit,1,27.26955,3491.0,0.46,0.45
4254,Period + method,0.14990841341568942,0.0,0.2303154909641866,15,0,TOI-2285 b,TOI-2285,Transit,1,27.26955,3491.0,0.46,0.45
4254,Period-only curved,0.17588469100526918,0.0,0.2303154909641866,15,0,TOI-2285 b,TOI-2285,Transit,1,27.26955,3491.0,0.46,0.45
4255,Chunk 4 interaction,0.11645237175730425,0.0,0.27256879095435543,15,0,TOI-237 b,TOI-237,Transit,0,5.436098,3212.0,0.21,0.18
4255,Full stellar structure,0.19011474877592222,0.0,0.27256879095435543,15,0,TOI-237 b,TOI-237,Transit,0,5.436098,3212.0,0.21,0.18
4255,Method-adjusted full,0.19666308319993797,0.06666666666666667,0.27256879095435543,15,0,TOI-237 b,TOI-237,Transit,0,5.436098,3212.0,0.21,0.18
4255,Period + method,0.021876988308095573,0.0,0.27256879095435543,15,0,TOI-237 b,TOI-237,Transit,0,5.436098,3212.0,0.21,0.18
4255,Period-only curved,0.024982078606202784,0.0,0.27256879095435543,15,0,TOI-237 b,TOI-237,Transit,0,5.436098,3212.0,0.21,0.18
4256,Chunk 4 interaction,0.057318576698945,0.0,0.2553803476539302,15,0,TOI-2406 b,TOI-2406,Transit,0,3.0766896,3100.0,0.2,0.16
4256,Full stellar structure,0.080281226876007,0.0,0.2553803476539302,15,0,TOI-2406 b,TOI-2406,Transit,0,3.0766896,3100.0,0.2,0.16
4256,Method-adjusted full,0.08434628920601844,0.0,0.2553803476539302,15,0,TOI-2406 b,TOI-2406,Transit,0,3.0766896,3100.0,0.2,0.16
4256,Period + method,0.00754100562196461,0.0,0.2553803476539302,15,0,TOI-2406 b,TOI-2406,Transit,0,3.0766896,3100.0,0.2,0.16
4256,Period-only curved,0.008842361618155985,0.0,0.2553803476539302,15,0,TOI-2406 b,TOI-2406,Transit,0,3.0766896,3100.0,0.2,0.16
4258,Chunk 4 interaction,0.012788539603671926,0.0,0.24959670733375963,15,0,TOI-257 b,TOI-257,Transit,0,18.38818,6095.0,1.87,1.41
4258,Full stellar structure,0.006927659579111873,0.0,0.24959670733375963,15,0,TOI-257 b,TOI-257,Transit,0,18.38818,6095.0,1.87,1.41
4258,Method-adjusted full,0.006889850131648649,0.0,0.24959670733375963,15,0,TOI-257 b,TOI-257,Transit,0,18.38818,6095.0,1.87,1.41
4258,Period + method,0.11523904461209397,0.0,0.24959670733375963,15,0,TOI-257 b,TOI-257,Transit,0,18.38818,6095.0,1.87,1.41
4258,Period-only curved,0.134236765113481,0.0,0.24959670733375963,15,0,TOI-257 b,TOI-257,Transit,0,18.38818,6095.0,1.87,1.41
4259,Chunk 4 interaction,0.0320635608481886,0.0,0.2321830165792901,15,0,TOI-269 b,TOI-269,Transit,0,3.6977104,3514.0,0.4,0.39
4259,Full stellar structure,0.014687879146228421,0.0,0.2321830165792901,15,0,TOI-269 b,TOI-269,Transit,0,3.6977104,3514.0,0.4,0.39
4259,Method-adjusted full,0.014674166435980256,0.0,0.2321830165792901,15,0,TOI-269 b,TOI-269,Transit,0,3.6977104,3514.0,0.4,0.39
4259,Period + method,0.010716381362529098,0.0,0.2321830165792901,15,0,TOI-269 b,TOI-269,Transit,0,3.6977104,3514.0,0.4,0.39
4259,Period-only curved,0.012444489197746943,0.0,0.2321830165792901,15,0,TOI-269 b,TOI-269,Transit,0,3.6977104,3514.0,0.4,0.39
4264,Chunk 4 interaction,0.0031389823867560003,0.0,0.25919295472092757,15,0,TOI-421 b,TOI-421,Transit,0,5.19672,5325.0,0.87,0.85
4264,Full stellar structure,0.0034743801970385417,0.0,0.25919295472092757,15,0,TOI-421 b,TOI-421,Transit,0,5.19672,5325.0,0.87,0.85
4264,Method-adjusted full,0.0034847353685419444,0.0,0.25919295472092757,15,0,TOI-421 b,TOI-421,Transit,0,5.19672,5325.0,0.87,0.85
4264,Period + method,0.020346033205834925,0.0,0.25919295472092757,15,0,TOI-421 b,TOI-421,Transit,0,5.19672,5325.0,0.87,0.85
4264,Period-only curved,0.023484935160877858,0.0,0.25919295472092757,15,0,TOI-421 b,TOI-421,Transit,0,5.19672,5325.0,0.87,0.85
4265,Chunk 4 interaction,0.024834236730505447,0.0,0.25919295472092757,15,0,TOI-421 c,TOI-421,Transit,0,16.06819,5325.0,0.87,0.85
4265,Full stellar structure,0.027686440682905274,0.0,0.25919295472092757,15,0,TOI-421 c,TOI-421,Transit,0,16.06819,5325.0,0.87,0.85
4265,Method-adjusted full,0.02798930448643084,0.0,0.25919295472092757,15,0,TOI-421 c,TOI-421,Transit,0,16.06819,5325.0,0.87,0.85
4265,Period + method,0.09750245251767688,0.0,0.25919295472092757,15,0,TOI-421 c,TOI-421,Transit,0,16.06819,5325.0,0.87,0.85
4265,Period-only curved,0.11279480478873555,0.0,0.25919295472092757,15,0,TOI-421 c,TOI-421,Transit,0,16.06819,5325.0,0.87,0.85
4275,Chunk 4 interaction,0.005560828657364366,0.0,0.23977436467046293,15,0,TOI-532 b,TOI-532,Transit,0,2.3266508,3927.0,0.61,0.64
4275,Full stellar structure,0.0015482192977200571,0.0,0.23977436467046293,15,0,TOI-532 b,TOI-532,Transit,0,2.3266508,3927.0,0.61,0.64
4275,Method-adjusted full,0.0015658175904089183,0.0,0.23977436467046293,15,0,TOI-532 b,TOI-532,Transit,0,2.3266508,3927.0,0.61,0.64
4275,Period + method,0.004385529196024309,0.0,0.23977436467046293,15,0,TOI-532 b,TOI-532,Transit,0,2.3266508,3927.0,0.61,0.64
4275,Period-only curved,0.005097401602648381,0.0,0.23977436467046293,15,0,TOI-532 b,TOI-532,Transit,0,2.3266508,3927.0,0.61,0.64
4276,Chunk 4 interaction,0.00714417356287428,0.0,0.24047724862007364,15,0,TOI-540 b,TOI-540,Transit,0,1.2391491,3216.0,0.19,0.16
4276,Full stellar structure,0.009710548255030062,0.0,0.24047724862007364,15,0,TOI-540 b,TOI-540,Transit,0,1.2391491,3216.0,0.19,0.16
4276,Method-adjusted full,0.009979539848434677,0.0,0.24047724862007364,15,0,TOI-540 b,TOI-540,Transit,0,1.2391491,3216.0,0.19,0.16
4276,Period + method,0.0010853133106250583,0.0,0.24047724862007364,15,0,TOI-540 b,TOI-540,Transit,0,1.2391491,3216.0,0.19,0.16
4276,Period-only curved,0.001239147195918783,0.0,0.24047724862007364,15,0,TOI-540 b,TOI-540,Transit,0,1.2391491,3216.0,0.19,0.16
4284,Chunk 4 interaction,0.00013310486649237204,0.0,0.22247647446667018,15,0,TOI-564 b,TOI-564,Transit,0,1.651144,5640.0,1.09,1.0
4284,Full stellar structure,0.00014439700246517636,0.0,0.22247647446667018,15,0,TOI-564 b,TOI-564,Transit,0,1.651144,5640.0,1.09,1.0
4284,Method-adjusted full,0.00014335067604643337,0.0,0.22247647446667018,15,0,TOI-564 b,TOI-564,Transit,0,1.651144,5640.0,1.09,1.0
4284,Period + method,0.00191789115218092,0.0,0.22247647446667018,15,0,TOI-564 b,TOI-564,Transit,0,1.651144,5640.0,1.09,1.0
4284,Period-only curved,0.0021904647733595388,0.0,0.22247647446667018,15,0,TOI-564 b,TOI-564,Transit,0,1.651144,5640.0,1.09,1.0
4287,Chunk 4 interaction,0.009800895405353206,0.0,0.2452076931815892,15,0,TOI-674 b,TOI-674,Transit,0,1.977143,3514.0,0.42,0.42
4287,Full stellar structure,0.0029105891413893,0.0,0.2452076931815892,15,0,TOI-674 b,TOI-674,Transit,0,1.977143,3514.0,0.42,0.42
4287,Method-adjusted full,0.002852656557410693,0.0,0.2452076931815892,15,0,TOI-674 b,TOI-674,Transit,0,1.977143,3514.0,0.42,0.42
4287,Period + method,0.0031858850105588,0.0,0.2452076931815892,15,0,TOI-674 b,TOI-674,Transit,0,1.977143,3514.0,0.42,0.42
4287,Period-only curved,0.0038241728313939036,0.0,0.2452076931815892,15,0,TOI-674 b,TOI-674,Transit,0,1.977143,3514.0,0.42,0.42
4289,Chunk 4 interaction,0.18235352035457436,0.06666666666666667,0.22528190403395837,15,0,TOI-700 b,TOI-700,Transit,0,9.97702,3461.0,0.42,0.41
4289,Full stellar structure,0.09650348509793953,0.0,0.22528190403395837,15,0,TOI-700 b,TOI-700,Transit,0,9.97702,3461.0,0.42,0.41
4289,Method-adjusted full,0.09859420656631329,0.0,0.22528190403395837,15,0,TOI-700 b,TOI-700,Transit,0,9.97702,3461.0,0.42,0.41
4289,Period + method,0.05647422790325661,0.0,0.22528190403395837,15,0,TOI-700 b,TOI-700,Transit,0,9.97702,3461.0,0.42,0.41
4289,Period-only curved,0.06561591509164573,0.0,0.22528190403395837,15,0,TOI-700 b,TOI-700,Transit,0,9.97702,3461.0,0.42,0.41
4290,Chunk 4 interaction,0.3040019100796481,0.8666666666666667,0.22528190403395837,15,1,TOI-700 c,TOI-700,Transit,0,16.05111,3461.0,0.42,0.41
4290,Full stellar structure,0.1975195104086896,0.2,0.22528190403395837,15,0,TOI-700 c,TOI-700,Transit,0,16.05111,3461.0,0.42,0.41
4290,Method-adjusted full,0.20115988129890727,0.26666666666666666,0.22528190403395837,15,0,TOI-700 c,TOI-700,Transit,0,16.05111,3461.0,0.42,0.41
4290,Period + method,0.09976251529117987,0.0,0.22528190403395837,15,0,TOI-700 c,TOI-700,Transit,0,16.05111,3461.0,0.42,0.41
4290,Period-only curved,0.11617038763647773,0.0,0.22528190403395837,15,0,TOI-700 c,TOI-700,Transit,0,16.05111,3461.0,0.42,0.41
4291,Chunk 4 interaction,0.5262664738605334,1.0,0.22528190403395837,15,1,TOI-700 d,TOI-700,Transit,1,37.42475,3461.0,0.42,0.41
4291,Full stellar structure,0.458139396494741,1.0,0.22528190403395837,15,1,TOI-700 d,TOI-700,Transit,1,37.42475,3461.0,0.42,0.41
4291,Method-adjusted full,0.46319699728494607,1.0,0.22528190403395837,15,1,TOI-700 d,TOI-700,Transit,1,37.42475,3461.0,0.42,0.41
4291,Period + method,0.20091624338808345,0.26666666666666666,0.22528190403395837,15,0,TOI-700 d,TOI-700,Transit,1,37.42475,3461.0,0.42,0.41
4291,Period-only curved,0.2352529877472336,0.8,0.22528190403395837,15,1,TOI-700 d,TOI-700,Transit,1,37.42475,3461.0,0.42,0.41
4294,Chunk 4 interaction,0.08702256422758799,0.0,0.2537086885266251,15,0,TOI-776 b,TOI-776,Transit,0,8.24661,3709.0,0.54,0.54
4294,Full stellar structure,0.03241420377256969,0.0,0.2537086885266251,15,0,TOI-776 b,TOI-776,Transit,0,8.24661,3709.0,0.54,0.54
4294,Method-adjusted full,0.03275186736270032,0.0,0.2537086885266251,15,0,TOI-776 b,TOI-776,Transit,0,8.24661,3709.0,0.54,0.54
4294,Period + method,0.04134159643605314,0.0,0.2537086885266251,15,0,TOI-776 b,TOI-776,Transit,0,8.24661,3709.0,0.54,0.54
4294,Period-only curved,0.04755927101379418,0.0,0.2537086885266251,15,0,TOI-776 b,TOI-776,Transit,0,8.24661,3709.0,0.54,0.54
4295,Chunk 4 interaction,0.20006319223530505,0.4,0.2537086885266251,15,0,TOI-776 c,TOI-776,Transit,0,15.6653,3709.0,0.54,0.54
4295,Full stellar structure,0.09599894063340755,0.0,0.2537086885266251,15,0,TOI-776 c,TOI-776,Transit,0,15.6653,3709.0,0.54,0.54
4295,Method-adjusted full,0.09687270253681098,0.0,0.2537086885266251,15,0,TOI-776 c,TOI-776,Transit,0,15.6653,3709.0,0.54,0.54
4295,Period + method,0.093143277458179,0.0,0.2537086885266251,15,0,TOI-776 c,TOI-776,Transit,0,15.6653,3709.0,0.54,0.54
4295,Period-only curved,0.10719164154826459,0.0,0.2537086885266251,15,0,TOI-776 c,TOI-776,Transit,0,15.6653,3709.0,0.54,0.54
4296,Chunk 4 interaction,0.10650254231689174,0.0,0.2502624125098342,15,0,TOI-813 b,TOI-813,Transit,0,83.8911,5907.0,1.94,1.32
4296,Full stellar structure,0.05473822013716023,0.0,0.2502624125098342,15,0,TOI-813 b,TOI-813,Transit,0,83.8911,5907.0,1.94,1.32
4296,Method-adjusted full,0.05438039460722169,0.0,0.2502624125098342,15,0,TOI-813 b,TOI-813,Transit,0,83.8911,5907.0,1.94,1.32
4296,Period + method,0.28056574736629714,0.8,0.2502624125098342,15,1,TOI-813 b,TOI-813,Transit,0,83.8911,5907.0,1.94,1.32
4296,Period-only curved,0.3330230308492413,0.8666666666666667,0.2502624125098342,15,1,TOI-813 b,TOI-813,Transit,0,83.8911,5907.0,1.94,1.32
4297,Chunk 4 interaction,0.0004335273160475467,0.0,0.2394566817662947,15,0,TOI-824 b,TOI-824,Transit,0,1.392978,4600.0,0.69,0.71
4297,Full stellar structure,0.00025753214221194517,0.0,0.2394566817662947,15,0,TOI-824 b,TOI-824,Transit,0,1.392978,4600.0,0.69,0.71
4297,Method-adjusted full,0.0002565349194165511,0.0,0.2394566817662947,15,0,TOI-824 b,TOI-824,Transit,0,1.392978,4600.0,0.69,0.71
4297,Period + method,0.001487783827040099,0.0,0.2394566817662947,15,0,TOI-824 b,TOI-824,Transit,0,1.392978,4600.0,0.69,0.71
4297,Period-only curved,0.0017811510706664826,0.0,0.2394566817662947,15,0,TOI-824 b,TOI-824,Transit,0,1.392978,4600.0,0.69,0.71
4301,Chunk 4 interaction,0.0009928840052283133,0.0,0.2510950146824539,15,0,TOI-905 b,TOI-905,Transit,0,3.739494,5570.0,0.92,0.97
4301,Full stellar structure,0.0011431814019222182,0.0,0.2510950146824539,15,0,TOI-905 b,TOI-905,Transit,0,3.739494,5570.0,0.92,0.97
4301,Method-adjusted full,0.00113994558584851,0.0,0.2510950146824539,15,0,TOI-905 b,TOI-905,Transit,0,3.739494,5570.0,0.92,0.97
4301,Period + method,0.011593673496550593,0.0,0.2510950146824539,15,0,TOI-905 b,TOI-905,Transit,0,3.739494,5570.0,0.92,0.97
4301,Period-only curved,0.013586232785956246,0.0,0.2510950146824539,15,0,TOI-905 b,TOI-905,Transit,0,3.739494,5570.0,0.92,0.97
4304,Chunk 4 interaction,0.0008488567356789533,0.0,0.23141245067212315,15,0,TOI-954 b,TOI-954,Transit,0,3.6849729,5710.0,1.89,1.2
4304,Full stellar structure,0.0004887356303308166,0.0,0.23141245067212315,15,0,TOI-954 b,TOI-954,Transit,0,3.6849729,5710.0,1.89,1.2
4304,Method-adjusted full,0.0004805708117086085,0.0,0.23141245067212315,15,0,TOI-954 b,TOI-954,Transit,0,3.6849729,5710.0,1.89,1.2
4304,Period + method,0.011255228594364626,0.0,0.23141245067212315,15,0,TOI-954 b,TOI-954,Transit,0,3.6849729,5710.0,1.89,1.2
4304,Period-only curved,0.01288150705808344,0.0,0.23141245067212315,15,0,TOI-954 b,TOI-954,Transit,0,3.6849729,5710.0,1.89,1.2
4305,Chunk 4 interaction,0.06990821029315777,0.0,0.24444427960426018,15,0,TRAPPIST-1 b,TRAPPIST-1,Transit,0,1.510826,2566.0,0.12,0.09
4305,Full stellar structure,0.07197025677814409,0.0,0.24444427960426018,15,0,TRAPPIST-1 b,TRAPPIST-1,Transit,0,1.510826,2566.0,0.12,0.09
4305,Method-adjusted full,0.07510596912360487,0.0,0.24444427960426018,15,0,TRAPPIST-1 b,TRAPPIST-1,Transit,0,1.510826,2566.0,0.12,0.09
4305,Period + method,0.001523527585080647,0.0,0.24444427960426018,15,0,TRAPPIST-1 b,TRAPPIST-1,Transit,0,1.510826,2566.0,0.12,0.09
4305,Period-only curved,0.0018650206332084514,0.0,0.24444427960426018,15,0,TRAPPIST-1 b,TRAPPIST-1,Transit,0,1.510826,2566.0,0.12,0.09
4306,Chunk 4 interaction,0.1642127527180599,0.13333333333333333,0.24444427960426018,15,0,TRAPPIST-1 c,TRAPPIST-1,Transit,0,2.421937,2566.0,0.12,0.09
4306,Full stellar structure,0.207332802067159,0.3333333333333333,0.24444427960426018,15,0,TRAPPIST-1 c,TRAPPIST-1,Transit,0,2.421937,2566.0,0.12,0.09
4306,Method-adjusted full,0.21547784170593415,0.2,0.24444427960426018,15,0,TRAPPIST-1 c,TRAPPIST-1,Transit,0,2.421937,2566.0,0.12,0.09
4306,Period + method,0.004467192709830433,0.0,0.24444427960426018,15,0,TRAPPIST-1 c,TRAPPIST-1,Transit,0,2.421937,2566.0,0.12,0.09
4306,Period-only curved,0.005407452429535863,0.0,0.24444427960426018,15,0,TRAPPIST-1 c,TRAPPIST-1,Transit,0,2.421937,2566.0,0.12,0.09
4307,Chunk 4 interaction,0.3335602647418128,0.8666666666666667,0.24444427960426018,15,1,TRAPPIST-1 d,TRAPPIST-1,Transit,1,4.049219,2566.0,0.12,0.09
4307,Full stellar structure,0.46872163886617463,1.0,0.24444427960426018,15,1,TRAPPIST-1 d,TRAPPIST-1,Transit,1,4.049219,2566.0,0.12,0.09
4307,Method-adjusted full,0.48087947997292324,1.0,0.24444427960426018,15,1,TRAPPIST-1 d,TRAPPIST-1,Transit,1,4.049219,2566.0,0.12,0.09
4307,Period + method,0.012626820546310204,0.0,0.24444427960426018,15,0,TRAPPIST-1 d,TRAPPIST-1,Transit,1,4.049219,2566.0,0.12,0.09
4307,Period-only curved,0.01517871972398879,0.0,0.24444427960426018,15,0,TRAPPIST-1 d,TRAPPIST-1,Transit,1,4.049219,2566.0,0.12,0.09
4308,Chunk 4 interaction,0.4929551444119481,1.0,0.24444427960426018,15,1,TRAPPIST-1 e,TRAPPIST-1,Transit,1,6.101013,2566.0,0.12,0.09
4308,Full stellar structure,0.6826662674894776,1.0,0.24444427960426018,15,1,TRAPPIST-1 e,TRAPPIST-1,Transit,1,6.101013,2566.0,0.12,0.09
4308,Method-adjusted full,0.6924996391692188,1.0,0.24444427960426018,15,1,TRAPPIST-1 e,TRAPPIST-1,Transit,1,6.101013,2566.0,0.12,0.09
4308,Period + method,0.026090683982521613,0.0,0.24444427960426018,15,0,TRAPPIST-1 e,TRAPPIST-1,Transit,1,6.101013,2566.0,0.12,0.09
4308,Period-only curved,0.031291119350478167,0.0,0.24444427960426018,15,0,TRAPPIST-1 e,TRAPPIST-1,Transit,1,6.101013,2566.0,0.12,0.09
4309,Chunk 4 interaction,0.6372861706741524,1.0,0.24444427960426018,15,1,TRAPPIST-1 f,TRAPPIST-1,Transit,1,9.20754,2566.0,0.12,0.09
4309,Full stellar structure,0.8303571333686083,1.0,0.24444427960426018,15,1,TRAPPIST-1 f,TRAPPIST-1,Transit,1,9.20754,2566.0,0.12,0.09
4309,Method-adjusted full,0.8361496197890544,1.0,0.24444427960426018,15,1,TRAPPIST-1 f,TRAPPIST-1,Transit,1,9.20754,2566.0,0.12,0.09
4309,Period + method,0.04911207623011175,0.0,0.24444427960426018,15,0,TRAPPIST-1 f,TRAPPIST-1,Transit,1,9.20754,2566.0,0.12,0.09
4309,Period-only curved,0.0588817005987962,0.0,0.24444427960426018,15,0,TRAPPIST-1 f,TRAPPIST-1,Transit,1,9.20754,2566.0,0.12,0.09
4310,Chunk 4 interaction,0.718762698224693,1.0,0.24444427960426018,15,1,TRAPPIST-1 g,TRAPPIST-1,Transit,0,12.352446,2566.0,0.12,0.09
4310,Full stellar structure,0.8935724892743501,1.0,0.24444427960426018,15,1,TRAPPIST-1 g,TRAPPIST-1,Transit,0,12.352446,2566.0,0.12,0.09
4310,Method-adjusted full,0.8972134514475926,1.0,0.24444427960426018,15,1,TRAPPIST-1 g,TRAPPIST-1,Transit,0,12.352446,2566.0,0.12,0.09
4310,Period + method,0.0725902844634493,0.0,0.24444427960426018,15,0,TRAPPIST-1 g,TRAPPIST-1,Transit,0,12.352446,2566.0,0.12,0.09
4310,Period-only curved,0.08707251273239743,0.0,0.24444427960426018,15,0,TRAPPIST-1 g,TRAPPIST-1,Transit,0,12.352446,2566.0,0.12,0.09
4311,Chunk 4 interaction,0.8023513767104222,1.0,0.24444427960426018,15,1,TRAPPIST-1 h,TRAPPIST-1,Transit,0,18.772866,2566.0,0.12,0.09
4311,Full stellar structure,0.9440677917755806,1.0,0.24444427960426018,15,1,TRAPPIST-1 h,TRAPPIST-1,Transit,0,18.772866,2566.0,0.12,0.09
4311,Method-adjusted full,0.945909404608034,1.0,0.24444427960426018,15,1,TRAPPIST-1 h,TRAPPIST-1,Transit,0,18.772866,2566.0,0.12,0.09
4311,Period + method,0.11590304179733864,0.0,0.24444427960426018,15,0,TRAPPIST-1 h,TRAPPIST-1,Transit,0,18.772866,2566.0,0.12,0.09
4311,Period-only curved,0.13919181796534996,0.0,0.24444427960426018,15,0,TRAPPIST-1 h,TRAPPIST-1,Transit,0,18.772866,2566.0,0.12,0.09
4320,Chunk 4 interaction,0.1604368375617846,0.06666666666666667,0.24056873157523864,15,0,Teegarden's Star b,Teegarden's Star,Radial Velocity,1,4.91,2904.0,0.11,0.09
4320,Full stellar structure,0.4684326804578823,1.0,0.24056873157523864,15,1,Teegarden's Star b,Teegarden's Star,Radial Velocity,1,4.91,2904.0,0.11,0.09
4320,Method-adjusted full,0.4651696201064867,1.0,0.24056873157523864,15,1,Teegarden's Star b,Teegarden's Star,Radial Velocity,1,4.91,2904.0,0.11,0.09
4320,Period + method,0.03345333787651504,0.0,0.24056873157523864,15,0,Teegarden's Star b,Teegarden's Star,Radial Velocity,1,4.91,2904.0,0.11,0.09
4320,Period-only curved,0.018229959895682348,0.0,0.24056873157523864,15,0,Teegarden's Star b,Teegarden's Star,Radial Velocity,1,4.91,2904.0,0.11,0.09
4321,Chunk 4 interaction,0.41366620486999134,1.0,0.24056873157523864,15,1,Teegarden's Star c,Teegarden's Star,Radial Velocity,1,11.409,2904.0,0.11,0.09
4321,Full stellar structure,0.8105717186652452,1.0,0.24056873157523864,15,1,Teegarden's Star c,Teegarden's Star,Radial Velocity,1,11.409,2904.0,0.11,0.09
4321,Method-adjusted full,0.8069989766270506,1.0,0.24056873157523864,15,1,Teegarden's Star c,Teegarden's Star,Radial Velocity,1,11.409,2904.0,0.11,0.09
4321,Period + method,0.12187920961749533,0.0,0.24056873157523864,15,0,Teegarden's Star c,Teegarden's Star,Radial Velocity,1,11.409,2904.0,0.11,0.09
4321,Period-only curved,0.06997065183807454,0.0,0.24056873157523864,15,0,Teegarden's Star c,Teegarden's Star,Radial Velocity,1,11.409,2904.0,0.11,0.09
4386,Chunk 4 interaction,0.0010999504724473468,0.0,0.24860587341392754,15,0,WASP-151 b,WASP-151,Transit,0,4.533471,5871.0,1.14,1.08
4386,Full stellar structure,0.0012499100235032737,0.0,0.24860587341392754,15,0,WASP-151 b,WASP-151,Transit,0,4.533471,5871.0,1.14,1.08
4386,Method-adjusted full,0.0012429900683315646,0.0,0.24860587341392754,15,0,WASP-151 b,WASP-151,Transit,0,4.533471,5871.0,1.14,1.08
4386,Period + method,0.01607975782761654,0.0,0.24860587341392754,15,0,WASP-151 b,WASP-151,Transit,0,4.533471,5871.0,1.14,1.08
4386,Period-only curved,0.01877996687138562,0.0,0.24860587341392754,15,0,WASP-151 b,WASP-151,Transit,0,4.533471,5871.0,1.14,1.08
4387,Chunk 4 interaction,0.0005414285522508933,0.0,0.2518098055206005,15,0,WASP-153 b,WASP-153,Transit,0,3.332609,5914.0,1.73,1.34
4387,Full stellar structure,0.0003412772590425678,0.0,0.2518098055206005,15,0,WASP-153 b,WASP-153,Transit,0,3.332609,5914.0,1.73,1.34
4387,Method-adjusted full,0.000336480295398435,0.0,0.2518098055206005,15,0,WASP-153 b,WASP-153,Transit,0,3.332609,5914.0,1.73,1.34
4387,Period + method,0.009385277767483293,0.0,0.2518098055206005,15,0,WASP-153 b,WASP-153,Transit,0,3.332609,5914.0,1.73,1.34
4387,Period-only curved,0.01100572922619658,0.0,0.2518098055206005,15,0,WASP-153 b,WASP-153,Transit,0,3.332609,5914.0,1.73,1.34
4388,Chunk 4 interaction,0.0029957683855435136,0.0,0.24909209008847508,15,0,WASP-156 b,WASP-156,Transit,0,3.836169,4910.0,0.76,0.84
4388,Full stellar structure,0.0022469687390744954,0.0,0.24909209008847508,15,0,WASP-156 b,WASP-156,Transit,0,3.836169,4910.0,0.76,0.84
4388,Method-adjusted full,0.002238387834480035,0.0,0.24909209008847508,15,0,WASP-156 b,WASP-156,Transit,0,3.836169,4910.0,0.76,0.84
4388,Period + method,0.011449852563830274,0.0,0.24909209008847508,15,0,WASP-156 b,WASP-156,Transit,0,3.836169,4910.0,0.76,0.84
4388,Period-only curved,0.01327848901729859,0.0,0.24909209008847508,15,0,WASP-156 b,WASP-156,Transit,0,3.836169,4910.0,0.76,0.84
4394,Chunk 4 interaction,0.00086185937001478,0.0,0.2570168718136464,15,0,WASP-161 b,WASP-161,Transit,0,5.4060425,6400.0,1.71,1.39
4394,Full stellar structure,0.0008138786361487633,0.0,0.2570168718136464,15,0,WASP-161 b,WASP-161,Transit,0,5.4060425,6400.0,1.71,1.39
4394,Method-adjusted full,0.0008126650981929539,0.0,0.2570168718136464,15,0,WASP-161 b,WASP-161,Transit,0,5.4060425,6400.0,1.71,1.39
4394,Period + method,0.021217741788639798,0.0,0.2570168718136464,15,0,WASP-161 b,WASP-161,Transit,0,5.4060425,6400.0,1.71,1.39
4394,Period-only curved,0.02463827642581568,0.0,0.2570168718136464,15,0,WASP-161 b,WASP-161,Transit,0,5.4060425,6400.0,1.71,1.39
4396,Chunk 4 interaction,0.00013698923996190667,0.0,0.2487806747451446,15,0,WASP-163 b,WASP-163,Transit,0,1.6096884,5500.0,1.01,0.97
4396,Full stellar structure,0.00013756063554378346,0.0,0.2487806747451446,15,0,WASP-163 b,WASP-163,Transit,0,1.6096884,5500.0,1.01,0.97
4396,Method-adjusted full,0.0001378566265984854,0.0,0.2487806747451446,15,0,WASP-163 b,WASP-163,Transit,0,1.6096884,5500.0,1.01,0.97
4396,Period + method,0.0019214695617291065,0.0,0.2487806747451446,15,0,WASP-163 b,WASP-163,Transit,0,1.6096884,5500.0,1.01,0.97
4396,Period-only curved,0.002269408428578377,0.0,0.2487806747451446,15,0,WASP-163 b,WASP-163,Transit,0,1.6096884,5500.0,1.01,0.97
4399,Chunk 4 interaction,0.0012969986773912665,0.0,0.23299214378617128,15,0,WASP-166 b,WASP-166,Transit,0,5.44354,6050.0,1.22,1.19
4399,Full stellar structure,0.0014445176992334443,0.0,0.23299214378617128,15,0,WASP-166 b,WASP-166,Transit,0,5.44354,6050.0,1.22,1.19
4399,Method-adjusted full,0.001434683820168408,0.0,0.23299214378617128,15,0,WASP-166 b,WASP-166,Transit,0,5.44354,6050.0,1.22,1.19
4399,Period + method,0.021732074056006793,0.0,0.23299214378617128,15,0,WASP-166 b,WASP-166,Transit,0,5.44354,6050.0,1.22,1.19
4399,Period-only curved,0.025521764720275134,0.0,0.23299214378617128,15,0,WASP-166 b,WASP-166,Transit,0,5.44354,6050.0,1.22,1.19
4404,Chunk 4 interaction,0.00033605809396919335,0.0,0.24215875815633012,15,0,WASP-170 b,WASP-170,Transit,0,2.34478022,5600.0,0.94,0.93
4404,Full stellar structure,0.000415417008963609,0.0,0.24215875815633012,15,0,WASP-170 b,WASP-170,Transit,0,2.34478022,5600.0,0.94,0.93
4404,Method-adjusted full,0.0004131760871963242,0.0,0.24215875815633012,15,0,WASP-170 b,WASP-170,Transit,0,2.34478022,5600.0,0.94,0.93
4404,Period + method,0.004065470403196939,0.0,0.24215875815633012,15,0,WASP-170 b,WASP-170,Transit,0,2.34478022,5600.0,0.94,0.93
4404,Period-only curved,0.004712927393929848,0.0,0.24215875815633012,15,0,WASP-170 b,WASP-170,Transit,0,2.34478022,5600.0,0.94,0.93
4426,Chunk 4 interaction,0.00050283889479018,0.0,0.24214382923668895,15,0,WASP-2 b,WASP-2,Transit,0,2.152175,5180.0,0.87,0.9
4426,Full stellar structure,0.0004080173927173058,0.0,0.24214382923668895,15,0,WASP-2 b,WASP-2,Transit,0,2.152175,5180.0,0.87,0.9
4426,Method-adjusted full,0.0004081742468034905,0.0,0.24214382923668895,15,0,WASP-2 b,WASP-2,Transit,0,2.152175,5180.0,0.87,0.9
4426,Period + method,0.003969110888768243,0.0,0.24214382923668895,15,0,WASP-2 b,WASP-2,Transit,0,2.152175,5180.0,0.87,0.9
4426,Period-only curved,0.004715542624395919,0.0,0.24214382923668895,15,0,WASP-2 b,WASP-2,Transit,0,2.152175,5180.0,0.87,0.9
4451,Chunk 4 interaction,0.000467028121544,0.0,0.23366615507679525,15,0,WASP-44 b,WASP-44,Transit,0,2.423804,5420.0,0.91,0.94
4451,Full stellar structure,0.00048069081151154756,0.0,0.23366615507679525,15,0,WASP-44 b,WASP-44,Transit,0,2.423804,5420.0,0.91,0.94
4451,Method-adjusted full,0.000481116759439366,0.0,0.23366615507679525,15,0,WASP-44 b,WASP-44,Transit,0,2.423804,5420.0,0.91,0.94
4451,Period + method,0.004712994580564734,0.0,0.23366615507679525,15,0,WASP-44 b,WASP-44,Transit,0,2.423804,5420.0,0.91,0.94
4451,Period-only curved,0.005569933700356531,0.0,0.23366615507679525,15,0,WASP-44 b,WASP-44,Transit,0,2.423804,5420.0,0.91,0.94
4452,Chunk 4 interaction,0.0013814498160626,0.0,0.22999716829099165,15,0,WASP-45 b,WASP-45,Transit,0,3.126089,5150.0,0.85,0.85
4452,Full stellar structure,0.0012242890582093201,0.0,0.22999716829099165,15,0,WASP-45 b,WASP-45,Transit,0,3.126089,5150.0,0.85,0.85
4452,Method-adjusted full,0.0012234818583212602,0.0,0.22999716829099165,15,0,WASP-45 b,WASP-45,Transit,0,3.126089,5150.0,0.85,0.85
4452,Period + method,0.008112716773855992,0.0,0.22999716829099165,15,0,WASP-45 b,WASP-45,Transit,0,3.126089,5150.0,0.85,0.85
4452,Period-only curved,0.00959175036824316,0.0,0.22999716829099165,15,0,WASP-45 b,WASP-45,Transit,0,3.126089,5150.0,0.85,0.85
4516,Chunk 4 interaction,0.00037378176849702665,0.0,0.26858648198229346,15,0,WD 1856+534 b,WD 1856+534,Transit,0,1.4079405,4710.0,0.01,0.52
4516,Full stellar structure,0.04164227934530904,0.06666666666666667,0.26858648198229346,15,0,WD 1856+534 b,WD 1856+534,Transit,0,1.4079405,4710.0,0.01,0.52
4516,Method-adjusted full,0.04165858261071813,0.0,0.26858648198229346,15,0,WD 1856+534 b,WD 1856+534,Transit,0,1.4079405,4710.0,0.01,0.52
4516,Period + method,0.0013746417055322453,0.0,0.26858648198229346,15,0,WD 1856+534 b,WD 1856+534,Transit,0,1.4079405,4710.0,0.01,0.52
4516,Period-only curved,0.0016374787299505604,0.0,0.26858648198229346,15,0,WD 1856+534 b,WD 1856+534,Transit,0,1.4079405,4710.0,0.01,0.52
4522,Chunk 4 interaction,0.0753526466509493,0.0,0.2615439395694982,15,0,Wolf 1061 b,Wolf 1061,Radial Velocity,0,4.8869,3342.0,0.31,0.29
4522,Full stellar structure,0.05062628286157901,0.0,0.2615439395694982,15,0,Wolf 1061 b,Wolf 1061,Radial Velocity,0,4.8869,3342.0,0.31,0.29
4522,Method-adjusted full,0.050292455578352144,0.0,0.2615439395694982,15,0,Wolf 1061 b,Wolf 1061,Radial Velocity,0,4.8869,3342.0,0.31,0.29
4522,Period + method,0.04371111903990869,0.0,0.2615439395694982,15,0,Wolf 1061 b,Wolf 1061,Radial Velocity,0,4.8869,3342.0,0.31,0.29
4522,Period-only curved,0.021395774255018478,0.0,0.2615439395694982,15,0,Wolf 1061 b,Wolf 1061,Radial Velocity,0,4.8869,3342.0,0.31,0.29
4523,Chunk 4 interaction,0.3845259442303873,1.0,0.2615439395694982,15,1,Wolf 1061 c,Wolf 1061,Radial Velocity,1,17.8719,3342.0,0.31,0.29
4523,Full stellar structure,0.4165085063481944,1.0,0.2615439395694982,15,1,Wolf 1061 c,Wolf 1061,Radial Velocity,1,17.8719,3342.0,0.31,0.29
4523,Method-adjusted full,0.4143694941435543,1.0,0.2615439395694982,15,1,Wolf 1061 c,Wolf 1061,Radial Velocity,1,17.8719,3342.0,0.31,0.29
4523,Period + method,0.22414608701927383,0.26666666666666666,0.2615439395694982,15,0,Wolf 1061 c,Wolf 1061,Radial Velocity,1,17.8719,3342.0,0.31,0.29
4523,Period-only curved,0.12505507864439333,0.0,0.2615439395694982,15,0,Wolf 1061 c,Wolf 1061,Radial Velocity,1,17.8719,3342.0,0.31,0.29
4524,Chunk 4 interaction,0.8021412639330905,1.0,0.2615439395694982,15,1,Wolf 1061 d,Wolf 1061,Radial Velocity,0,217.21,3342.0,0.31,0.29
4524,Full stellar structure,0.9353830102958758,1.0,0.2615439395694982,15,1,Wolf 1061 d,Wolf 1061,Radial Velocity,0,217.21,3342.0,0.31,0.29
4524,Method-adjusted full,0.9350141122614896,1.0,0.2615439395694982,15,1,Wolf 1061 d,Wolf 1061,Radial Velocity,0,217.21,3342.0,0.31,0.29
4524,Period + method,0.5145246858791855,1.0,0.2615439395694982,15,1,Wolf 1061 d,Wolf 1061,Radial Velocity,0,217.21,3342.0,0.31,0.29
4524,Period-only curved,0.379755299407153,0.9333333333333333,0.2615439395694982,15,1,Wolf 1061 d,Wolf 1061,Radial Velocity,0,217.21,3342.0,0.31,0.29
4525,Chunk 4 interaction,0.009958567800724079,0.0,0.23836132173438904,15,0,Wolf 503 b,Wolf 503,Transit,0,6.00118,4716.0,0.69,0.69
4525,Full stellar structure,0.008582649320960044,0.0,0.23836132173438904,15,0,Wolf 503 b,Wolf 503,Transit,0,6.00118,4716.0,0.69,0.69
4525,Method-adjusted full,0.00861852480913264,0.0,0.23836132173438904,15,0,Wolf 503 b,Wolf 503,Transit,0,6.00118,4716.0,0.69,0.69
4525,Period + method,0.0253482925365437,0.0,0.23836132173438904,15,0,Wolf 503 b,Wolf 503,Transit,0,6.00118,4716.0,0.69,0.69
4525,Period-only curved,0.029329939615352338,0.0,0.23836132173438904,15,0,Wolf 503 b,Wolf 503,Transit,0,6.00118,4716.0,0.69,0.69
4534,Chunk 4 interaction,0.00021891902500333334,0.0,0.24111747307318016,15,0,XO-7 b,XO-7,Transit,0,2.8641424,6250.0,1.48,1.41
4534,Full stellar structure,0.00020714400333630918,0.0,0.24111747307318016,15,0,XO-7 b,XO-7,Transit,0,2.8641424,6250.0,1.48,1.41
4534,Method-adjusted full,0.00020371698403002516,0.0,0.24111747307318016,15,0,XO-7 b,XO-7,Transit,0,2.8641424,6250.0,1.48,1.41
4534,Period + method,0.006532336127552895,0.0,0.24111747307318016,15,0,XO-7 b,XO-7,Transit,0,2.8641424,6250.0,1.48,1.41
4534,Period-only curved,0.007541702948408286,0.0,0.24111747307318016,15,0,XO-7 b,XO-7,Transit,0,2.8641424,6250.0,1.48,1.41
4562,Chunk 4 interaction,0.00187903951359338,0.0,0.2532426139834901,15,0,pi Men c,HD 39091,Transit,0,6.2679,6037.0,1.1,1.09
4562,Full stellar structure,0.002552101164285778,0.0,0.2532426139834901,15,0,pi Men c,HD 39091,Transit,0,6.2679,6037.0,1.1,1.09
4562,Method-adjusted full,0.0025451950839245506,0.0,0.2532426139834901,15,0,pi Men c,HD 39091,Transit,0,6.2679,6037.0,1.1,1.09
4562,Period + method,0.027234612905881802,0.0,0.2532426139834901,15,0,pi Men c,HD 39091,Transit,0,6.2679,6037.0,1.1,1.09
4562,Period-only curved,0.03222705405551328,0.0,0.2532426139834901,15,0,pi Men c,HD 39091,Transit,0,6.2679,6037.0,1.1,1.09
4564,Chunk 4 interaction,0.06042021706975309,0.0,0.2388944298143013,15,0,rho CrB b,rho CrB,Radial Velocity,0,39.8458,5627.0,1.36,0.89
4564,Full stellar structure,0.059613471047706826,0.0,0.2388944298143013,15,0,rho CrB b,rho CrB,Radial Velocity,0,39.8458,5627.0,1.36,0.89
4564,Method-adjusted full,0.06522009374829935,0.0,0.2388944298143013,15,0,rho CrB b,rho CrB,Radial Velocity,0,39.8458,5627.0,1.36,0.89
4564,Period + method,0.4112035893017545,1.0,0.2388944298143013,15,1,rho CrB b,rho CrB,Radial Velocity,0,39.8458,5627.0,1.36,0.89
4564,Period-only curved,0.2337971513241236,0.6,0.2388944298143013,15,1,rho CrB b,rho CrB,Radial Velocity,0,39.8458,5627.0,1.36,0.89
4565,Chunk 4 interaction,0.1471472552875695,0.0,0.2388944298143013,15,0,rho CrB c,rho CrB,Radial Velocity,0,102.54,5627.0,1.36,0.89
4565,Full stellar structure,0.14655228595404873,0.13333333333333333,0.2388944298143013,15,0,rho CrB c,rho CrB,Radial Velocity,0,102.54,5627.0,1.36,0.89
4565,Method-adjusted full,0.15770483187906426,0.13333333333333333,0.2388944298143013,15,0,rho CrB c,rho CrB,Radial Velocity,0,102.54,5627.0,1.36,0.89
4565,Period + method,0.5264208523847194,1.0,0.2388944298143013,15,1,rho CrB c,rho CrB,Radial Velocity,0,102.54,5627.0,1.36,0.89
4565,Period-only curved,0.34164126894053326,0.9333333333333333,0.2388944298143013,15,1,rho CrB c,rho CrB,Radial Velocity,0,102.54,5627.0,1.36,0.89
