stellar_teff_k,orbital_period_days,rf_probability,logistic_probability,rf_minus_logistic,local_neighbor_count,local_log10_teff_bandwidth
2800.0,0.7,0.1450225528572262,0.0009365248910377943,0.1440860279661884,90,0.12571357085826085
2800.0,0.7630006889770977,0.1450225528572262,0.0012259863883143033,0.1437965664689119,90,0.12571357085826085
2800.0,0.8316715019707511,0.1450225528572262,0.0015986770557004518,0.14342387580152574,90,0.12571357085826085
2800.0,0.9065227557232869,0.1450225528572262,0.0020764134697852737,0.14294613938744094,90,0.12571357085826085
2800.0,0.9881106959861216,0.1450225528572262,0.0026860071064515973,0.14233654575077462,90,0.12571357085826085
2800.0,1.0770416311757862,0.1450225528572262,0.0034601481628450154,0.1415624046943812,90,0.12571357085826085
2800.0,1.1739764380630602,0.1450225528572262,0.004438343782094748,0.14058420907513144,90,0.12571357085826085
2800.0,1.2796354729785626,0.1450225528572262,0.0056678662655871015,0.1393546865916391,90,0.12571357085826085
2800.0,1.3948039250316824,0.1450225528572262,0.007204642570698461,0.13781791028652773,90,0.12571357085826085
2800.0,1.520337651124477,0.1450225528572262,0.009113987548559835,0.13590856530866638,90,0.12571357085826085
2800.0,1.657169536122569,0.1450225528572262,0.011471052699295093,0.1335515001579311,90,0.12571357085826085
2800.0,1.8063164254476822,0.1450225528572262,0.014360835121882284,0.1306617177353439,90,0.12571357085826085
2800.0,1.9688866816103285,0.1450225528572262,0.017877576354894703,0.1271449765023315,90,0.12571357085826085
2800.0,2.1460884208378745,0.1450225528572262,0.022123389028651477,0.12289916382857473,90,0.12571357085826085
2800.0,2.339238491007243,0.1450225528572262,0.027205991895290795,0.11781656096193541,90,0.12571357085826085
2800.0,2.5497722576003894,0.1450225528572262,0.03323551758125418,0.11178703527597203,90,0.12571357085826085
2800.0,2.7792542704054104,0.1450225528572262,0.04032047851269763,0.10470207434452858,90,0.12571357085826085
2800.0,3.0293898902312417,0.1450225528572262,0.048563116040705935,0.09645943681652028,90,0.12571357085826085
2800.0,3.3020379620381313,0.1450617460010389,0.05805448318623096,0.08700726281480795,90,0.12571357085826085
2800.0,3.599224628662322,0.14541969887532585,0.06886968633012185,0.07655001254520401,90,0.12571357085826085
2800.0,3.9231583877895577,0.14793232802214926,0.08106371235755012,0.06686861566459913,90,0.12571357085826085
2800.0,4.276246504071018,0.14984552039706667,0.09466819884853364,0.055177321548533026,90,0.12571357085826085
2800.0,4.661112898345847,0.14984552039706667,0.10968939549131163,0.04015612490575504,90,0.12571357085826085
2800.0,5.080617646911311,0.15648353185128547,0.12610745183366684,0.03037608001761863,90,0.12571357085826085
2800.0,5.537878235746474,0.1605769022355352,0.14387706928686997,0.016699832948665227,90,0.12571357085826085
2800.0,6.036292727636905,0.17619714281918836,0.162929465647422,0.013267677171766357,90,0.12571357085826085
2800.0,6.579565014363433,0.17991549287864528,0.18317549591981788,-0.0032600030411726044,90,0.12571357085826085
2800.0,7.1717323416127225,0.1810446540925654,0.20450964479318343,-0.023464990700618027,90,0.12571357085826085
2800.0,7.817195311156917,0.18206848360326502,0.22681447602266386,-0.04474599241939883,90,0.12571357085826085
2800.0,8.520750583258952,0.18497368119444954,0.24996503966245306,-0.06499135846800352,90,0.12571357085826085
2800.0,9.287626522326553,0.21943160839325673,0.27383274605615865,-0.054401137662901916,90,0.12571357085826085
2800.0,10.123522050710184,0.2803015374741226,0.2982883332079661,-0.017986795733843486,90,0.12571357085826085
2800.0,11.03464899938101,0.2906077913175756,0.32320375779908517,-0.032595966481509586,90,0.12571357085826085
2800.0,12.027778270211655,0.3250492179991993,0.34845307345681226,-0.023403855457612976,90,0.12571357085826085
2800.0,13.110290152907504,0.32823678550901203,0.3739125577378032,-0.045675772228791156,90,0.12571357085826085
2800.0,14.290229170511559,0.3287814161532389,0.39946046239403876,-0.07067904624079985,90,0.12571357085826085
2800.0,15.576363861058477,0.331691775805499,0.4249767716898681,-0.09328499588436906,90,0.12571357085826085
2800.0,16.978251939636557,0.34315143307083396,0.45034327472762614,-0.10719184165679219,90,0.12571357085826085
2800.0,18.50631132509919,0.45462071338182825,0.4754441252986193,-0.020823411916791046,90,0.12571357085826085
2800.0,20.17189755925049,0.46465164969257117,0.5001669182578186,-0.03551526856524739,90,0.12571357085826085
2800.0,21.98738819383367,0.46535618378676685,0.5244041892872519,-0.059048005500485,90,0.12571357085826085
2800.0,23.966274772431408,0.4799876882563284,0.548055165292833,-0.06806747703650462,90,0.12571357085826085
2800.0,26.123263090828015,0.4862774629625893,0.5710275605818259,-0.08475009761923663,90,0.12571357085826085
2800.0,28.474382480902506,0.5344871737536764,0.5932392229605215,-0.05875204920684507,90,0.12571357085826085
2800.0,31.037104930180035,0.5630623874763272,0.6146194714606916,-0.05155708398436443,90,0.12571357085826085
2800.0,33.83047492225976,0.5843012904892414,0.6351100197868421,-0.05080872929760072,90,0.12571357085826085
2800.0,36.875250963009485,0.5913613589341041,0.6546654349583884,-0.06330407602428423,90,0.12571357085826085
2800.0,40.194059844256586,0.5929924095629976,0.6732531305768763,-0.08026072101387871,90,0.12571357085826085
2800.0,43.81156479136355,0.5934604378007997,0.6908529337878483,-0.09739249598704858,90,0.12571357085826085
2800.0,47.75464874425019,0.5951496846763941,0.707456292400365,-0.11230660772397094,90,0.12571357085826085
2800.0,52.05261413388882,0.5954453716137588,0.7230652039840033,-0.12761983237024455,90,0.12571357085826085
2800.0,56.737400638880295,0.596849422294218,0.7376909536372486,-0.14084153134303057,90,0.12571357085826085
2800.0,61.8438225403361,0.5988109433564504,0.7513527437594766,-0.15254180040302623,90,0.12571357085826085
2800.0,67.40982743893404,0.5990166191761769,0.7640762900159465,-0.16505967083976958,90,0.12571357085826085
2800.0,73.47677825676274,0.5990166191761769,0.7758924450899847,-0.1768758259138078,90,0.12571357085826085
2800.0,80.08976061961063,0.5990166191761769,0.78683589776359,-0.1878192785874131,90,0.12571357085826085
2800.0,87.29791790396244,0.5991902283238195,0.7969439809127836,-0.1977537525889641,90,0.12571357085826085
2800.0,95.15481643855642,0.5998323620693993,0.8062556092391673,-0.206423247169768,90,0.12571357085826085
2800.0,103.71884357443969,0.6001792255030868,0.8148103566453136,-0.21463113114222687,90,0.12571357085826085
2800.0,113.05364158172193,0.6014480181580425,0.822647674398131,-0.22119965624008853,90,0.12571357085826085
2800.0,123.22858059746237,0.6014480181580425,0.8298062446346451,-0.22835822647660264,90,0.12571357085826085
2800.0,134.3192741393338,0.6014575268946908,0.8363234591837074,-0.23486593228901664,90,0.12571357085826085
2800.0,146.40814101602186,0.6020291358458089,0.8422350108288947,-0.24020587498308588,90,0.12571357085826085
2800.0,159.58501781011546,0.6022992796432151,0.8475745826979503,-0.24527530305473522,90,0.12571357085826085
2800.0,173.9478264850578,0.6025067314520292,0.8523736211050627,-0.2498668896530335,90,0.12571357085826085
2800.0,189.6033020773824,0.6020071800288174,0.8566611775932035,-0.2546539975643861,90,0.12571357085826085
2800.0,206.6677858819652,0.6020102580246234,0.8604638068665245,-0.2584535488419011,90,0.12571357085826085
2800.0,225.26809002472953,0.6020102580246234,0.8638055085584098,-0.2617952505337864,90,0.12571357085826085
2800.0,245.54243984774803,0.6020102580246234,0.8667077021887319,-0.26469744416410856,90,0.12571357085826085
2800.0,267.64150110992745,0.6020102580246234,0.8691892261077746,-0.2671789680831512,90,0.12571357085826085
2800.0,291.72949963677064,0.6020102580246234,0.8712663526250978,-0.2692560946004744,90,0.12571357085826085
2800.0,317.9854417397141,0.6020102580246234,0.8729528128306205,-0.27094255480599716,90,0.12571357085826085
2800.0,346.6044444744125,0.6020102580246234,0.8742598258070196,-0.2722495677823962,90,0.12571357085826085
2800.0,377.7991856235726,0.6020102580246234,0.8751961279992801,-0.27318586997465677,90,0.12571357085826085
2800.0,411.801484179675,0.6020102580246234,0.8757679994535197,-0.2737577414288963,90,0.12571357085826085
2800.0,448.86402307269043,0.6020102580246234,0.875979284476197,-0.2739690264515736,90,0.12571357085826085
2800.0,489.26222694499216,0.6020102580246234,0.8758314050154778,-0.27382114699085447,90,0.12571357085826085
2800.0,533.2963089278549,0.6020102580246234,0.8753233657513539,-0.27331310772673056,90,0.12571357085826085
2800.0,581.2935016298517,0.6020102580246234,0.8744517505247632,-0.2724414925001398,90,0.12571357085826085
2800.0,633.6104889164096,0.6020102580246234,0.8732107103642355,-0.2712004523396121,90,0.12571357085826085
2800.0,690.6360565519087,0.6020102580246234,0.871591944007637,-0.2695816859830136,90,0.12571357085826085
2800.0,752.7939814021893,0.6020102580246234,0.8695846724923083,-0.26757441446768493,90,0.12571357085826085
2800.0,820.546180668118,0.6020102580246234,0.8671756101242228,-0.26516535209959946,90,0.12571357085826085
2800.0,894.3961445532864,0.6020102580246234,0.8643489349586988,-0.2623386769340754,90,0.12571357085826085
2800.0,974.8926778751674,0.6020102580246234,0.8610862628513966,-0.2590760048267732,90,0.12571357085826085
2800.0,1062.6339784249726,0.6020102580246234,0.8573666301831884,-0.255356372158565,90,0.12571357085826085
2800.0,1158.2720823838974,0.6020102580246234,0.8531664915324141,-0.2511562335077907,90,0.12571357085826085
2800.0,1262.5177098312156,0.6020102580246234,0.8484597398576158,-0.24644948183299242,90,0.12571357085826085
2800.0,1376.1455463528653,0.6020102580246234,0.8432177581412678,-0.24120750011664438,90,0.12571357085826085
2800.0,1500.0,0.6020102580246234,0.8374095128860881,-0.23539925486146474,90,0.12571357085826085
2840.2693513303925,0.7,0.14500404245517615,0.0009131153693572689,0.1440909270858189,90,0.11951207474160164
2840.2693513303925,0.7630006889770977,0.14500404245517615,0.0011956999799311648,0.143808342475245,90,0.11951207474160164
2840.2693513303925,0.8316715019707511,0.14500404245517615,0.0015596618248099434,0.14344438063036621,90,0.11951207474160164
2840.2693513303925,0.9065227557232869,0.14500404245517615,0.002026376955367638,0.1429776654998085,90,0.11951207474160164
2840.2693513303925,0.9881106959861216,0.14500404245517615,0.0026221326466815084,0.14238190980849463,90,0.11951207474160164
2840.2693513303925,1.0770416311757862,0.14500404245517615,0.0033790037219467326,0.1416250387332294,90,0.11951207474160164
2840.2693513303925,1.1739764380630602,0.14500404245517615,0.004335786541411048,0.1406682559137651,90,0.11951207474160164
2840.2693513303925,1.2796354729785626,0.14500404245517615,0.005538948469283996,0.13946509398589216,90,0.11951207474160164
2840.2693513303925,1.3948039250316824,0.14500404245517615,0.007043526951888315,0.13796051550328783,90,0.11951207474160164
2840.2693513303925,1.520337651124477,0.14500404245517615,0.008913883978339424,0.13609015847683673,90,0.11951207474160164
2840.2693513303925,1.657169536122569,0.14500404245517615,0.011224191140484915,0.13377985131469122,90,0.11951207474160164
2840.2693513303925,1.8063164254476822,0.14500404245517615,0.014058492846605892,0.13094554960857024,90,0.11951207474160164
2840.2693513303925,1.9688866816103285,0.14500404245517615,0.017510178648559978,0.12749386380661618,90,0.11951207474160164
2840.2693513303925,2.1460884208378745,0.14500404245517615,0.021680700922686133,0.12332334153249001,90,0.11951207474160164
2840.2693513303925,2.339238491007243,0.14500404245517615,0.026677412550289072,0.11832662990488707,90,0.11951207474160164
2840.2693513303925,2.5497722576003894,0.14500404245517615,0.032610478081886295,0.11239356437328984,90,0.11951207474160164
2840.2693513303925,2.7792542704054104,0.14500404245517615,0.03958892863300568,0.10541511382217048,90,0.11951207474160164
2840.2693513303925,3.0293898902312417,0.14500404245517615,0.04771606837676762,0.09728797407840853,90,0.11951207474160164
2840.2693513303925,3.3020379620381313,0.14504323559898885,0.057084567905919016,0.08795866769306984,90,0.11951207474160164
2840.2693513303925,3.599224628662322,0.1454011836734791,0.06777166104625217,0.07762952262722693,90,0.11951207474160164
2840.2693513303925,3.9231583877895577,0.1479142428342735,0.07983487226286168,0.06807937057141183,90,0.11951207474160164
2840.2693513303925,4.276246504071018,0.14982784469025553,0.09330864233598671,0.05651920235426883,90,0.11951207474160164
2840.2693513303925,4.661112898345847,0.14982784469025553,0.10820211719550207,0.04162572749475346,90,0.11951207474160164
2840.2693513303925,5.080617646911311,0.1564673114722796,0.1244982542864807,0.0319690571857989,90,0.11951207474160164
2840.2693513303925,5.537878235746474,0.1605616217716816,0.1421543029777247,0.018407318793956906,90,0.11951207474160164
2840.2693513303925,6.036292727636905,0.1761867052646693,0.16110362386126312,0.015083081403406196,90,0.11951207474160164
2840.2693513303925,6.579565014363433,0.1799056999387314,0.1812587049849616,-0.0013530050462302046,90,0.11951207474160164
2840.2693513303925,7.1717323416127225,0.18103504755948918,0.20251510144847387,-0.02148005388898469,90,0.11951207474160164
2840.2693513303925,7.817195311156917,0.182059147066963,0.22475588934793586,-0.042696742280972866,90,0.11951207474160164
2840.2693513303925,8.520750583258952,0.184965264437645,0.24785613278565125,-0.06289086834800625,90,0.11951207474160164
2840.2693513303925,9.287626522326553,0.2194327915284376,0.2716868613640356,-0.052254069835597994,90,0.11951207474160164
2840.2693513303925,10.123522050710184,0.28032362021590584,0.2961181654717241,-0.01579454525581825,90,0.11951207474160164
2840.2693513303925,11.03464899938101,0.29063252390063254,0.3210212166300673,-0.03038869272943473,90,0.11951207474160164
2840.2693513303925,12.027778270211655,0.32508240069639205,0.34626925531256847,-0.02118685461617642,90,0.11951207474160164
2840.2693513303925,13.110290152907504,0.3282706002571297,0.3717377931290955,-0.04346719287196582,90,0.11951207474160164
2840.2693513303925,14.290229170511559,0.3288153877753593,0.3973043985659124,-0.06848901079055308,90,0.11951207474160164
2840.2693513303925,15.576363861058477,0.33172690757413986,0.4228484546212384,-0.09112154704709852,90,0.11951207474160164
2840.2693513303925,16.978251939636557,0.34318837379607003,0.44825120429759047,-0.10506283050152043,90,0.11951207474160164
2840.2693513303925,18.50631132509919,0.4546814993321189,0.4733962703122006,-0.01871477098008173,90,0.11951207474160164
2840.2693513303925,20.17189755925049,0.4647143819999294,0.49817069029949584,-0.03345630829956642,90,0.11951207474160164
2840.2693513303925,21.98738819383367,0.46541846737754755,0.5224663837102409,-0.05704791633269335,90,0.11951207474160164
2840.2693513303925,23.966274772431408,0.4800493668951921,0.5461818830255091,-0.06613251613031695,90,0.11951207474160164
2840.2693513303925,26.123263090828015,0.48633836479120224,0.569224125968636,-0.08288576117743379,90,0.11951207474160164
2840.2693513303925,28.474382480902506,0.5345441526275703,0.5915101114141378,-0.05696595878656752,90,0.11951207474160164
2840.2693513303925,31.037104930180035,0.5631185549485339,0.6129682574245178,-0.04984970247598386,90,0.11951207474160164
2840.2693513303925,33.83047492225976,0.5843522059079773,0.6335393514691474,-0.0491871455611701,90,0.11951207474160164
2840.2693513303925,36.875250963009485,0.5914115343759234,0.6531770383304684,-0.06176550395454494,90,0.11951207474160164
2840.2693513303925,40.194059844256586,0.5930416168876227,0.6718478417569996,-0.07880622486937694,90,0.11951207474160164
2840.2693513303925,43.81156479136355,0.5935095932065606,0.6895307564205431,-0.09602116321398246,90,0.11951207474160164
2840.2693513303925,47.75464874425019,0.595198540282255,0.7062164750439794,-0.11101793476172439,90,0.11951207474160164
2840.2693513303925,52.05261413388882,0.595494147433161,0.7219063317627575,-0.12641218432959656,90,0.11951207474160164
2840.2693513303925,56.737400638880295,0.5968973913807399,0.736611048347612,-0.1397136569668721,90,0.11951207474160164
2840.2693513303925,61.8438225403361,0.5988555123565872,0.7503493670653418,-0.15149385470875465,90,0.11951207474160164
2840.2693513303925,67.40982743893404,0.599061166121148,0.763146645143815,-0.164085479022667,90,0.11951207474160164
2840.2693513303925,73.47677825676274,0.599061166121148,0.7750334733849142,-0.17597230726376623,90,0.11951207474160164
2840.2693513303925,80.08976061961063,0.599061166121148,0.7860443674597116,-0.1869832013385636,90,0.11951207474160164
2840.2693513303925,87.29791790396244,0.5992341212890205,0.7962165664135522,-0.19698244512453167,90,0.11951207474160164
2840.2693513303925,95.15481643855642,0.5998760007124766,0.8055889600300564,-0.20571295931757982,90,0.11951207474160164
2840.2693513303925,103.71884357443969,0.6002228641461642,0.8142011556422845,-0.21397829149612024,90,0.11951207474160164
2840.2693513303925,113.05364158172193,0.6014906367068396,0.8220926860588288,-0.22060204935198924,90,0.11951207474160164
2840.2693513303925,123.22858059746237,0.6014906367068396,0.8293023535324757,-0.22781171682563617,90,0.11951207474160164
2840.2693513303925,134.3192741393338,0.6015000850926336,0.8358676999847859,-0.2343676148921523,90,0.11951207474160164
2840.2693513303925,146.40814101602186,0.6020713483732327,0.8418245907408637,-0.23975324236763096,90,0.11951207474160164
2840.2693513303925,159.58501781011546,0.6023413815661399,0.8472068975018517,-0.24486551593571182,90,0.11951207474160164
2840.2693513303925,173.9478264850578,0.6025486222797919,0.8520462658597427,-0.24949764357995086,90,0.11951207474160164
2840.2693513303925,189.6033020773824,0.6020490708565801,0.8563719530362555,-0.25432288217967536,90,0.11951207474160164
2840.2693513303925,206.6677858819652,0.6020521262064569,0.8602107224432449,-0.25815859623678805,90,0.11951207474160164
2840.2693513303925,225.26809002472953,0.6020521262064569,0.8635867829036511,-0.2615346566971942,90,0.11951207474160164
2840.2693513303925,245.54243984774803,0.6020521262064569,0.8665217617755395,-0.26446963556908265,90,0.11951207474160164
2840.2693513303925,267.64150110992745,0.6020521262064569,0.8690347026679314,-0.2669825764614745,90,0.11951207474160164
2840.2693513303925,291.72949963677064,0.6020521262064569,0.8711420798444138,-0.26908995363795696,90,0.11951207474160164
2840.2693513303925,317.9854417397141,0.6020521262064569,0.872857822728302,-0.27080569652184516,90,0.11951207474160164
2840.2693513303925,346.6044444744125,0.6020521262064569,0.8741933451245885,-0.2721412189181316,90,0.11951207474160164
2840.2693513303925,377.7991856235726,0.6020521262064569,0.8751575748501519,-0.273105448643695,90,0.11951207474160164
2840.2693513303925,411.801484179675,0.6020521262064569,0.8757569804185524,-0.27370485421209556,90,0.11951207474160164
2840.2693513303925,448.86402307269043,0.6020521262064569,0.875995592271947,-0.27394346606549014,90,0.11951207474160164
2840.2693513303925,489.26222694499216,0.6020521262064569,0.8758750168088453,-0.2738228906023884,90,0.11951207474160164
2840.2693513303925,533.2963089278549,0.6020521262064569,0.8753944421449018,-0.27334231593844494,90,0.11951207474160164
2840.2693513303925,581.2935016298517,0.6020521262064569,0.8745506351893073,-0.27249850898285044,90,0.11951207474160164
2840.2693513303925,633.6104889164096,0.6020521262064569,0.8733379302473149,-0.271285804040858,90,0.11951207474160164
2840.2693513303925,690.6360565519087,0.6020521262064569,0.87174820999621,-0.2696960837897532,90,0.11951207474160164
2840.2693513303925,752.7939814021893,0.6020521262064569,0.8697708803535782,-0.2677187541471213,90,0.11951207474160164
2840.2693513303925,820.546180668118,0.6020521262064569,0.8673928414880566,-0.26534071528159975,90,0.11951207474160164
2840.2693513303925,894.3961445532864,0.6020521262064569,0.8645984580371363,-0.26254633183067944,90,0.11951207474160164
2840.2693513303925,974.8926778751674,0.6020521262064569,0.8613695325140011,-0.2593174063075442,90,0.11951207474160164
2840.2693513303925,1062.6339784249726,0.6020521262064569,0.8576852869208232,-0.25563316071436637,90,0.11951207474160164
2840.2693513303925,1158.2720823838974,0.6020521262064569,0.8535223587465485,-0.2514702325400916,90,0.11951207474160164
2840.2693513303925,1262.5177098312156,0.6020521262064569,0.848854818808732,-0.24680269260227516,90,0.11951207474160164
2840.2693513303925,1376.1455463528653,0.6020521262064569,0.8436542197811809,-0.24160209357472406,90,0.11951207474160164
2840.2693513303925,1500.0,0.6020521262064569,0.837889685689862,-0.23583755948340512,90,0.11951207474160164
2881.1178528952732,0.7,0.14495219642394666,0.0008888925160687905,0.14406330390787786,90,0.11331057862494243
2881.1178528952732,0.7630006889770977,0.14495219642394666,0.0011643308794647529,0.14378786554448192,90,0.11331057862494243
2881.1178528952732,0.8316715019707511,0.14495219642394666,0.001519211448326194,0.14343298497562046,90,0.11331057862494243
2881.1178528952732,0.9065227557232869,0.14495219642394666,0.0019744462911518413,0.14297775013279482,90,0.11331057862494243
2881.1178528952732,0.9881106959861216,0.14495219642394666,0.002555769197619927,0.14239642722632673,90,0.11331057862494243
2881.1178528952732,1.0770416311757862,0.14495219642394666,0.0032946033764914033,0.14165759304745526,90,0.11331057862494243
2881.1178528952732,1.1739764380630602,0.14495219642394666,0.00422899001047362,0.14072320641347305,90,0.11331057862494243
2881.1178528952732,1.2796354729785626,0.14495219642394666,0.005404537795447518,0.13954765862849913,90,0.11331057862494243
2881.1178528952732,1.3948039250316824,0.14495219642394666,0.006875330577921596,0.13807686584602508,90,0.11331057862494243
2881.1178528952732,1.520337651124477,0.14495219642394666,0.008704702404920816,0.13624749401902583,90,0.11331057862494243
2881.1178528952732,1.657169536122569,0.14495219642394666,0.010965758968063509,0.13398643745588315,90,0.11331057862494243
2881.1178528952732,1.8063164254476822,0.14495219642394666,0.01374149630483956,0.1312107001191071,90,0.11331057862494243
2881.1178528952732,1.9688866816103285,0.14495219642394666,0.017124349493220607,0.12782784693072605,90,0.11331057862494243
2881.1178528952732,2.1460884208378745,0.14495219642394666,0.02121500641957574,0.12373719000437092,90,0.11331057862494243
2881.1178528952732,2.339238491007243,0.14495219642394666,0.026120355725869005,0.11883184069807766,90,0.11331057862494243
2881.1178528952732,2.5497722576003894,0.14495219642394666,0.031950511585611734,0.11300168483833492,90,0.11331057862494243
2881.1178528952732,2.7792542704054104,0.14495219642394666,0.038814969780930644,0.10613722664301602,90,0.11331057862494243
2881.1178528952732,3.0293898902312417,0.14495219642394666,0.04681808444537966,0.098134111978567,90,0.11331057862494243
2881.1178528952732,3.3020379620381313,0.14499138956775937,0.05605418354026863,0.08893720602749074,90,0.11331057862494243
2881.1178528952732,3.599224628662322,0.14534918768978863,0.06660272849541878,0.07874645919436986,90,0.11331057862494243
2881.1178528952732,3.9231583877895577,0.1478622835209095,0.07852394368596813,0.06933833983494136,90,0.11331057862494243
2881.1178528952732,4.276246504071018,0.14977623732574813,0.09185529242334263,0.0579209449024055,90,0.11331057862494243
2881.1178528952732,4.661112898345847,0.14977623732574813,0.10660908142401425,0.04316715590173388,90,0.11331057862494243
2881.1178528952732,5.080617646911311,0.15641618313515399,0.12277136909403848,0.03364481404111551,90,0.11331057862494243
2881.1178528952732,5.537878235746474,0.16051064997092548,0.14030225521075787,0.020208394760167614,90,0.11331057862494243
2881.1178528952732,6.036292727636905,0.17613825208690662,0.15913753592416163,0.017000716162744983,90,0.11331057862494243
2881.1178528952732,6.579565014363433,0.17985757821435422,0.179191598349572,0.000665979864782229,90,0.11331057862494243
2881.1178528952732,7.1717323416127225,0.1809869113846091,0.20036129354121168,-0.019374382156602588,90,0.11331057862494243
2881.1178528952732,7.817195311156917,0.18201115259505113,0.22253038527305077,-0.040519232677999645,90,0.11331057862494243
2881.1178528952732,8.520750583258952,0.18491754052019738,0.24557407142151585,-0.06065653090131848,90,0.11331057862494243
2881.1178528952732,9.287626522326553,0.21939300825318545,0.269363063880849,-0.04997005562766357,90,0.11331057862494243
2881.1178528952732,10.123522050710184,0.28030230501940423,0.2937668146726364,-0.013464509653232148,90,0.11331057862494243
2881.1178528952732,11.03464899938101,0.29061389295163076,0.3186556718284514,-0.028041778876820633,90,0.11331057862494243
2881.1178528952732,12.027778270211655,0.32507235494521103,0.3439019852524996,-0.01882963030728857,90,0.11331057862494243
2881.1178528952732,13.110290152907504,0.328261172246567,0.36938039370793063,-0.04111922146136365,90,0.11331057862494243
2881.1178528952732,14.290229170511559,0.32880608801003647,0.3949676556062198,-0.06616156759618336,90,0.11331057862494243
2881.1178528952732,15.576363861058477,0.3317191851890984,0.42054241461445224,-0.08882322942535387,90,0.11331057862494243
2881.1178528952732,16.978251939636557,0.34318343669720225,0.4459852254985501,-0.10280178880134783,90,0.11331057862494243
2881.1178528952732,18.50631132509919,0.4547131228308031,0.4711790392174196,-0.016465916386616486,90,0.11331057862494243
2881.1178528952732,20.17189755925049,0.46474956339310985,0.4960102009071054,-0.03126063751399555,90,0.11331057862494243
2881.1178528952732,21.98738819383367,0.46545348111467216,0.52036988655423,-0.054916405439557836,90,0.11331057862494243
2881.1178528952732,23.966274772431408,0.48008570147958796,0.5441558166609518,-0.06407011518136385,90,0.11331057862494243
2881.1178528952732,26.123263090828015,0.4863750520005386,0.5672740454082941,-0.08089899340775547,90,0.11331057862494243
2881.1178528952732,28.474382480902506,0.5345825717033423,0.5896406268015681,-0.05505805509822581,90,0.11331057862494243
2881.1178528952732,31.037104930180035,0.5631593722829754,0.6111829931066103,-0.04802362082363487,90,0.11331057862494243
2881.1178528952732,33.83047492225976,0.5843902012856403,0.6318409316903362,-0.04745073040469583,90,0.11331057862494243
2881.1178528952732,36.875250963009485,0.591449518762442,0.6515671018593271,-0.060117583096885086,90,0.11331057862494243
2881.1178528952732,40.194059844256586,0.5930788858961032,0.6703270844201643,-0.07724819852406106,90,0.11331057862494243
2881.1178528952732,43.81156479136355,0.5935468179171187,0.6880989980316587,-0.09455218011454003,90,0.11331057862494243
2881.1178528952732,47.75464874425019,0.5952355797108007,0.7048727456411185,-0.1096371659303178,90,0.11331057862494243
2881.1178528952732,52.05261413388882,0.5955311197308873,0.7206489713340553,-0.1251178516031679,90,0.11331057862494243
2881.1178528952732,56.737400638880295,0.5969338434539142,0.7354378141827845,-0.13850397072887033,90,0.11331057862494243
2881.1178528952732,61.8438225403361,0.5988890490846231,0.7492575433402138,-0.15036849425559062,90,0.11331057862494243
2881.1178528952732,67.40982743893404,0.5990946804203006,0.7621331501458516,-0.16303846972555103,90,0.11331057862494243
2881.1178528952732,73.47677825676274,0.5990946804203006,0.7740949607593894,-0.17500028033908888,90,0.11331057862494243
2881.1178528952732,80.08976061961063,0.5990946804203006,0.7851773188682392,-0.1860826384479386,90,0.11331057862494243
2881.1178528952732,87.29791790396244,0.5992670116063986,0.7954173739533219,-0.1961503623469233,90,0.11331057862494243
2881.1178528952732,95.15481643855642,0.5999088161993127,0.8048539976007866,-0.20494518140147389,90,0.11331057862494243
2881.1178528952732,103.71884357443969,0.6002556796330003,0.81352683913552,-0.21327115950251974,90,0.11331057862494243
2881.1178528952732,113.05364158172193,0.6015227337225,0.8214755227710296,-0.21995278904852966,90,0.11331057862494243
2881.1178528952732,123.22858059746237,0.6015227337225,0.8287389815764074,-0.22721624785390737,90,0.11331057862494243
2881.1178528952732,134.3192741393338,0.6015321214393513,0.8353549187107621,-0.23382279727141075,90,0.11331057862494243
2881.1178528952732,146.40814101602186,0.6021030496140766,0.8413593833035864,-0.23925633368950983,90,0.11331057862494243
2881.1178528952732,159.58501781011546,0.6023730127794,0.8467864467446441,-0.24441343396524406,90,0.11331057862494243
2881.1178528952732,173.9478264850578,0.6025800670358366,0.8516679646593246,-0.24908789762348804,90,0.11331057862494243
2881.1178528952732,189.6033020773824,0.6020805156126245,0.856033410178567,-0.2539528945659425,90,0.11331057862494243
2881.1178528952732,206.6677858819652,0.6020835479328445,0.8599097650011763,-0.25782621706833186,90,0.11331057862494243
2881.1178528952732,225.26809002472953,0.6020835479328445,0.8633214559742363,-0.2612379080413918,90,0.11331057862494243
2881.1178528952732,245.54243984774803,0.6020835479328445,0.8662903263170035,-0.26420677838415907,90,0.11331057862494243
2881.1178528952732,267.64150110992745,0.6020835479328445,0.8688356320627212,-0.2667520841298767,90,0.11331057862494243
2881.1178528952732,291.72949963677064,0.6020835479328445,0.8709740557072624,-0.2688905077744179,90,0.11331057862494243
2881.1178528952732,317.9854417397141,0.6020835479328445,0.8727197303807827,-0.2706361824479382,90,0.11331057862494243
2881.1178528952732,346.6044444744125,0.6020835479328445,0.8740842690703687,-0.27200072113752427,90,0.11331057862494243
2881.1178528952732,377.7991856235726,0.6020835479328445,0.8750767945080262,-0.27299324657518176,90,0.11331057862494243
2881.1178528952732,411.801484179675,0.6020835479328445,0.8757039663023816,-0.2736204183695371,90,0.11331057862494243
2881.1178528952732,448.86402307269043,0.6020835479328445,0.8759700027464303,-0.27388645481358587,90,0.11331057862494243
2881.1178528952732,489.26222694499216,0.6020835479328445,0.8758766954958767,-0.2737931475630322,90,0.11331057862494243
2881.1178528952732,533.2963089278549,0.6020835479328445,0.8754234160052063,-0.2733398680723619,90,0.11331057862494243
2881.1178528952732,581.2935016298517,0.6020835479328445,0.8746071132561394,-0.2725235653232949,90,0.11331057862494243
2881.1178528952732,633.6104889164096,0.6020835479328445,0.873422302941221,-0.27133875500837656,90,0.11331057862494243
2881.1178528952732,690.6360565519087,0.6020835479328445,0.8718610489002278,-0.2697775009673833,90,0.11331057862494243
2881.1178528952732,752.7939814021893,0.6020835479328445,0.8699129382748597,-0.26782939034201525,90,0.11331057862494243
2881.1178528952732,820.546180668118,0.6020835479328445,0.8675650525730059,-0.2654815046401614,90,0.11331057862494243
2881.1178528952732,894.3961445532864,0.6020835479328445,0.8648019376411785,-0.26271838970833405,90,0.11331057862494243
2881.1178528952732,974.8926778751674,0.6020835479328445,0.8616055764529044,-0.2595220285200599,90,0.11331057862494243
2881.1178528952732,1062.6339784249726,0.6020835479328445,0.8579553696473915,-0.25587182171454703,90,0.11331057862494243
2881.1178528952732,1158.2720823838974,0.6020835479328445,0.8538281299046744,-0.2517445819718299,90,0.11331057862494243
2881.1178528952732,1262.5177098312156,0.6020835479328445,0.8491980975174847,-0.2471145495846402,90,0.11331057862494243
2881.1178528952732,1376.1455463528653,0.6020835479328445,0.8440369858975924,-0.24195343796474789,90,0.11331057862494243
2881.1178528952732,1500.0,0.6020835479328445,0.8383140671951723,-0.23623051926232785,90,0.11331057862494243
2922.553833981881,0.7,0.14485668159340412,0.0008635899865270647,0.14399309160687707,90,0.10710908250828322
2922.553833981881,0.7630006889770977,0.14485668159340412,0.0011315293576734749,0.14372515223573065,90,0.10710908250828322
2922.553833981881,0.8316715019707511,0.14485668159340412,0.0014768685186014392,0.1433798130748027,90,0.10710908250828322
2922.553833981881,0.9065227557232869,0.14485668159340412,0.0019200256548797714,0.14293665593852434,90,0.10710908250828322
2922.553833981881,0.9881106959861216,0.14485668159340412,0.0024861438641717525,0.14237053772923236,90,0.10710908250828322
2922.553833981881,1.0770416311757862,0.14485668159340412,0.0032059488469119045,0.1416507327464922,90,0.10710908250828322
2922.553833981881,1.1739764380630602,0.14485668159340412,0.004116670572183808,0.1407400110212203,90,0.10710908250828322
2922.553833981881,1.2796354729785626,0.14485668159340412,0.005262991466118788,0.13959369012728534,90,0.10710908250828322
2922.553833981881,1.3948039250316824,0.14485668159340412,0.0066979613940456465,0.13815872019935846,90,0.10710908250828322
2922.553833981881,1.520337651124477,0.14485668159340412,0.008483792564682973,0.13637288902872113,90,0.10710908250828322
2922.553833981881,1.657169536122569,0.14485668159340412,0.010692417489013329,0.13416426410439078,90,0.10710908250828322
2922.553833981881,1.8063164254476822,0.14485668159340412,0.013405664671612848,0.13145101692179126,90,0.10710908250828322
2922.553833981881,1.9688866816103285,0.14485668159340412,0.01671488714612502,0.1281417944472791,90,0.10710908250828322
2922.553833981881,2.1460884208378745,0.14485668159340412,0.020719878381512163,0.12413680321189195,90,0.10710908250828322
2922.553833981881,2.339238491007243,0.14485668159340412,0.025526939576157884,0.11932974201724623,90,0.10710908250828322
2922.553833981881,2.5497722576003894,0.14485668159340412,0.031246030205782246,0.11361065138762187,90,0.10710908250828322
2922.553833981881,2.7792542704054104,0.14485668159340412,0.03798703989588124,0.10686964169752289,90,0.10710908250828322
2922.553833981881,3.0293898902312417,0.14485668159340412,0.04585535097726492,0.0990013306161392,90,0.10710908250828322
2922.553833981881,3.3020379620381313,0.14489587473721685,0.054946990233087675,0.08994888450412918,90,0.10710908250828322
2922.553833981881,3.599224628662322,0.14525333100197083,0.06534376130188582,0.079909569700085,90,0.10710908250828322
2922.553833981881,3.9231583877895577,0.1477659380654577,0.07710877938857313,0.07065715867688457,90,0.10710908250828322
2922.553833981881,4.276246504071018,0.14968016309985815,0.09028279250651171,0.059397370593346446,90,0.10710908250828322
2922.553833981881,4.661112898345847,0.14968016309985815,0.10488158847548372,0.044798574624374435,90,0.10710908250828322
2922.553833981881,5.080617646911311,0.15631927157379885,0.12089468578110177,0.03542458579269708,90,0.10710908250828322
2922.553833981881,5.537878235746474,0.16041284259042612,0.13828540976335466,0.02212743282707147,90,0.10710908250828322
2922.553833981881,6.036292727636905,0.1760398132916735,0.15699236011444176,0.01904745317723175,90,0.10710908250828322
2922.553833981881,6.579565014363433,0.1797590456177078,0.17693216265870243,0.002826882959005378,90,0.10710908250828322
2922.553833981881,7.1717323416127225,0.1808880954649956,0.198003258247763,-0.017115162782767396,90,0.10710908250828322
2922.553833981881,7.817195311156917,0.18191230406297787,0.22009033360367286,-0.03817802954069499,90,0.10710908250828322
2922.553833981881,8.520750583258952,0.1848180912128528,0.24306888941889906,-0.058250798206046256,90,0.10710908250828322
2922.553833981881,9.287626522326553,0.2192991426533998,0.26680942018512727,-0.04751027753172746,90,0.10710908250828322
2922.553833981881,10.123522050710184,0.28022332462296373,0.2911807734051867,-0.01095744878222299,90,0.10710908250828322
2922.553833981881,11.03464899938101,0.2905375943997749,0.31605244731259435,-0.025514852912819463,90,0.10710908250828322
2922.553833981881,12.027778270211655,0.3250046770951093,0.34129582398384106,-0.01629114688873179,90,0.10710908250828322
2922.553833981881,13.110290152907504,0.32819408289463425,0.366784551929642,-0.038590469035007735,90,0.10710908250828322
2922.553833981881,14.290229170511559,0.3287390863742097,0.3923944330530451,-0.06365534667883543,90,0.10710908250828322
2922.553833981881,15.576363861058477,0.3316542887207343,0.41800320662201323,-0.08634891790127891,90,0.10710908250828322
2922.553833981881,16.978251939636557,0.3431225853586012,0.44349056445170626,-0.10036797909310508,90,0.10710908250828322
2922.553833981881,18.50631132509919,0.4547051928069564,0.46873860866531375,-0.014033415858357323,90,0.10710908250828322
2922.553833981881,20.17189755925049,0.46474727674962235,0.4936328180460523,-0.02888554129642995,90,0.10710908250828322
2922.553833981881,21.98738819383367,0.46545140639581517,0.5180634585755469,-0.05261205217973175,90,0.10710908250828322
2922.553833981881,23.966274772431408,0.48008750472192646,0.5419272824248921,-0.061839777702965615,90,0.10710908250828322
2922.553833981881,26.123263090828015,0.48637871441528263,0.5651293160040145,-0.07875060158873187,90,0.10710908250828322
2922.553833981881,28.474382480902506,0.534595503335129,0.5875845375636367,-0.05298903422850776,90,0.10710908250828322
2922.553833981881,31.037104930180035,0.5631789428741927,0.6092192767016558,-0.04604033382746309,90,0.10710908250828322
2922.553833981881,33.83047492225976,0.5844102520563208,0.6299722180604287,-0.04556196600410789,90,0.10710908250828322
2922.553833981881,36.875250963009485,0.5914705356701484,0.6497949469756775,-0.05832441130552912,90,0.10710908250828322
2922.553833981881,40.194059844256586,0.5930995407085613,0.668652026524163,-0.0755524858156017,90,0.10710908250828322
2922.553833981881,43.81156479136355,0.5935674384070698,0.686520637603978,-0.09295319919690814,90,0.10710908250828322
2922.553833981881,47.75464874425019,0.5952561714325693,0.703389843814135,-0.10813367238156579,90,0.10710908250828322
2922.553833981881,52.05261413388882,0.5955516623009014,0.7192595607777188,-0.1237078984768174,90,0.10710908250828322
2922.553833981881,56.737400638880295,0.5969542582186809,0.7341393164999358,-0.13718505828125493,90,0.10710908250828322
2922.553833981881,61.8438225403361,0.5989072449177337,0.7480468875226445,-0.14913964260491075,90,0.10710908250828322
2922.553833981881,67.40982743893404,0.5991128536674359,0.7610068874851289,-0.16189403381769296,90,0.10710908250828322
2922.553833981881,73.47677825676274,0.5991128536674359,0.7730493726145483,-0.17393651894711237,90,0.10710908250828322
2922.553833981881,80.08976061961063,0.5991128536674359,0.7842085147344807,-0.18509566106704478,90,0.10710908250828322
2922.553833981881,87.29791790396244,0.5992846108909744,0.7945213782554327,-0.19523676736445827,90,0.10710908250828322
2922.553833981881,95.15481643855642,0.5999265799051509,0.8040268244896828,-0.2041002445845319,90,0.10710908250828322
2922.553833981881,103.71884357443969,0.6002734433388384,0.8127645552634597,-0.21249111192462133,90,0.10710908250828322
2922.553833981881,113.05364158172193,0.6015401910838567,0.8207742985516643,-0.21923410746780758,90,0.10710908250828322
2922.553833981881,123.22858059746237,0.6015401910838567,0.8280951318079809,-0.2265549407241242,90,0.10710908250828322
2922.553833981881,134.3192741393338,0.6015495186443949,0.8347649336732011,-0.23321541502880627,90,0.10710908250828322
2922.553833981881,146.40814101602186,0.6021201311167278,0.8408199515571722,-0.23869982044044435,90,0.10710908250828322
2922.553833981881,159.58501781011546,0.6023900797577141,0.8462944708850517,-0.24390439112733764,90,0.10710908250828322
2922.553833981881,173.9478264850578,0.6025969835978044,0.8512205712453534,-0.248623587647549,90,0.10710908250828322
2922.553833981881,189.6033020773824,0.6020974321745926,0.8556279549661624,-0.25353052279156985,90,0.10710908250828322
2922.553833981881,206.6677858819652,0.6021004413038555,0.8595438345079037,-0.2574433932040482,90,0.10710908250828322
2922.553833981881,225.26809002472953,0.6021004413038555,0.8629928662758632,-0.2608924249720077,90,0.10710908250828322
2922.553833981881,245.54243984774803,0.6021004413038555,0.8659971198523068,-0.2638966785484512,90,0.10710908250828322
2922.553833981881,267.64150110992745,0.6021004413038555,0.8685760731009431,-0.26647563179708755,90,0.10710908250828322
2922.553833981881,291.72949963677064,0.6021004413038555,0.8707466250191176,-0.26864618371526205,90,0.10710908250828322
2922.553833981881,317.9854417397141,0.6021004413038555,0.8725231195508533,-0.2704226782469977,90,0.10710908250828322
2922.553833981881,346.6044444744125,0.6021004413038555,0.8739173747969243,-0.2718169334930688,90,0.10710908250828322
2922.553833981881,377.7991856235726,0.6021004413038555,0.8749387131554851,-0.27283827185162957,90,0.10710908250828322
2922.553833981881,411.801484179675,0.6021004413038555,0.8755939889007699,-0.27349354759691435,90,0.10710908250828322
2922.553833981881,448.86402307269043,0.6021004413038555,0.8758876105698014,-0.2737871692659458,90,0.10710908250828322
2922.553833981881,489.26222694499216,0.6021004413038555,0.8758215562959218,-0.2737211149920663,90,0.10710908250828322
2922.553833981881,533.2963089278549,0.6021004413038555,0.8753953809252875,-0.2732949396214319,90,0.10710908250828322
2922.553833981881,581.2935016298517,0.6021004413038555,0.8746062144026685,-0.27250577309881296,90,0.10710908250828322
2922.553833981881,633.6104889164096,0.6021004413038555,0.8734487515416819,-0.27134831023782635,90,0.10710908250828322
2922.553833981881,690.6360565519087,0.6021004413038555,0.8719152339281989,-0.2698147926243434,90,0.10710908250828322
2922.553833981881,752.7939814021893,0.6021004413038555,0.8699954253702579,-0.26789498406640233,90,0.10710908250828322
2922.553833981881,820.546180668118,0.6021004413038555,0.8676765830286891,-0.26557614172483357,90,0.10710908250828322
2922.553833981881,894.3961445532864,0.6021004413038555,0.8649434271635327,-0.26284298585967714,90,0.10710908250828322
2922.553833981881,974.8926778751674,0.6021004413038555,0.8617781133329347,-0.2596776720290792,90,0.10710908250828322
2922.553833981881,1062.6339784249726,0.6021004413038555,0.8581602118995802,-0.2560597705957247,90,0.10710908250828322
2922.553833981881,1158.2720823838974,0.6021004413038555,0.8540667008436029,-0.2519662595397474,90,0.10710908250828322
2922.553833981881,1262.5177098312156,0.6021004413038555,0.8494719791482743,-0.2473715378444188,90,0.10710908250828322
2922.553833981881,1376.1455463528653,0.6021004413038555,0.8443479093983458,-0.24224746809449027,90,0.10710908250828322
2922.553833981881,1500.0,0.6021004413038555,0.8386638996725495,-0.23656345836869397,90,0.10710908250828322
2964.58574366852,0.7,0.14470394261862496,0.0008368855087829442,0.14386705710984202,90,0.10090758639162445
2964.58574366852,0.7630006889770977,0.14470394261862496,0.0010968719877747662,0.14360707063085018,90,0.10090758639162445
2964.58574366852,0.8316715019707511,0.14470394261862496,0.0014320788877204525,0.1432718637309045,90,0.10090758639162445
2964.58574366852,0.9065227557232869,0.14470394261862496,0.001862392733245952,0.142841549885379,90,0.10090758639162445
2964.58574366852,0.9881106959861216,0.14470394261862496,0.002412319019792777,0.14229162359883218,90,0.10090758639162445
2964.58574366852,1.0770416311757862,0.14470394261862496,0.0031118281977530597,0.1415921144208719,90,0.10090758639162445
2964.58574366852,1.1739764380630602,0.14470394261862496,0.003997268664924978,0.14070667395369998,90,0.10090758639162445
2964.58574366852,1.2796354729785626,0.14470394261862496,0.005112311864105452,0.1395916307545195,90,0.10090758639162445
2964.58574366852,1.3948039250316824,0.14470394261862496,0.006508873127873526,0.13819506949075144,90,0.10090758639162445
2964.58574366852,1.520337651124477,0.14470394261862496,0.008247925537215537,0.13645601708140942,90,0.10090758639162445
2964.58574366852,1.657169536122569,0.14470394261862496,0.010400094535524353,0.1343038480831006,90,0.10090758639162445
2964.58574366852,1.8063164254476822,0.14470394261862496,0.013045892388356196,0.13165805023026877,90,0.10090758639162445
2964.58574366852,1.9688866816103285,0.14470394261862496,0.016275430682510684,0.12842851193611426,90,0.10090758639162445
2964.58574366852,2.1460884208378745,0.14470394261862496,0.020187445556656587,0.12451649706196838,90,0.10090758639162445
2964.58574366852,2.339238491007243,0.14470394261862496,0.024887495138396415,0.11981644748022854,90,0.10090758639162445
2964.58574366852,2.5497722576003894,0.14470394261862496,0.030485250368557516,0.11421869225006745,90,0.10090758639162445
2964.58574366852,2.7792542704054104,0.14470394261862496,0.037090900211845655,0.1076130424067793,90,0.10090758639162445
2964.58574366852,3.0293898902312417,0.14470394261862496,0.04481081892338957,0.0998931236952354,90,0.10090758639162445
2964.58574366852,3.3020379620381313,0.1447431357624377,0.05374277162853527,0.09100036413390242,90,0.10090758639162445
2964.58574366852,3.599224628662322,0.1450999964662877,0.06397103241748926,0.08112896404879845,90,0.10090758639162445
2964.58574366852,3.9231583877895577,0.14761141464942043,0.07556182948799307,0.07204958516142736,90,0.10090758639162445
2964.58574366852,4.276246504071018,0.14952579966504562,0.08855950716178948,0.060966292503256136,90,0.10090758639162445
2964.58574366852,4.661112898345847,0.14952579966504562,0.10298372117154106,0.04654207849350456,90,0.10090758639162445
2964.58574366852,5.080617646911311,0.15616230117921084,0.11882788992531415,0.03733441125389669,90,0.10090758639162445
2964.58574366852,5.537878235746474,0.16025356602092836,0.13605903025783705,0.0241945357630913,90,0.10090758639162445
2964.58574366852,6.036292727636905,0.17587565491220752,0.15461900923148686,0.021256645680720665,90,0.10090758639162445
2964.58574366852,6.579565014363433,0.1795942183860516,0.17442712672692334,0.0051670916591282645,90,0.10090758639162445
2964.58574366852,7.1717323416127225,0.18072262564632924,0.19538379790171137,-0.014661172255382132,90,0.10090758639162445
2964.58574366852,7.817195311156917,0.18174656580278617,0.2173749490968152,-0.03562838329402904,90,0.10090758639162445
2964.58574366852,8.520750583258952,0.18465058636815396,0.24027662167992322,-0.05562603531176927,90,0.10090758639162445
2964.58574366852,9.287626522326553,0.21913391965826923,0.26395924698004725,-0.04482532732177802,90,0.10090758639162445
2964.58574366852,10.123522050710184,0.2800678266690008,0.2882911396217638,-0.008223312952762962,90,0.10090758639162445
2964.58574366852,11.03464899938101,0.29038471953823136,0.31314094311414054,-0.022756223575909174,90,0.10090758639162445
2964.58574366852,12.027778270211655,0.3248603068448724,0.33837900003059157,-0.013518693185719188,90,0.10090758639162445
2964.58574366852,13.110290152907504,0.32805025088664247,0.3638778423392172,-0.03582759145257475,90,0.10090758639162445
2964.58574366852,14.290229170511559,0.3285952854457159,0.38951214750961993,-0.06091686206390401,90,0.10090758639162445
2964.58574366852,15.576363861058477,0.3315132619339508,0.4151585534357022,-0.08364529150175137,90,0.10090758639162445
2964.58574366852,16.978251939636557,0.3429872335425873,0.44069567428217615,-0.09770844073958884,90,0.10090758639162445
2964.58574366852,18.50631132509919,0.45464385737009827,0.4660045405215996,-0.01136068315150135,90,0.10090758639162445
2964.58574366852,20.17189755925049,0.4646942854277517,0.4909695414368124,-0.026275256009060666,90,0.10090758639162445
2964.58574366852,21.98738819383367,0.4653991380247159,0.5154798155981443,-0.05008067757342838,90,0.10090758639162445
2964.58574366852,23.966274772431408,0.4800425070613933,0.5394309397748573,-0.05938843271346406,90,0.10090758639162445
2964.58574366852,26.123263090828015,0.4863375826567031,0.5627267192352122,-0.0763891365785091,90,0.10090758639162445
2964.58574366852,28.474382480902506,0.5345736718584465,0.5852808791602588,-0.05070720730181233,90,0.10090758639162445
2964.58574366852,31.037104930180035,0.5631693466647226,0.6070184867403511,-0.04384914007562846,90,0.10090758639162445
2964.58574366852,33.83047492225976,0.5844056024801949,0.6278769825466166,-0.043471380066421705,90,0.10090758639162445
2964.58574366852,36.875250963009485,0.5914681593213855,0.6478067552101365,-0.05633859588875101,90,0.10090758639162445
2964.58574366852,40.194059844256586,0.59309729202342,0.6667712456700127,-0.07367395364659268,90,0.10090758639162445
2964.58574366852,43.81156479136355,0.5935651681487597,0.6847466102731162,-0.09118144212435653,90,0.10090758639162445
2964.58574366852,47.75464874425019,0.5952540851329592,0.7017210030506578,-0.10646691791769858,90,0.10090758639162445
2964.58574366852,52.05261413388882,0.5955495519920992,0.7176935562136519,-0.1221440042215527,90,0.10090758639162445
2964.58574366852,56.737400638880295,0.5969525543427346,0.7326731455445351,-0.13572059120180047,90,0.10090758639162445
2964.58574366852,61.8438225403361,0.5989043050905775,0.7466770260362774,-0.14777272094569993,90,0.10090758639162445
2964.58574366852,67.40982743893404,0.5991098914150798,0.7597294152978833,-0.16061952388280354,90,0.10090758639162445
2964.58574366852,73.47677825676274,0.5991098914150798,0.7718600903141865,-0.1727501988991067,90,0.10090758639162445
2964.58574366852,80.08976061961063,0.5991098914150798,0.7831030492357649,-0.18399315782068515,90,0.10090758639162445
2964.58574366852,87.29791790396244,0.5992811522934638,0.7934952756765112,-0.19421412338304744,90,0.10090758639162445
2964.58574366852,95.15481643855642,0.5999236033096437,0.8030756297392043,-0.20315202642956065,90,0.10090758639162445
2964.58574366852,103.71884357443969,0.6002704667433312,0.8118838784527718,-0.2116134117094406,90,0.10090758639162445
2964.58574366852,113.05364158172193,0.6015374666675625,0.8199598688822709,-0.21842240221470843,90,0.10090758639162445
2964.58574366852,123.22858059746237,0.6015374666675625,0.8273428399550293,-0.22580537328746686,90,0.10090758639162445
2964.58574366852,134.3192741393338,0.6015467357749291,0.834070863911528,-0.23252412813659884,90,0.10090758639162445
2964.58574366852,146.40814101602186,0.6021170642098281,0.8401804049831322,-0.23806334077330404,90,0.10090758639162445
2964.58574366852,159.58501781011546,0.6023870738026034,0.8457059811019483,-0.2433189072993449,90,0.10090758639162445
2964.58574366852,173.9478264850578,0.6025938787722337,0.8506799138282394,-0.24808603505600568,90,0.10090758639162445
2964.58574366852,189.6033020773824,0.6020943273490219,0.8551321519252298,-0.25303782457620794,90,0.10090758639162445
2964.58574366852,206.6677858819652,0.60209731345241,0.859090154846867,-0.256992841394457,90,0.10090758639162445
2964.58574366852,225.26809002472953,0.60209731345241,0.8625788236067417,-0.26048151015433163,90,0.10090758639162445
2964.58574366852,245.54243984774803,0.60209731345241,0.8656204678911441,-0.2635231544387341,90,0.10090758639162445
2964.58574366852,267.64150110992745,0.60209731345241,0.8682347997372927,-0.26613748628488265,90,0.10090758639162445
2964.58574366852,291.72949963677064,0.60209731345241,0.8704389455299211,-0.26834163207751105,90,0.10090758639162445
2964.58574366852,317.9854417397141,0.60209731345241,0.8722474694189162,-0.27015015596650616,90,0.10090758639162445
2964.58574366852,346.6044444744125,0.60209731345241,0.8736724024962823,-0.2715750890438723,90,0.10090758639162445
2964.58574366852,377.7991856235726,0.60209731345241,0.87472327318016,-0.27262595972774994,90,0.10090758639162445
2964.58574366852,411.801484179675,0.60209731345241,0.8754071352386306,-0.27330982178622054,90,0.10090758639162445
2964.58574366852,448.86402307269043,0.60209731345241,0.875728590757853,-0.273631277305443,90,0.10090758639162445
2964.58574366852,489.26222694499216,0.60209731345241,0.8756898061354909,-0.27359249268308083,90,0.10090758639162445
2964.58574366852,533.2963089278549,0.60209731345241,0.8752905198831975,-0.2731932064307875,90,0.10090758639162445
2964.58574366852,581.2935016298517,0.60209731345241,0.8745280416755756,-0.2724307282231656,90,0.10090758639162445
2964.58574366852,633.6104889164096,0.60209731345241,0.873397242713171,-0.27129992926076096,90,0.10090758639162445
2964.58574366852,690.6360565519087,0.60209731345241,0.8718905381000732,-0.2697932246476632,90,0.10090758639162445
2964.58574366852,752.7939814021893,0.60209731345241,0.8699978625987772,-0.2679005491463672,90,0.10090758639162445
2964.58574366852,820.546180668118,0.60209731345241,0.867706641841659,-0.265609328389249,90,0.10090758639162445
2964.58574366852,894.3961445532864,0.60209731345241,0.8650017618736274,-0.2629044484212174,90,0.10090758639162445
2964.58574366852,974.8926778751674,0.60209731345241,0.8618655407954281,-0.2597682273430181,90,0.10090758639162445
2964.58574366852,1062.6339784249726,0.60209731345241,0.8582777072881914,-0.2561803938357814,90,0.10090758639162445
2964.58574366852,1158.2720823838974,0.60209731345241,0.854215391936737,-0.252118078484327,90,0.10090758639162445
2964.58574366852,1262.5177098312156,0.60209731345241,0.8496531385308547,-0.24755582507844465,90,0.10090758639162445
2964.58574366852,1376.1455463528653,0.60209731345241,0.8445629438945281,-0.2424656304421181,90,0.10090758639162445
2964.58574366852,1500.0,0.60209731345241,0.8389143362365842,-0.23681702278417416,90,0.10090758639162445
3007.2221525473974,0.7,0.14447610942480835,0.0008083916036052182,0.14366771782120313,90,0.09470609027496524
3007.2221525473974,0.7630006889770977,0.14447610942480835,0.001059849361924476,0.14341626006288388,90,0.09470609027496524
3007.2221525473974,0.8316715019707511,0.14447610942480835,0.0013841754659255565,0.14309193395888278,90,0.09470609027496524
3007.2221525473974,0.9065227557232869,0.14447610942480835,0.0018006774278726064,0.14267543199693575,90,0.09470609027496524
3007.2221525473974,0.9881106959861216,0.14447610942480835,0.0023331644175360465,0.1421429450072723,90,0.09470609027496524
3007.2221525473974,1.0770416311757862,0.14447610942480835,0.0030107794388083927,0.14146532998599995,90,0.09470609027496524
3007.2221525473974,1.1739764380630602,0.14447610942480835,0.003868901442370895,0.14060720798243745,90,0.09470609027496524
3007.2221525473974,1.2796354729785626,0.14447610942480835,0.0049500851764587486,0.1395260242483496,90,0.09470609027496524
3007.2221525473974,1.3948039250316824,0.14447610942480835,0.006304986043652343,0.138171123381156,90,0.09470609027496524
3007.2221525473974,1.520337651124477,0.14447610942480835,0.007993191754368637,0.1364829176704397,90,0.09470609027496524
3007.2221525473974,1.657169536122569,0.14447610942480835,0.010083853670409114,0.13439225575439923,90,0.09470609027496524
3007.2221525473974,1.8063164254476822,0.14447610942480835,0.012655982049432593,0.13182012737537574,90,0.09470609027496524
3007.2221525473974,1.9688866816103285,0.14447610942480835,0.015798247304140214,0.12867786212066812,90,0.09470609027496524
3007.2221525473974,2.1460884208378745,0.14447610942480835,0.019608122995803216,0.12486798642900512,90,0.09470609027496524
3007.2221525473974,2.339238491007243,0.14447610942480835,0.02419022617237345,0.12028588325243489,90,0.09470609027496524
3007.2221525473974,2.5497722576003894,0.14447610942480835,0.029653765726398017,0.11482234369841032,90,0.09470609027496524
3007.2221525473974,2.7792542704054104,0.14447610942480835,0.036109102011424095,0.10836700741338426,90,0.09470609027496524
3007.2221525473974,3.0293898902312417,0.14447610942480835,0.04366354184048911,0.10081256758431924,90,0.09470609027496524
3007.2221525473974,3.3020379620381313,0.14451530256862105,0.05241661981387467,0.09209868275474639,90,0.09470609027496524
3007.2221525473974,3.599224628662322,0.1448712318057716,0.06245521906329684,0.08241601274247476,90,0.09470609027496524
3007.2221525473974,3.9231583877895577,0.1473805286448322,0.07384893506094636,0.07353159358388583,90,0.09470609027496524
3007.2221525473974,4.276246504071018,0.14929492206627346,0.08664607534578311,0.06264884672049034,90,0.09470609027496524
3007.2221525473974,4.661112898345847,0.14929492206627346,0.10087062822045074,0.04842429384582271,90,0.09470609027496524
3007.2221525473974,5.080617646911311,0.15592643877936258,0.11652044947650624,0.03940598930285634,90,0.09470609027496524
3007.2221525473974,5.537878235746474,0.16001350741565892,0.1335668261373168,0.026446681278342127,90,0.09470609027496524
3007.2221525473974,6.036292727636905,0.17562498824106518,0.1519554784519586,0.02366950978910659,90,0.09470609027496524
3007.2221525473974,6.579565014363433,0.17934210626650904,0.17160894039738867,0.007733165869120373,90,0.09470609027496524
3007.2221525473974,7.1717323416127225,0.18046939075245322,0.19243010687054055,-0.011960716118087328,90,0.09470609027496524
3007.2221525473974,7.817195311156917,0.18149274385579514,0.21430657177584575,-0.03281382792005061,90,0.09470609027496524
3007.2221525473974,8.520750583258952,0.1843934391562538,0.23711525173400574,-0.052721812577751936,90,0.09470609027496524
3007.2221525473974,9.287626522326553,0.21887446385781242,0.2607267476415156,-0.041852283783703176,90,0.09470609027496524
3007.2221525473974,10.123522050710184,0.2798107600136725,0.2850089708296323,-0.005198210815959781,90,0.09470609027496524
3007.2221525473974,11.03464899938101,0.2901301313833383,0.309829741601271,-0.019699610217932706,90,0.09470609027496524
3007.2221525473974,12.027778270211655,0.32461387770720446,0.33505830660622576,-0.010444428899021307,90,0.09470609027496524
3007.2221525473974,13.110290152907504,0.32780428005843026,0.3605659504289025,-0.03276167037047223,90,0.09470609027496524
3007.2221525473974,14.290229170511559,0.32834926710684104,0.3862260360327317,-0.057876768925890665,90,0.09470609027496524
3007.2221525473974,15.576363861058477,0.33127086724173055,0.4119138659782389,-0.08064299873650838,90,0.09470609027496524
3007.2221525473974,16.978251939636557,0.3427526289683124,0.4375067133069058,-0.09475408433859345,90,0.09470609027496524
3007.2221525473974,18.50631132509919,0.4545105378360203,0.4628842565714064,-0.008373718735386115,90,0.09470609027496524
3007.2221525473974,20.17189755925049,0.46457281219977703,0.48792950925812784,-0.023356697058350806,90,0.09470609027496524
3007.2221525473974,21.98738819383367,0.4652790753534344,0.512530199014457,-0.047251123661022576,90,0.09470609027496524
3007.2221525473974,23.966274772431408,0.4799342206447192,0.5365804534793452,-0.056646232834626054,90,0.09470609027496524
3007.2221525473974,26.123263090828015,0.48623583653771496,0.5599825982249756,-0.07374676168726069,90,0.09470609027496524
3007.2221525473974,28.474382480902506,0.5345045807225182,0.5826488659698136,-0.048144285247295415,90,0.09470609027496524
3007.2221525473974,31.037104930180035,0.5631198784558632,0.6045028440293279,-0.04138296557346466,90,0.09470609027496524
3007.2221525473974,33.83047492225976,0.5843671117347424,0.6254805350572616,-0.041113423322519216,90,0.09470609027496524
3007.2221525473974,36.875250963009485,0.5914336905101459,0.6455309615207602,-0.054097271010614234,90,0.09470609027496524
3007.2221525473974,40.194059844256586,0.593063627323583,0.6646162971163244,-0.07155266979274144,90,0.09470609027496524
3007.2221525473974,43.81156479136355,0.5935314977980571,0.682711552189219,-0.08918005439116183,90,0.09470609027496524
3007.2221525473974,47.75464874425019,0.5952208872159297,0.6998038721712185,-0.10458298495528884,90,0.09470609027496524
3007.2221525473974,52.05261413388882,0.5955163648979731,0.7158915276061271,-0.12037516270815396,90,0.09470609027496524
3007.2221525473974,56.737400638880295,0.5969204990788151,0.7309826826501307,-0.1340621835713156,90,0.09470609027496524
3007.2221525473974,61.8438225403361,0.5988723871581287,0.7450940281020204,-0.14622164094389167,90,0.09470609027496524
3007.2221525473974,67.40982743893404,0.5990779516797115,0.7582493574917302,-0.15917140581201872,90,0.09470609027496524
3007.2221525473974,73.47677825676274,0.5990779516797115,0.770478152963972,-0.1714002012842606,90,0.09470609027496524
3007.2221525473974,80.08976061961063,0.5990779516797115,0.7818142337874555,-0.18273628210774406,90,0.09470609027496524
3007.2221525473974,87.29791790396244,0.599248832016247,0.792294506031029,-0.193045674014782,90,0.09470609027496524
3007.2221525473974,95.15481643855642,0.5998921856389283,0.8019578385391593,-0.20206565290023093,90,0.09470609027496524
3007.2221525473974,103.71884357443969,0.6002390490726159,0.8108440786209489,-0.21060502954833293,90,0.09470609027496524
3007.2221525473974,113.05364158172193,0.6015070545162526,0.818993211257349,-0.2174861567410964,90,0.09470609027496524
3007.2221525473974,123.22858059746237,0.6015070545162526,0.8264446582388119,-0.22493760372255922,90,0.09470609027496524
3007.2221525473974,134.3192741393338,0.6015162685733207,0.8332367083587596,-0.23172043978543888,90,0.09470609027496524
3007.2221525473974,146.40814101602186,0.6020863616907199,0.839406066357709,-0.23731970466698904,90,0.09470609027496524
3007.2221525473974,159.58501781011546,0.6023565346118779,0.8449875064209302,-0.24263097180905235,90,0.09470609027496524
3007.2221525473974,173.9478264850578,0.6025633134670338,0.8500136153445161,-0.2474503018774823,90,0.09470609027496524
3007.2221525473974,189.6033020773824,0.6020637620438222,0.8545146106843965,-0.2524508486405743,90,0.09470609027496524
3007.2221525473974,206.6677858819652,0.6020667257602837,0.8585182200129181,-0.25645149425263436,90,0.09470609027496524
3007.2221525473974,225.26809002472953,0.6020667257602837,0.8620496085992949,-0.25998288283901116,90,0.09470609027496524
3007.2221525473974,245.54243984774803,0.6020667257602837,0.8651313442247381,-0.2630646184644544,90,0.09470609027496524
3007.2221525473974,267.64150110992745,0.6020667257602837,0.8677833893080659,-0.2657166635477821,90,0.09470609027496524
3007.2221525473974,291.72949963677064,0.6020667257602837,0.8700231119610735,-0.26795638620078976,90,0.09470609027496524
3007.2221525473974,317.9854417397141,0.6020667257602837,0.8718653089560154,-0.2697985831957317,90,0.09470609027496524
3007.2221525473974,346.6044444744125,0.6020667257602837,0.8733222348372939,-0.2712555090770101,90,0.09470609027496524
3007.2221525473974,377.7991856235726,0.6020667257602837,0.8744036325325739,-0.27233690677229017,90,0.09470609027496524
3007.2221525473974,411.801484179675,0.6020667257602837,0.8751167618159315,-0.2730500360556477,90,0.09470609027496524
3007.2221525473974,448.86402307269043,0.6020667257602837,0.8754664228581098,-0.2733996970978261,90,0.09470609027496524
3007.2221525473974,489.26222694499216,0.6020667257602837,0.875454972884019,-0.2733882471237352,90,0.09470609027496524
3007.2221525473974,533.2963089278549,0.6020667257602837,0.875082334666959,-0.2730156089066752,90,0.09470609027496524
3007.2221525473974,581.2935016298517,0.6020667257602837,0.874345996247067,-0.27227927048678324,90,0.09470609027496524
3007.2221525473974,633.6104889164096,0.6020667257602837,0.8732410018939356,-0.27117427613365186,90,0.09470609027496524
3007.2221525473974,690.6360565519087,0.6020667257602837,0.8717599349666378,-0.2696932092063541,90,0.09470609027496524
3007.2221525473974,752.7939814021893,0.6020667257602837,0.8698928939849078,-0.267826168224624,90,0.09470609027496524
3007.2221525473974,820.546180668118,0.6020667257602837,0.8676274639386968,-0.2655607381784131,90,0.09470609027496524
3007.2221525473974,894.3961445532864,0.6020667257602837,0.8649486856539276,-0.2628819598936438,90,0.09470609027496524
3007.2221525473974,974.8926778751674,0.6020667257602837,0.861839026921594,-0.2597723011613102,90,0.09470609027496524
3007.2221525473974,1062.6339784249726,0.6020667257602837,0.8582783601024726,-0.25621163434218885,90,0.09470609027496524
3007.2221525473974,1158.2720823838974,0.6020667257602837,0.8542439520509802,-0.2521772262906965,90,0.09470609027496524
3007.2221525473974,1262.5177098312156,0.6020667257602837,0.8497104734592168,-0.24764374769893305,90,0.09470609027496524
3007.2221525473974,1376.1455463528653,0.6020667257602837,0.8446500360916346,-0.24258331033135083,90,0.09470609027496524
3007.2221525473974,1500.0,0.6020667257602837,0.8390322678276674,-0.23696554206738363,90,0.09470609027496524
3050.4717544722066,0.7,0.14414950350862885,0.0007776475814574087,0.14337185592717144,90,0.08850459415830603
3050.4717544722066,0.7630006889770977,0.14414950350862885,0.001019855450468603,0.14312964805816025,90,0.08850459415830603
3050.4717544722066,0.8316715019707511,0.14414950350862885,0.0013323641197893247,0.14281713938883953,90,0.08850459415830603
3050.4717544722066,0.9065227557232869,0.14414950350862885,0.0017338432256309932,0.14241566028299785,90,0.08850459415830603
3050.4717544722066,0.9881106959861216,0.14414950350862885,0.002247332653714755,0.14190217085491408,90,0.08850459415830603
3050.4717544722066,1.0770416311757862,0.14414950350862885,0.0029010583039230276,0.1412484452047058,90,0.08850459415830603
3050.4717544722066,1.1739764380630602,0.14414950350862885,0.0037293205787196845,0.14042018292990915,90,0.08850459415830603
3050.4717544722066,1.2796354729785626,0.14414950350862885,0.0047734262858552135,0.13937607722277362,90,0.08850459415830603
3050.4717544722066,1.3948039250316824,0.14414950350862885,0.006082615149443084,0.13806688835918576,90,0.08850459415830603
3050.4717544722066,1.520337651124477,0.14414950350862885,0.007714907698293103,0.13643459581033573,90,0.08850459415830603
3050.4717544722066,1.657169536122569,0.14414950350862885,0.009737773216748605,0.13441173029188025,90,0.08850459415830603
3050.4717544722066,1.8063164254476822,0.14414950350862885,0.01222848792641939,0.13192101558220945,90,0.08850459415830603
3050.4717544722066,1.9688866816103285,0.14414950350862885,0.015274030431119748,0.1288754730775091,90,0.08850459415830603
3050.4717544722066,2.1460884208378745,0.14414950350862885,0.018970352214707775,0.12517915129392107,90,0.08850459415830603
3050.4717544722066,2.339238491007243,0.14414950350862885,0.02342087579321312,0.12072862771541573,90,0.08850459415830603
3050.4717544722066,2.5497722576003894,0.14414950350862885,0.028734121004988192,0.11541538250364065,90,0.08850459415830603
3050.4717544722066,2.7792542704054104,0.14414950350862885,0.03502044425946668,0.10912905924916216,90,0.08850459415830603
3050.4717544722066,3.0293898902312417,0.14414950350862885,0.04238798932387387,0.10176151418475497,90,0.08850459415830603
3050.4717544722066,3.3020379620381313,0.14418869665244158,0.05093807185364012,0.09325062479880146,90,0.08850459415830603
3050.4717544722066,3.599224628662322,0.14454324840583307,0.06076032517171925,0.08378292323411382,90,0.08850459415830603
3050.4717544722066,3.9231583877895577,0.14704918018324062,0.07192799549903268,0.07512118468420793,90,0.08850459415830603
3050.4717544722066,4.276246504071018,0.1489633768558012,0.08449377911585851,0.06446959773994268,90,0.08850459415830603
3050.4717544722066,4.661112898345847,0.1489633768558012,0.09848655000130155,0.05047682685449964,90,0.08850459415830603
3050.4717544722066,5.080617646911311,0.15558670830307925,0.11390925481472548,0.04167745348835376,90,0.08850459415830603
3050.4717544722066,5.537878235746474,0.15966704298361628,0.13073816826545506,0.028928874718161218,90,0.08850459415830603
3050.4717544722066,6.036292727636905,0.1752601943251697,0.14892360437815044,0.026336589947019262,90,0.08850459415830603
3050.4717544722066,6.579565014363433,0.17897481692569778,0.16839205392668388,0.010582762999013895,90,0.08850459415830603
3050.4717544722066,7.1717323416127225,0.1801003354452606,0.1890495589959177,-0.008949223550657082,90,0.08850459415830603
3050.4717544722066,7.817195311156917,0.18112267056898282,0.21078596214351125,-0.029663291574528433,90,0.08850459415830603
3050.4717544722066,8.520750583258952,0.18401795385317615,0.23347952682260817,-0.049461572969432016,90,0.08850459415830603
3050.4717544722066,9.287626522326553,0.21849030683714715,0.2570013712506789,-0.03851106441353175,90,0.08850459415830603
3050.4717544722066,10.123522050710184,0.2794186279303433,0.2812192220154815,-0.0018005940851382185,90,0.08850459415830603
3050.4717544722066,11.03464899938101,0.2897402021936588,0.30600016844342803,-0.01625996624976922,90,0.08850459415830603
3050.4717544722066,12.027778270211655,0.3242314135871143,0.331212336934798,-0.006980923347683687,90,0.08850459415830603
3050.4717544722066,13.110290152907504,0.3274221521008488,0.3567256385834998,-0.02930348648265102,90,0.08850459415830603
3050.4717544722066,14.290229170511559,0.32796698286188236,0.3824119116982949,-0.054444928836412554,90,0.08850459415830603
3050.4717544722066,15.576363861058477,0.33089328694867426,0.4081448481246598,-0.07725156117598553,90,0.08850459415830603
3050.4717544722066,16.978251939636557,0.3423855936316325,0.4338000575346541,-0.0914144639030216,90,0.08850459415830603
3050.4717544722066,18.50631132509919,0.4542801360544346,0.45925551435525896,-0.00497537830082434,90,0.08850459415830603
3050.4717544722066,20.17189755925049,0.464358806290522,0.4843924889860968,-0.020033682695574817,90,0.08850459415830603
3050.4717544722066,21.98738819383367,0.4650674067456335,0.5090969284081942,-0.04402952166256069,90,0.08850459415830603
3050.4717544722066,23.966274772431408,0.4797403257057044,0.5332611493317219,-0.053520823626017455,90,0.08850459415830603
3050.4717544722066,26.123263090828015,0.48605205407659985,0.5567856520701332,-0.07073359799353335,90,0.08850459415830603
3050.4717544722066,28.474382480902506,0.5343712688707838,0.5795808539069716,-0.04520958503618777,90,0.08850459415830603
3050.4717544722066,31.037104930180035,0.5630159576361677,0.6015685664994591,-0.03855260886329137,90,0.08850459415830603
3050.4717544722066,33.83047492225976,0.5842823166882747,0.6226830890124836,-0.03840077232420891,90,0.08850459415830603
3050.4717544722066,36.875250963009485,0.5913552615809498,0.642871844018135,-0.051516582437185265,90,0.08850459415830603
3050.4717544722066,40.194059844256586,0.5929869367105303,0.6620955364998715,-0.06910859978934125,90,0.08850459415830603
3050.4717544722066,43.81156479136355,0.5934548209429461,0.6803278609961521,-0.08687304005320595,90,0.08850459415830603
3050.4717544722066,47.75464874425019,0.5951450741673615,0.6975548147839136,-0.10240974061655206,90,0.08850459415830603
3050.4717544722066,52.05261413388882,0.595440610697963,0.7137736953921228,-0.11833308469415982,90,0.08850459415830603
3050.4717544722066,56.737400638880295,0.5968468618375119,0.7289918697266168,-0.13214500788910488,90,0.08850459415830603
3050.4717544722066,61.8438225403361,0.5988007963085464,0.7432254017337405,-0.14442460542519409,90,0.08850459415830603
3050.4717544722066,67.40982743893404,0.5990063403170899,0.7564976182887974,-0.15749127797170748,90,0.08850459415830603
3050.4717544722066,73.47677825676274,0.5990063403170899,0.7688376813189612,-0.16983134100187136,90,0.08850459415830603
3050.4717544722066,80.08976061961063,0.5990063403170899,0.7802792202443162,-0.1812728799272263,90,0.08850459415830603
3050.4717544722066,87.29791790396244,0.5991770090875037,0.7908590644156118,-0.19168205532810811,90,0.08850459415830603
3050.4717544722066,95.15481643855642,0.5998218219511208,0.8006161016433399,-0.20079427969221908,90,0.08850459415830603
3050.4717544722066,103.71884357443969,0.6001686853848085,0.8095902769924221,-0.20942159160761364,90,0.08850459415830603
3050.4717544722066,113.05364158172193,0.6014387103880589,0.8178217362031719,-0.21638302581511304,90,0.08850459415830603
3050.4717544722066,123.22858059746237,0.6014387103880589,0.8253501105183203,-0.22391140013026145,90,0.08850459415830603
3050.4717544722066,134.3192741393338,0.6014478752272868,0.8322139342468489,-0.23076605901956204,90,0.08850459415830603
3050.4717544722066,146.40814101602186,0.602017805602256,0.8384501828337501,-0.23643237723149402,90,0.08850459415830603
3050.4717544722066,159.58501781011546,0.6022882807449642,0.8440939172134314,-0.2418056364684672,90,0.08850459415830603
3050.4717544722066,173.9478264850578,0.6024951354905527,0.8491780194662055,-0.24668288397565286,90,0.08850459415830603
3050.4717544722066,189.6033020773824,0.6019955840673408,0.8537330049518171,-0.25173742088447637,90,0.08850459415830603
3050.4717544722066,206.6677858819652,0.6019985267213067,0.8577868968791972,-0.25578837015789047,90,0.08850459415830603
3050.4717544722066,225.26809002472953,0.6019985267213067,0.8613651504540261,-0.25936662373271935,90,0.08850459415830603
3050.4717544722066,245.54243984774803,0.6019985267213067,0.8644906151420539,-0.2624920884207472,90,0.08850459415830603
3050.4717544722066,267.64150110992745,0.6019985267213067,0.8671835250604475,-0.2651849983391408,90,0.08850459415830603
3050.4717544722066,291.72949963677064,0.6019985267213067,0.8694615089666992,-0.26746298224539244,90,0.08850459415830603
3050.4717544722066,317.9854417397141,0.6019985267213067,0.8713396126936391,-0.2693410859723324,90,0.08850459415830603
3050.4717544722066,346.6044444744125,0.6019985267213067,0.8728303281452748,-0.2708318014239681,90,0.08850459415830603
3050.4717544722066,377.7991856235726,0.6019985267213067,0.8739436241070014,-0.2719450973856947,90,0.08850459415830603
3050.4717544722066,411.801484179675,0.6019985267213067,0.874686975135383,-0.27268844841407625,90,0.08850459415830603
3050.4717544722066,448.86402307269043,0.6019985267213067,0.8750653856875029,-0.2730668589661962,90,0.08850459415830603
3050.4717544722066,489.26222694499216,0.6019985267213067,0.8750814074450811,-0.2730828807237744,90,0.08850459415830603
3050.4717544722066,533.2963089278549,0.6019985267213067,0.874735148505818,-0.2727366217845113,90,0.08850459415830603
3050.4717544722066,581.2935016298517,0.6019985267213067,0.8740242737780891,-0.2720257470567824,90,0.08850459415830603
3050.4717544722066,633.6104889164096,0.6019985267213067,0.872943996551063,-0.2709454698297563,90,0.08850459415830603
3050.4717544722066,690.6360565519087,0.6019985267213067,0.87148706184708,-0.2694885351257733,90,0.08850459415830603
3050.4717544722066,752.7939814021893,0.6019985267213067,0.869643722823283,-0.26764519610197623,90,0.08850459415830603
3050.4717544722066,820.546180668118,0.6019985267213067,0.8674017122009962,-0.26540318547968944,90,0.08850459415830603
3050.4717544722066,894.3961445532864,0.6019985267213067,0.8647462114887217,-0.26274768476741495,90,0.08850459415830603
3050.4717544722066,974.8926778751674,0.6019985267213067,0.8616598216498349,-0.2596612949285282,90,0.08850459415830603
3050.4717544722066,1062.6339784249726,0.6019985267213067,0.8581225398668172,-0.2561240131455105,90,0.08850459415830603
3050.4717544722066,1158.2720823838974,0.6019985267213067,0.8541117481812612,-0.2521132214599545,90,0.08850459415830603
3050.4717544722066,1262.5177098312156,0.6019985267213067,0.8496022210441112,-0.2476036943228045,90,0.08850459415830603
3050.4717544722066,1376.1455463528653,0.6019985267213067,0.8445661601806834,-0.2425676334593767,90,0.08850459415830603
3050.4717544722066,1500.0,0.6019985267213067,0.8389732666273751,-0.23697473990606843,90,0.08850459415830603
3094.3433683308763,0.7,0.13818769362035377,0.00074411533090839,0.13744357828944537,90,0.08230309804164682
3094.3433683308763,0.7630006889770977,0.13818769362035377,0.0009761818991048714,0.1372115117212489,90,0.08230309804164682
3094.3433683308763,0.8316715019707511,0.13818769362035377,0.001275715969027328,0.13691197765132643,90,0.08230309804164682
3094.3433683308763,0.9065227557232869,0.13818769362035377,0.0016606768153952871,0.1365270168049585,90,0.08230309804164682
3094.3433683308763,0.9881106959861216,0.13818769362035377,0.0021532451963795296,0.13603444842397425,90,0.08230309804164682
3094.3433683308763,1.0770416311757862,0.13818769362035377,0.0027806194760397053,0.13540707414431408,90,0.08230309804164682
3094.3433683308763,1.1739764380630602,0.13818769362035377,0.0035758870617195486,0.13461180655863422,90,0.08230309804164682
3094.3433683308763,1.2796354729785626,0.13818769362035377,0.004578944944907558,0.1336087486754462,90,0.08230309804164682
3094.3433683308763,1.3948039250316824,0.13818769362035377,0.005837424811857521,0.13235026880849624,90,0.08230309804164682
3094.3433683308763,1.520337651124477,0.13818769362035377,0.00740755499748294,0.13078013862287083,90,0.08230309804164682
3094.3433683308763,1.657169536122569,0.13818769362035377,0.009354864505866051,0.1288328291144877,90,0.08230309804164682
3094.3433683308763,1.8063164254476822,0.13818769362035377,0.011754606206762901,0.12643308741359086,90,0.08230309804164682
3094.3433683308763,1.9688866816103285,0.13818769362035377,0.014691752346417623,0.12349594127393615,90,0.08230309804164682
3094.3433683308763,2.1460884208378745,0.13818769362035377,0.01826040350103836,0.11992729011931541,90,0.08230309804164682
3094.3433683308763,2.339238491007243,0.13818769362035377,0.022562461663272804,0.11562523195708097,90,0.08230309804164682
3094.3433683308763,2.5497722576003894,0.13818769362035377,0.02770545828408542,0.11048223533626834,90,0.08230309804164682
3094.3433683308763,2.7792542704054104,0.13818769362035377,0.03379950313796753,0.10438819048238623,90,0.08230309804164682
3094.3433683308763,3.0293898902312417,0.13818769362035377,0.040953424991337146,0.09723426862901663,90,0.08230309804164682
3094.3433683308763,3.3020379620381313,0.1382268867641665,0.04927029378362901,0.08895659298053749,90,0.08230309804164682
3094.3433683308763,3.599224628662322,0.13857946634000973,0.05884262113793831,0.07973684520207142,90,0.08230309804164682
3094.3433683308763,3.9231583877895577,0.14108036875572613,0.06974760647546069,0.07133276228026544,90,0.08230309804164682
3094.3433683308763,4.276246504071018,0.14299409161035084,0.0820428163811411,0.06095127522920975,90,0.08230309804164682
3094.3433683308763,4.661112898345847,0.14299409161035084,0.09576265912471728,0.047231432485633565,90,0.08230309804164682
3094.3433683308763,5.080617646911311,0.14960491415556537,0.11091595981433959,0.03868895434122578,90,0.08230309804164682
3094.3433683308763,5.537878235746474,0.15367509438725668,0.12748486669704184,0.02619022769021484,90,0.08230309804164682
3094.3433683308763,6.036292727636905,0.1692394712265584,0.14542522332923205,0.023814247897326363,90,0.08230309804164682
3094.3433683308763,6.579565014363433,0.17295017395184187,0.16466841214451206,0.008281761807329813,90,0.08230309804164682
3094.3433683308763,7.1717323416127225,0.174073061602439,0.18512450781372639,-0.011051446211287397,90,0.08230309804164682
3094.3433683308763,7.817195311156917,0.17509379392875915,0.206686394845736,-0.031592600916976854,90,0.08230309804164682
3094.3433683308763,8.520750583258952,0.17798086202577978,0.2292343507493071,-0.05125348872352731,90,0.08230309804164682
3094.3433683308763,9.287626522326553,0.2124357140896857,0.2526405286599841,-0.0402048145702984,90,0.08230309804164682
3094.3433683308763,10.123522050710184,0.2733414324534141,0.2767728260217651,-0.0034313935683510377,90,0.08230309804164682
3094.3433683308763,11.03464899938101,0.2836647325716999,0.30149779328766974,-0.01783306071596985,90,0.08230309804164682
3094.3433683308763,12.027778270211655,0.3181621812403183,0.3266824732709203,-0.008520292030602006,90,0.08230309804164682
3094.3433683308763,13.110290152907504,0.32135307304505306,0.35219530032365487,-0.030842227278601808,90,0.08230309804164682
3094.3433683308763,14.290229170511559,0.3223288366917808,0.37790636546798356,-0.055577528776202756,90,0.08230309804164682
3094.3433683308763,15.576363861058477,0.32526121950445475,0.40368743093177445,-0.0784262114273197,90,0.08230309804164682
3094.3433683308763,16.978251939636557,0.33676767311116734,0.42941205146445915,-0.09264437835329181,90,0.08230309804164682
3094.3433683308763,18.50631132509919,0.45091245382433487,0.45495605575670167,-0.004043601932366803,90,0.08230309804164682
3094.3433683308763,20.17189755925049,0.4610134422455745,0.48019850002878345,-0.019185057783208948,90,0.08230309804164682
3094.3433683308763,21.98738819383367,0.4617256337680843,0.5050230680432315,-0.043297434275147206,90,0.08230309804164682
3094.3433683308763,23.966274772431408,0.4764243390480316,0.529319786828673,-0.05289544778064137,90,0.08230309804164682
3094.3433683308763,26.123263090828015,0.4827509696753349,0.552986868974388,-0.0702358992990531,90,0.08230309804164682
3094.3433683308763,28.474382480902506,0.5329474401954046,0.5759324799746693,-0.04298503977926471,90,0.08230309804164682
3094.3433683308763,31.037104930180035,0.5616344717277901,0.5980762529144446,-0.03644178118665442,90,0.08230309804164682
3094.3433683308763,33.83047492225976,0.5834706611770331,0.6193504190382382,-0.03587975786120512,90,0.08230309804164682
3094.3433683308763,36.875250963009485,0.5905531263186091,0.6397004780655859,-0.04914735174697682,90,0.08230309804164682
3094.3433683308763,40.194059844256586,0.5921878338035244,0.6590853859832992,-0.06689755217977489,90,0.08230309804164682
3094.3433683308763,43.81156479136355,0.5926557548451834,0.6774772835977906,-0.08482152875260718,90,0.08230309804164682
3094.3433683308763,47.75464874425019,0.594347404409298,0.6948608229176629,-0.10051341850836493,90,0.08230309804164682
3094.3433683308763,52.05261413388882,0.5946430659316909,0.7112321696595314,-0.11658910372784048,90,0.08230309804164682
3094.3433683308763,56.737400638880295,0.5960527755218666,0.7265977698211142,-0.1305449942992476,90,0.08230309804164682
3094.3433683308763,61.8438225403361,0.5980114084163034,0.7409729683672923,-0.14296155995098891,90,0.08230309804164682
3094.3433683308763,67.40982743893404,0.5982169341697943,0.7543805610881371,-0.15616362691834285,90,0.08230309804164682
3094.3433683308763,73.47677825676274,0.5982169341697943,0.7668493490918626,-0.16863241492206837,90,0.08230309804164682
3094.3433683308763,80.08976061961063,0.5982169341697943,0.7784127514132206,-0.18019581724342637,90,0.08230309804164682
3094.3433683308763,87.29791790396244,0.5983876350883813,0.7891075166607342,-0.19071988157235287,90,0.08230309804164682
3094.3433683308763,95.15481643855642,0.5990346442666014,0.7989725608336816,-0.19993791656708026,90,0.08230309804164682
3094.3433683308763,103.71884357443969,0.5993815077002889,0.8080479462879215,-0.20866643858763267,90,0.08230309804164682
3094.3433683308763,113.05364158172193,0.6006549177002901,0.816374006787391,-0.2157190890871009,90,0.08230309804164682
3094.3433683308763,123.22858059746237,0.6006549177002901,0.823990615789331,-0.22333569808904086,90,0.08230309804164682
3094.3433683308763,134.3192741393338,0.600664042647899,0.8309365894855301,-0.2302725468376311,90,0.08230309804164682
3094.3433683308763,146.40814101602186,0.6012339165192643,0.83724921241914,-0.2360152958998757,90,0.08230309804164682
3094.3433683308763,159.58501781011546,0.6015048828238654,0.8429638713995142,-0.24145898857564885,90,0.08230309804164682
3094.3433683308763,173.9478264850578,0.6017119562276635,0.8481137826058496,-0.24640182637818608,90,0.08230309804164682
3094.3433683308763,189.6033020773824,0.6012124048044516,0.8527297968790033,-0.2515173920745517,90,0.08230309804164682
3094.3433683308763,206.6677858819652,0.6012153287143904,0.8568402689622322,-0.25562494024784177,90,0.08230309804164682
3094.3433683308763,225.26809002472953,0.6012153287143904,0.8604709776268158,-0.25925564891242536,90,0.08230309804164682
3094.3433683308763,245.54243984774803,0.6012153287143904,0.8636450850196101,-0.2624297563052197,90,0.08230309804164682
3094.3433683308763,267.64150110992745,0.6012153287143904,0.8663831250564157,-0.26516779634202525,90,0.08230309804164682
3094.3433683308763,291.72949963677064,0.6012153287143904,0.8687030121593888,-0.2674876834449984,90,0.08230309804164682
3094.3433683308763,317.9854417397141,0.6012153287143904,0.8706200630348909,-0.2694047343205005,90,0.08230309804164682
3094.3433683308763,346.6044444744125,0.6012153287143904,0.8721470254737909,-0.27093169675940043,90,0.08230309804164682
3094.3433683308763,377.7991856235726,0.6012153287143904,0.8732941093135697,-0.2720787805991792,90,0.08230309804164682
3094.3433683308763,411.801484179675,0.6012153287143904,0.8740690157299893,-0.27285368701559887,90,0.08230309804164682
3094.3433683308763,448.86402307269043,0.6012153287143904,0.8744769619354819,-0.2732616332210914,90,0.08230309804164682
3094.3433683308763,489.26222694499216,0.6012153287143904,0.8745206991688024,-0.27330537045441194,90,0.08230309804164682
3094.3433683308763,533.2963089278549,0.6012153287143904,0.8742005225874949,-0.2729851938731045,90,0.08230309804164682
3094.3433683308763,581.2935016298517,0.6012153287143904,0.873514272345745,-0.27229894363135454,90,0.08230309804164682
3094.3433683308763,633.6104889164096,0.6012153287143904,0.8724573257812726,-0.2712419970668821,90,0.08230309804164682
3094.3433683308763,690.6360565519087,0.6012153287143904,0.8710225812727328,-0.26980725255834237,90,0.08230309804164682
3094.3433683308763,752.7939814021893,0.6012153287143904,0.8692004349905148,-0.2679851062761244,90,0.08230309804164682
3094.3433683308763,820.546180668118,0.6012153287143904,0.8669787524750556,-0.2657634237606652,90,0.08230309804164682
3094.3433683308763,894.3961445532864,0.6012153287143904,0.8643428377627344,-0.2631275090483439,90,0.08230309804164682
3094.3433683308763,974.8926778751674,0.6012153287143904,0.8612754036624988,-0.26006007494810834,90,0.08230309804164682
3094.3433683308763,1062.6339784249726,0.6012153287143904,0.8577565477849413,-0.25654121907055083,90,0.08230309804164682
3094.3433683308763,1158.2720823838974,0.6012153287143904,0.8537637400514588,-0.2525484113370684,90,0.08230309804164682
3094.3433683308763,1262.5177098312156,0.6012153287143904,0.8492718286666663,-0.24805649995227586,90,0.08230309804164682
3094.3433683308763,1376.1455463528653,0.6012153287143904,0.8442530729107712,-0.2430377441963808,90,0.08230309804164682
3094.3433683308763,1500.0,0.6012153287143904,0.8386772125693028,-0.2374618838549124,90,0.08230309804164682
3138.8459398437985,0.7,0.13065109319767315,0.0006231649713735138,0.13002792822629963,90,0.0778399410646946
3138.8459398437985,0.7630006889770977,0.13065109319767315,0.0008178423585619803,0.12983325083911118,90,0.0778399410646946
3138.8459398437985,0.8316715019707511,0.13065109319767315,0.0010692644476658594,0.1295818287500073,90,0.0778399410646946
3138.8459398437985,0.9065227557232869,0.13065109319767315,0.0013926083026689353,0.12925848489500422,90,0.0778399410646946
3138.8459398437985,0.9881106959861216,0.13065109319767315,0.0018066568232521344,0.12884443637442103,90,0.0778399410646946
3138.8459398437985,1.0770416311757862,0.13065109319767315,0.002334500171129294,0.12831659302654386,90,0.0778399410646946
3138.8459398437985,1.1739764380630602,0.13065109319767315,0.0030043162883063627,0.1276467769093668,90,0.0778399410646946
3138.8459398437985,1.2796354729785626,0.13065109319767315,0.0038502149602794664,0.1268008782373937,90,0.0778399410646946
3138.8459398437985,1.3948039250316824,0.13065109319767315,0.004913116257861231,0.12573797693981192,90,0.0778399410646946
3138.8459398437985,1.520337651124477,0.13065109319767315,0.006241616293400264,0.12440947690427288,90,0.0778399410646946
3138.8459398437985,1.657169536122569,0.13065109319767315,0.007892771261829292,0.12275832193584386,90,0.0778399410646946
3138.8459398437985,1.8063164254476822,0.13065109319767315,0.009932706011060019,0.12071838718661314,90,0.0778399410646946
3138.8459398437985,1.9688866816103285,0.13065109319767315,0.012436928826104823,0.11821416437156833,90,0.0778399410646946
3138.8459398437985,2.1460884208378745,0.13065109319767315,0.015490214634771552,0.1151608785629016,90,0.0778399410646946
3138.8459398437985,2.339238491007243,0.13065109319767315,0.019185911241909857,0.1114651819557633,90,0.0778399410646946
3138.8459398437985,2.5497722576003894,0.13065109319767315,0.023624535141319306,0.10702655805635385,90,0.0778399410646946
3138.8459398437985,2.7792542704054104,0.13065109319767315,0.0289115613968563,0.10173953180081685,90,0.0778399410646946
3138.8459398437985,3.0293898902312417,0.13065109319767315,0.035154378455747745,0.0954967147419254,90,0.0778399410646946
3138.8459398437985,3.3020379620381313,0.13069028634148588,0.042458469554361444,0.08823181678712444,90,0.0778399410646946
3138.8459398437985,3.599224628662322,0.13102779437933126,0.050922986770663585,0.08010480760866767,90,0.0778399410646946
3138.8459398437985,3.9231583877895577,0.1334633589157587,0.06063598660123145,0.07282737231452724,90,0.0778399410646946
3138.8459398437985,4.276246504071018,0.13534011788451047,0.07166968188422522,0.06367043600028525,90,0.0778399410646946
3138.8459398437985,4.661112898345847,0.13534011788451047,0.08407612133408221,0.051263996550428265,90,0.0778399410646946
3138.8459398437985,5.080617646911311,0.14177735206402547,0.0978837241085988,0.04389362795542667,90,0.0778399410646946
3138.8459398437985,5.537878235746474,0.14572101867896847,0.11309506085572654,0.03262595782324193,90,0.0778399410646946
3138.8459398437985,6.036292727636905,0.16077911310819135,0.12968617228695228,0.031092940821239062,90,0.0778399410646946
3138.8459398437985,6.579565014363433,0.16442935642152678,0.14760754675295443,0.016821809668572357,90,0.0778399410646946
3138.8459398437985,7.1717323416127225,0.16552067394141054,0.16678665449944655,-0.0012659805580360062,90,0.0778399410646946
3138.8459398437985,7.817195311156917,0.16651674508979042,0.1871316993231304,-0.020614954233339977,90,0.0778399410646946
3138.8459398437985,8.520750583258952,0.1692781466748289,0.2085360577630811,-0.03925791108825219,90,0.0778399410646946
3138.8459398437985,9.287626522326553,0.20302456271973118,0.23088278876840612,-0.02785822604867494,90,0.0778399410646946
3138.8459398437985,10.123522050710184,0.26244041051968864,0.25404864337697664,0.008391767142712003,90,0.0778399410646946
3138.8459398437985,11.03464899938101,0.27259592424284396,0.27790717368893764,-0.00531124944609368,90,0.0778399410646946
3138.8459398437985,12.027778270211655,0.30709550711398925,0.302330784374024,0.004764722739965255,90,0.0778399410646946
3138.8459398437985,13.110290152907504,0.3102415829521738,0.32719181906700373,-0.01695023611482993,90,0.0778399410646946
3138.8459398437985,14.290229170511559,0.3111839017886576,0.35236296393297056,-0.04117906214431294,90,0.0778399410646946
3138.8459398437985,15.576363861058477,0.31411327122683863,0.3777173421906004,-0.06360407096376175,90,0.0778399410646946
3138.8459398437985,16.978251939636557,0.3261441987555807,0.4031286608595714,-0.07698446210399068,90,0.0778399410646946
3138.8459398437985,18.50631132509919,0.44204305017700674,0.428471677886387,0.013571372290619721,90,0.0778399410646946
3138.8459398437985,20.17189755925049,0.452312120036995,0.4536231233632531,-0.001311003326258109,90,0.0778399410646946
3138.8459398437985,21.98738819383367,0.45307717022287836,0.4784630728567726,-0.02538590263389423,90,0.0778399410646946
3138.8459398437985,23.966274772431408,0.4680516675073978,0.5028766636688656,-0.034824996161467836,90,0.0778399410646946
3138.8459398437985,26.123263090828015,0.4745506349048118,0.5267559809345199,-0.05220534602970811,90,0.0778399410646946
3138.8459398437985,28.474382480902506,0.5256132844692816,0.5500019207308134,-0.02438863626153187,90,0.0778399410646946
3138.8459398437985,31.037104930180035,0.5557007276616711,0.5725258533810768,-0.016825125719405642,90,0.0778399410646946
3138.8459398437985,33.83047492225976,0.5782351915435536,0.5942509493182171,-0.016015757774663464,90,0.0778399410646946
3138.8459398437985,36.875250963009485,0.5854377999007142,0.615113079704737,-0.029675279804022847,90,0.0778399410646946
3138.8459398437985,40.194059844256586,0.5871524445166098,0.6350612544494846,-0.04790880993287483,90,0.0778399410646946
3138.8459398437985,43.81156479136355,0.5876237558631054,0.6540576045758121,-0.06643384871270663,90,0.0778399410646946
3138.8459398437985,47.75464874425019,0.5893346235083566,0.6720769504487838,-0.08274232694042716,90,0.0778399410646946
3138.8459398437985,52.05261413388882,0.5896329328156863,0.6891060209497837,-0.09947308813409739,90,0.0778399410646946
3138.8459398437985,56.737400638880295,0.5911191572399058,0.7051424017407014,-0.1140232445007956,90,0.0778399410646946
3138.8459398437985,61.8438225403361,0.5933709556514507,0.7201932947271217,-0.12682233907567098,90,0.0778399410646946
3138.8459398437985,67.40982743893404,0.5935763967767488,0.73427416764372,-0.14069777086697122,90,0.0778399410646946
3138.8459398437985,73.47677825676274,0.5935763967767488,0.7474073644149324,-0.1538309676381836,90,0.0778399410646946
3138.8459398437985,80.08976061961063,0.5935775796186773,0.7596207355538102,-0.16604315593513286,90,0.0778399410646946
3138.8459398437985,87.29791790396244,0.5937931859264103,0.770946335055564,-0.1771531491291537,90,0.0778399410646946
3138.8459398437985,95.15481643855642,0.5944893253649319,0.781419217378786,-0.18692989201385402,90,0.0778399410646946
3138.8459398437985,103.71884357443969,0.5948361887986195,0.7910763561731228,-0.19624016737450323,90,0.0778399410646946
3138.8459398437985,113.05364158172193,0.5962371989136017,0.7999556960369599,-0.2037184971233582,90,0.0778399410646946
3138.8459398437985,123.22858059746237,0.5962371989136017,0.8080953400920179,-0.21185814117841617,90,0.0778399410646946
3138.8459398437985,134.3192741393338,0.5962501842954533,0.815532869617205,-0.21928268532175166,90,0.0778399410646946
3138.8459398437985,146.40814101602186,0.5968333602191045,0.8223047872879156,-0.22547142706881107,90,0.0778399410646946
3138.8459398437985,159.58501781011546,0.5971115237349062,0.8284460725035183,-0.23133454876861215,90,0.0778399410646946
3138.8459398437985,173.9478264850578,0.5973302379031118,0.8339898355820669,-0.23665959767895506,90,0.0778399410646946
3138.8459398437985,189.6033020773824,0.5968306864798999,0.838967056969303,-0.24213637048940306,90,0.0778399410646946
3138.8459398437985,206.6677858819652,0.5968335234948194,0.84340639777498,-0.24657287428016061,90,0.0778399410646946
3138.8459398437985,225.26809002472953,0.5968335234948194,0.8473340686715797,-0.25050054517676024,90,0.0778399410646946
3138.8459398437985,245.54243984774803,0.5968335234948194,0.850773745267265,-0.2539402217724456,90,0.0778399410646946
3138.8459398437985,267.64150110992745,0.5968335234948194,0.8537465193376536,-0.2569129958428341,90,0.0778399410646946
3138.8459398437985,291.72949963677064,0.5968335234948194,0.8562708766509677,-0.25943735315614824,90,0.0778399410646946
3138.8459398437985,317.9854417397141,0.5968335234948194,0.8583626934649908,-0.2615291699701714,90,0.0778399410646946
3138.8459398437985,346.6044444744125,0.5968335234948194,0.8600352450580436,-0.2632017215632242,90,0.0778399410646946
3138.8459398437985,377.7991856235726,0.5968335234948194,0.8612992208494478,-0.2644656973546283,90,0.0778399410646946
3138.8459398437985,411.801484179675,0.5968335234948194,0.8621627417551584,-0.26532921826033895,90,0.0778399410646946
3138.8459398437985,448.86402307269043,0.5968335234948194,0.8626313764123305,-0.265797852917511,90,0.0778399410646946
3138.8459398437985,489.26222694499216,0.5968335234948194,0.862708153802829,-0.2658746303080095,90,0.0778399410646946
3138.8459398437985,533.2963089278549,0.5968335234948194,0.8623935706270662,-0.2655600471322468,90,0.0778399410646946
3138.8459398437985,581.2935016298517,0.5968335234948194,0.8616855925471513,-0.26485206905233183,90,0.0778399410646946
3138.8459398437985,633.6104889164096,0.5968335234948194,0.860579649155949,-0.26374612566112954,90,0.0778399410646946
3138.8459398437985,690.6360565519087,0.5968335234948194,0.8590686232612921,-0.26223509976647263,90,0.0778399410646946
3138.8459398437985,752.7939814021893,0.5968335234948194,0.8571428358274951,-0.2603093123326756,90,0.0778399410646946
3138.8459398437985,820.546180668118,0.5968335234948194,0.8547900287138781,-0.25795650521905866,90,0.0778399410646946
3138.8459398437985,894.3961445532864,0.5968335234948194,0.8519953482145685,-0.255161824719749,90,0.0778399410646946
3138.8459398437985,974.8926778751674,0.5968335234948194,0.8487413333542299,-0.2519078098594104,90,0.0778399410646946
3138.8459398437985,1062.6339784249726,0.5968335234948194,0.845007913943776,-0.2481743904489565,90,0.0778399410646946
3138.8459398437985,1158.2720823838974,0.5968335234948194,0.8407724245535919,-0.24393890105877247,90,0.0778399410646946
3138.8459398437985,1262.5177098312156,0.5968335234948194,0.8360096418125549,-0.23917611831773544,90,0.0778399410646946
3138.8459398437985,1376.1455463528653,0.5968335234948194,0.8306918537664258,-0.2338583302716064,90,0.0778399410646946
3138.8459398437985,1500.0,0.5968335234948194,0.8247889713849416,-0.22795544789012212,90,0.0778399410646946
3183.988543387921,0.7,0.12794260939793617,0.0005964423781453753,0.1273461670197908,90,0.0716384449480354
3183.988543387921,0.7630006889770977,0.12794260939793617,0.0007830069197448039,0.12715960247819136,90,0.0716384449480354
3183.988543387921,0.8316715019707511,0.12794260939793617,0.0010240348511596942,0.12691857454677646,90,0.0716384449480354
3183.988543387921,0.9065227557232869,0.12794260939793617,0.0013341235481018556,0.1266084858498343,90,0.0716384449480354
3183.988543387921,0.9881106959861216,0.12794260939793617,0.0017313504760292624,0.1262112589219069,90,0.0716384449480354
3183.988543387921,1.0770416311757862,0.12794260939793617,0.0022379553978862103,0.12570465400004996,90,0.0716384449480354
3183.988543387921,1.1739764380630602,0.12794260939793617,0.002881102143408315,0.12506150725452786,90,0.0716384449480354
3183.988543387921,1.2796354729785626,0.12794260939793617,0.0036937062924666986,0.12424890310546947,90,0.0716384449480354
3183.988543387921,1.3948039250316824,0.12794260939793617,0.00471530235373936,0.12322730704419681,90,0.0716384449480354
3183.988543387921,1.520337651124477,0.12794260939793617,0.005992907100105164,0.121949702297831,90,0.0716384449480354
3183.988543387921,1.657169536122569,0.12794260939793617,0.007581814751570262,0.12036079464636591,90,0.0716384449480354
3183.988543387921,1.8063164254476822,0.12794260939793617,0.00954623576595086,0.11839637363198531,90,0.0716384449480354
3183.988543387921,1.9688866816103285,0.12794260939793617,0.011959666695395527,0.11598294270254064,90,0.0716384449480354
3183.988543387921,2.1460884208378745,0.12794260939793617,0.014904858369437153,0.11303775102849901,90,0.0716384449480354
3183.988543387921,2.339238491007243,0.12794260939793617,0.018473239905971193,0.10946936949196498,90,0.0716384449480354
3183.988543387921,2.5497722576003894,0.12794260939793617,0.022763664096483352,0.10517894530145282,90,0.0716384449480354
3183.988543387921,2.7792542704054104,0.12794260939793617,0.027880372114925934,0.10006223728301024,90,0.0716384449480354
3183.988543387921,3.0293898902312417,0.12794260939793617,0.03393013539437847,0.0940124740035577,90,0.0716384449480354
3183.988543387921,3.3020379620381313,0.1279818025417489,0.041018617232756585,0.08696318530899232,90,0.0716384449480354
3183.988543387921,3.599224628662322,0.1283165820182755,0.0492460970620143,0.0790704849562612,90,0.0716384449480354
3183.988543387921,3.9231583877895577,0.13074540740617455,0.05870280258951189,0.07204260481666266,90,0.0716384449480354
3183.988543387921,4.276246504071018,0.13262185261938983,0.069464184482383,0.06315766813700682,90,0.0716384449480354
3183.988543387921,4.661112898345847,0.13262185261938983,0.08158653190892819,0.05103532071046164,90,0.0716384449480354
3183.988543387921,5.080617646911311,0.13904082069104148,0.09510335324937173,0.04393746744166975,90,0.0716384449480354
3183.988543387921,5.537878235746474,0.14296979638591303,0.11002292160405353,0.03294687478185951,90,0.0716384449480354
3183.988543387921,6.036292727636905,0.15798675840616777,0.12632729581559646,0.03165946259057131,90,0.0716384449480354
3183.988543387921,6.579565014363433,0.16163113546243163,0.14397296821973915,0.01765816724269248,90,0.0716384449480354
3183.988543387921,7.1717323416127225,0.16271869830087668,0.16289307297908553,-0.0001743746782088551,90,0.0716384449480354
3183.988543387921,7.817195311156917,0.16371236383358245,0.18300085239943406,-0.019288488565851608,90,0.0716384449480354
3183.988543387921,8.520750583258952,0.16646260288877981,0.20419388139866126,-0.03773127850988145,90,0.0716384449480354
3183.988543387921,9.287626522326553,0.2001796099072644,0.22635845024856985,-0.026178840341305437,90,0.0716384449480354
3183.988543387921,10.123522050710184,0.25979818952237227,0.24937353642513335,0.010424653097238917,90,0.0716384449480354
3183.988543387921,11.03464899938101,0.2699542293888182,0.2731139515853278,-0.003159722196509618,90,0.0716384449480354
3183.988543387921,12.027778270211655,0.3046249597240554,0.29745248415748005,0.007172475566575354,90,0.0716384449480354
3183.988543387921,13.110290152907504,0.307771034166027,0.3222611045194949,-0.014490070353467888,90,0.0716384449480354
3183.988543387921,14.290229170511559,0.30871232041573854,0.3474114932539294,-0.038699172838190854,90,0.0716384449480354
3183.988543387921,15.576363861058477,0.31164855230425353,0.3727752518375025,-0.06112669953324895,90,0.0716384449480354
3183.988543387921,16.978251939636557,0.3238782525727234,0.39822415072553297,-0.07434589815280956,90,0.0716384449480354
3183.988543387921,18.50631132509919,0.4409815791120871,0.42363068314845026,0.017350895963636814,90,0.0716384449480354
3183.988543387921,20.17189755925049,0.45127740939765754,0.44886906212264344,0.0024083472750141,90,0.0716384449480354
3183.988543387921,21.98738819383367,0.4520477293495748,0.47381666330679906,-0.021768933957224235,90,0.0716384449480354
3183.988543387921,23.966274772431408,0.4673177292560843,0.49835580801659424,-0.031038078760509957,90,0.0716384449480354
3183.988543387921,26.123263090828015,0.4738376069995155,0.5223757148126497,-0.04853810781313417,90,0.0716384449480354
3183.988543387921,28.474382480902506,0.5250035789859947,0.545774426424686,-0.020770847438691287,90,0.0716384449480354
3183.988543387921,31.037104930180035,0.5551459184558865,0.5684605334576499,-0.013314615001763452,90,0.0716384449480354
3183.988543387921,33.83047492225976,0.5777238150259973,0.5903545549372269,-0.012630739911229538,90,0.0716384449480354
3183.988543387921,36.875250963009485,0.5849401183844181,0.6113898856798505,-0.02644976729543247,90,0.0716384449480354
3183.988543387921,40.194059844256586,0.5866600337612615,0.6315132714559609,-0.0448532376946994,90,0.0716384449480354
3183.988543387921,43.81156479136355,0.5871312097465077,0.6506848179881152,-0.0635536082416075,90,0.0716384449480354
3183.988543387921,47.75464874425019,0.5888442401258108,0.6688775751678512,-0.08003333504204035,90,0.0716384449480354
3183.988543387921,52.05261413388882,0.5891427705080567,0.6860767621526817,-0.0969339916446249,90,0.0716384449480354
3183.988543387921,56.737400638880295,0.5906341781058323,0.7022787125960503,-0.11164453449021805,90,0.0716384449480354
3183.988543387921,61.8438225403361,0.5928935396541356,0.717489623585768,-0.12459608393163235,90,0.0716384449480354
3183.988543387921,67.40982743893404,0.593098970369939,0.7317241888592902,-0.13862521848935128,90,0.0716384449480354
3183.988543387921,73.47677825676274,0.593098970369939,0.7450041886202582,-0.15190521825031922,90,0.0716384449480354
3183.988543387921,80.08976061961063,0.5931001448101234,0.7573570967963097,-0.16425695198618628,90,0.0716384449480354
3183.988543387921,87.29791790396244,0.5933159833969619,0.7688147535926568,-0.17549877019569493,90,0.0716384449480354
3183.988543387921,95.15481643855642,0.5940147437492492,0.7794121381026311,-0.18539739435338187,90,0.0716384449480354
3183.988543387921,103.71884357443969,0.5943616071829367,0.789186263551713,-0.19482465636877622,90,0.0716384449480354
3183.988543387921,113.05364158172193,0.5957668046200287,0.7981752071291164,-0.20240840250908765,90,0.0716384449480354
3183.988543387921,123.22858059746237,0.5957668046200287,0.806417277637587,-0.21065047301755824,90,0.0716384449480354
3183.988543387921,134.3192741393338,0.5957797490778343,0.8139503174519428,-0.21817056837410853,90,0.0716384449480354
3183.988543387921,146.40814101602186,0.59636301239515,0.8208111304214534,-0.22444811802630338,90,0.0716384449480354
3183.988543387921,159.58501781011546,0.5966419331696022,0.8270350241653558,-0.23039309099575356,90,0.0716384449480354
3183.988543387921,173.9478264850578,0.5968610628696078,0.8326554534192115,-0.23579439054960372,90,0.0716384449480354
3183.988543387921,189.6033020773824,0.5963615114463962,0.8377037504000054,-0.2413422389536093,90,0.0716384449480354
3183.988543387921,206.6677858819652,0.5963643377729951,0.8422089282907953,-0.24584459051780017,90,0.0716384449480354
3183.988543387921,225.26809002472953,0.5963643377729951,0.8461975446540274,-0.24983320688103228,90,0.0716384449480354
3183.988543387921,245.54243984774803,0.5963643377729951,0.8496936126599159,-0.2533292748869208,90,0.0716384449480354
3183.988543387921,267.64150110992745,0.5963643377729951,0.8527185492993342,-0.2563542115263391,90,0.0716384449480354
3183.988543387921,291.72949963677064,0.5963643377729951,0.8552911511171226,-0.2589268133441275,90,0.0716384449480354
3183.988543387921,317.9854417397141,0.5963643377729951,0.8574275893653309,-0.2610632515923358,90,0.0716384449480354
3183.988543387921,346.6044444744125,0.5963643377729951,0.8591414177805956,-0.26277708000760047,90,0.0716384449480354
3183.988543387921,377.7991856235726,0.5963643377729951,0.8604435874035803,-0.26407924963058516,90,0.0716384449480354
3183.988543387921,411.801484179675,0.5963643377729951,0.8613424639677283,-0.26497812619473315,90,0.0716384449480354
3183.988543387921,448.86402307269043,0.5963643377729951,0.8618438443896667,-0.2654795066166715,90,0.0716384449480354
3183.988543387921,489.26222694499216,0.5963643377729951,0.8619509698045517,-0.2655866320315565,90,0.0716384449480354
3183.988543387921,533.2963089278549,0.5963643377729951,0.8616645334232096,-0.26530019565021445,90,0.0716384449480354
3183.988543387921,581.2935016298517,0.5963643377729951,0.8609826822653213,-0.26461834449232613,90,0.0716384449480354
3183.988543387921,633.6104889164096,0.5963643377729951,0.8599010125680375,-0.2635366747950424,90,0.0716384449480354
3183.988543387921,690.6360565519087,0.5963643377729951,0.8584125594075869,-0.26204822163459174,90,0.0716384449480354
3183.988543387921,752.7939814021893,0.5963643377729951,0.8565077818281724,-0.2601434440551773,90,0.0716384449480354
3183.988543387921,820.546180668118,0.5963643377729951,0.8541745455726126,-0.2578102077996175,90,0.0716384449480354
3183.988543387921,894.3961445532864,0.5963643377729951,0.8513981063755576,-0.25503376860256244,90,0.0716384449480354
3183.988543387921,974.8926778751674,0.5963643377729951,0.8481610977322116,-0.25179675995921647,90,0.0716384449480354
3183.988543387921,1062.6339784249726,0.5963643377729951,0.8444435281073109,-0.2480791903343158,90,0.0716384449480354
3183.988543387921,1158.2720823838974,0.5963643377729951,0.8402227937066711,-0.24385845593367594,90,0.0716384449480354
3183.988543387921,1262.5177098312156,0.5963643377729951,0.835473714191438,-0.23910937641844288,90,0.0716384449480354
3183.988543387921,1376.1455463528653,0.5963643377729951,0.8301686000519707,-0.23380426227897555,90,0.0716384449480354
3183.988543387921,1500.0,0.5963643377729951,0.8242773617318245,-0.2279130239588294,90,0.0716384449480354
3229.7803838470704,0.7,0.09290481040537055,0.0005653054141120808,0.09233950499125847,90,0.06543694883137663
3229.7803838470704,0.7630006889770977,0.09290481040537055,0.0007423565052220907,0.09216245390014846,90,0.06543694883137663
3229.7803838470704,0.8316715019707511,0.09290481040537055,0.0009711750240318971,0.09193363538133865,90,0.06543694883137663
3229.7803838470704,0.9065227557232869,0.09290481040537055,0.001265666155635378,0.09163914424973517,90,0.06543694883137663
3229.7803838470704,0.9881106959861216,0.09290481040537055,0.0016430624759866611,0.09126174792938388,90,0.06543694883137663
3229.7803838470704,1.0770416311757862,0.09290481040537055,0.002124581795277897,0.09078022861009265,90,0.06543694883137663
3229.7803838470704,1.1739764380630602,0.09290481040537055,0.0027361645864800123,0.09016864581889053,90,0.06543694883137663
3229.7803838470704,1.2796354729785626,0.09290481040537055,0.0035092794783054128,0.08939553092706513,90,0.06543694883137663
3229.7803838470704,1.3948039250316824,0.09290481040537055,0.004481773530797009,0.08842303687457354,90,0.06543694883137663
3229.7803838470704,1.520337651124477,0.09290481040537055,0.005698728285565586,0.08720608211980496,90,0.06543694883137663
3229.7803838470704,1.657169536122569,0.09290481040537055,0.007213262875030657,0.08569154753033989,90,0.06543694883137663
3229.7803838470704,1.8063164254476822,0.09290481040537055,0.00908720264384488,0.08381760776152566,90,0.06543694883137663
3229.7803838470704,1.9688866816103285,0.09290481040537055,0.011391507989619874,0.08151330241575067,90,0.06543694883137663
3229.7803838470704,2.1460884208378745,0.09290481040537055,0.014206337427100408,0.07869847297827014,90,0.06543694883137663
3229.7803838470704,2.339238491007243,0.09290481040537055,0.017620606979709647,0.0752842034256609,90,0.06543694883137663
3229.7803838470704,2.5497722576003894,0.09290481040537055,0.02173091182934673,0.07117389857602383,90,0.06543694883137663
3229.7803838470704,2.7792542704054104,0.09290481040537055,0.02663970223279435,0.06626510817257619,90,0.06543694883137663
3229.7803838470704,3.0293898902312417,0.09290481040537055,0.03245265783177724,0.06045215257359331,90,0.06543694883137663
3229.7803838470704,3.3020379620381313,0.09294400354918324,0.0392752814151641,0.05366872213401914,90,0.06543694883137663
3229.7803838470704,3.599224628662322,0.09327475208569076,0.0472088277312655,0.04606592435442526,90,0.06543694883137663
3229.7803838470704,3.9231583877895577,0.09569307150484702,0.056345783191854903,0.03934728831299211,90,0.06543694883137663
3229.7803838470704,4.276246504071018,0.09709318566424406,0.0667652045677279,0.03032798109651616,90,0.06543694883137663
3229.7803838470704,4.661112898345847,0.09709318566424406,0.0785282958860786,0.018564889778165464,90,0.06543694883137663
3229.7803838470704,5.080617646911311,0.10348374697798642,0.09167463979566126,0.011809107182325154,90,0.06543694883137663
3229.7803838470704,5.537878235746474,0.1073901059727871,0.10621948819321693,0.001170617779570171,90,0.06543694883137663
3229.7803838470704,6.036292727636905,0.12234106691595173,0.12215244186297261,0.0001886250529791189,90,0.06543694883137663
3229.7803838470704,6.579565014363433,0.12597617566131655,0.1394377021139623,-0.013461526452645756,90,0.06543694883137663
3229.7803838470704,7.1717323416127225,0.1270579988428082,0.15801586924200373,-0.030957870399195536,90,0.06543694883137663
3229.7803838470704,7.817195311156917,0.12804786040231902,0.17780702920393363,-0.0497591688016146,90,0.06543694883137663
3229.7803838470704,8.520750583258952,0.1311947685060353,0.19871466773208082,-0.06751989922604554,90,0.06543694883137663
3229.7803838470704,9.287626522326553,0.1654334884214539,0.22062983859110144,-0.05519635016964755,90,0.06543694883137663
3229.7803838470704,10.123522050710184,0.225583226129132,0.24343502631144068,-0.01785180018230867,90,0.06543694883137663
3229.7803838470704,11.03464899938101,0.23573741325607103,0.26700728178445743,-0.031269868528386396,90,0.06543694883137663
3229.7803838470704,12.027778270211655,0.27062413953813785,0.2912204307873062,-0.02059629124916834,90,0.06543694883137663
3229.7803838470704,13.110290152907504,0.27376954317934626,0.3159463961214498,-0.04217685294210355,90,0.06543694883137663
3229.7803838470704,14.290229170511559,0.27486820102552845,0.3410558686227989,-0.06618766759727046,90,0.06543694883137663
3229.7803838470704,15.576363861058477,0.27784538804962644,0.3664186670662803,-0.08857327901665385,90,0.06543694883137663
3229.7803838470704,16.978251939636557,0.29093560053625167,0.39190413031190985,-0.10096852977565818,90,0.06543694883137663
3229.7803838470704,18.50631132509919,0.4297610449026029,0.41738180527817353,0.012379239624429383,90,0.06543694883137663
3229.7803838470704,20.17189755925049,0.4412462648430243,0.44272256802451676,-0.0014763031814924443,90,0.06543694883137663
3229.7803838470704,21.98738819383367,0.44202481921406706,0.46780018222357156,-0.025775363009504504,90,0.06543694883137663
3229.7803838470704,23.966274772431408,0.4577755803448418,0.49249319084337767,-0.03471761049853589,90,0.06543694883137663
3229.7803838470704,26.123263090828015,0.4658141256038563,0.516686969792684,-0.050872844188827704,90,0.06543694883137663
3229.7803838470704,28.474382480902506,0.5187983415421948,0.5402757493232389,-0.02147740778104401,90,0.06543694883137663
3229.7803838470704,31.037104930180035,0.5493369598658696,0.5631644227797415,-0.013827462913871935,90,0.06543694883137663
3229.7803838470704,33.83047492225976,0.5728005045602812,0.5852700006372266,-0.012469496076945363,90,0.06543694883137663
3229.7803838470704,36.875250963009485,0.5808309887765313,0.6065226179964381,-0.025691629219906864,90,0.06543694883137663
3229.7803838470704,40.194059844256586,0.5825595550124876,0.6268660553723809,-0.044306500359893364,90,0.06543694883137663
3229.7803838470704,43.81156479136355,0.583030631648521,0.6462577785308266,-0.06322714688230557,90,0.06543694883137663
3229.7803838470704,47.75464874425019,0.5847471005610817,0.6646685393067953,-0.07992143874571356,90,0.06543694883137663
3229.7803838470704,52.05261413388882,0.5850460158399561,0.6820816043260147,-0.09703558848605864,90,0.06543694883137663
3229.7803838470704,56.737400638880295,0.5870083753316904,0.6984916926621669,-0.11148331733047656,90,0.06543694883137663
3229.7803838470704,61.8438225403361,0.5892825663764163,0.7139037080981748,-0.12462114172175853,90,0.06543694883137663
3229.7803838470704,67.40982743893404,0.5894879952178654,0.7283313487691961,-0.1388433535513307,90,0.06543694883137663
3229.7803838470704,73.47677825676274,0.5894879952178654,0.741795668670958,-0.1523076734530926,90,0.06543694883137663
3229.7803838470704,80.08976061961063,0.5894891642196581,0.7543236538547462,-0.16483448963508807,90,0.06543694883137663
3229.7803838470704,87.29791790396244,0.5897060120552865,0.7659468628805527,-0.1762408508252662,90,0.06543694883137663
3229.7803838470704,95.15481643855642,0.5904090252954761,0.776700167695295,-0.18629114239981892,90,0.06543694883137663
3229.7803838470704,103.71884357443969,0.5907558887291635,0.7866206185938007,-0.1958647298646372,90,0.06543694883137663
3229.7803838470704,113.05364158172193,0.5921685916420482,0.7957464459865548,-0.2035778543445066,90,0.06543694883137663
3229.7803838470704,123.22858059746237,0.5921685916420482,0.8041162026952725,-0.21194761105322435,90,0.06543694883137663
3229.7803838470704,134.3192741393338,0.5921815365542971,0.8117680435203297,-0.21958650696603266,90,0.06543694883137663
3229.7803838470704,146.40814101602186,0.592765221037147,0.8187391337787807,-0.2259739127416337,90,0.06543694883137663
3229.7803838470704,159.58501781011546,0.5930453513711622,0.8250651751824944,-0.23201982381133224,90,0.06543694883137663
3229.7803838470704,173.9478264850578,0.5932652865049203,0.8307800355333829,-0.2375147490284626,90,0.06543694883137663
3229.7803838470704,189.6033020773824,0.5927657350817084,0.8359154679584374,-0.24314973287672903,90,0.06543694883137663
3229.7803838470704,206.6677858819652,0.5927685594837474,0.8405009055053705,-0.24773234602162308,90,0.06543694883137663
3229.7803838470704,225.26809002472953,0.5927685594837474,0.8445633176159858,-0.2517947581322384,90,0.06543694883137663
3229.7803838470704,245.54243984774803,0.5927685594837474,0.8481271160763441,-0.25535855659259665,90,0.06543694883137663
3229.7803838470704,267.64150110992745,0.5927685594837474,0.8512140993417311,-0.2584455398579837,90,0.06543694883137663
3229.7803838470704,291.72949963677064,0.5927685594837474,0.8538434255237038,-0.26107486603995644,90,0.06543694883137663
3229.7803838470704,317.9854417397141,0.5927685594837474,0.8560316057164433,-0.2632630462326959,90,0.06543694883137663
3229.7803838470704,346.6044444744125,0.5927685594837474,0.8577925106716799,-0.26502395118793254,90,0.06543694883137663
3229.7803838470704,377.7991856235726,0.5927685594837474,0.8591373850718531,-0.2663688255881057,90,0.06543694883137663
3229.7803838470704,411.801484179675,0.5927685594837474,0.8600748647852939,-0.26730630530154653,90,0.06543694883137663
3229.7803838470704,448.86402307269043,0.5927685594837474,0.8606109935146392,-0.2678424340308918,90,0.06543694883137663
3229.7803838470704,489.26222694499216,0.5927685594837474,0.8607492361801599,-0.26798067669641246,90,0.06543694883137663
3229.7803838470704,533.2963089278549,0.5927685594837474,0.860490487229914,-0.26772192774616654,90,0.06543694883137663
3229.7803838470704,581.2935016298517,0.5927685594837474,0.8598330728599932,-0.2670645133762458,90,0.06543694883137663
3229.7803838470704,633.6104889164096,0.5927685594837474,0.8587727468847854,-0.26600418740103804,90,0.06543694883137663
3229.7803838470704,690.6360565519087,0.5927685594837474,0.8573026807447436,-0.2645341212609962,90,0.06543694883137663
3229.7803838470704,752.7939814021893,0.5927685594837474,0.8554134489036793,-0.2626448894199319,90,0.06543694883137663
3229.7803838470704,820.546180668118,0.5927685594837474,0.8530930116943533,-0.26032445221060585,90,0.06543694883137663
3229.7803838470704,894.3961445532864,0.5927685594837474,0.8503266985436349,-0.25755813905988745,90,0.06543694883137663
3229.7803838470704,974.8926778751674,0.5927685594837474,0.8470971954668854,-0.25432863598313804,90,0.06543694883137663
3229.7803838470704,1062.6339784249726,0.5927685594837474,0.8433845417803859,-0.2506159822966385,90,0.06543694883137663
3229.7803838470704,1158.2720823838974,0.5927685594837474,0.8391661421476053,-0.24639758266385792,90,0.06543694883137663
3229.7803838470704,1262.5177098312156,0.5927685594837474,0.8344168013456308,-0.24164824186188338,90,0.06543694883137663
3229.7803838470704,1376.1455463528653,0.5927685594837474,0.829108790492276,-0.23634023100852863,90,0.06543694883137663
3229.7803838470704,1500.0,0.5927685594837474,0.8232119548716161,-0.23044339538786873,90,0.06543694883137663
3276.230798488907,0.7,0.07251492527817538,0.000528272306641366,0.07198665297153402,90,0.05923545271471742
3276.230798488907,0.7630006889770977,0.07251492527817538,0.0006939400440427632,0.07182098523413262,90,0.05923545271471742
3276.230798488907,0.8316715019707511,0.07251492527817538,0.0009081257255477939,0.07160679955262758,90,0.05923545271471742
3276.230798488907,0.9065227557232869,0.07251492527817538,0.0011838920685636985,0.07133103320961168,90,0.05923545271471742
3276.230798488907,0.9881106959861216,0.07251492527817538,0.0015374403821251884,0.07097748489605019,90,0.05923545271471742
3276.230798488907,1.0770416311757862,0.07251492527817538,0.001988737083402936,0.07052618819477244,90,0.05923545271471742
3276.230798488907,1.1739764380630602,0.07251492527817538,0.0025622191706721597,0.06995270610750322,90,0.05923545271471742
3276.230798488907,1.2796354729785626,0.07251492527817538,0.003287569533913021,0.06922735574426236,90,0.05923545271471742
3276.230798488907,1.3948039250316824,0.07251492527817538,0.004200542439086188,0.0683143828390892,90,0.05923545271471742
3276.230798488907,1.520337651124477,0.07251492527817538,0.005343805265972303,0.06717112001220307,90,0.05923545271471742
3276.230798488907,1.657169536122569,0.07251492527817538,0.006767744482333519,0.06574718079584187,90,0.05923545271471742
3276.230798488907,1.8063164254476822,0.07251492527817538,0.008531162506944514,0.06398376277123087,90,0.05923545271471742
3276.230798488907,1.9688866816103285,0.07251492527817538,0.010701769331696817,0.061813155946478564,90,0.05923545271471742
3276.230798488907,2.1460884208378745,0.07251492527817538,0.013356351887165606,0.05915857339100977,90,0.05923545271471742
3276.230798488907,2.339238491007243,0.07251492527817538,0.016580490192361092,0.05593443508581429,90,0.05923545271471742
3276.230798488907,2.5497722576003894,0.07251492527817538,0.020467688632522272,0.05204723664565311,90,0.05923545271471742
3276.230798488907,2.7792542704054104,0.07251492527817538,0.025117809577755633,0.04739711570041975,90,0.05923545271471742
3276.230798488907,3.0293898902312417,0.07251492527817538,0.030634739345637835,0.04188018593253755,90,0.05923545271471742
3276.230798488907,3.3020379620381313,0.07255411842198808,0.03712328351756435,0.03543083490442373,90,0.05923545271471742
3276.230798488907,3.599224628662322,0.07287897964342509,0.044685374915856134,0.028193604727568954,90,0.05923545271471742
3276.230798488907,3.9231583877895577,0.07528131625227186,0.05341577359910491,0.021865542653166946,90,0.05923545271471742
3276.230798488907,4.276246504071018,0.07667927338029723,0.06339753192532971,0.013281741454967522,90,0.05923545271471742
3276.230798488907,4.661112898345847,0.07667927338029723,0.07469757612995973,0.001981697250337505,90,0.05923545271471742
3276.230798488907,5.080617646911311,0.083026695264976,0.08736280506159001,-0.0043361097966140155,90,0.05923545271471742
3276.230798488907,5.537878235746474,0.08689895898573372,0.10141711064098176,-0.014518151655248043,90,0.05923545271471742
3276.230798488907,6.036292727636905,0.10174745667694146,0.11685966648487361,-0.015112209807932153,90,0.05923545271471742
3276.230798488907,6.579565014363433,0.10536832965976697,0.13366470080231602,-0.028296371142549043,90,0.05923545271471742
3276.230798488907,7.1717323416127225,0.10644154662116695,0.15178277477600996,-0.04534122815484301,90,0.05923545271471742
3276.230798488907,7.817195311156917,0.10742556146353775,0.1711433611012388,-0.06371779963770104,90,0.05923545271471742
3276.230798488907,8.520750583258952,0.11054424775650613,0.19165831317041213,-0.08111406541390599,90,0.05923545271471742
3276.230798488907,9.287626522326553,0.1449100329292856,0.21322569150178317,-0.06831565857249758,90,0.05923545271471742
3276.230798488907,10.123522050710184,0.20614695169825534,0.2357334094431119,-0.029586457744856576,90,0.05923545271471742
3276.230798488907,11.03464899938101,0.2162954584986303,0.25906227794738196,-0.04276681944875166,90,0.05923545271471742
3276.230798488907,12.027778270211655,0.25230806151384055,0.2830882337104171,-0.030780172196576527,90,0.05923545271471742
3276.230798488907,13.110290152907504,0.255640151460481,0.30768376511408285,-0.05204361365360183,90,0.05923545271471742
3276.230798488907,14.290229170511559,0.2567343245100968,0.3327187422387763,-0.07598441772867948,90,0.05923545271471742
3276.230798488907,15.576363861058477,0.26099062323609795,0.3580609654107955,-0.09707034217469757,90,0.05923545271471742
3276.230798488907,16.978251939636557,0.27507008388621806,0.3835767568050358,-0.10850667291881771,90,0.05923545271471742
3276.230798488907,18.50631132509919,0.4196831831857229,0.40913184697013016,0.010551336215592733,90,0.05923545271471742
3276.230798488907,20.17189755925049,0.4315870819887146,0.43459268736059564,-0.0030056053718810483,90,0.05923545271471742
3276.230798488907,21.98738819383367,0.4324055681558069,0.4598281901877691,-0.027422622031962218,90,0.05923545271471742
3276.230798488907,23.966274772431408,0.44866536695916137,0.4847117896731999,-0.03604642271403852,90,0.05923545271471742
3276.230798488907,26.123263090828015,0.4567512664838437,0.5091236517490697,-0.05237238526522603,90,0.05923545271471742
3276.230798488907,28.474382480902506,0.5121344958113847,0.5329528359311653,-0.020818340119780565,90,0.05923545271471742
3276.230798488907,31.037104930180035,0.5442673280430372,0.5560992267033209,-0.011831898660283668,90,0.05923545271471742
3276.230798488907,33.83047492225976,0.5693601582166036,0.5784750903387578,-0.009114932122154196,90,0.05923545271471742
3276.230798488907,36.875250963009485,0.5782323961338899,0.6000061639644361,-0.021773767830546187,90,0.05923545271471742
3276.230798488907,40.194059844256586,0.5799745952863784,0.620632236255471,-0.040657640969092634,90,0.05923545271471742
3276.230798488907,43.81156479136355,0.5804478291917359,0.6403072260662309,-0.05985939687449504,90,0.05923545271471742
3276.230798488907,47.75464874425019,0.5821696026452564,0.6589988024101979,-0.07682919976494151,90,0.05923545271471742
3276.230798488907,52.05261413388882,0.5824691437845056,0.6766876149335933,-0.09421847114908766,90,0.05923545271471742
3276.230798488907,56.737400638880295,0.5844448002211021,0.6933662186508297,-0.10892141842972758,90,0.05923545271471742
3276.230798488907,61.8438225403361,0.5867447101030651,0.7090377816102158,-0.12229307150715074,90,0.05923545271471742
3276.230798488907,67.40982743893404,0.5869501507393532,0.7237146613051815,-0.13676451056582828,90,0.05923545271471742
3276.230798488907,73.47677825676274,0.5869501507393532,0.737416927200156,-0.15046677646080275,90,0.05923545271471742
3276.230798488907,80.08976061961063,0.5869513191939633,0.7501708947842171,-0.1632195755902538,90,0.05923545271471742
3276.230798488907,87.29791790396244,0.5871703693941442,0.7620077229308269,-0.17483735353668262,90,0.05923545271471742
3276.230798488907,95.15481643855642,0.5878799826152705,0.7729621125082389,-0.18508212989296835,90,0.05923545271471742
3276.230798488907,103.71884357443969,0.588226846048958,0.7830711312426908,-0.19484428519373276,90,0.05923545271471742
3276.230798488907,113.05364158172193,0.589651938909287,0.7923731784961418,-0.20272123958685473,90,0.05923545271471742
3276.230798488907,123.22858059746237,0.589651938909287,0.8009070942581494,-0.2112551553488624,90,0.05923545271471742
3276.230798488907,134.3192741393338,0.5896649502233161,0.8087114093741608,-0.21904645915084464,90,0.05923545271471742
3276.230798488907,146.40814101602186,0.5902495695630402,0.815823728749604,-0.22557415918656376,90,0.05923545271471742
3276.230798488907,159.58501781011546,0.5905315704003695,0.8222802357629128,-0.23174866536254324,90,0.05923545271471742
3276.230798488907,173.9478264850578,0.5907528971637803,0.8281153041054866,-0.2373624069417063,90,0.05923545271471742
3276.230798488907,189.6033020773824,0.5902533457405685,0.8333612024359558,-0.24310785669538726,90,0.05923545271471742
3276.230798488907,206.6677858819652,0.5902561822533796,0.8380478772949975,-0.2477916950416179,90,0.05923545271471742
3276.230798488907,225.26809002472953,0.5902561822533796,0.8422028004124327,-0.25194661815905306,90,0.05923545271471742
3276.230798488907,245.54243984774803,0.5902561822533796,0.8458508676298174,-0.2555946853764378,90,0.05923545271471742
3276.230798488907,267.64150110992745,0.5902561822533796,0.8490143379839077,-0.25875815573052807,90,0.05923545271471742
3276.230798488907,291.72949963677064,0.5902561822533796,0.8517128029170927,-0.2614566206637131,90,0.05923545271471742
3276.230798488907,317.9854417397141,0.5902561822533796,0.8539631770063458,-0.2637069947529662,90,0.05923545271471742
3276.230798488907,346.6044444744125,0.5902561822533796,0.8557797029708256,-0.265523520717446,90,0.05923545271471742
3276.230798488907,377.7991856235726,0.5902561822533796,0.8571739649941273,-0.26691778274074773,90,0.05923545271471742
3276.230798488907,411.801484179675,0.5902561822533796,0.8581549055644111,-0.2678987233110315,90,0.05923545271471742
3276.230798488907,448.86402307269043,0.5902561822533796,0.8587288420930438,-0.2684726598396642,90,0.05923545271471742
3276.230798488907,489.26222694499216,0.5902561822533796,0.8588994805294423,-0.2686432982760627,90,0.05923545271471742
3276.230798488907,533.2963089278549,0.5902561822533796,0.8586679240632497,-0.26841174180987004,90,0.05923545271471742
3276.230798488907,581.2935016298517,0.5902561822533796,0.8580326758163987,-0.26777649356301914,90,0.05923545271471742
3276.230798488907,633.6104889164096,0.5902561822533796,0.8569896352016136,-0.26673345294823403,90,0.05923545271471742
3276.230798488907,690.6360565519087,0.5902561822533796,0.85553208838659,-0.2652759061332104,90,0.05923545271471742
3276.230798488907,752.7939814021893,0.5902561822533796,0.8536506940810964,-0.2633945118277168,90,0.05923545271471742
3276.230798488907,820.546180668118,0.5902561822533796,0.85133346668354,-0.26107728443016043,90,0.05923545271471742
3276.230798488907,894.3961445532864,0.5902561822533796,0.8485657597083417,-0.2583095774549621,90,0.05923545271471742
3276.230798488907,974.8926778751674,0.5902561822533796,0.8453302533867748,-0.2550740711333952,90,0.05923545271471742
3276.230798488907,1062.6339784249726,0.5902561822533796,0.8416069514075847,-0.25135076915420507,90,0.05923545271471742
3276.230798488907,1158.2720823838974,0.5902561822533796,0.8373731929477551,-0.24711701069437553,90,0.05923545271471742
3276.230798488907,1262.5177098312156,0.5902561822533796,0.8326036874351438,-0.24234750518176418,90,0.05923545271471742
3276.230798488907,1376.1455463528653,0.5902561822533796,0.8272705808647752,-0.23701439861139562,90,0.05923545271471742
3276.230798488907,1500.0,0.5902561822533796,0.82134356391998,-0.23108738166660037,90,0.05923545271471742
3323.349258868835,0.7,0.06298541939986246,0.0004256128270141205,0.06255980657284835,90,0.05797897565886956
3323.349258868835,0.7630006889770977,0.06298541939986246,0.0005593386931040014,0.06242608070675846,90,0.05797897565886956
3323.349258868835,0.8316715019707511,0.06298541939986246,0.0007323473096548671,0.0622530720902076,90,0.05797897565886956
3323.349258868835,0.9065227557232869,0.06298541939986246,0.0009552771517180959,0.06203014224814437,90,0.05797897565886956
3323.349258868835,0.9881106959861216,0.06298541939986246,0.0012413573999019113,0.061744061999960555,90,0.05797897565886956
3323.349258868835,1.0770416311757862,0.06298541939986246,0.0016069448414451073,0.061378474558417356,90,0.05797897565886956
3323.349258868835,1.1739764380630602,0.06298541939986246,0.002072139972772253,0.06091327942709021,90,0.05797897565886956
3323.349258868835,1.2796354729785626,0.06298541939986246,0.0026614815797760404,0.06032393782008642,90,0.05797897565886956
3323.349258868835,1.3948039250316824,0.06298541939986246,0.0034047126181063307,0.05958070678175613,90,0.05797897565886956
3323.349258868835,1.520337651124477,0.06298541939986246,0.004337600798291196,0.05864781860157127,90,0.05797897565886956
3323.349258868835,1.657169536122569,0.06298541939986246,0.00550278424910858,0.057482635150753886,90,0.05797897565886956
3323.349258868835,1.8063164254476822,0.06298541939986246,0.0069505955186761545,0.05603482388118631,90,0.05797897565886956
3323.349258868835,1.9688866816103285,0.06298541939986246,0.008739795969757864,0.0542456234301046,90,0.05797897565886956
3323.349258868835,2.1460884208378745,0.06298541939986246,0.01093812820445229,0.05204729119541017,90,0.05797897565886956
3323.349258868835,2.339238491007243,0.06298541939986246,0.013622568795827744,0.04936285060403472,90,0.05797897565886956
3323.349258868835,2.5497722576003894,0.06298541939986246,0.016879141563979343,0.04610627783588312,90,0.05797897565886956
3323.349258868835,2.7792542704054104,0.06298541939986246,0.020802139503214603,0.04218327989664786,90,0.05797897565886956
3323.349258868835,3.0293898902312417,0.06298541939986246,0.025492609973633916,0.03749280942622855,90,0.05797897565886956
3323.349258868835,3.3020379620381313,0.0630246125436752,0.031055992526763693,0.0319686200169115,90,0.05797897565886956
3323.349258868835,3.599224628662322,0.06333338096507239,0.037598869539476026,0.025734511425596365,90,0.05797897565886956
3323.349258868835,3.9231583877895577,0.06567907510282446,0.04522489857705417,0.020454176525770293,90,0.05797897565886956
3323.349258868835,4.276246504071018,0.06705958590706725,0.05403013354870155,0.013029452358365695,90,0.05797897565886956
3323.349258868835,4.661112898345847,0.06705958590706725,0.06409808732089804,0.0029614985861692034,90,0.05797897565886956
3323.349258868835,5.080617646911311,0.07324743571880264,0.07549500744849283,-0.002247571729690187,90,0.05797897565886956
3323.349258868835,5.537878235746474,0.07699890951857566,0.0882658901737684,-0.011266980655192743,90,0.05797897565886956
3323.349258868835,6.036292727636905,0.09143004759173189,0.10243171474493656,-0.011001667153204678,90,0.05797897565886956
3323.349258868835,6.579565014363433,0.09499445736902572,0.11798823102983724,-0.022993773660811526,90,0.05797897565886956
3323.349258868835,7.1717323416127225,0.09603761262496746,0.13490639952562603,-0.038868786900658564,90,0.05797897565886956
3323.349258868835,7.817195311156917,0.09699849053350403,0.1531343144563321,-0.05613582392282808,90,0.05797897565886956
3323.349258868835,8.520750583258952,0.10000783754208357,0.1726002039973782,-0.07259236645529461,90,0.05797897565886956
3323.349258868835,9.287626522326553,0.13415629165729295,0.193215958406667,-0.059059666749374046,90,0.05797897565886956
3323.349258868835,10.123522050710184,0.19551423922080813,0.21488062330471733,-0.0193663840839092,90,0.05797897565886956
3323.349258868835,11.03464899938101,0.20565386187122825,0.23748341000960538,-0.03182954813837713,90,0.05797897565886956
3323.349258868835,12.027778270211655,0.24200115798246508,0.26090597904323437,-0.018904821060769295,90,0.05797897565886956
3323.349258868835,13.110290152907504,0.2458766465174535,0.28502398476444835,-0.039147338246994845,90,0.05797897565886956
3323.349258868835,14.290229170511559,0.24694133669100296,0.309708064770033,-0.06276672807903003,90,0.05797897565886956
3323.349258868835,15.576363861058477,0.2512089630101165,0.3348245718488211,-0.08361560883870456,90,0.05797897565886956
3323.349258868835,16.978251939636557,0.26560372859085796,0.36023636332905373,-0.09463263473819578,90,0.05797897565886956
3323.349258868835,18.50631132509919,0.4123124700927285,0.3858038964368396,0.02650857365588888,90,0.05797897565886956
3323.349258868835,20.17189755925049,0.4244470320367191,0.41138676186157347,0.013060270175145605,90,0.05797897565886956
3323.349258868835,21.98738819383367,0.4253150294995381,0.4368456594723834,-0.011530629972845319,90,0.05797897565886956
3323.349258868835,23.966274772431408,0.4425604526975421,0.46204471173649253,-0.019484259038950458,90,0.05797897565886956
3323.349258868835,26.123263090828015,0.45080756795683813,0.48685394037099383,-0.0360463724141557,90,0.05797897565886956
3323.349258868835,28.474382480902506,0.5069608175497534,0.5111517048264055,-0.004190887276652067,90,0.05797897565886956
3323.349258868835,31.037104930180035,0.5399048089585851,0.5348269116605571,0.005077897298027989,90,0.05797897565886956
3323.349258868835,33.83047492225976,0.5654530564611485,0.5577808405045546,0.007672215956593953,90,0.05797897565886956
3323.349258868835,36.875250963009485,0.5746788005753001,0.5799284827847921,-0.005249682209492068,90,0.05797897565886956
3323.349258868835,40.194059844256586,0.5764857721860474,0.6011993429804594,-0.024713570794412054,90,0.05797897565886956
3323.349258868835,43.81156479136355,0.5773413609183496,0.6215377012659925,-0.04419634034764286,90,0.05797897565886956
3323.349258868835,47.75464874425019,0.579082142950865,0.6409023762969249,-0.061820233346059905,90,0.05797897565886956
3323.349258868835,52.05261413388882,0.57938259737685,0.6592660556183161,-0.07988345824146603,90,0.05797897565886956
3323.349258868835,56.737400638880295,0.5814151322465139,0.6766142785768867,-0.09519914633037285,90,0.05797897565886956
3323.349258868835,61.8438225403361,0.5838576889054309,0.6929441638127548,-0.10908647490732393,90,0.05797897565886956
3323.349258868835,67.40982743893404,0.5840632543372657,0.7082629722140396,-0.12419971787677386,90,0.05797897565886956
3323.349258868835,73.47677825676274,0.5840632543372657,0.7225865887610682,-0.1385233344238025,90,0.05797897565886956
3323.349258868835,80.08976061961063,0.5840644801223793,0.7359379950983899,-0.15187351497601054,90,0.05797897565886956
3323.349258868835,87.29791790396244,0.584301421788227,0.7483457908879277,-0.16404436909970077,90,0.05797897565886956
3323.349258868835,95.15481643855642,0.5850425389892804,0.7598428076270735,-0.17480026863779308,90,0.05797897565886956
3323.349258868835,103.71884357443969,0.5853894024229679,0.770464844887523,-0.1850754424645551,90,0.05797897565886956
3323.349258868835,113.05364158172193,0.586884263630336,0.7802495466786908,-0.19336528304835487,90,0.05797897565886956
3323.349258868835,123.22858059746237,0.586884263630336,0.7892354253411351,-0.20235116171079914,90,0.05797897565886956
3323.349258868835,134.3192741393338,0.586901815403358,0.7974610322125095,-0.21055921680915157,90,0.05797897565886956
3323.349258868835,146.40814101602186,0.5874924534354612,0.8049642682399105,-0.21747181480444933,90,0.05797897565886956
3323.349258868835,159.58501781011546,0.5877816466138903,0.8117818235468328,-0.2240001769329425,90,0.05797897565886956
3323.349258868835,173.9478264850578,0.5880125080319625,0.8179487324230309,-0.22993622439106842,90,0.05797897565886956
3323.349258868835,189.6033020773824,0.5875129566087507,0.8234980289800424,-0.23598507237129174,90,0.05797897565886956
3323.349258868835,206.6677858819652,0.5875159212598462,0.8284604884958169,-0.24094456723597069,90,0.05797897565886956
3323.349258868835,225.26809002472953,0.5875159212598462,0.8328644399783599,-0.2453485187185137,90,0.05797897565886956
3323.349258868835,245.54243984774803,0.5875159212598462,0.8367356364709911,-0.24921971521114494,90,0.05797897565886956
3323.349258868835,267.64150110992745,0.5875159212598462,0.8400971709070703,-0.25258124964722406,90,0.05797897565886956
3323.349258868835,291.72949963677064,0.5875159212598462,0.8429694267513631,-0.2554535054915169,90,0.05797897565886956
3323.349258868835,317.9854417397141,0.5875159212598462,0.8453700541309549,-0.2578541328711087,90,0.05797897565886956
3323.349258868835,346.6044444744125,0.5875159212598462,0.8473139635880428,-0.2597980423281966,90,0.05797897565886956
3323.349258868835,377.7991856235726,0.5875159212598462,0.8488133309357384,-0.2612974096758922,90,0.05797897565886956
3323.349258868835,411.801484179675,0.5875159212598462,0.8498776079440655,-0.26236168668421933,90,0.05797897565886956
3323.349258868835,448.86402307269043,0.5875159212598462,0.8505135347212885,-0.26299761346144235,90,0.05797897565886956
3323.349258868835,489.26222694499216,0.5875159212598462,0.850725150692353,-0.2632092294325068,90,0.05797897565886956
3323.349258868835,533.2963089278549,0.5875159212598462,0.8505138020269013,-0.2629978807670551,90,0.05797897565886956
3323.349258868835,581.2935016298517,0.5875159212598462,0.8498781442551024,-0.26236222299525624,90,0.05797897565886956
3323.349258868835,633.6104889164096,0.5875159212598462,0.8488141396550819,-0.2612982183952357,90,0.05797897565886956
3323.349258868835,690.6360565519087,0.5875159212598462,0.8473150498276372,-0.25979912856779097,90,0.05797897565886956
3323.349258868835,752.7939814021893,0.5875159212598462,0.8453714247194574,-0.25785550345961117,90,0.05797897565886956
3323.349258868835,820.546180668118,0.5875159212598462,0.8429710902418085,-0.2554551689819623,90,0.05797897565886956
3323.349258868835,894.3961445532864,0.5875159212598462,0.8400991375822726,-0.2525832163224264,90,0.05797897565886956
3323.349258868835,974.8926778751674,0.5875159212598462,0.8367379183437268,-0.2492219970838806,90,0.05797897565886956
3323.349258868835,1062.6339784249726,0.5875159212598462,0.8328670507826132,-0.24535112952276705,90,0.05797897565886956
3323.349258868835,1158.2720823838974,0.5875159212598462,0.828463443664561,-0.24094752240471484,90,0.05797897565886956
3323.349258868835,1262.5177098312156,0.5875159212598462,0.823501345604138,-0.23598542434429182,90,0.05797897565886956
3323.349258868835,1376.1455463528653,0.5875159212598462,0.8179524291849102,-0.23043650792506398,90,0.05797897565886956
3323.349258868835,1500.0,0.5875159212598462,0.8117859206217088,-0.22426999936186265,90,0.05797897565886956
3371.145372761329,0.7,0.04916583739868727,0.0003680031398546642,0.048797834258832606,90,0.056666826306388085
3371.145372761329,0.7630006889770977,0.04916583739868727,0.00048378180129830757,0.04868205559738896,90,0.056666826306388085
3371.145372761329,0.8316715019707511,0.04916583739868727,0.0006336287899028943,0.04853220860878437,90,0.056666826306388085
3371.145372761329,0.9065227557232869,0.04916583739868727,0.0008267935182881954,0.04833904388039907,90,0.056666826306388085
3371.145372761329,0.9881106959861216,0.04916583739868727,0.0010747880678112437,0.048091049330876025,90,0.056666826306388085
3371.145372761329,1.0770416311757862,0.04916583739868727,0.0013918611476327562,0.04777397625105451,90,0.056666826306388085
3371.145372761329,1.1739764380630602,0.04916583739868727,0.0017955447005730436,0.04737029269811423,90,0.056666826306388085
3371.145372761329,1.2796354729785626,0.04916583739868727,0.0023072742669137656,0.0468585631317735,90,0.056666826306388085
3371.145372761329,1.3948039250316824,0.04916583739868727,0.0029530792835691334,0.04621275811511814,90,0.056666826306388085
3371.145372761329,1.520337651124477,0.04916583739868727,0.003764332166053583,0.045401505232633685,90,0.056666826306388085
3371.145372761329,1.657169536122569,0.04916583739868727,0.0047785347138225315,0.04438730268486474,90,0.056666826306388085
3371.145372761329,1.8063164254476822,0.04916583739868727,0.006040106613060137,0.043125730785627134,90,0.056666826306388085
3371.145372761329,1.9688866816103285,0.04916583739868727,0.007601123401205951,0.041564713997481316,90,0.056666826306388085
3371.145372761329,2.1460884208378745,0.04916583739868727,0.009521930629093569,0.0396439067695937,90,0.056666826306388085
3371.145372761329,2.339238491007243,0.04916583739868727,0.011871538558949901,0.037294298839737366,90,0.056666826306388085
3371.145372761329,2.5497722576003894,0.04916583739868727,0.014727680516353345,0.034438156882333926,90,0.056666826306388085
3371.145372761329,2.7792542704054104,0.04916583739868727,0.01817640280357434,0.030989434595112927,90,0.056666826306388085
3371.145372761329,3.0293898902312417,0.04916583739868727,0.022311051642274253,0.026854785756413015,90,0.056666826306388085
3371.145372761329,3.3020379620381313,0.04920503054249997,0.027230540972329104,0.02197448957017087,90,0.056666826306388085
3371.145372761329,3.599224628662322,0.049496525322869134,0.033036831644852604,0.01645969367801653,90,0.056666826306388085
3371.145372761329,3.9231583877895577,0.051783759964936824,0.03983163175487974,0.011952128210057082,90,0.056666826306388085
3371.145372761329,4.276246504071018,0.05314268910218891,0.04771243659910428,0.005430252503084633,90,0.056666826306388085
3371.145372761329,4.661112898345847,0.05314268910218891,0.056768151747669957,-0.0036254626454810465,90,0.056666826306388085
3371.145372761329,5.080617646911311,0.059177487361755855,0.06707465965096017,-0.007897172289204314,90,0.056666826306388085
3371.145372761329,5.537878235746474,0.06281571729954333,0.07869076721249284,-0.01587504991294951,90,0.056666826306388085
3371.145372761329,6.036292727636905,0.07683326120558462,0.09165497792897581,-0.014821716723391193,90,0.056666826306388085
3371.145372761329,6.579565014363433,0.08034492223014678,0.10598344909803573,-0.02563852686788895,90,0.056666826306388085
3371.145372761329,7.1717323416127225,0.08136011385737683,0.12166932674904202,-0.04030921289166518,90,0.056666826306388085
3371.145372761329,7.817195311156917,0.08229936469224859,0.1386834300430972,-0.0563840653508486,90,0.056666826306388085
3371.145372761329,8.520750583258952,0.08519482020794003,0.15697603599924898,-0.07178121579130894,90,0.056666826306388085
3371.145372761329,9.287626522326553,0.11917450315796582,0.17647935352788835,-0.05730485036992253,90,0.056666826306388085
3371.145372761329,10.123522050710184,0.18219639823239728,0.19711021753117206,-0.014913819298774778,90,0.056666826306388085
3371.145372761329,11.03464899938101,0.19229157338203912,0.21877259278458816,-0.026481019402549044,90,0.056666826306388085
3371.145372761329,12.027778270211655,0.2293305620625005,0.24135963031009747,-0.012029068247596975,90,0.056666826306388085
3371.145372761329,13.110290152907504,0.2332189364854631,0.2647552149184631,-0.031536278433,90,0.056666826306388085
3371.145372761329,14.290229170511559,0.23425014563663651,0.288835121732414,-0.05458497609577748,90,0.056666826306388085
3371.145372761329,15.576363861058477,0.2388272916643201,0.3134680142817031,-0.07464072261738303,90,0.056666826306388085
3371.145372761329,16.978251939636557,0.2535417092965697,0.3385165458915649,-0.08497483659499516,90,0.056666826306388085
3371.145372761329,18.50631132509919,0.4038661039483243,0.36383877679510424,0.04002732715322005,90,0.056666826306388085
3371.145372761329,20.17189755925049,0.41685840660806694,0.38929001937813223,0.02756838722993471,90,0.056666826306388085
3371.145372761329,21.98738819383367,0.4177670830286644,0.41472510832585135,0.003041974702813033,90,0.056666826306388085
3371.145372761329,23.966274772431408,0.4354482605383846,0.44000099173347884,-0.004552731195094251,90,0.056666826306388085
3371.145372761329,26.123263090828015,0.44405976948660975,0.46497947238985937,-0.020919702903249626,90,0.056666826306388085
3371.145372761329,28.474382480902506,0.5014083626153146,0.4895299013861228,0.011878461229191839,90,0.056666826306388085
3371.145372761329,31.037104930180035,0.5358869424108317,0.5135316346857998,0.022355307725031914,90,0.056666826306388085
3371.145372761329,33.83047492225976,0.5624844190306065,0.5368760973643527,0.02560832166625382,90,0.056666826306388085
3371.145372761329,36.875250963009485,0.5718215921172003,0.5594683484174519,0.01235324369974844,90,0.056666826306388085
3371.145372761329,40.194059844256586,0.5740020628289475,0.5812280911937141,-0.007226028364766601,90,0.056666826306388085
3371.145372761329,43.81156479136355,0.5748655233173249,0.6020901231112992,-0.02722459979397429,90,0.056666826306388085
3371.145372761329,47.75464874425019,0.5766254019954263,0.6220042586923185,-0.04537885669689212,90,0.056666826306388085
3371.145372761329,52.05261413388882,0.5769304372467241,0.6409347898550999,-0.06400435260837578,90,0.056666826306388085
3371.145372761329,56.737400638880295,0.5791296119767262,0.6588595664291279,-0.07972995445240172,90,0.056666826306388085
3371.145372761329,61.8438225403361,0.5818146283897477,0.6757687888240594,-0.0939541604343117,90,0.056666826306388085
3371.145372761329,67.40982743893404,0.5820253553510664,0.6916636052639611,-0.10963824991289473,90,0.056666826306388085
3371.145372761329,73.47677825676274,0.5820253553510664,0.7065545999324234,-0.12452924458135706,90,0.056666826306388085
3371.145372761329,80.08976061961063,0.5820277301032841,0.7204602477897328,-0.1384325176864487,90,0.056666826306388085
3371.145372761329,87.29791790396244,0.5823128418878623,0.7334053986212403,-0.15109255673337807,90,0.056666826306388085
3371.145372761329,95.15481643855642,0.5831017268444685,0.7454198386915676,-0.1623181118470991,90,0.056666826306388085
3371.145372761329,103.71884357443969,0.5834485902781562,0.756536964501168,-0.17308837422301182,90,0.056666826306388085
3371.145372761329,113.05364158172193,0.5850374438202144,0.7667925904879204,-0.18175514666770598,90,0.056666826306388085
3371.145372761329,123.22858059746237,0.5850374438202144,0.7762239016525849,-0.19118645783237054,90,0.056666826306388085
3371.145372761329,134.3192741393338,0.5850596580803692,0.7848685532763934,-0.19980889519602418,90,0.056666826306388085
3371.145372761329,146.40814101602186,0.5856865879419604,0.7927639131679656,-0.2070773252260052,90,0.056666826306388085
3371.145372761329,159.58501781011546,0.5859869393368113,0.7999464370842082,-0.21395949774739687,90,0.056666826306388085
3371.145372761329,173.9478264850578,0.5862392536244068,0.8064511648718897,-0.22021191124748296,90,0.056666826306388085
3371.145372761329,189.6033020773824,0.585739702201195,0.8123113231799515,-0.2265716209787565,90,0.056666826306388085
3371.145372761329,206.6677858819652,0.585745308588708,0.8175580199953529,-0.23181271140664494,90,0.056666826306388085
3371.145372761329,225.26809002472953,0.585745308588708,0.822220016474108,-0.23647470788540004,90,0.056666826306388085
3371.145372761329,245.54243984774803,0.585745308588708,0.8263235623263577,-0.24057825373764974,90,0.056666826306388085
3371.145372761329,267.64150110992745,0.585745308588708,0.8298922821646535,-0.2441469735759455,90,0.056666826306388085
3371.145372761329,291.72949963677064,0.585745308588708,0.832947101577113,-0.24720179298840506,90,0.056666826306388085
3371.145372761329,317.9854417397141,0.585745308588708,0.8355062031217995,-0.24976089453309147,90,0.056666826306388085
3371.145372761329,346.6044444744125,0.585745308588708,0.8375850038717385,-0.2518396952830305,90,0.056666826306388085
3371.145372761329,377.7991856235726,0.585745308588708,0.8391961475175899,-0.25345083892888187,90,0.056666826306388085
3371.145372761329,411.801484179675,0.585745308588708,0.840349505327202,-0.254604196738494,90,0.056666826306388085
3371.145372761329,448.86402307269043,0.585745308588708,0.8410521814566957,-0.2553068728679877,90,0.056666826306388085
3371.145372761329,489.26222694499216,0.585745308588708,0.8413085192085391,-0.2555632106198311,90,0.056666826306388085
3371.145372761329,533.2963089278549,0.585745308588708,0.8411201058503249,-0.25537479726161694,90,0.056666826306388085
3371.145372761329,581.2935016298517,0.585745308588708,0.840485774562451,-0.254740465973743,90,0.056666826306388085
3371.145372761329,633.6104889164096,0.585745308588708,0.8394016029966545,-0.25365629440794646,90,0.056666826306388085
3371.145372761329,690.6360565519087,0.585745308588708,0.837860908825951,-0.252115600237243,90,0.056666826306388085
3371.145372761329,752.7939814021893,0.585745308588708,0.8358542435762799,-0.2501089349875719,90,0.056666826306388085
3371.145372761329,820.546180668118,0.585745308588708,0.8333693869768524,-0.24762407838814438,90,0.056666826306388085
3371.145372761329,894.3961445532864,0.585745308588708,0.8303913450733683,-0.24464603648466032,90,0.056666826306388085
3371.145372761329,974.8926778751674,0.585745308588708,0.8269023564355114,-0.24115704784680336,90,0.056666826306388085
3371.145372761329,1062.6339784249726,0.585745308588708,0.8228819119706631,-0.23713660338195508,90,0.056666826306388085
3371.145372761329,1158.2720823838974,0.585745308588708,0.818306795133586,-0.23256148654487796,90,0.056666826306388085
3371.145372761329,1262.5177098312156,0.585745308588708,0.8131511506877906,-0.22740584209908266,90,0.056666826306388085
3371.145372761329,1376.1455463528653,0.585745308588708,0.8073865916017269,-0.22164128301301889,90,0.056666826306388085
3371.145372761329,1500.0,0.585745308588708,0.8009823551019821,-0.21523704651327413,90,0.056666826306388085
3419.6288861190246,0.7,0.04025348860828327,0.00032735668629160764,0.03992613192199166,90,0.05819778042041923
3419.6288861190246,0.7630006889770977,0.04025348860828327,0.00043047704770199304,0.039823011560581274,90,0.05819778042041923
3419.6288861190246,0.8316715019707511,0.04025348860828327,0.0005639873936359843,0.03968950121464728,90,0.05819778042041923
3419.6288861190246,0.9065227557232869,0.04025348860828327,0.000736155707214471,0.0395173329010688,90,0.05819778042041923
3419.6288861190246,0.9881106959861216,0.04025348860828327,0.0009572794943869842,0.03929620911389629,90,0.05819778042041923
3419.6288861190246,1.0770416311757862,0.04025348860828327,0.001240114039719944,0.039013374568563325,90,0.05819778042041923
3419.6288861190246,1.1739764380630602,0.04025348860828327,0.0016003679009946204,0.03865312070728865,90,0.05819778042041923
3419.6288861190246,1.2796354729785626,0.04025348860828327,0.0020572676564011416,0.038196220951882125,90,0.05819778042041923
3419.6288861190246,1.3948039250316824,0.04025348860828327,0.0026341899048215483,0.03761929870346172,90,0.05819778042041923
3419.6288861190246,1.520337651124477,0.04025348860828327,0.0033593524802653326,0.03689413612801794,90,0.05819778042041923
3419.6288861190246,1.657169536122569,0.04025348860828327,0.004266548261817119,0.03598694034646615,90,0.05819778042041923
3419.6288861190246,1.8063164254476822,0.04025348860828327,0.00539589338864629,0.03485759521963698,90,0.05819778042041923
3419.6288861190246,1.9688866816103285,0.04025348860828327,0.006794546895282294,0.03345894171300098,90,0.05819778042041923
3419.6288861190246,2.1460884208378745,0.04025348860828327,0.0085173410044723,0.031736147603810966,90,0.05819778042041923
3419.6288861190246,2.339238491007243,0.04025348860828327,0.010627241601951817,0.02962624700633145,90,0.05819778042041923
3419.6288861190246,2.5497722576003894,0.04025348860828327,0.01319553902331777,0.027057949584965497,90,0.05819778042041923
3419.6288861190246,2.7792542704054104,0.04025348860828327,0.016301654014183133,0.023951834594100135,90,0.05819778042041923
3419.6288861190246,3.0293898902312417,0.04025348860828327,0.020032438037085844,0.020221050571197424,90,0.05819778042041923
3419.6288861190246,3.3020379620381313,0.04029268175209598,0.02448085765760075,0.01581182409449523,90,0.05819778042041923
3419.6288861190246,3.599224628662322,0.04057155712016824,0.029743986142659037,0.0108275709775092,90,0.05819778042041923
3419.6288861190246,3.9231583877895577,0.04249561373348853,0.03592028591700861,0.006575327816479917,90,0.05819778042041923
3419.6288861190246,4.276246504071018,0.043831316308943324,0.04310625215186875,0.0007250641570745731,90,0.05819778042041923
3419.6288861190246,4.661112898345847,0.043831316308943324,0.05139259150596931,-0.007561275197025985,90,0.05819778042041923
3419.6288861190246,5.080617646911311,0.04875396677250791,0.06086021283688922,-0.012106246064381314,90,0.05819778042041923
3419.6288861190246,5.537878235746474,0.05056029072904547,0.07157638349793037,-0.0210160927688849,90,0.05819778042041923
3419.6288861190246,6.036292727636905,0.05888165945384581,0.08359142949661141,-0.024709770042765603,90,0.05819778042041923
3419.6288861190246,6.579565014363433,0.06174501520392107,0.09693631185812529,-0.03519129665420422,90,0.05819778042041923
3419.6288861190246,7.1717323416127225,0.062270132166305454,0.11162129310088269,-0.04935116093457723,90,0.05819778042041923
3419.6288861190246,7.817195311156917,0.0625231403088742,0.12763573656999228,-0.06511259626111808,90,0.05819778042041923
3419.6288861190246,8.520750583258952,0.06462719596727445,0.14494889695241384,-0.08032170098513938,90,0.05819778042041923
3419.6288861190246,9.287626522326553,0.09721527213426774,0.16351141143707693,-0.06629613930280918,90,0.05819778042041923
3419.6288861190246,10.123522050710184,0.1587230364468993,0.18325712969263427,-0.024534093245734967,90,0.05819778042041923
3419.6288861190246,11.03464899938101,0.1687297135672517,0.2041049463900701,-0.0353752328228184,90,0.05819778042041923
3419.6288861190246,12.027778270211655,0.2058513752669124,0.22596041063688832,-0.02010903536997591,90,0.05819778042041923
3419.6288861190246,13.110290152907504,0.20970158370717246,0.24871704354115043,-0.03901545983397797,90,0.05819778042041923
3419.6288861190246,14.290229170511559,0.21070549179766,0.2722574470688731,-0.06155195527121313,90,0.05819778042041923
3419.6288861190246,15.576363861058477,0.21527274785542416,0.2964543899823039,-0.08118164212687973,90,0.05819778042041923
3419.6288861190246,16.978251939636557,0.2300039874508616,0.32117208669989905,-0.09116809924903746,90,0.05819778042041923
3419.6288861190246,18.50631132509919,0.3811155546499014,0.34626784476306605,0.03484770988683533,90,0.05819778042041923
3419.6288861190246,20.17189755925049,0.39477244392892635,0.3715941685743629,0.02317827535456346,90,0.05819778042041923
3419.6288861190246,21.98738819383367,0.3957213548485594,0.3970013021979257,-0.0012799473493662616,90,0.05819778042041923
3419.6288861190246,23.966274772431408,0.41388735945133887,0.4223401006594854,-0.008452741208146541,90,0.05819778042041923
3419.6288861190246,26.123263090828015,0.42370515995335906,0.4474650558657191,-0.02375989591236005,90,0.05819778042041923
3419.6288861190246,28.474382480902506,0.48644473044316894,0.4722372766845678,0.014207453758601163,90,0.05819778042041923
3419.6288861190246,31.037104930180035,0.5251043386407953,0.4965272299005856,0.02857710874020969,90,0.05819778042041923
3419.6288861190246,33.83047492225976,0.5543436664539749,0.5202170809828787,0.03412658547109626,90,0.05819778042041923
3419.6288861190246,36.875250963009485,0.5644289755112095,0.5432025203576962,0.02122645515351329,90,0.05819778042041923
3419.6288861190246,40.194059844256586,0.567479141665301,0.565394012543599,0.0020851291217020007,90,0.05819778042041923
3419.6288861190246,43.81156479136355,0.5683464302833453,0.5867174547149391,-0.018371024431593774,90,0.05819778042041923
3419.6288861190246,47.75464874425019,0.5701223567885676,0.6071142731885065,-0.03699191639993893,90,0.05819778042041923
3419.6288861190246,52.05261413388882,0.5704291612438104,0.6265410184206883,-0.056111857176877944,90,0.05819778042041923
3419.6288861190246,56.737400638880295,0.5726746544290952,0.6449685405643996,-0.07229388613530441,90,0.05819778042041923
3419.6288861190246,61.8438225403361,0.5755196051796255,0.6623808389346695,-0.08686123375504395,90,0.05819778042041923
3419.6288861190246,67.40982743893404,0.5757310912723246,0.6787736811688826,-0.10304258989655801,90,0.05819778042041923
3419.6288861190246,73.47677825676274,0.5757310912723246,0.6941530832215262,-0.11842199194920167,90,0.05819778042041923
3419.6288861190246,80.08976061961063,0.5757336852502137,0.7085337315752847,-0.13280004632507092,90,0.05819778042041923
3419.6288861190246,87.29791790396244,0.5760443449992306,0.721937416115609,-0.1458930711163784,90,0.05819778042041923
3419.6288861190246,95.15481643855642,0.5768627763263416,0.7343915277328932,-0.15752875140655154,90,0.05819778042041923
3419.6288861190246,103.71884357443969,0.5772096397600293,0.7459276602975687,-0.16871802053753948,90,0.05819778042041923
3419.6288861190246,113.05364158172193,0.5788647009024711,0.7565803432453497,-0.17771564234287862,90,0.05819778042041923
3419.6288861190246,123.22858059746237,0.5788647009024711,0.7663859192940409,-0.18752121839156977,90,0.05819778042041923
3419.6288861190246,134.3192741393338,0.5788886610248182,0.7753815721459568,-0.19649291112113865,90,0.05819778042041923
3419.6288861190246,146.40814101602186,0.5795267889263159,0.7836045015035159,-0.20407771257719998,90,0.05819778042041923
3419.6288861190246,159.58501781011546,0.5798335870174177,0.7910912372399013,-0.21125765022248355,90,0.05819778042041923
3419.6288861190246,173.9478264850578,0.5800953235767793,0.797877080897233,-0.21778175732045368,90,0.05819778042041923
3419.6288861190246,189.6033020773824,0.5795957721535675,0.8039956605414184,-0.22439988838785085,90,0.05819778042041923
3419.6288861190246,206.6677858819652,0.5796018664447143,0.8094785840757868,-0.22987671763107242,90,0.05819778042041923
3419.6288861190246,225.26809002472953,0.5796018664447143,0.8143551761072733,-0.23475330966255892,90,0.05819778042041923
3419.6288861190246,245.54243984774803,0.5796018664447143,0.8186522841040466,-0.23905041765933221,90,0.05819778042041923
3419.6288861190246,267.64150110992745,0.5796018664447143,0.8223941406593775,-0.2427922742146632,90,0.05819778042041923
3419.6288861190246,291.72949963677064,0.5796018664447143,0.8256022700057164,-0.24600040356100206,90,0.05819778042041923
3419.6288861190246,317.9854417397141,0.5796018664447143,0.8282954283712836,-0.24869356192656922,90,0.05819778042041923
3419.6288861190246,346.6044444744125,0.5796018664447143,0.8304895692434259,-0.25088770279871153,90,0.05819778042041923
3419.6288861190246,377.7991856235726,0.5796018664447143,0.8321978260355032,-0.25259595959078884,90,0.05819778042041923
3419.6288861190246,411.801484179675,0.5796018664447143,0.8334305060104118,-0.25382863956569746,90,0.05819778042041923
3419.6288861190246,448.86402307269043,0.5796018664447143,0.8341950905776647,-0.2545932241329504,90,0.05819778042041923
3419.6288861190246,489.26222694499216,0.5796018664447143,0.8344962382512249,-0.25489437180651053,90,0.05819778042041923
3419.6288861190246,533.2963089278549,0.5796018664447143,0.8343357876420646,-0.2547339211973503,90,0.05819778042041923
3419.6288861190246,581.2935016298517,0.5796018664447143,0.8337127588804596,-0.25411089243574525,90,0.05819778042041923
3419.6288861190246,633.6104889164096,0.5796018664447143,0.8326233528410522,-0.2530214863963378,90,0.05819778042041923
3419.6288861190246,690.6360565519087,0.5796018664447143,0.831060948504362,-0.2514590820596476,90,0.05819778042041923
3419.6288861190246,752.7939814021893,0.5796018664447143,0.8290160997583449,-0.24941423331363055,90,0.05819778042041923
3419.6288861190246,820.546180668118,0.5796018664447143,0.8264765339489698,-0.24687466750425546,90,0.05819778042041923
3419.6288861190246,894.3961445532864,0.5796018664447143,0.8234271555533603,-0.24382528910864598,90,0.05819778042041923
3419.6288861190246,974.8926778751674,0.5796018664447143,0.8198500594924184,-0.24024819304770406,90,0.05819778042041923
3419.6288861190246,1062.6339784249726,0.5796018664447143,0.8157245598346748,-0.2361226933899605,90,0.05819778042041923
3419.6288861190246,1158.2720823838974,0.5796018664447143,0.8110272409722068,-0.23142537452749246,90,0.05819778042041923
3419.6288861190246,1262.5177098312156,0.5796018664447143,0.8057320397616102,-0.2261301733168959,90,0.05819778042041923
3419.6288861190246,1376.1455463528653,0.5796018664447143,0.7998103685882899,-0.22020850214357557,90,0.05819778042041923
3419.6288861190246,1500.0,0.5796018664447143,0.7932312907763609,-0.21362942433164656,90,0.05819778042041923
3468.8096850599823,0.7,0.03618496215243068,0.00026361916637164464,0.035921342986059035,90,0.05232937480857336
3468.8096850599823,0.7630006889770977,0.03618496215243068,0.00034678184652753925,0.03583818030590314,90,0.05232937480857336
3468.8096850599823,0.8316715019707511,0.03618496215243068,0.00045450159419900164,0.03573046055823168,90,0.05232937480857336
3468.8096850599823,0.9065227557232869,0.03618496215243068,0.0005934810712348754,0.03559148108119581,90,0.05232937480857336
3468.8096850599823,0.9881106959861216,0.03618496215243068,0.0007720788596811925,0.03541288329274949,90,0.05232937480857336
3468.8096850599823,1.0770416311757862,0.03618496215243068,0.0010006645594001233,0.03518429759303056,90,0.05232937480857336
3468.8096850599823,1.1739764380630602,0.03618496215243068,0.0012920328375857716,0.03489292931484491,90,0.05232937480857336
3468.8096850599823,1.2796354729785626,0.03618496215243068,0.0016618802158986058,0.03452308193653207,90,0.05232937480857336
3468.8096850599823,1.3948039250316824,0.03618496215243068,0.0021293460120865833,0.034055616140344094,90,0.05232937480857336
3468.8096850599823,1.520337651124477,0.03618496215243068,0.002717615101059154,0.03346734705137153,90,0.05232937480857336
3468.8096850599823,1.657169536122569,0.03618496215243068,0.003454574608827273,0.032730387543603405,90,0.05232937480857336
3468.8096850599823,1.8063164254476822,0.03618496215243068,0.004373508866647046,0.031811453285783636,90,0.05232937480857336
3468.8096850599823,1.9688866816103285,0.03618496215243068,0.005513806554555182,0.030671155597875498,90,0.05232937480857336
3468.8096850599823,2.1460884208378745,0.03618496215243068,0.006921640765705002,0.029263321386725678,90,0.05232937480857336
3468.8096850599823,2.339238491007243,0.03618496215243068,0.008650566933922235,0.027534395218508444,90,0.05232937480857336
3468.8096850599823,2.5497722576003894,0.03618496215243068,0.010761966074940729,0.025422996077489952,90,0.05232937480857336
3468.8096850599823,2.7792542704054104,0.03618496215243068,0.013325243501757005,0.022859718650673676,90,0.05232937480857336
3468.8096850599823,3.0293898902312417,0.03618496215243068,0.016417679318476073,0.019767282833954607,90,0.05232937480857336
3468.8096850599823,3.3020379620381313,0.03622415529624339,0.020123821258642864,0.016100334037600528,90,0.05232937480857336
3468.8096850599823,3.599224628662322,0.03648336877433611,0.024534318641412825,0.011949050132923286,90,0.05232937480857336
3468.8096850599823,3.9231583877895577,0.038332223313560385,0.029744124317524403,0.008588098996035982,90,0.05232937480857336
3468.8096850599823,4.276246504071018,0.039637969354608116,0.03585004359078163,0.0037879257638264857,90,0.05232937480857336
3468.8096850599823,4.661112898345847,0.039637969354608116,0.04294768481892102,-0.0033097154643129054,90,0.05232937480857336
3468.8096850599823,5.080617646911311,0.044376148534897436,0.05112795802105092,-0.006751809486153483,90,0.05232937480857336
3468.8096850599823,5.537878235746474,0.04545993071178942,0.060473358981821226,-0.015013428270031805,90,0.05232937480857336
3468.8096850599823,6.036292727636905,0.05328339513286018,0.07105434374937233,-0.017770948616512156,90,0.05232937480857336
3468.8096850599823,6.579565014363433,0.05608307593387841,0.08292611778992559,-0.026843041856047183,90,0.05232937480857336
3468.8096850599823,7.1717323416127225,0.05657359600306143,0.09612611943912983,-0.039552523436068396,90,0.05232937480857336
3468.8096850599823,7.817195311156917,0.05680047651340496,0.11067237037009402,-0.05387189385668906,90,0.05232937480857336
3468.8096850599823,8.520750583258952,0.058765556492219574,0.12656272010850722,-0.06779716361628765,90,0.05232937480857336
3468.8096850599823,9.287626522326553,0.08837051958214362,0.14377486760713615,-0.05540434802499253,90,0.05232937480857336
3468.8096850599823,10.123522050710184,0.1478850305586325,0.16226694402210168,-0.014381913463469176,90,0.05232937480857336
3468.8096850599823,11.03464899938101,0.1578119458622762,0.1819784162900666,-0.02416647042779041,90,0.05232937480857336
3468.8096850599823,12.027778270211655,0.19326309851730128,0.20283112340187698,-0.009568024884575699,90,0.05232937480857336
3468.8096850599823,13.110290152907504,0.1970681910557285,0.22473036134864896,-0.02766217029292045,90,0.05232937480857336
3468.8096850599823,14.290229170511559,0.19803795996107493,0.24756604702530943,-0.049528087064234505,90,0.05232937480857336
3468.8096850599823,15.576363861058477,0.2025958986137332,0.27121407511590173,-0.06861817650216853,90,0.05232937480857336
3468.8096850599823,16.978251939636557,0.21735357265508737,0.29553801010607506,-0.07818443745098769,90,0.05232937480857336
3468.8096850599823,18.50631132509919,0.36938619404833173,0.3203912252525293,0.04899496879580245,90,0.05232937480857336
3468.8096850599823,20.17189755925049,0.3832573539639665,0.3456195278093127,0.037637826154653775,90,0.05232937480857336
3468.8096850599823,21.98738819383367,0.3842560640185729,0.37106422092234603,0.01319184309622684,90,0.05232937480857336
3468.8096850599823,23.966274772431408,0.4027286855621018,0.3965654724823872,0.006163213079714569,90,0.05232937480857336
3468.8096850599823,26.123263090828015,0.41277809276660843,0.42196580709135056,-0.009187714324742136,90,0.05232937480857336
3468.8096850599823,28.474382480902506,0.4769868066951081,0.4471135160065822,0.0298732906885259,90,0.05232937480857336
3468.8096850599823,31.037104930180035,0.5166160035071138,0.47186578944152274,0.04475021406559104,90,0.05232937480857336
3468.8096850599823,33.83047492225976,0.5466434591348015,0.49609140839748456,0.050552050737316945,90,0.05232937480857336
3468.8096850599823,36.875250963009485,0.557116128591352,0.5196728798039687,0.037443248787383254,90,0.05232937480857336
3468.8096850599823,40.194059844256586,0.5602415872669847,0.5425079502736486,0.017733636993336077,90,0.05232937480857336
3468.8096850599823,43.81156479136355,0.561113953778874,0.5645104832663853,-0.003396529487511346,90,0.05232937480857336
3468.8096850599823,47.75464874425019,0.5629179973562578,0.5856107271991132,-0.02269272984285542,90,0.05232937480857336
3468.8096850599823,52.05261413388882,0.5632329757035207,0.605755035389381,-0.042522059685860314,90,0.05232937480857336
3468.8096850599823,56.737400638880295,0.5655448713550958,0.6249051216852399,-0.05936025033014414,90,0.05232937480857336
3468.8096850599823,61.8438225403361,0.568612187540796,0.6430369484471982,-0.07442476090640215,90,0.05232937480857336
3468.8096850599823,67.40982743893404,0.5688240286342175,0.6601393473000157,-0.09131531866579812,90,0.05232937480857336
3468.8096850599823,73.47677825676274,0.5688240286342175,0.6762124693936561,-0.10738844075943854,90,0.05232937480857336
3468.8096850599823,80.08976061961063,0.5688267303311375,0.6912661527001048,-0.12243942236896732,90,0.05232937480857336
3468.8096850599823,87.29791790396244,0.5691725288669836,0.7053182810552567,-0.13614575218827318,90,0.05232937480857336
3468.8096850599823,95.15481643855642,0.5700260868667697,0.718393195009716,-0.1483671081429463,90,0.05232937480857336
3468.8096850599823,103.71884357443969,0.5703729503004572,0.7305201995745438,-0.16014724927408663,90,0.05232937480857336
3468.8096850599823,113.05364158172193,0.5721221892741465,0.7417321997820356,-0.16961001050788915,90,0.05232937480857336
3468.8096850599823,123.22858059746237,0.5721221892741465,0.7520644824053538,-0.17994229313120735,90,0.05232937480857336
3468.8096850599823,134.3192741393338,0.5721509833988262,0.7615536516339909,-0.18940266823516472,90,0.05232937480857336
3468.8096850599823,146.40814101602186,0.5728031947045692,0.7702367181418877,-0.19743352343731846,90,0.05232937480857336
3468.8096850599823,159.58501781011546,0.5731183799104339,0.7781503347556873,-0.20503195484525338,90,0.05232937480857336
3468.8096850599823,173.9478264850578,0.5733905870180093,0.7853301676325485,-0.2119395806145392,90,0.05232937480857336
3468.8096850599823,189.6033020773824,0.5728910355947975,0.7918103892091665,-0.21891935361436898,90,0.05232937480857336
3468.8096850599823,206.6677858819652,0.5728973878469625,0.7976232778733043,-0.2247258900263418,90,0.05232937480857336
3468.8096850599823,225.26809002472953,0.5728973878469625,0.8027989090278618,-0.22990152118089924,90,0.05232937480857336
3468.8096850599823,245.54243984774803,0.5728973878469625,0.8073649226847106,-0.23446753483774807,90,0.05232937480857336
3468.8096850599823,267.64150110992745,0.5728973878469625,0.8113463537014189,-0.2384489658544564,90,0.05232937480857336
3468.8096850599823,291.72949963677064,0.5728973878469625,0.8147655120642909,-0.2418681242173284,90,0.05232937480857336
3468.8096850599823,317.9854417397141,0.5728973878469625,0.8176419020763969,-0.24474451422943433,90,0.05232937480857336
3468.8096850599823,346.6044444744125,0.5728973878469625,0.8199921708208279,-0.24709478297386533,90,0.05232937480857336
3468.8096850599823,377.7991856235726,0.5728973878469625,0.8218300777635001,-0.2489326899165376,90,0.05232937480857336
3468.8096850599823,411.801484179675,0.5728973878469625,0.8231664787914608,-0.25026909094449823,90,0.05232937480857336
3468.8096850599823,448.86402307269043,0.5728973878469625,0.82400931932929,-0.25111193148232747,90,0.05232937480857336
3468.8096850599823,489.26222694499216,0.5728973878469625,0.8243636324325689,-0.2514662445856064,90,0.05232937480857336
3468.8096850599823,533.2963089278549,0.5728973878469625,0.8242315389307756,-0.2513341510838131,90,0.05232937480857336
3468.8096850599823,581.2935016298517,0.5728973878469625,0.8236122477984933,-0.25071485995153076,90,0.05232937480857336
3468.8096850599823,633.6104889164096,0.5728973878469625,0.8225020559954754,-0.2496046681485129,90,0.05232937480857336
3468.8096850599823,690.6360565519087,0.5728973878469625,0.8208943480582702,-0.24799696021130768,90,0.05232937480857336
3468.8096850599823,752.7939814021893,0.5728973878469625,0.8187795967755932,-0.24588220892863066,90,0.05232937480857336
3468.8096850599823,820.546180668118,0.5728973878469625,0.8161453673626873,-0.24324797951572474,90,0.05232937480857336
3468.8096850599823,894.3961445532864,0.5728973878469625,0.8129763286903354,-0.2400789408433729,90,0.05232937480857336
3468.8096850599823,974.8926778751674,0.5728973878469625,0.8092542763411741,-0.23635688849421155,90,0.05232937480857336
3468.8096850599823,1062.6339784249726,0.5728973878469625,0.8049581735711575,-0.23206078572419497,90,0.05232937480857336
3468.8096850599823,1158.2720823838974,0.5728973878469625,0.8000642176484977,-0.22716682980153513,90,0.05232937480857336
3468.8096850599823,1262.5177098312156,0.5728973878469625,0.7945459405120464,-0.22164855266508388,90,0.05232937480857336
3468.8096850599823,1376.1455463528653,0.5728973878469625,0.7883743542019518,-0.21547696635498925,90,0.05232937480857336
3468.8096850599823,1500.0,0.5728973878469625,0.7815181530076063,-0.20862076516064376,90,0.05232937480857336
3518.6977978835303,0.7,0.026233862363098433,0.00020976137835149988,0.026024100984746935,90,0.04683234330361641
3518.6977978835303,0.7630006889770977,0.026233862363098433,0.0002760225462590541,0.02595783981683938,90,0.04683234330361641
3518.6977978835303,0.8316715019707511,0.026233862363098433,0.0003618838149215334,0.0258719785481769,90,0.04683234330361641
3518.6977978835303,0.9065227557232869,0.026233862363098433,0.00047270876104604017,0.025761153602052392,90,0.04683234330361641
3518.6977978835303,0.9881106959861216,0.026233862363098433,0.0006151923711745171,0.025618669991923915,90,0.04683234330361641
3518.6977978835303,1.0770416311757862,0.026233862363098433,0.0007976497364658305,0.025436212626632603,90,0.04683234330361641
3518.6977978835303,1.1739764380630602,0.026233862363098433,0.0010303544123327966,0.025203507950765636,90,0.04683234330361641
3518.6977978835303,1.2796354729785626,0.026233862363098433,0.0013259306831419257,0.02490793167995651,90,0.04683234330361641
3518.6977978835303,1.3948039250316824,0.026233862363098433,0.0016998025995429203,0.024534059763555514,90,0.04683234330361641
3518.6977978835303,1.520337651124477,0.026233862363098433,0.002170700360523765,0.02406316200257467,90,0.04683234330361641
3518.6977978835303,1.657169536122569,0.026233862363098433,0.002761221095784141,0.02347264126731429,90,0.04683234330361641
3518.6977978835303,1.8063164254476822,0.026233862363098433,0.003498436037733985,0.022735426325364447,90,0.04683234330361641
3518.6977978835303,1.9688866816103285,0.026233862363098433,0.004414529135390847,0.021819333227707585,90,0.04683234330361641
3518.6977978835303,2.1460884208378745,0.026233862363098433,0.005547443113132709,0.020686419249965726,90,0.04683234330361641
3518.6977978835303,2.339238491007243,0.026233862363098433,0.006941497770212257,0.019292364592886177,90,0.04683234330361641
3518.6977978835303,2.5497722576003894,0.026233862363098433,0.008647932271789083,0.01758593009130935,90,0.04683234330361641
3518.6977978835303,2.7792542704054104,0.026233862363098433,0.01072530919876792,0.015508553164330514,90,0.04683234330361641
3518.6977978835303,3.0293898902312417,0.026233862363098433,0.013239704909040957,0.012994157454057477,90,0.04683234330361641
3518.6977978835303,3.3020379620381313,0.026233862363098433,0.016264600992398816,0.009969261370699617,90,0.04683234330361641
3518.6977978835303,3.599224628662322,0.026467620121683084,0.019880388881983624,0.006587231239699461,90,0.04683234330361641
3518.6977978835303,3.9231583877895577,0.02776385227700866,0.024173408143721077,0.003590444133287584,90,0.04683234330361641
3518.6977978835303,4.276246504071018,0.02859268794838439,0.029234462307655026,-0.0006417743592706353,90,0.04683234330361641
3518.6977978835303,4.661112898345847,0.02859268794838439,0.03515679612218461,-0.006564108173800216,90,0.04683234330361641
3518.6977978835303,5.080617646911311,0.03086046385001477,0.04203357290517177,-0.011173109055156998,90,0.04683234330361641
3518.6977978835303,5.537878235746474,0.031772944296388085,0.04995495327201124,-0.018182008975623158,90,0.04683234330361641
3518.6977978835303,6.036292727636905,0.03677346955500549,0.05900493493556299,-0.0222314653805575,90,0.04683234330361641
3518.6977978835303,6.579565014363433,0.037671600876698665,0.06925815276438806,-0.03158655188768939,90,0.04683234330361641
3518.6977978835303,7.1717323416127225,0.03811980853691369,0.08077684608921709,-0.0426570375523034,90,0.04683234330361641
3518.6977978835303,7.817195311156917,0.03831401969618174,0.09360817130723481,-0.05529415161105307,90,0.04683234330361641
3518.6977978835303,8.520750583258952,0.03969698826739253,0.10778197891485233,-0.0680849906474598,90,0.04683234330361641
3518.6977978835303,9.287626522326553,0.06049084538773568,0.12330910341389456,-0.06281825802615888,90,0.04683234330361641
3518.6977978835303,10.123522050710184,0.1137137823484108,0.14018015572811737,-0.026466373379706573,90,0.04683234330361641
3518.6977978835303,11.03464899938101,0.12104143080284178,0.1583647801966641,-0.03732334939382233,90,0.04683234330361641
3518.6977978835303,12.027778270211655,0.15553112031918445,0.17781134812063362,-0.02228022780144917,90,0.04683234330361641
3518.6977978835303,13.110290152907504,0.158727084062478,0.1984470971921803,-0.039720013129702275,90,0.04683234330361641
3518.6977978835303,14.290229170511559,0.15946762933931372,0.22017876910238404,-0.060711139763070326,90,0.04683234330361641
3518.6977978835303,15.576363861058477,0.16364770481919153,0.24289382246716312,-0.0792461176479716,90,0.04683234330361641
3518.6977978835303,16.978251939636557,0.17750594712933146,0.2664622894546787,-0.08895634232534724,90,0.04683234330361641
3518.6977978835303,18.50631132509919,0.3300412340376237,0.2907393005111346,0.039301933526489086,90,0.04683234330361641
3518.6977978835303,20.17189755925049,0.34442285862826155,0.31556823363314485,0.028854624995116707,90,0.04683234330361641
3518.6977978835303,21.98738819383367,0.3466726704416924,0.3407843709900967,0.0058882994515957465,90,0.04683234330361641
3518.6977978835303,23.966274772431408,0.36548211184677626,0.36621888430142313,-0.0007367724546468724,90,0.04683234330361641
3518.6977978835303,26.123263090828015,0.3757504199434841,0.39170293337892564,-0.015952513435441518,90,0.04683234330361641
3518.6977978835303,28.474382480902506,0.44099146775348547,0.4170716539666831,0.023919813786802357,90,0.04683234330361641
3518.6977978835303,31.037104930180035,0.4834416619262747,0.4421678289142637,0.041273833012010985,90,0.04683234330361641
3518.6977978835303,33.83047492225976,0.5191322141492967,0.4668450740461085,0.05228714010318819,90,0.04683234330361641
3518.6977978835303,36.875250963009485,0.5318647381390487,0.49097041864755137,0.0408943194914973,90,0.04683234330361641
3518.6977978835303,40.194059844256586,0.5351222410885642,0.5144262126706413,0.02069602841792295,90,0.04683234330361641
3518.6977978835303,43.81156479136355,0.5360028096140109,0.5371113425859321,-0.00110853297192115,90,0.04683234330361641
3518.6977978835303,47.75464874425019,0.53804843902969,0.5589417811571109,-0.02089334212742089,90,0.04683234330361641
3518.6977978835303,52.05261413388882,0.5388862347712748,0.5798505308784602,-0.04096429610718533,90,0.04683234330361641
3518.6977978835303,56.737400638880295,0.541369215374924,0.5997870453547678,-0.058417829979843794,90,0.04683234330361641
3518.6977978835303,61.8438225403361,0.5460456199752246,0.6187162275504647,-0.07267060757524013,90,0.04683234330361641
3518.6977978835303,67.40982743893404,0.546260481406836,0.6366171094178014,-0.09035662801096533,90,0.04683234330361641
3518.6977978835303,73.47677825676274,0.546260481406836,0.6534813153196198,-0.10722083391278381,90,0.04683234330361641
3518.6977978835303,80.08976061961063,0.5462644550246953,0.6693114036106232,-0.1230469485859279,90,0.04683234330361641
3518.6977978835303,87.29791790396244,0.5466717228819681,0.6841191685718969,-0.13744744568992884,90,0.04683234330361641
3518.6977978835303,95.15481643855642,0.5483705842454658,0.6979239703781408,-0.149553386132675,90,0.04683234330361641
3518.6977978835303,103.71884357443969,0.5487174476791533,0.7107511454714678,-0.16203369779231447,90,0.04683234330361641
3518.6977978835303,113.05364158172193,0.5506093491645286,0.7226305348660695,-0.1720211857015409,90,0.04683234330361641
3518.6977978835303,123.22858059746237,0.5506093491645286,0.7335951544118028,-0.18298580524727415,90,0.04683234330361641
3518.6977978835303,134.3192741393338,0.5506436676488562,0.7436800194584683,-0.1930363518096121,90,0.04683234330361641
3518.6977978835303,146.40814101602186,0.5513321247407346,0.7529211269441931,-0.20158900220345854,90,0.04683234330361641
3518.6977978835303,159.58501781011546,0.5516623327716305,0.7613545907022963,-0.20969225793066582,90,0.04683234330361641
3518.6977978835303,173.9478264850578,0.5519566564465695,0.7690159205938858,-0.21705926414731624,90,0.04683234330361641
3518.6977978835303,189.6033020773824,0.5514571050233577,0.7759394326759641,-0.22448232765260645,90,0.04683234330361641
3518.6977978835303,206.6677858819652,0.5514663956610355,0.7821577757039658,-0.23069138004293033,90,0.04683234330361641
3518.6977978835303,225.26809002472953,0.5516163762517825,0.7877015585306131,-0.23608518227883057,90,0.04683234330361641
3518.6977978835303,245.54243984774803,0.5516163762517825,0.7925990631056941,-0.24098268685391155,90,0.04683234330361641
3518.6977978835303,267.64150110992745,0.5516163762517825,0.7968760285454496,-0.24525965229366709,90,0.04683234330361641
3518.6977978835303,291.72949963677064,0.5516163762517825,0.8005554929110614,-0.24893911665927893,90,0.04683234330361641
3518.6977978835303,317.9854417397141,0.5516163762517825,0.8036576807440307,-0.25204130449224815,90,0.04683234330361641
3518.6977978835303,346.6044444744125,0.5516163762517825,0.8061999259253668,-0.2545835496735843,90,0.04683234330361641
3518.6977978835303,377.7991856235726,0.5516163762517825,0.8081966209665297,-0.25658024471474716,90,0.04683234330361641
3518.6977978835303,411.801484179675,0.5516163762517825,0.8096591853455372,-0.25804280909375465,90,0.04683234330361641
3518.6977978835303,448.86402307269043,0.5516163762517825,0.8105960469395089,-0.2589796706877264,90,0.04683234330361641
3518.6977978835303,489.26222694499216,0.5516163762517825,0.8110126319627944,-0.2593962557110119,90,0.04683234330361641
3518.6977978835303,533.2963089278549,0.5516163762517825,0.8109113601000186,-0.2592949838482361,90,0.04683234330361641
3518.6977978835303,581.2935016298517,0.5516163762517825,0.8102916427386929,-0.2586752664869104,90,0.04683234330361641
3518.6977978835303,633.6104889164096,0.5516163762517825,0.8091498833763768,-0.25753350712459433,90,0.04683234330361641
3518.6977978835303,690.6360565519087,0.5516163762517825,0.8074794804268726,-0.25586310417509006,90,0.04683234330361641
3518.6977978835303,752.7939814021893,0.5516163762517825,0.8052708338045438,-0.2536544575527613,90,0.04683234330361641
3518.6977978835303,820.546180668118,0.5516163762517825,0.8025113578510988,-0.25089498159931634,90,0.04683234330361641
3518.6977978835303,894.3961445532864,0.5516163762517825,0.7991855044078134,-0.24756912815603094,90,0.04683234330361641
3518.6977978835303,974.8926778751674,0.5516163762517825,0.7952748011457461,-0.2436584248939636,90,0.04683234330361641
3518.6977978835303,1062.6339784249726,0.5516163762517825,0.7907579116560856,-0.23914153540430305,90,0.04683234330361641
3518.6977978835303,1158.2720823838974,0.5516163762517825,0.7856107252695547,-0.23399434901777216,90,0.04683234330361641
3518.6977978835303,1262.5177098312156,0.5516163762517825,0.7798064860982331,-0.2281901098464506,90,0.04683234330361641
3518.6977978835303,1376.1455463528653,0.5516163762517825,0.7733159723340858,-0.22169959608230327,90,0.04683234330361641
3518.6977978835303,1500.0,0.5516163762517825,0.7661077383267698,-0.2144913620749873,90,0.04683234330361641
3569.3033971151176,0.7,0.020710756757571305,0.0001536023005406614,0.020557154457030644,90,0.042140481084322
3569.3033971151176,0.7630006889770977,0.020710756757571305,0.00020219157321404587,0.020508565184357258,90,0.042140481084322
3569.3033971151176,0.8316715019707511,0.020710756757571305,0.0002651806462811997,0.020445576111290106,90,0.042140481084322
3569.3033971151176,0.9065227557232869,0.020710756757571305,0.0003465217502233814,0.020364235007347922,90,0.042140481084322
3569.3033971151176,0.9881106959861216,0.020710756757571305,0.0004511538336519591,0.020259602923919345,90,0.042140481084322
3569.3033971151176,1.0770416311757862,0.020710756757571305,0.0005852194950726755,0.02012553726249863,90,0.042140481084322
3569.3033971151176,1.1739764380630602,0.020710756757571305,0.0007563208938814282,0.019954435863689876,90,0.042140481084322
3569.3033971151176,1.2796354729785626,0.020710756757571305,0.000973818959289921,0.019736937798281385,90,0.042140481084322
3569.3033971151176,1.3948039250316824,0.020710756757571305,0.0012491797370593062,0.019461577020512,90,0.042140481084322
3569.3033971151176,1.520337651124477,0.020710756757571305,0.0015963707522933452,0.01911438600527796,90,0.042140481084322
3569.3033971151176,1.657169536122569,0.020710756757571305,0.002032308647976129,0.018678448109595177,90,0.042140481084322
3569.3033971151176,1.8063164254476822,0.020710756757571305,0.002577356877193339,0.018133399880377966,90,0.042140481084322
3569.3033971151176,1.9688866816103285,0.020710756757571305,0.003255868652460893,0.01745488810511041,90,0.042140481084322
3569.3033971151176,2.1460884208378745,0.020710756757571305,0.00409676545628476,0.016613991301286546,90,0.042140481084322
3569.3033971151176,2.339238491007243,0.020710756757571305,0.005134134997631615,0.01557662175993969,90,0.042140481084322
3569.3033971151176,2.5497722576003894,0.020710756757571305,0.0064078244641651355,0.014302932293406168,90,0.042140481084322
3569.3033971151176,2.7792542704054104,0.020710756757571305,0.007963995366721044,0.01274676139085026,90,0.042140481084322
3569.3033971151176,3.0293898902312417,0.020710756757571305,0.009855595607446338,0.010855161150124967,90,0.042140481084322
3569.3033971151176,3.3020379620381313,0.020710756757571305,0.012142693471930813,0.008568063285640491,90,0.042140481084322
3569.3033971151176,3.599224628662322,0.020914072639982156,0.014892608436312413,0.006021464203669743,90,0.042140481084322
3569.3033971151176,3.9231583877895577,0.022080660983684865,0.018179766940260297,0.003900894043424568,90,0.042140481084322
3569.3033971151176,4.276246504071018,0.02284972906430989,0.022085209965182696,0.0007645190991271943,90,0.042140481084322
3569.3033971151176,4.661112898345847,0.02284972906430989,0.02669568575905123,-0.0038459566947413384,90,0.042140481084322
3569.3033971151176,5.080617646911311,0.024788114628236612,0.03210227713838317,-0.0073141625101465595,90,0.042140481084322
3569.3033971151176,5.537878235746474,0.025480862066274635,0.03839853885879275,-0.012917676792518113,90,0.042140481084322
3569.3033971151176,6.036292727636905,0.029647760305420608,0.04567815493483454,-0.016030394629413934,90,0.042140481084322
3569.3033971151176,6.579565014363433,0.030442313169775026,0.05403216473148476,-0.023589851561709736,90,0.042140481084322
3569.3033971151176,7.1717323416127225,0.030836690645065955,0.06354584498728616,-0.0327091543422202,90,0.042140481084322
3569.3033971151176,7.817195311156917,0.03098840501314634,0.07429536769829975,-0.04330696268515341,90,0.042140481084322
3569.3033971151176,8.520750583258952,0.0321364348481337,0.08634437800552898,-0.05420794315739528,90,0.042140481084322
3569.3033971151176,9.287626522326553,0.046683384194851976,0.09974065185016431,-0.05305726765531234,90,0.042140481084322
3569.3033971151176,10.123522050710184,0.08948364265816228,0.11451300241127504,-0.025029359753112768,90,0.042140481084322
3569.3033971151176,11.03464899938101,0.0958510329980074,0.13066860940276473,-0.03481757640475733,90,0.042140481084322
3569.3033971151176,12.027778270211655,0.12167804947207152,0.14819094570343183,-0.026512896231360314,90,0.042140481084322
3569.3033971151176,13.110290152907504,0.124772852344893,0.1670384672739132,-0.04226561492902019,90,0.042140481084322
3569.3033971151176,14.290229170511559,0.12544656601789356,0.18714420837610082,-0.061697642358207266,90,0.042140481084322
3569.3033971151176,15.576363861058477,0.12956264204988602,0.20841637963141235,-0.07885373758152633,90,0.042140481084322
3569.3033971151176,16.978251939636557,0.14327708293103045,0.23074000140509565,-0.0874629184740652,90,0.042140481084322
3569.3033971151176,18.50631132509919,0.29425056056554205,0.25397952605557306,0.040271034509968995,90,0.042140481084322
3569.3033971151176,20.17189755925049,0.30933808469946417,0.2779823216468697,0.031355763052594465,90,0.042140481084322
3569.3033971151176,21.98738819383367,0.31165599409253486,0.30258282018506877,0.009073173907466092,90,0.042140481084322
3569.3033971151176,23.966274772431408,0.33085503293644164,0.3276070860698456,0.0032479468665960187,90,0.042140481084322
3569.3033971151176,26.123263090828015,0.34140251331922983,0.3528775406748509,-0.01147502735562106,90,0.042140481084322
3569.3033971151176,28.474382480902506,0.4078770034945077,0.37821758637832015,0.029659417116187525,90,0.042140481084322
3569.3033971151176,31.037104930180035,0.4510239862239149,0.40345590307252144,0.04756808315139344,90,0.042140481084322
3569.3033971151176,33.83047492225976,0.4893054564348814,0.4284302350195986,0.06087522141528279,90,0.042140481084322
3569.3033971151176,36.875250963009485,0.5028971075506897,0.4529905384775113,0.04990656907317842,90,0.042140481084322
3569.3033971151176,40.194059844256586,0.506286562621831,0.4770014144451186,0.029285148176712406,90,0.042140481084322
3569.3033971151176,43.81156479136355,0.5071887217055601,0.500343801413851,0.006844920291709022,90,0.042140481084322
3569.3033971151176,47.75464874425019,0.5092786299027761,0.5229159469774838,-0.013637317074707722,90,0.042140481084322
3569.3033971151176,52.05261413388882,0.5101334994543801,0.5446337126601067,-0.034500213205726604,90,0.042140481084322
3569.3033971151176,56.737400638880295,0.5127409457665016,0.5654302925154057,-0.05268934674890402,90,0.042140481084322
3569.3033971151176,61.8438225403361,0.5185636424302534,0.5852554428699195,-0.06669180043966605,90,0.042140481084322
3569.3033971151176,67.40982743893404,0.5187847962531656,0.6040743286143095,-0.0852895323611439,90,0.042140481084322
3569.3033971151176,73.47677825676274,0.5187847962531656,0.6218660917808241,-0.10308129552765843,90,0.042140481084322
3569.3033971151176,80.08976061961063,0.5187925230150665,0.6386222422300861,-0.11982971921501961,90,0.042140481084322
3569.3033971151176,87.29791790396244,0.5192969475368593,0.6543449597462363,-0.135048012209377,90,0.042140481084322
3569.3033971151176,95.15481643855642,0.5217766845774104,0.6690453833704079,-0.14726869879299742,90,0.042140481084322
3569.3033971151176,103.71884357443969,0.5225272375342108,0.6827419489275062,-0.16021471139329535,90,0.042140481084322
3569.3033971151176,113.05364158172193,0.524604117516082,0.6954588207235683,-0.1708547032074863,90,0.042140481084322
3569.3033971151176,123.22858059746237,0.524604117516082,0.7072244493140886,-0.18262033179800652,90,0.042140481084322
3569.3033971151176,134.3192741393338,0.5246530220494319,0.718070274754561,-0.1934172527051291,90,0.042140481084322
3569.3033971151176,146.40814101602186,0.5254014103084468,0.7280295842336388,-0.20262817392519206,90,0.042140481084322
3569.3033971151176,159.58501781011546,0.5257502462375622,0.7371365245969946,-0.21138627835943247,90,0.042140481084322
3569.3033971151176,173.9478264850578,0.526078127434834,0.7454252639444297,-0.2193471365095957,90,0.042140481084322
3569.3033971151176,189.6033020773824,0.5255785760116223,0.7529292920407555,-0.22735071602913326,90,0.042140481084322
3569.3033971151176,206.6677858819652,0.5255912306559982,0.7596808464622505,-0.23408961580625232,90,0.042140481084322
3569.3033971151176,225.26809002472953,0.5257412112467454,0.7657104499128286,-0.2399692386660831,90,0.042140481084322
3569.3033971151176,245.54243984774803,0.5257412112467454,0.7710465436963947,-0.24530533244964925,90,0.042140481084322
3569.3033971151176,267.64150110992745,0.5257412112467454,0.7757152026565827,-0.24997399140983723,90,0.042140481084322
3569.3033971151176,291.72949963677064,0.5257412112467454,0.7797399177608687,-0.25399870651412326,90,0.042140481084322
3569.3033971151176,317.9854417397141,0.5257412112467454,0.7831414337232387,-0.2574002224764933,90,0.042140481084322
3569.3033971151176,346.6044444744125,0.5257412112467454,0.7859376304804305,-0.2601964192336851,90,0.042140481084322
3569.3033971151176,377.7991856235726,0.5257412112467454,0.788143438852234,-0.2624022276054886,90,0.042140481084322
3569.3033971151176,411.801484179675,0.5257412112467454,0.7897707822512894,-0.26402957100454394,90,0.042140481084322
3569.3033971151176,448.86402307269043,0.5257412112467454,0.7908285378151906,-0.26508732656844514,90,0.042140481084322
3569.3033971151176,489.26222694499216,0.5257412112467454,0.7913225117890555,-0.2655813005423101,90,0.042140481084322
3569.3033971151176,533.2963089278549,0.5257412112467454,0.7912554253828148,-0.26551421413606935,90,0.042140481084322
3569.3033971151176,581.2935016298517,0.5257412112467454,0.7906269086698767,-0.2648856974231313,90,0.042140481084322
3569.3033971151176,633.6104889164096,0.5257412112467454,0.7894335013969132,-0.2636922901501677,90,0.042140481084322
3569.3033971151176,690.6360565519087,0.5257412112467454,0.7876686608580218,-0.26192744961127634,90,0.042140481084322
3569.3033971151176,752.7939814021893,0.5257412112467454,0.7853227782727588,-0.2595815670260133,90,0.042140481084322
3569.3033971151176,820.546180668118,0.5257412112467454,0.7823832064183712,-0.2566419951716258,90,0.042140481084322
3569.3033971151176,894.3961445532864,0.5257412112467454,0.7788343026207737,-0.25309309137402825,90,0.042140481084322
3569.3033971151176,974.8926778751674,0.5257412112467454,0.7746574926190057,-0.2489162813722603,90,0.042140481084322
3569.3033971151176,1062.6339784249726,0.5257412112467454,0.7698313622869012,-0.24409015104015575,90,0.042140481084322
3569.3033971151176,1158.2720823838974,0.5257412112467454,0.7643317857126918,-0.23859057446594634,90,0.042140481084322
3569.3033971151176,1262.5177098312156,0.5257412112467454,0.7581320996727716,-0.23239088842602618,90,0.042140481084322
3569.3033971151176,1376.1455463528653,0.5257412112467454,0.7512033360367132,-0.22546212478996774,90,0.042140481084322
3569.3033971151176,1500.0,0.5257412112467454,0.7435145250240227,-0.21777331377727727,90,0.042140481084322
3620.636801580542,0.7,0.019364193638285412,0.0001277567784020135,0.0192364368598834,90,0.04392598351547372
3620.636801580542,0.7630006889770977,0.019364193638285412,0.00016822056909139297,0.01919597306919402,90,0.04392598351547372
3620.636801580542,0.8316715019707511,0.019364193638285412,0.00022069408590922712,0.019143499552376184,90,0.04392598351547372
3620.636801580542,0.9065227557232869,0.019364193638285412,0.0002884802085276607,0.01907571342975775,90,0.04392598351547372
3620.636801580542,0.9881106959861216,0.019364193638285412,0.00037570907189349593,0.018988484566391916,90,0.04392598351547372
3620.636801580542,1.0770416311757862,0.019364193638285412,0.0004875211269242825,0.01887667251136113,90,0.04392598351547372
3620.636801580542,1.1739764380630602,0.019364193638285412,0.0006302836851749868,0.018733909953110424,90,0.04392598351547372
3620.636801580542,1.2796354729785626,0.019364193638285412,0.0008118449812219888,0.018552348657063424,90,0.04392598351547372
3620.636801580542,1.3948039250316824,0.019364193638285412,0.0010418295705506336,0.01832236406773478,90,0.04392598351547372
3620.636801580542,1.520337651124477,0.019364193638285412,0.0013319783317631028,0.01803221530652231,90,0.04392598351547372
3620.636801580542,1.657169536122569,0.019364193638285412,0.0016965353344848737,0.01766765830380054,90,0.04392598351547372
3620.636801580542,1.8063164254476822,0.019364193638285412,0.0021526822169108785,0.017211511421374535,90,0.04392598351547372
3620.636801580542,1.9688866816103285,0.019364193638285412,0.002721018315027087,0.016643175323258326,90,0.04392598351547372
3620.636801580542,2.1460884208378745,0.019364193638285412,0.0034260814115583565,0.015938112226727055,90,0.04392598351547372
3620.636801580542,2.339238491007243,0.019364193638285412,0.004296899445911695,0.015067294192373718,90,0.04392598351547372
3620.636801580542,2.5497722576003894,0.019364193638285412,0.005367557707202801,0.01399663593108261,90,0.04392598351547372
3620.636801580542,2.7792542704054104,0.019364193638285412,0.006677758873980141,0.012686434764305272,90,0.04392598351547372
3620.636801580542,3.0293898902312417,0.019364193638285412,0.008273344881564768,0.011090848756720645,90,0.04392598351547372
3620.636801580542,3.3020379620381313,0.019364193638285412,0.010206740349065756,0.009157453289219656,90,0.04392598351547372
3620.636801580542,3.599224628662322,0.01954764479207309,0.012537267861175833,0.007010376930897257,90,0.04392598351547372
3620.636801580542,3.9231583877895577,0.020628477197428018,0.01533127681789684,0.0052972003795311775,90,0.04392598351547372
3620.636801580542,4.276246504071018,0.021344085721391345,0.018662021222149987,0.002682064499241358,90,0.04392598351547372
3620.636801580542,4.661112898345847,0.021344085721391345,0.022609219266763743,-0.0012651335453723982,90,0.04392598351547372
3620.636801580542,5.080617646911311,0.023085906759157337,0.027258230475530713,-0.004172323716373376,90,0.04392598351547372
3620.636801580542,5.537878235746474,0.02364061520814413,0.0326987956762641,-0.009058180468119972,90,0.04392598351547372
3620.636801580542,6.036292727636905,0.027211991815794173,0.03902330185782162,-0.01181131004202745,90,0.04392598351547372
3620.636801580542,6.579565014363433,0.027937671463239933,0.046324557909938585,-0.018386886446698652,90,0.04392598351547372
3620.636801580542,7.1717323416127225,0.0282984042037893,0.05469309774656461,-0.02639469354277531,90,0.04392598351547372
3620.636801580542,7.817195311156917,0.028421993356870692,0.06421406351280437,-0.03579207015593368,90,0.04392598351547372
3620.636801580542,8.520750583258952,0.029396736832673426,0.07496376250072338,-0.04556702566804996,90,0.04392598351547372
3620.636801580542,9.287626522326553,0.043049309160023023,0.08700603555794918,-0.04395672639792616,90,0.04392598351547372
3620.636801580542,10.123522050710184,0.08344305505829712,0.10038861916281548,-0.016945564104518362,90,0.04392598351547372
3620.636801580542,11.03464899938101,0.08906301951898243,0.11513972240103264,-0.026076702882050204,90,0.04392598351547372
3620.636801580542,12.027778270211655,0.11409536849441278,0.13126506556311854,-0.01716969706870576,90,0.04392598351547372
3620.636801580542,13.110290152907504,0.11708396865910811,0.14874562963016924,-0.03166166097106113,90,0.04392598351547372
3620.636801580542,14.290229170511559,0.11769662316622237,0.16753633821673214,-0.04983971505050977,90,0.04392598351547372
3620.636801580542,15.576363861058477,0.12172482895572605,0.1875658337951748,-0.06584100483944876,90,0.04392598351547372
3620.636801580542,16.978251939636557,0.1351993556613736,0.20873742392814754,-0.07353806826677395,90,0.04392598351547372
3620.636801580542,18.50631132509919,0.28434474177585256,0.23093117323813955,0.05341356853771301,90,0.04392598351547372
3620.636801580542,20.17189755925049,0.2994590334933991,0.25400701886736565,0.04545201462603343,90,0.04392598351547372
3620.636801580542,21.98738819383367,0.30181994380144966,0.2778087061768804,0.024011237624569248,90,0.04392598351547372
3620.636801580542,23.966274772431408,0.32125156763540785,0.3021682876436223,0.01908327999178555,90,0.04392598351547372
3620.636801580542,26.123263090828015,0.3319555827496506,0.3269109051401596,0.005044677609491011,90,0.04392598351547372
3620.636801580542,28.474382480902506,0.3991409576049352,0.3518595818716416,0.04728137573329355,90,0.04392598351547372
3620.636801580542,31.037104930180035,0.44271536774963394,0.37683977907604493,0.065875588673589,90,0.04392598351547372
3620.636801580542,33.83047492225976,0.48170024909335224,0.4016835164688298,0.08001673262452241,90,0.04392598351547372
3620.636801580542,36.875250963009485,0.4954126319350052,0.4262329069693003,0.0691797249657049,90,0.04392598351547372
3620.636801580542,40.194059844256586,0.49890087135679756,0.45034300950232403,0.04855786185447353,90,0.04392598351547372
3620.636801580542,43.81156479136355,0.4998276645065655,0.47388395428427055,0.02594371022229497,90,0.04392598351547372
3620.636801580542,47.75464874425019,0.5019434746181946,0.4967423400668118,0.005201134551382769,90,0.04392598351547372
3620.636801580542,52.05261413388882,0.5028093856101093,0.5188219405056286,-0.016012554895519227,90,0.04392598351547372
3620.636801580542,56.737400638880295,0.5055159716777272,0.5400437861306276,-0.03452781445290043,90,0.04392598351547372
3620.636801580542,61.8438225403361,0.5118355263507175,0.5603457089566054,-0.04851018260588791,90,0.04392598351547372
3620.636801580542,67.40982743893404,0.512069488715437,0.5796814487960638,-0.06761196008062675,90,0.04392598351547372
3620.636801580542,73.47677825676274,0.512069488715437,0.5980194245369307,-0.08594993582149368,90,0.04392598351547372
3620.636801580542,80.08976061961063,0.5120804767383105,0.6153412711652043,-0.10326079442689384,90,0.04392598351547372
3620.636801580542,87.29791790396244,0.5126969347206924,0.6316402355719927,-0.11894330085130023,90,0.04392598351547372
3620.636801580542,95.15481643855642,0.5152556443998701,0.646919512741951,-0.13166386834208088,90,0.04392598351547372
3620.636801580542,103.71884357443969,0.5160061973566705,0.6611905903034854,-0.14518439294681484,90,0.04392598351547372
3620.636801580542,113.05364158172193,0.5182544451239457,0.6744716549987402,-0.15621720987479448,90,0.04392598351547372
3620.636801580542,123.22858059746237,0.5182544451239457,0.6867861005227078,-0.16853165539876214,90,0.04392598351547372
3620.636801580542,134.3192741393338,0.5183159800710467,0.698161163213882,-0.17984518314283526,90,0.04392598351547372
3620.636801580542,146.40814101602186,0.5191522773785036,0.7086267007889424,-0.18947442341043885,90,0.04392598351547372
3620.636801580542,159.58501781011546,0.5195210117537971,0.7182141199737179,-0.1986931082199208,90,0.04392598351547372
3620.636801580542,173.9478264850578,0.5198954207973909,0.7269554515507912,-0.2070600307534003,90,0.04392598351547372
3620.636801580542,189.6033020773824,0.519395869374179,0.734882565921433,-0.21548669654725394,90,0.04392598351547372
3620.636801580542,206.6677858819652,0.51941516867047,0.7420265185637478,-0.2226113498932778,90,0.04392598351547372
3620.636801580542,225.26809002472953,0.5195651492612172,0.748417012502132,-0.22885186324091478,90,0.04392598351547372
3620.636801580542,245.54243984774803,0.5195651492612172,0.7540819638096201,-0.2345168145484029,90,0.04392598351547372
3620.636801580542,267.64150110992745,0.5195651492612172,0.7590471559779434,-0.23948200671672615,90,0.04392598351547372
3620.636801580542,291.72949963677064,0.5195651492612172,0.7633359694702427,-0.24377082020902552,90,0.04392598351547372
3620.636801580542,317.9854417397141,0.5195651492612172,0.7669691737144461,-0.24740402445322884,90,0.04392598351547372
3620.636801580542,346.6044444744125,0.5195651492612172,0.76996477003669,-0.25039962077547273,90,0.04392598351547372
3620.636801580542,377.7991856235726,0.5195651492612172,0.7723378754475128,-0.25277272618629554,90,0.04392598351547372
3620.636801580542,411.801484179675,0.5195651492612172,0.77410063868735,-0.2545354894261328,90,0.04392598351547372
3620.636801580542,448.86402307269043,0.5195651492612172,0.7752621814506174,-0.2556970321894002,90,0.04392598351547372
3620.636801580542,489.26222694499216,0.5195651492612172,0.7758285592024831,-0.25626340994126584,90,0.04392598351547372
3620.636801580542,533.2963089278549,0.5195651492612172,0.7758027374618767,-0.25623758820065945,90,0.04392598351547372
3620.636801580542,581.2935016298517,0.5195651492612172,0.7751845808455966,-0.2556194315843794,90,0.04392598351547372
3620.636801580542,633.6104889164096,0.5195651492612172,0.7739708535590981,-0.2544057042978809,90,0.04392598351547372
3620.636801580542,690.6360565519087,0.5195651492612172,0.7721552313938189,-0.2525900821326017,90,0.04392598351547372
3620.636801580542,752.7939814021893,0.5195651492612172,0.7697283266659353,-0.25016317740471805,90,0.04392598351547372
3620.636801580542,820.546180668118,0.5195651492612172,0.7666777289243573,-0.24711257966314004,90,0.04392598351547372
3620.636801580542,894.3961445532864,0.5195651492612172,0.762988065680213,-0.24342291641899583,90,0.04392598351547372
3620.636801580542,974.8926778751674,0.5195651492612172,0.7586410888729134,-0.23907593961169615,90,0.04392598351547372
3620.636801580542,1062.6339784249726,0.5195651492612172,0.7536157942851969,-0.23405064502397965,90,0.04392598351547372
3620.636801580542,1158.2720823838974,0.5195651492612172,0.747888582632453,-0.22832343337123573,90,0.04392598351547372
3620.636801580542,1262.5177098312156,0.5195651492612172,0.7414334725412477,-0.22186832328003048,90,0.04392598351547372
3620.636801580542,1376.1455463528653,0.5195651492612172,0.7342223770344294,-0.21465722777321217,90,0.04392598351547372
3620.636801580542,1500.0,0.5195651492612172,0.7262254563610864,-0.20666030709986916,90,0.04392598351547372
3672.7084785100383,0.7,0.01819678127903256,0.00010973079433049178,0.018087050484702067,90,0.04306421267524252
3672.7084785100383,0.7630006889770977,0.01819678127903256,0.00014452877667639,0.01805225250235617,90,0.04306421267524252
3672.7084785100383,0.8316715019707511,0.01819678127903256,0.00018967052508286458,0.018007110753949694,90,0.04306421267524252
3672.7084785100383,0.9065227557232869,0.01819678127903256,0.0002480066082249016,0.017948774670807657,90,0.04306421267524252
3672.7084785100383,0.9881106959861216,0.01819678127903256,0.00032310394191230806,0.017873677337120253,90,0.04306421267524252
3672.7084785100383,1.0770416311757862,0.01819678127903256,0.00041940538765685277,0.017777375891375707,90,0.04306421267524252
3672.7084785100383,1.1739764380630602,0.01819678127903256,0.0005424190850799049,0.017654362193952656,90,0.04306421267524252
3672.7084785100383,1.2796354729785626,0.01819678127903256,0.0006989413934605184,0.01749783988557204,90,0.04306421267524252
3672.7084785100383,1.3948039250316824,0.01819678127903256,0.0008973173027348829,0.017299463976297676,90,0.04306421267524252
3672.7084785100383,1.520337651124477,0.01819678127903256,0.0011477419367494001,0.01704903934228316,90,0.04306421267524252
3672.7084785100383,1.657169536122569,0.01819678127903256,0.0014626062207220177,0.01673417505831054,90,0.04306421267524252
3672.7084785100383,1.8063164254476822,0.01819678127903256,0.0018568888068535663,0.016339892472178992,90,0.04306421267524252
3672.7084785100383,1.9688866816103285,0.01819678127903256,0.0023485948079661327,0.015848186471066426,90,0.04306421267524252
3672.7084785100383,2.1460884208378745,0.01819678127903256,0.0029592396150618424,0.015237541663970717,90,0.04306421267524252
3672.7084785100383,2.339238491007243,0.01819678127903256,0.0037143728859632156,0.014482408393069343,90,0.04306421267524252
3672.7084785100383,2.5497722576003894,0.01819678127903256,0.004644133493471748,0.013552647785560812,90,0.04306421267524252
3672.7084785100383,2.7792542704054104,0.01819678127903256,0.0057838206276505325,0.012412960651382027,90,0.04306421267524252
3672.7084785100383,3.0293898902312417,0.01819678127903256,0.007174459217668421,0.011022322061364139,90,0.04306421267524252
3672.7084785100383,3.3020379620381313,0.01819678127903256,0.008863329332189675,0.009333451946842885,90,0.04306421267524252
3672.7084785100383,3.599224628662322,0.018369034916979696,0.010904419365384221,0.007464615551595475,90,0.04306421267524252
3672.7084785100383,3.9231583877895577,0.01901765291042854,0.013358752021691879,0.005658900888736662,90,0.04306421267524252
3672.7084785100383,4.276246504071018,0.019425023443683333,0.01629452116519538,0.0031305022784879517,90,0.04306421267524252
3672.7084785100383,4.661112898345847,0.019425023443683333,0.01978696778466246,-0.00036194434097912634,90,0.04306421267524252
3672.7084785100383,5.080617646911311,0.021042233600119344,0.023917916502326997,-0.0028756829022076533,90,0.04306421267524252
3672.7084785100383,5.537878235746474,0.02151136566013094,0.028774892644860453,-0.0072635269847295125,90,0.04306421267524252
3672.7084785100383,6.036292727636905,0.024454075657399793,0.03444974671662616,-0.009995671059226365,90,0.04306421267524252
3672.7084785100383,6.579565014363433,0.025134908535051362,0.04103673099461978,-0.01590182245956842,90,0.04306421267524252
3672.7084785100383,7.1717323416127225,0.025475223448466304,0.048630004089519535,-0.02315478064105323,90,0.04306421267524252
3672.7084785100383,7.817195311156917,0.025580456875138914,0.057320584368092564,-0.03174012749295365,90,0.04306421267524252
3672.7084785100383,8.520750583258952,0.026444565713339738,0.06719283034340481,-0.040748264630065076,90,0.04306421267524252
3672.7084785100383,9.287626522326553,0.03948265472013435,0.07832059058559848,-0.038837935865464135,90,0.04306421267524252
3672.7084785100383,10.123522050710184,0.07850746320361993,0.09076322919545829,-0.012255765991838363,90,0.04306421267524252
3672.7084785100383,11.03464899938101,0.08393484012698568,0.10456178480553927,-0.020626944678553583,90,0.04306421267524252
3672.7084785100383,12.027778270211655,0.10684670447550954,0.11973555032155689,-0.012888845846047353,90,0.04306421267524252
3672.7084785100383,13.110290152907504,0.10975887792929494,0.13627935828140744,-0.026520480352112505,90,0.04306421267524252
3672.7084785100383,14.290229170511559,0.11032876666639044,0.15416181880975827,-0.04383305214336783,90,0.04306421267524252
3672.7084785100383,15.576363861058477,0.11359064317763731,0.17332468639910126,-0.059734043221463945,90,0.04306421267524252
3672.7084785100383,16.978251939636557,0.12689966993384572,0.1936834375557208,-0.06678376762187507,90,0.04306421267524252
3672.7084785100383,18.50631132509919,0.27107011678288406,0.21512903779237635,0.05594107899050771,90,0.04306421267524252
3672.7084785100383,20.17189755925049,0.2854410494474693,0.23753077887858692,0.04791027056888236,90,0.04306421267524252
3672.7084785100383,21.98738819383367,0.2878266872543902,0.2607399886639131,0.027086698590477076,90,0.04306421267524252
3672.7084785100383,23.966274772431408,0.30748801856564284,0.28459436419362477,0.02289365437201807,90,0.04306421267524252
3672.7084785100383,26.123263090828015,0.31828435546238754,0.3089226564492469,0.009361699013140656,90,0.04306421267524252
3672.7084785100383,28.474382480902506,0.38593176959270475,0.3335494391276435,0.052382330465061244,90,0.04306421267524252
3672.7084785100383,31.037104930180035,0.4297965450540033,0.3582997186277066,0.07149682642629668,90,0.04306421267524252
3672.7084785100383,33.83047492225976,0.4698422578071289,0.38300318104135533,0.08683907676577357,90,0.04306421267524252
3672.7084785100383,36.875250963009485,0.48364034000425327,0.4074979181523614,0.07614242185189185,90,0.04306421267524252
3672.7084785100383,40.194059844256586,0.4871926518311785,0.4316335231871769,0.05555912864400159,90,0.04306421267524252
3672.7084785100383,43.81156479136355,0.4881351403574983,0.455273494626911,0.03286164573058725,90,0.04306421267524252
3672.7084785100383,47.75464874425019,0.490268728958533,0.478296930149681,0.011971798808852019,90,0.04306421267524252
3672.7084785100383,52.05261413388882,0.4911432605249337,0.5005995308714143,-0.00945627034648061,90,0.04306421267524252
3672.7084785100383,56.737400638880295,0.493917646069478,0.5220939672079925,-0.028176321138514482,90,0.04306421267524252
3672.7084785100383,61.8438225403361,0.5009014273659091,0.5427096811187351,-0.04180825375282593,90,0.04306421267524252
3672.7084785100383,67.40982743893404,0.5011415450328385,0.562392214957656,-0.061250669924817536,90,0.04306421267524252
3672.7084785100383,73.47677825676274,0.5011415450328385,0.5811021649350127,-0.07996061990217418,90,0.04306421267524252
3672.7084785100383,80.08976061961063,0.501154956575362,0.5988138580521067,-0.09765890147674472,90,0.04306421267524252
3672.7084785100383,87.29791790396244,0.5018520246813145,0.6155138464827882,-0.11366182180147366,90,0.04306421267524252
3672.7084785100383,95.15481643855642,0.504563617274087,0.6311993041414814,-0.12663568686739435,90,0.04306421267524252
3672.7084785100383,103.71884357443969,0.5055781060416982,0.6458763980789637,-0.14029829203726552,90,0.04306421267524252
3672.7084785100383,113.05364158172193,0.5079473533726795,0.6595586937846607,-0.1516113404119812,90,0.04306421267524252
3672.7084785100383,123.22858059746237,0.5079473533726795,0.6722656396564328,-0.16431828628375333,90,0.04306421267524252
3672.7084785100383,134.3192741393338,0.508018706099713,0.6840211627738669,-0.17600245667415393,90,0.04306421267524252
3672.7084785100383,146.40814101602186,0.5089113069328097,0.6948523963436162,-0.18594108941080645,90,0.04306421267524252
3672.7084785100383,159.58501781011546,0.5092937854918815,0.7047885491702188,-0.1954947636783373,90,0.04306421267524252
3672.7084785100383,173.9478264850578,0.5098156905348721,0.7138599194061723,-0.20404422887130025,90,0.04306421267524252
3672.7084785100383,189.6033020773824,0.5093161391116604,0.7220970486333188,-0.2127809095216584,90,0.04306421267524252
3672.7084785100383,206.6677858819652,0.5093402622222277,0.7295300078794218,-0.22018974565719407,90,0.04306421267524252
3672.7084785100383,225.26809002472953,0.5094902428129748,0.7361878042576983,-0.22669756144472342,90,0.04306421267524252
3672.7084785100383,245.54243984774803,0.5094902428129748,0.7420978952758361,-0.2326076524628613,90,0.04306421267524252
3672.7084785100383,267.64150110992745,0.5094902428129748,0.7472857972331193,-0.23779555442014444,90,0.04306421267524252
3672.7084785100383,291.72949963677064,0.5094902428129748,0.7517747742654678,-0.24228453145249296,90,0.04306421267524252
3672.7084785100383,317.9854417397141,0.5094902428129748,0.7555855952943805,-0.24609535248140568,90,0.04306421267524252
3672.7084785100383,346.6044444744125,0.5094902428129748,0.7587363472092459,-0.24924610439627104,90,0.04306421267524252
3672.7084785100383,377.7991856235726,0.5094902428129748,0.7612422939230044,-0.2517520511100295,90,0.04306421267524252
3672.7084785100383,411.801484179675,0.5094902428129748,0.76311577238381,-0.2536255295708352,90,0.04306421267524252
3672.7084785100383,448.86402307269043,0.5094902428129748,0.7643661181265411,-0.25487587531356626,90,0.04306421267524252
3672.7084785100383,489.26222694499216,0.5094902428129748,0.7649996144604837,-0.25550937164750886,90,0.04306421267524252
3672.7084785100383,533.2963089278549,0.5094902428129748,0.7650194608871492,-0.2555292180741744,90,0.04306421267524252
3672.7084785100383,581.2935016298517,0.5094902428129748,0.7644257578151488,-0.25493551500217393,90,0.04306421267524252
3672.7084785100383,633.6104889164096,0.5094902428129748,0.7632155060891415,-0.2537252632761666,90,0.04306421267524252
3672.7084785100383,690.6360565519087,0.5094902428129748,0.7613826212864312,-0.25189237847345636,90,0.04306421267524252
3672.7084785100383,752.7939814021893,0.5094902428129748,0.7589179641709095,-0.24942772135793467,90,0.04306421267524252
3672.7084785100383,820.546180668118,0.5094902428129748,0.7558093901429199,-0.2463191473299451,90,0.04306421267524252
3672.7084785100383,894.3961445532864,0.5094902428129748,0.7520418219949317,-0.2425515791819569,90,0.04306421267524252
3672.7084785100383,974.8926778751674,0.5094902428129748,0.7475973517791183,-0.2381071089661435,90,0.04306421267524252
3672.7084785100383,1062.6339784249726,0.5094902428129748,0.7424553791050146,-0.23296513629203974,90,0.04306421267524252
3672.7084785100383,1158.2720823838974,0.5094902428129748,0.7365927946885675,-0.2271025518755927,90,0.04306421267524252
3672.7084785100383,1262.5177098312156,0.5094902428129748,0.7299842194222423,-0.2204939766092675,90,0.04306421267524252
3672.7084785100383,1376.1455463528653,0.5094902428129748,0.7226023105577499,-0.2131120677447751,90,0.04306421267524252
3672.7084785100383,1500.0,0.5094902428129748,0.7144181476856162,-0.20492790487264134,90,0.04306421267524252
3725.5290456726193,0.7,0.01675265389907433,9.756791625169603e-05,0.016655085982822636,90,0.04718150811802957
3725.5290456726193,0.7630006889770977,0.01675265389907433,0.00012854467779647202,0.01662410922127786,90,0.04718150811802957
3725.5290456726193,0.8316715019707511,0.01675265389907433,0.00016874129235953472,0.016583912606714796,90,0.04718150811802957
3725.5290456726193,0.9065227557232869,0.01675265389907433,0.00022070244504808256,0.01653195145402625,90,0.04718150811802957
3725.5290456726193,0.9881106959861216,0.01675265389907433,0.00028761351826917745,0.016465040380805155,90,0.04718150811802957
3725.5290456726193,1.0770416311757862,0.01675265389907433,0.0003734437299298952,0.016379210169144436,90,0.04718150811802957
3725.5290456726193,1.1739764380630602,0.01675265389907433,0.0004831160771917634,0.01626953782188257,90,0.04718150811802957
3725.5290456726193,1.2796354729785626,0.01675265389907433,0.0006227076361661672,0.016129946262908163,90,0.04718150811802957
3725.5290456726193,1.3948039250316824,0.01675265389907433,0.000799683784867935,0.015952970114206398,90,0.04718150811802957
3725.5290456726193,1.520337651124477,0.01675265389907433,0.0010231697450749223,0.01572948415399941,90,0.04718150811802957
3725.5290456726193,1.657169536122569,0.01675265389907433,0.001304262400503205,0.015448391498571126,90,0.04718150811802957
3725.5290456726193,1.8063164254476822,0.01675265389907433,0.001656384546082854,0.015096269352991477,90,0.04718150811802957
3725.5290456726193,1.9688866816103285,0.01675265389907433,0.002095682436551576,0.014656971462522756,90,0.04718150811802957
3725.5290456726193,2.1460884208378745,0.01675265389907433,0.0026414655906071495,0.014111188308467183,90,0.04718150811802957
3725.5290456726193,2.339238491007243,0.01675265389907433,0.0033166851091380478,0.013435968789936284,90,0.04718150811802957
3725.5290456726193,2.5497722576003894,0.01675265389907433,0.004148443111770134,0.012604210787304199,90,0.04718150811802957
3725.5290456726193,2.7792542704054104,0.01675265389907433,0.005168521120462347,0.011584132778611984,90,0.04718150811802957
3725.5290456726193,3.0293898902312417,0.01675265389907433,0.00641390919204239,0.01033874470703194,90,0.04718150811802957
3725.5290456726193,3.3020379620381313,0.01675265389907433,0.007927310271763723,0.008825343627310609,90,0.04718150811802957
3725.5290456726193,3.599224628662322,0.016917990088199813,0.00975758569652477,0.0071604043916750435,90,0.04718150811802957
3725.5290456726193,3.9231583877895577,0.017501462819124222,0.011960098331124963,0.005541364487999259,90,0.04718150811802957
3725.5290456726193,4.276246504071018,0.017839592024761982,0.014596900103691234,0.003242691921070748,90,0.04718150811802957
3725.5290456726193,4.661112898345847,0.017839592024761982,0.017736701760645457,0.0001028902641165251,90,0.04718150811802957
3725.5290456726193,5.080617646911311,0.019311474992344594,0.021454556012683024,-0.0021430810203384304,90,0.04718150811802957
3725.5290456726193,5.537878235746474,0.019695372473384737,0.025831182897077386,-0.006135810423692649,90,0.04718150811802957
3725.5290456726193,6.036292727636905,0.022129243607779805,0.030951870498268978,-0.008822626890489172,90,0.04718150811802957
3725.5290456726193,6.579565014363433,0.022752577853595173,0.03690489755527885,-0.014152319701683676,90,0.04718150811802957
3725.5290456726193,7.1717323416127225,0.023072673545668915,0.04377944887527448,-0.02070677532960557,90,0.04718150811802957
3725.5290456726193,7.817195311156917,0.02315695505835028,0.05166303062343201,-0.028506075565081734,90,0.04718150811802957
3725.5290456726193,8.520750583258952,0.023875476380009374,0.06063843927958661,-0.03676296289957724,90,0.04718150811802957
3725.5290456726193,9.287626522326553,0.035806400234564884,0.07078039160932764,-0.03497399137476276,90,0.04718150811802957
3725.5290456726193,10.123522050710184,0.07221395426797377,0.08215197700210841,-0.009938022734134647,90,0.04718150811802957
3725.5290456726193,11.03464899938101,0.07730309041267303,0.09480113958351462,-0.017498049170841593,90,0.04718150811802957
3725.5290456726193,12.027778270211655,0.09914107510433146,0.1087574267057975,-0.009616351601466039,90,0.04718150811802957
3725.5290456726193,13.110290152907504,0.10190604794853135,0.12402924545489635,-0.022123197506365003,90,0.04718150811802957
3725.5290456726193,14.290229170511559,0.1023986120903274,0.14060184610592338,-0.038203234015595985,90,0.04718150811802957
3725.5290456726193,15.576363861058477,0.10553054009149343,0.15843620252200796,-0.05290566243051453,90,0.04718150811802957
3725.5290456726193,16.978251939636557,0.11852883849093349,0.17746889088907233,-0.05894005239813885,90,0.04718150811802957
3725.5290456726193,18.50631132509919,0.2608773124069856,0.19761298998773968,0.0632643224192459,90,0.04718150811802957
3725.5290456726193,20.17189755925049,0.2752403715348941,0.21875994946025823,0.05648042207463588,90,0.04718150811802957
3725.5290456726193,21.98738819383367,0.27766039092264294,0.2407823066178598,0.03687808430478315,90,0.04718150811802957
3725.5290456726193,23.966274772431408,0.2975036038522804,0.2635370832232212,0.033966520629059194,90,0.04718150811802957
3725.5290456726193,26.123263090828015,0.30838055055060215,0.2868696635022919,0.021510887048310223,90,0.04718150811802957
3725.5290456726193,28.474382480902506,0.37647670499608815,0.3106179424275718,0.06585876256851636,90,0.04718150811802957
3725.5290456726193,31.037104930180035,0.42071585752016283,0.334616536359938,0.08609932116022484,90,0.04718150811802957
3725.5290456726193,33.83047492225976,0.46156669374334625,0.35870086324051725,0.10286583050282899,90,0.04718150811802957
3725.5290456726193,36.875250963009485,0.4754641219696339,0.38271092375863874,0.09275319821099515,90,0.04718150811802957
3725.5290456726193,40.194059844256586,0.4791235603386841,0.4064946458078214,0.07262891453086268,90,0.04718150811802957
3725.5290456726193,43.81156479136355,0.4800884282747722,0.42991068986648867,0.050177738408283545,90,0.04718150811802957
3725.5290456726193,47.75464874425019,0.482240648837647,0.45283065049680965,0.02940999834083735,90,0.04718150811802957
3725.5290456726193,52.05261413388882,0.48312340791497943,0.4751406266209623,0.007982781294017138,90,0.04718150811802957
3725.5290456726193,56.737400638880295,0.48599464142836435,0.49674216825525397,-0.01074752682688962,90,0.04718150811802957
3725.5290456726193,61.8438225403361,0.4935743055478522,0.517552637810599,-0.023978332262746815,90,0.04718150811802957
3725.5290456726193,67.40982743893404,0.4938287300175531,0.5375050482344587,-0.04367631821690554,90,0.04718150811802957
3725.5290456726193,73.47677825676274,0.4938287300175531,0.5565474571929956,-0.06271872717544247,90,0.04718150811802957
3725.5290456726193,80.08976061961063,0.49384565439365863,0.5746420059570698,-0.0807963515634112,90,0.04718150811802957
3725.5290456726193,87.29791790396244,0.4946750332339875,0.5917636941552333,-0.09708866092124585,90,0.04718150811802957
3725.5290456726193,95.15481643855642,0.49748882102424347,0.6078989781340196,-0.11041015710977614,90,0.04718150811802957
3725.5290456726193,103.71884357443969,0.4985033097918547,0.6230442726999095,-0.12454096290805478,90,0.04718150811802957
3725.5290456726193,113.05364158172193,0.501085251037091,0.6372044250068054,-0.1361191739697144,90,0.04718150811802957
3725.5290456726193,123.22858059746237,0.501085251037091,0.650391216730555,-0.149305965693464,90,0.04718150811802957
3725.5290456726193,134.3192741393338,0.5011770499437151,0.6626219376739312,-0.16144488773021604,90,0.04718150811802957
3725.5290456726193,146.40814101602186,0.5021739874568987,0.6739180615364972,-0.17174407407959857,90,0.04718150811802957
3725.5290456726193,159.58501781011546,0.5025756604670014,0.684304043436398,-0.18172838296939653,90,0.04718150811802957
3725.5290456726193,173.9478264850578,0.5031521949580068,0.6938062492822141,-0.19065405432420734,90,0.04718150811802957
3725.5290456726193,189.6033020773824,0.502652643534795,0.7024520194263689,-0.19979937589157393,90,0.04718150811802957
3725.5290456726193,206.6677858819652,0.5026842016025733,0.7102688631717918,-0.2075846615692185,90,0.04718150811802957
3725.5290456726193,225.26809002472953,0.5028341821933202,0.7172837765115164,-0.2144495943181962,90,0.04718150811802957
3725.5290456726193,245.54243984774803,0.5028341821933202,0.7235226727438288,-0.22068849055050854,90,0.04718150811802957
3725.5290456726193,267.64150110992745,0.5028341821933202,0.7290099140778169,-0.2261757318844967,90,0.04718150811802957
3725.5290456726193,291.72949963677064,0.5028341821933202,0.7337679317774896,-0.23093374958416935,90,0.04718150811802957
3725.5290456726193,317.9854417397141,0.5028341821933202,0.7378169225566452,-0.234982740363325,90,0.04718150811802957
3725.5290456726193,346.6044444744125,0.5028341821933202,0.7411746096308774,-0.23834042743755723,90,0.04718150811802957
3725.5290456726193,377.7991856235726,0.5028341821933202,0.7438560578920318,-0.24102187569871159,90,0.04718150811802957
3725.5290456726193,411.801484179675,0.5028341821933202,0.7458735339645103,-0.24303935177119007,90,0.04718150811802957
3725.5290456726193,448.86402307269043,0.5028341821933202,0.7472364033357438,-0.2444022211424236,90,0.04718150811802957
3725.5290456726193,489.26222694499216,0.5028341821933202,0.7479510582579497,-0.2451168760646295,90,0.04718150811802957
3725.5290456726193,533.2963089278549,0.5028341821933202,0.7480208716520842,-0.24518668945876398,90,0.04718150811802957
3725.5290456726193,581.2935016298517,0.5028341821933202,0.7474461737839767,-0.2446119915906565,90,0.04718150811802957
3725.5290456726193,633.6104889164096,0.5028341821933202,0.7462242500172682,-0.243390067823948,90,0.04718150811802957
3725.5290456726193,690.6360565519087,0.5028341821933202,0.744349359477493,-0.24151517728417282,90,0.04718150811802957
3725.5290456726193,752.7939814021893,0.5028341821933202,0.7418127759907895,-0.23897859379746933,90,0.04718150811802957
3725.5290456726193,820.546180668118,0.5028341821933202,0.7386028541941082,-0.235768672000788,90,0.04718150811802957
3725.5290456726193,894.3961445532864,0.5028341821933202,0.734705125252321,-0.2318709430590008,90,0.04718150811802957
3725.5290456726193,974.8926778751674,0.5028341821933202,0.7301024281540504,-0.22726824596073014,90,0.04718150811802957
3725.5290456726193,1062.6339784249726,0.5028341821933202,0.7247750840719942,-0.221940901878674,90,0.04718150811802957
3725.5290456726193,1158.2720823838974,0.5028341821933202,0.7187011227268264,-0.2158669405335062,90,0.04718150811802957
3725.5290456726193,1262.5177098312156,0.5028341821933202,0.7118565710250043,-0.2090223888316841,90,0.04718150811802957
3725.5290456726193,1376.1455463528653,0.5028341821933202,0.7042158153605321,-0.20138163316721192,90,0.04718150811802957
3725.5290456726193,1500.0,0.5028341821933202,0.6957520497567635,-0.1929178675634433,90,0.04718150811802957
3779.1092735411075,0.7,0.012563799403462802,8.804779934958525e-05,0.012475751604113216,90,0.0509894271249296
3779.1092735411075,0.7630006889770977,0.012563799403462802,0.00011603441290885428,0.012447764990553948,90,0.0509894271249296
3779.1092735411075,0.8316715019707511,0.012563799403462802,0.00015236169294166992,0.012411437710521132,90,0.0509894271249296
3779.1092735411075,0.9065227557232869,0.012563799403462802,0.00019933514566996782,0.012364464257792834,90,0.0509894271249296
3779.1092735411075,0.9881106959861216,0.012563799403462802,0.00025984185561952154,0.01230395754784328,90,0.0509894271249296
3779.1092735411075,1.0770416311757862,0.012563799403462802,0.0003374807717034373,0.012226318631759365,90,0.0509894271249296
3779.1092735411075,1.1739764380630602,0.012563799403462802,0.0004367175165641408,0.012127081886898662,90,0.0509894271249296
3779.1092735411075,1.2796354729785626,0.012563799403462802,0.0005630670180637391,0.012000732385399063,90,0.0509894271249296
3779.1092735411075,1.3948039250316824,0.012563799403462802,0.0007233073045578762,0.011840492098904925,90,0.0509894271249296
3779.1092735411075,1.520337651124477,0.012563799403462802,0.0009257276865468366,0.011638071716915966,90,0.0509894271249296
3779.1092735411075,1.657169536122569,0.012563799403462802,0.001180414198640695,0.011383385204822107,90,0.0509894271249296
3779.1092735411075,1.8063164254476822,0.012563799403462802,0.0014995745123104747,0.011064224891152327,90,0.0509894271249296
3779.1092735411075,1.9688866816103285,0.012563799403462802,0.001897903447296049,0.010665895956166753,90,0.0509894271249296
3779.1092735411075,2.1460884208378745,0.012563799403462802,0.0023929885839491754,0.010170810819513626,90,0.0509894271249296
3779.1092735411075,2.339238491007243,0.012563799403462802,0.0030057531690493465,0.009558046234413455,90,0.0509894271249296
3779.1092735411075,2.5497722576003894,0.012563799403462802,0.0037609303619022356,0.008802869041560565,90,0.0509894271249296
3779.1092735411075,2.7792542704054104,0.012563799403462802,0.004687558736726116,0.007876240666736686,90,0.0509894271249296
3779.1092735411075,3.0293898902312417,0.012563799403462802,0.005819483718334052,0.00674431568512875,90,0.0509894271249296
3779.1092735411075,3.3020379620381313,0.012563799403462802,0.007195843220033185,0.005367956183429617,90,0.0509894271249296
3779.1092735411075,3.599224628662322,0.012722331495161124,0.008861508228787472,0.0038608232663736516,90,0.0509894271249296
3779.1092735411075,3.9231583877895577,0.013251419803419734,0.010867440678937171,0.0023839791244825628,90,0.0509894271249296
3779.1092735411075,4.276246504071018,0.013541680015831961,0.013270922171910542,0.0002707578439214188,90,0.0509894271249296
3779.1092735411075,4.661112898345847,0.013541680015831961,0.01613559878210779,-0.002593918766275828,90,0.0509894271249296
3779.1092735411075,5.080617646911311,0.014641893033530497,0.01953128059525404,-0.004889387561723541,90,0.0509894271249296
3779.1092735411075,5.537878235746474,0.014946541621191387,0.023533431430490706,-0.008586889809299319,90,0.0509894271249296
3779.1092735411075,6.036292727636905,0.01655307518361183,0.028222286404280775,-0.011669211220668944,90,0.0509894271249296
3779.1092735411075,6.579565014363433,0.01684068227587448,0.03368154469518547,-0.016840862419310994,90,0.0509894271249296
3779.1092735411075,7.1717323416127225,0.0171467713273685,0.039996603831266506,-0.022849832503898007,90,0.0509894271249296
3779.1092735411075,7.817195311156917,0.017213421061224865,0.047252330916377844,-0.03003890985515298,90,0.0509894271249296
3779.1092735411075,8.520750583258952,0.017746492130346854,0.05553040477394463,-0.037783912643597775,90,0.0509894271249296
3779.1092735411075,9.287626522326553,0.027867371233252135,0.06490630830291466,-0.03703893706966253,90,0.0509894271249296
3779.1092735411075,10.123522050710184,0.05990003819180839,0.07544609749890022,-0.015546059307091825,90,0.0509894271249296
3779.1092735411075,11.03464899938101,0.06487630025635904,0.08720311593482172,-0.022326815678462675,90,0.0509894271249296
3779.1092735411075,12.027778270211655,0.08346757991772036,0.10021485374185427,-0.016747273824133907,90,0.0509894271249296
3779.1092735411075,13.110290152907504,0.08550806124061847,0.11450016201809379,-0.028992100777475327,90,0.0509894271249296
3779.1092735411075,14.290229170511559,0.08594528355197263,0.1300570235418319,-0.044111739989859275,90,0.0509894271249296
3779.1092735411075,15.576363861058477,0.08696825363185554,0.14686104890490362,-0.05989279527304808,90,0.0509894271249296
3779.1092735411075,16.978251939636557,0.09774884493848662,0.16486481781315487,-0.06711597287466825,90,0.0509894271249296
3779.1092735411075,18.50631132509919,0.23416475846289844,0.18399812524404308,0.050166633218855367,90,0.0509894271249296
3779.1092735411075,20.17189755925049,0.24851384463127665,0.20416912932551212,0.04434471530576453,90,0.0509894271249296
3779.1092735411075,21.98738819383367,0.2504204983724091,0.22526633926740114,0.025154159105007956,90,0.0509894271249296
3779.1092735411075,23.966274772431408,0.26966917444369254,0.2471613324073043,0.022507842036388226,90,0.0509894271249296
3779.1092735411075,26.123263090828015,0.2803413552916882,0.2697120520137708,0.01062930327791739,90,0.0509894271249296
3779.1092735411075,28.474382480902506,0.3484198382275355,0.29276651262415543,0.0556533256033801,90,0.0509894271249296
3779.1092735411075,31.037104930180035,0.392949495023976,0.3161667270357248,0.07678276798825123,90,0.0509894271249296
3779.1092735411075,33.83047492225976,0.434361140407434,0.3397526679086027,0.09460847249883131,90,0.0509894271249296
3779.1092735411075,36.875250963009485,0.4483390799230784,0.3633660864879541,0.08497299343512432,90,0.0509894271249296
3779.1092735411075,40.194059844256586,0.45207357198987586,0.3868540302332557,0.06521954175662015,90,0.0509894271249296
3779.1092735411075,43.81156479136355,0.4530621416999909,0.4100719287152464,0.04299021298474448,90,0.0509894271249296
3779.1092735411075,47.75464874425019,0.4552278911701291,0.43288615090727944,0.02234174026284963,90,0.0509894271249296
3779.1092735411075,52.05261413388882,0.4562948083273476,0.4551759742310269,0.0011188340963206866,90,0.0509894271249296
3779.1092735411075,56.737400638880295,0.4592449849842118,0.4768349433349294,-0.017589958350717583,90,0.0509894271249296
3779.1092735411075,61.8438225403361,0.4692509693282182,0.49777163156543014,-0.028520662237211947,90,0.0509894271249296
3779.1092735411075,67.40982743893404,0.46951969584958253,0.5179098478941502,-0.04839015204456765,90,0.0509894271249296
3779.1092735411075,73.47677825676274,0.46951969584958253,0.5371883549375704,-0.06766865908798791,90,0.0509894271249296
3779.1092735411075,80.08976061961063,0.46953998129898933,0.5555601788277275,-0.08602019752873813,90,0.0509894271249296
3779.1092735411075,87.29791790396244,0.47048055406562717,0.5729915991365259,-0.1025110450708987,90,0.0509894271249296
3779.1092735411075,95.15481643855642,0.47612773519509544,0.5894609076257282,-0.11333317243063279,90,0.0509894271249296
3779.1092735411075,103.71884357443969,0.47764510498430135,0.6049570195834576,-0.12731191459915625,90,0.0509894271249296
3779.1092735411075,113.05364158172193,0.4814135329918202,0.6194780124486281,-0.1380644794568079,90,0.0509894271249296
3779.1092735411075,123.22858059746237,0.4814135329918202,0.6330296548649672,-0.151616121873147,90,0.0509894271249296
3779.1092735411075,134.3192741393338,0.4817526106834084,0.6456239766430765,-0.16387136595966806,90,0.0509894271249296
3779.1092735411075,146.40814101602186,0.4836145284645102,0.6572779174845218,-0.1736633890200116,90,0.0509894271249296
3779.1092735411075,159.58501781011546,0.4842674413253777,0.668012080580375,-0.1837446392549973,90,0.0509894271249296
3779.1092735411075,173.9478264850578,0.484892591879436,0.6778496068865394,-0.19295701500710338,90,0.0509894271249296
3779.1092735411075,189.6033020773824,0.4843930404562242,0.6868151772873436,-0.20242213683111943,90,0.0509894271249296
3779.1092735411075,206.6677858819652,0.484431911649771,0.6949341430658228,-0.2105022314160518,90,0.0509894271249296
3779.1092735411075,225.26809002472953,0.4845818922405181,0.7022317800300304,-0.21764988778951228,90,0.0509894271249296
3779.1092735411075,245.54243984774803,0.4845818922405181,0.708732658127315,-0.2241507658867969,90,0.0509894271249296
3779.1092735411075,267.64150110992745,0.4845818922405181,0.7144601161875402,-0.22987822394702212,90,0.0509894271249296
3779.1092735411075,291.72949963677064,0.4845818922405181,0.7194358303290769,-0.23485393808855876,90,0.0509894271249296
3779.1092735411075,317.9854417397141,0.4845818922405181,0.7236794643029614,-0.23909757206244325,90,0.0509894271249296
3779.1092735411075,346.6044444744125,0.4845818922405181,0.7272083904292972,-0.24262649818877907,90,0.0509894271249296
3779.1092735411075,377.7991856235726,0.4845818922405181,0.730037470615983,-0.2454555783754649,90,0.0509894271249296
3779.1092735411075,411.801484179675,0.4845818922405181,0.7321788880980763,-0.24759699585755818,90,0.0509894271249296
3779.1092735411075,448.86402307269043,0.4845818922405181,0.7336420218851909,-0.24906012964467278,90,0.0509894271249296
3779.1092735411075,489.26222694499216,0.4845818922405181,0.7344333573733108,-0.24985146513279272,90,0.0509894271249296
3779.1092735411075,533.2963089278549,0.4845818922405181,0.7345564281111945,-0.24997453587067636,90,0.0509894271249296
3779.1092735411075,581.2935016298517,0.4845818922405181,0.7340117852757118,-0.24942989303519364,90,0.0509894271249296
3779.1092735411075,633.6104889164096,0.4845818922405181,0.7327969929861369,-0.24821510074561876,90,0.0509894271249296
3779.1092735411075,690.6360565519087,0.4845818922405181,0.7309066491662211,-0.24632475692570294,90,0.0509894271249296
3779.1092735411075,752.7939814021893,0.4845818922405181,0.7283324332419334,-0.2437505410014153,90,0.0509894271249296
3779.1092735411075,820.546180668118,0.4845818922405181,0.7250631835401744,-0.24048129129965629,90,0.0509894271249296
3779.1092735411075,894.3961445532864,0.4845818922405181,0.7210850088237135,-0.2365031165831954,90,0.0509894271249296
3779.1092735411075,974.8926778751674,0.4845818922405181,0.7163814399456667,-0.2317995477051486,90,0.0509894271249296
3779.1092735411075,1062.6339784249726,0.4845818922405181,0.7109336291049053,-0.2263517368643872,90,0.0509894271249296
3779.1092735411075,1158.2720823838974,0.4845818922405181,0.7047206055850451,-0.220138713344527,90,0.0509894271249296
3779.1092735411075,1262.5177098312156,0.4845818922405181,0.6977195980932129,-0.21313770585269481,90,0.0509894271249296
3779.1092735411075,1376.1455463528653,0.4845818922405181,0.6899064347809907,-0.20532454254047255,90,0.0509894271249296
3779.1092735411075,1500.0,0.4845818922405181,0.681256032596347,-0.19667414035582892,90,0.0509894271249296
3833.460087488306,0.7,0.011328106855752583,7.752625456625688e-05,0.011250580601186326,90,0.0524955691943525
3833.460087488306,0.7630006889770977,0.011328106855752583,0.00010219720509692668,0.011225909650655655,90,0.0524955691943525
3833.460087488306,0.8316715019707511,0.011328106855752583,0.00013423030949429247,0.01119387654625829,90,0.0524955691943525
3833.460087488306,0.9065227557232869,0.011328106855752583,0.00017566374527425494,0.011152443110478328,90,0.0524955691943525
3833.460087488306,0.9881106959861216,0.011328106855752583,0.0002290508593077496,0.011099055996444833,90,0.0524955691943525
3833.460087488306,1.0770416311757862,0.011328106855752583,0.0002975759254983321,0.01103053093025425,90,0.0524955691943525
3833.460087488306,1.1739764380630602,0.011328106855752583,0.0003851918221475386,0.010942915033605043,90,0.0524955691943525
3833.460087488306,1.2796354729785626,0.011328106855752583,0.0004967826350279849,0.010831324220724598,90,0.0524955691943525
3833.460087488306,1.3948039250316824,0.011328106855752583,0.0006383542627258861,0.010689752593026696,90,0.0524955691943525
3833.460087488306,1.520337651124477,0.011328106855752583,0.0008172560401757149,0.010510850815576869,90,0.0524955691943525
3833.460087488306,1.657169536122569,0.011328106855752583,0.0010424361484644461,0.010285670707288136,90,0.0524955691943525
3833.460087488306,1.8063164254476822,0.011328106855752583,0.0013247330735125836,0.01000337378224,90,0.0524955691943525
3833.460087488306,1.9688866816103285,0.011328106855752583,0.001677204526737483,0.0096509023290151,90,0.0524955691943525
3833.460087488306,2.1460884208378745,0.011328106855752583,0.002115493944283216,0.009212612911469367,90,0.0524955691943525
3833.460087488306,2.339238491007243,0.011328106855752583,0.0026582328196242655,0.008669874036128317,90,0.0524955691943525
3833.460087488306,2.5497722576003894,0.011328106855752583,0.003327474568447689,0.008000632287304894,90,0.0524955691943525
3833.460087488306,2.7792542704054104,0.011328106855752583,0.004149152244923523,0.00717895461082906,90,0.0524955691943525
3833.460087488306,3.0293898902312417,0.011328106855752583,0.005153548111290637,0.006174558744461945,90,0.0524955691943525
3833.460087488306,3.3020379620381313,0.011328106855752583,0.006375757738043008,0.004952349117709575,90,0.0524955691943525
3833.460087488306,3.599224628662322,0.01148199221221258,0.007856124992639654,0.003625867219572927,90,0.0524955691943525
3833.460087488306,3.9231583877895577,0.011946707846126581,0.009640617108664045,0.0023060907374625357,90,0.0524955691943525
3833.460087488306,4.276246504071018,0.012188879933792753,0.011781101361695811,0.000407778572096942,90,0.0524955691943525
3833.460087488306,4.661112898345847,0.012188879933792753,0.01433547732579195,-0.002146597391999197,90,0.0524955691943525
3833.460087488306,5.080617646911311,0.012770650147532642,0.017367612179770286,-0.004596962032237644,90,0.0524955691943525
3833.460087488306,5.537878235746474,0.012969197602004047,0.02094702235019165,-0.007977824748187602,90,0.0524955691943525
3833.460087488306,6.036292727636905,0.014131101311094317,0.025148244482654198,-0.011017143171559881,90,0.0524955691943525
3833.460087488306,6.579565014363433,0.014373982292993163,0.03004984402390558,-0.01567586173091242,90,0.0524955691943525
3833.460087488306,7.1717323416127225,0.014658178265884567,0.035733022124097714,-0.02107484385821315,90,0.0524955691943525
3833.460087488306,7.817195311156917,0.014698406472085208,0.04227980212646088,-0.027581395654375673,90,0.0524955691943525
3833.460087488306,8.520750583258952,0.01512006401062664,0.049770805575149644,-0.034650741564523004,90,0.0524955691943525
3833.460087488306,9.287626522326553,0.02445529929448354,0.0582826629893618,-0.03382736369487826,90,0.0524955691943525
3833.460087488306,10.123522050710184,0.05425394119985916,0.06788514356762451,-0.013631202367765355,90,0.0524955691943525
3833.460087488306,11.03464899938101,0.05899469527643094,0.07863812604658214,-0.019643430770151203,90,0.0524955691943525
3833.460087488306,12.027778270211655,0.07680559446516326,0.09058856494244692,-0.013782970477283663,90,0.0524955691943525
3833.460087488306,13.110290152907504,0.07874448572152877,0.10376762739573872,-0.02502314167420995,90,0.0524955691943525
3833.460087488306,14.290229170511559,0.07912835652007064,0.11818818217570347,-0.03905982565563283,90,0.0524955691943525
3833.460087488306,15.576363861058477,0.0800452525998681,0.1338428125211534,-0.05379755992128531,90,0.0524955691943525
3833.460087488306,16.978251939636557,0.09058525776263238,0.15070249914824446,-0.060117241385612086,90,0.0524955691943525
3833.460087488306,18.50631132509919,0.22415531731945493,0.1687160816228154,0.05543923569663953,90,0.0524955691943525
3833.460087488306,20.17189755925049,0.23850975615932057,0.18781055923031562,0.05069919692900496,90,0.0524955691943525
3833.460087488306,21.98738819383367,0.24043376845775138,0.20789224072551665,0.03254152773223473,90,0.0524955691943525
3833.460087488306,23.966274772431408,0.2598471733590925,0.2288487000161179,0.03099847334297462,90,0.0524955691943525
3833.460087488306,26.123263090828015,0.2706274331746297,0.25055144570567134,0.020075987468958334,90,0.0524955691943525
3833.460087488306,28.474382480902506,0.3392450956608323,0.27285916993572096,0.06638592572511132,90,0.0524955691943525
3833.460087488306,31.037104930180035,0.38414678878230174,0.2956214092121879,0.08852537957011386,90,0.0524955691943525
3833.460087488306,33.83047492225976,0.4261870157470156,0.3186824294169981,0.10750458633001753,90,0.0524955691943525
3833.460087488306,36.875250963009485,0.4402627293757018,0.34188514063725767,0.09837758873844415,90,0.0524955691943525
3833.460087488306,40.194059844256586,0.44408640744116096,0.3650748551719859,0.07901155226917506,90,0.0524955691943525
3833.460087488306,43.81156479136355,0.4450926676427555,0.38810272300644066,0.05698994463631485,90,0.0524955691943525
3833.460087488306,47.75464874425019,0.44728202342114054,0.4108287106673485,0.036453312753792044,90,0.0524955691943525
3833.460087488306,52.05261413388882,0.44835912438019326,0.43312402810920975,0.015235096270983517,90,0.0524955691943525
3833.460087488306,56.737400638880295,0.4518714307717138,0.4548729500241111,-0.003001519252397278,90,0.0524955691943525
3833.460087488306,61.8438225403361,0.4624776447124017,0.4759740186823771,-0.013496373969975384,90,0.0524955691943525
3833.460087488306,67.40982743893404,0.462756110182849,0.49634065167030267,-0.033584541487453656,90,0.0524955691943525
3833.460087488306,73.47677825676274,0.462756110182849,0.515901207229532,-0.05314509704668302,90,0.0524955691943525
3833.460087488306,80.08976061961063,0.46277870818149003,0.5345985809718219,-0.07181987279033186,90,0.0524955691943525
3833.460087488306,87.29791790396244,0.4638202342549395,0.5523894202696084,-0.08856918601466884,90,0.0524955691943525
3833.460087488306,95.15481643855642,0.4695379806832654,0.5692430472243615,-0.09970506654109607,90,0.0524955691943525
3833.460087488306,103.71884357443969,0.4710553504724712,0.58514017903502,-0.11408482856254881,90,0.0524955691943525
3833.460087488306,113.05364158172193,0.4749836833300903,0.6000715274154296,-0.1250878440853393,90,0.0524955691943525
3833.460087488306,123.22858059746237,0.4749836833300903,0.6140363481189458,-0.13905266478885553,90,0.0524955691943525
3833.460087488306,134.3192741393338,0.47533975404326656,0.6270409991876591,-0.15170124514439254,90,0.0524955691943525
3833.460087488306,146.40814101602186,0.4772793710511758,0.6390975535809801,-0.1618181825298043,90,0.0524955691943525
3833.460087488306,159.58501781011546,0.4779488578420053,0.6502224993771357,-0.17227364153513042,90,0.0524955691943525
3833.460087488306,173.9478264850578,0.47861569635516354,0.6604355494885936,-0.18181985313343008,90,0.0524955691943525
3833.460087488306,189.6033020773824,0.4781161449319517,0.6697585732057914,-0.19164242827383965,90,0.0524955691943525
3833.460087488306,206.6677858819652,0.4781600104924332,0.6782146540590605,-0.20005464356662728,90,0.0524955691943525
3833.460087488306,225.26809002472953,0.47830999108318034,0.6858272724598681,-0.20751728137668773,90,0.0524955691943525
3833.460087488306,245.54243984774803,0.47830999108318034,0.6926196072181191,-0.21430961613493876,90,0.0524955691943525
3833.460087488306,267.64150110992745,0.47830999108318034,0.6986139471268334,-0.2203039560436531,90,0.0524955691943525
3833.460087488306,291.72949963677064,0.47830999108318034,0.7038312021204504,-0.22552121103727002,90,0.0524955691943525
3833.460087488306,317.9854417397141,0.47830999108318034,0.7082905028065989,-0.22998051172341855,90,0.0524955691943525
3833.460087488306,346.6044444744125,0.47830999108318034,0.7120088772186675,-0.23369888613548712,90,0.0524955691943525
3833.460087488306,377.7991856235726,0.47830999108318034,0.7150009942417358,-0.23669100315855546,90,0.0524955691943525
3833.460087488306,411.801484179675,0.47830999108318034,0.7172789641650535,-0.2389689730818732,90,0.0524955691943525
3833.460087488306,448.86402307269043,0.47830999108318034,0.7188521880822802,-0.2405421969990999,90,0.0524955691943525
3833.460087488306,489.26222694499216,0.47830999108318034,0.7197272493000424,-0.24141725821686205,90,0.0524955691943525
3833.460087488306,533.2963089278549,0.47830999108318034,0.7199078414577478,-0.24159785037456744,90,0.0524955691943525
3833.460087488306,581.2935016298517,0.47830999108318034,0.7193947296612766,-0.24108473857809626,90,0.0524955691943525
3833.460087488306,633.6104889164096,0.47830999108318034,0.7181857425617523,-0.23987575147857193,90,0.0524955691943525
3833.460087488306,690.6360565519087,0.47830999108318034,0.7162757949514234,-0.237965803868243,90,0.0524955691943525
3833.460087488306,752.7939814021893,0.47830999108318034,0.7136569420917281,-0.2353469510085478,90,0.0524955691943525
3833.460087488306,820.546180668118,0.47830999108318034,0.7103184686251162,-0.23200847754193582,90,0.0524955691943525
3833.460087488306,894.3961445532864,0.47830999108318034,0.706247016539593,-0.22793702545641265,90,0.0524955691943525
3833.460087488306,974.8926778751674,0.47830999108318034,0.7014267582316822,-0.22311676714850187,90,0.0524955691943525
3833.460087488306,1062.6339784249726,0.47830999108318034,0.6958396222134451,-0.21752963113026474,90,0.0524955691943525
3833.460087488306,1158.2720823838974,0.47830999108318034,0.6894655803765994,-0.2111555892934191,90,0.0524955691943525
3833.460087488306,1262.5177098312156,0.47830999108318034,0.6822830068804998,-0.20397301579731947,90,0.0524955691943525
3833.460087488306,1376.1455463528653,0.47830999108318034,0.6742691195599732,-0.1959591284767928,90,0.0524955691943525
3833.460087488306,1500.0,0.47830999108318034,0.6654005151093303,-0.18709052402614995,90,0.0524955691943525
3888.5925700147695,0.7,0.010618618657610173,6.777592333452069e-05,0.010550842734275652,90,0.05217715567667991
3888.5925700147695,0.7630006889770977,0.010618618657610173,8.936911451687235e-05,0.0105292495430933,90,0.05217715567667991
3888.5925700147695,0.8316715019707511,0.010618618657610173,0.00011741442906937081,0.010501204228540803,90,0.05217715567667991
3888.5925700147695,0.9065227557232869,0.010618618657610173,0.00015370085534500307,0.01046491780226517,90,0.05217715567667991
3888.5925700147695,0.9881106959861216,0.010618618657610173,0.00020047045901014119,0.01041814819860003,90,0.05217715567667991
3888.5925700147695,1.0770416311757862,0.010618618657610173,0.0002605204901622616,0.010358098167447911,90,0.05217715567667991
3888.5925700147695,1.1739764380630602,0.010618618657610173,0.0003373249375255261,0.010281293720084647,90,0.05217715567667991
3888.5925700147695,1.2796354729785626,0.010618618657610173,0.0004351782452086123,0.010183440412401561,90,0.05217715567667991
3888.5925700147695,1.3948039250316824,0.010618618657610173,0.0005593639973993631,0.01005925466021081,90,0.05217715567667991
3888.5925700147695,1.520337651124477,0.010618618657610173,0.0007163513612189794,0.009902267296391194,90,0.05217715567667991
3888.5925700147695,1.657169536122569,0.010618618657610173,0.0009140219119627916,0.009704596745647382,90,0.05217715567667991
3888.5925700147695,1.8063164254476822,0.010618618657610173,0.001161929090515108,0.009456689567095064,90,0.05217715567667991
3888.5925700147695,1.9688866816103285,0.010618618657610173,0.0014715918890337747,0.009147026768576398,90,0.05217715567667991
3888.5925700147695,2.1460884208378745,0.010618618657610173,0.0018568233433234342,0.008761795314286738,90,0.05217715567667991
3888.5925700147695,2.339238491007243,0.010618618657610173,0.002334092930655903,0.00828452572695427,90,0.05217715567667991
3888.5925700147695,2.5497722576003894,0.010618618657610173,0.002922919921912519,0.007695698735697654,90,0.05217715567667991
3888.5925700147695,2.7792542704054104,0.010618618657610173,0.003646292005106381,0.0069723266525037915,90,0.05217715567667991
3888.5925700147695,3.0293898902312417,0.010618618657610173,0.004531099980664829,0.006087518676945344,90,0.05217715567667991
3888.5925700147695,3.3020379620381313,0.010618618657610173,0.005608574952893794,0.005010043704716379,90,0.05217715567667991
3888.5925700147695,3.599224628662322,0.010761615054582212,0.006914709189945225,0.0038469058646369873,90,0.05217715567667991
3888.5925700147695,3.9231583877895577,0.01116945301053107,0.008490635776478784,0.0026788172340522862,90,0.05217715567667991
3888.5925700147695,4.276246504071018,0.01136829108565641,0.010382935564930725,0.000985355520725685,90,0.05217715567667991
3888.5925700147695,4.661112898345847,0.01136829108565641,0.012643833168114868,-0.0012755420824584578,90,0.05217715567667991
3888.5925700147695,5.080617646911311,0.011851040193825631,0.015331237500706467,-0.003480197306880836,90,0.05217715567667991
3888.5925700147695,5.537878235746474,0.011991104679043263,0.018508577616814577,-0.006517472937771314,90,0.05217715567667991
3888.5925700147695,6.036292727636905,0.012882100238839306,0.022244382506829235,-0.009362282267989928,90,0.05217715567667991
3888.5925700147695,6.579565014363433,0.01310429677108417,0.0266115554745758,-0.01350725870349163,90,0.05217715567667991
3888.5925700147695,7.1717323416127225,0.013369047842619776,0.03168630106295872,-0.018317253220338947,90,0.05217715567667991
3888.5925700147695,7.817195311156917,0.013390346645824508,0.03754667628746268,-0.02415632964163817,90,0.05217715567667991
3888.5925700147695,8.520750583258952,0.013726712733928592,0.04427075859963143,-0.030544045865702835,90,0.05217715567667991
3888.5925700147695,9.287626522326553,0.022360390894032862,0.051934450016611455,-0.029574059122578593,90,0.05217715567667991
3888.5925700147695,10.123522050710184,0.050526663622423064,0.06060896854834346,-0.010082304925920396,90,0.05217715567667991
3888.5925700147695,11.03464899938101,0.05498820426009789,0.07035811163434091,-0.015369907374243028,90,0.05217715567667991
3888.5925700147695,12.027778270211655,0.0721977248882407,0.08123540814372664,-0.009037683255485943,90,0.05217715567667991
3888.5925700147695,13.110290152907504,0.07402262431914775,0.09328130168353385,-0.019258677364386106,90,0.05217715567667991
3888.5925700147695,14.290229170511559,0.07435246208648402,0.10652052494066833,-0.032168062854184304,90,0.05217715567667991
3888.5925700147695,15.576363861058477,0.0751558802794538,0.12095982990002295,-0.04580394962056915,90,0.05217715567667991
3888.5925700147695,16.978251939636557,0.08529929106428272,0.13658623062472966,-0.05128693956044694,90,0.05217715567667991
3888.5925700147695,18.50631132509919,0.21621957073729325,0.15336589376920678,0.06285367696808647,90,0.05217715567667991
3888.5925700147695,20.17189755925049,0.23047469749984686,0.17124377827910375,0.05923091922074311,90,0.05217715567667991
3888.5925700147695,21.98738819383367,0.23238446758355427,0.19014408208721534,0.042240385496338934,90,0.05217715567667991
3888.5925700147695,23.966274772431408,0.2518419829684284,0.20997150331499675,0.04187047965343166,90,0.05217715567667991
3888.5925700147695,26.123263090828015,0.26261988314466417,0.23061327066558385,0.03200661247908032,90,0.05217715567667991
3888.5925700147695,28.474382480902506,0.3312480650973839,0.25194184705386535,0.07930621804351856,90,0.05217715567667991
3888.5925700147695,31.037104930180035,0.3762390716800425,0.27381816686859567,0.10242090481144683,90,0.05217715567667991
3888.5925700147695,33.83047492225976,0.4187595641968724,0.29609523486611544,0.12266432933075694,90,0.05217715567667991
3888.5925700147695,36.875250963009485,0.4328963881171287,0.31862189662090873,0.11427449149621999,90,0.05217715567667991
3888.5925700147695,40.194059844256586,0.4367718058442367,0.3412465880756727,0.09552521776856399,90,0.05217715567667991
3888.5925700147695,43.81156479136355,0.4378209521672581,0.3638208845243997,0.07400006764285838,90,0.05217715567667991
3888.5925700147695,47.75464874425019,0.4400355350644013,0.3862026950708863,0.053832839993515014,90,0.05217715567667991
3888.5925700147695,52.05261413388882,0.44113374656492765,0.4082589836844096,0.03287476288051805,90,0.05217715567667991
3888.5925700147695,56.737400638880295,0.4447425139048749,0.42986793819858715,0.014874575706287751,90,0.05217715567667991
3888.5925700147695,61.8438225403361,0.4559160838206787,0.4509205497087915,0.004995534111887245,90,0.05217715567667991
3888.5925700147695,67.40982743893404,0.45622139607492485,0.47132160307328663,-0.015100206998361787,90,0.05217715567667991
3888.5925700147695,73.47677825676274,0.45622737736476415,0.490990111762858,-0.03476273439809385,90,0.05217715567667991
3888.5925700147695,80.08976061961063,0.4562551010217629,0.5098592553566421,-0.053604154334879195,90,0.05217715567667991
3888.5925700147695,87.29791790396244,0.4574554134529906,0.5278758948423569,-0.07042048138936624,90,0.05217715567667991
3888.5925700147695,95.15481643855642,0.4632876843467011,0.5449997497685557,-0.08171206542185461,90,0.05217715567667991
3888.5925700147695,103.71884357443969,0.464805054135907,0.5612023231342547,-0.09639726899834766,90,0.05217715567667991
3888.5925700147695,113.05364158172193,0.46891784071954046,0.5764656560447635,-0.10754781532522306,90,0.05217715567667991
3888.5925700147695,123.22858059746237,0.4689299534426383,0.5907809861594853,-0.12185103271684694,90,0.05217715567667991
3888.5925700147695,134.3192741393338,0.46931971879650297,0.6041473733409487,-0.13482765454444573,90,0.05217715567667991
3888.5925700147695,146.40814101602186,0.47143569792680967,0.6165703440546332,-0.1451346461278235,90,0.05217715567667991
3888.5925700147695,159.58501781011546,0.472135357541634,0.6280605940854578,-0.1559252365438238,90,0.05217715567667991
3888.5925700147695,173.9478264850578,0.4728819983796362,0.6386327778616445,-0.16575077948200834,90,0.05217715567667991
3888.5925700147695,189.6033020773824,0.4723880213017216,0.648304402661561,-0.1759163813598394,90,0.05217715567667991
3888.5925700147695,206.6677858819652,0.4724467314159324,0.6570948375277361,-0.1846481061118037,90,0.05217715567667991
3888.5925700147695,225.26809002472953,0.4725967120066796,0.6650244399283523,-0.19242772792167268,90,0.05217715567667991
3888.5925700147695,245.54243984774803,0.4725967120066796,0.6721137980467845,-0.19951708604010493,90,0.05217715567667991
3888.5925700147695,267.64150110992745,0.4725967120066796,0.6783830829033762,-0.20578637089669666,90,0.05217715567667991
3888.5925700147695,291.72949963677064,0.4725967120066796,0.6838515021250072,-0.21125479011832765,90,0.05217715567667991
3888.5925700147695,317.9854417397141,0.4725967120066796,0.6885368458600818,-0.21594013385340222,90,0.05217715567667991
3888.5925700147695,346.6044444744125,0.4725967120066796,0.6924551148748905,-0.21985840286821096,90,0.05217715567667991
3888.5925700147695,377.7991856235726,0.4725967120066796,0.6956202210655664,-0.22302350905888685,90,0.05217715567667991
3888.5925700147695,411.801484179675,0.4725967120066796,0.6980437513085933,-0.22544703930191373,90,0.05217715567667991
3888.5925700147695,448.86402307269043,0.4725967120066796,0.6997347866126932,-0.2271380746060136,90,0.05217715567667991
3888.5925700147695,489.26222694499216,0.4725967120066796,0.7006997698164167,-0.2281030578097371,90,0.05217715567667991
3888.5925700147695,533.2963089278549,0.4725967120066796,0.7009424165164818,-0.22834570450980224,90,0.05217715567667991
3888.5925700147695,581.2935016298517,0.4725967120066796,0.7004636654521694,-0.22786695344548985,90,0.05217715567667991
3888.5925700147695,633.6104889164096,0.4725967120066796,0.699261666169224,-0.22666495416254445,90,0.05217715567667991
3888.5925700147695,690.6360565519087,0.4725967120066796,0.6973318034134957,-0.22473509140681608,90,0.05217715567667991
3888.5925700147695,752.7939814021893,0.4725967120066796,0.6946667593380818,-0.22207004733140218,90,0.05217715567667991
3888.5925700147695,820.546180668118,0.4725967120066796,0.6912566162278048,-0.2186599042211252,90,0.05217715567667991
3888.5925700147695,894.3961445532864,0.4725967120066796,0.6870890040277629,-0.21449229202108328,90,0.05217715567667991
3888.5925700147695,974.8926778751674,0.4725967120066796,0.6821492984757677,-0.2095525864690881,90,0.05217715567667991
3888.5925700147695,1062.6339784249726,0.4725967120066796,0.6764208770346529,-0.20382416502797335,90,0.05217715567667991
3888.5925700147695,1158.2720823838974,0.4725967120066796,0.6698854410332213,-0.19728872902654176,90,0.05217715567667991
3888.5925700147695,1262.5177098312156,0.4725967120066796,0.6625234133630277,-0.1899267013563481,90,0.05217715567667991
3888.5925700147695,1376.1455463528653,0.4725967120066796,0.654314421623287,-0.18171770961660744,90,0.05217715567667991
3888.5925700147695,1500.0,0.4725967120066796,0.6452378766085999,-0.1726411646019203,90,0.05217715567667991
3944.5179630085813,0.7,0.009832153748280508,5.967331010339382e-05,0.009772480438177114,90,0.0561653797641406
3944.5179630085813,0.7630006889770977,0.009832153748280508,7.8706908026148e-05,0.00975344684025436,90,0.0561653797641406
3944.5179630085813,0.8316715019707511,0.009832153748280508,0.00010343509123409222,0.009728718657046416,90,0.0561653797641406
3944.5179630085813,0.9065227557232869,0.009832153748280508,0.00013543913209754853,0.00969671461618296,90,0.0561653797641406
3944.5179630085813,0.9881106959861216,0.009832153748280508,0.00017670149804956123,0.009655452250230947,90,0.0561653797641406
3944.5179630085813,1.0770416311757862,0.009832153748280508,0.0002296964913026569,0.009602457256977852,90,0.0561653797641406
3944.5179630085813,1.1739764380630602,0.009832153748280508,0.0002974982254448665,0.009534655522835642,90,0.0561653797641406
3944.5179630085813,1.2796354729785626,0.009832153748280508,0.00038390838747912287,0.009448245360801386,90,0.0561653797641406
3944.5179630085813,1.3948039250316824,0.009832153748280508,0.0004936063282888675,0.009338547419991641,90,0.0561653797641406
3944.5179630085813,1.520337651124477,0.009832153748280508,0.0006323240307504355,0.009199829717530073,90,0.0561653797641406
3944.5179630085813,1.657169536122569,0.009832153748280508,0.0008070483837270959,0.009025105364553412,90,0.0561653797641406
3944.5179630085813,1.8063164254476822,0.009832153748280508,0.0010262528928708006,0.008805900855409709,90,0.0561653797641406
3944.5179630085813,1.9688866816103285,0.009832153748280508,0.001300160425150023,0.008531993323130486,90,0.0561653797641406
3944.5179630085813,2.1460884208378745,0.009832153748280508,0.0016410377410097426,0.008191116007270766,90,0.0561653797641406
3944.5179630085813,2.339238491007243,0.009832153748280508,0.0020635213322854166,0.007768632415995092,90,0.0561653797641406
3944.5179630085813,2.5497722576003894,0.009832153748280508,0.002584972362622003,0.007247181385658505,90,0.0561653797641406
3944.5179630085813,2.7792542704054104,0.009832153748280508,0.0032258562038232695,0.0066062975444572385,90,0.0561653797641406
3944.5179630085813,3.0293898902312417,0.009832153748280508,0.004010139086372791,0.005822014661907717,90,0.0561653797641406
3944.5179630085813,3.3020379620381313,0.009832153748280508,0.004965690668081468,0.004866463080199041,90,0.0561653797641406
3944.5179630085813,3.599224628662322,0.009960480612969879,0.006124676850761527,0.0038358037622083516,90,0.0561653797641406
3944.5179630085813,3.9231583877895577,0.010311997049551306,0.007523921999438648,0.002788075050112657,90,0.0561653797641406
3944.5179630085813,4.276246504071018,0.010456615882378912,0.009205214019768565,0.001251401862610347,90,0.0561653797641406
3944.5179630085813,4.661112898345847,0.010456615882378912,0.011215519868724846,-0.0007589039863459338,90,0.0561653797641406
3944.5179630085813,5.080617646911311,0.010898475878244685,0.013607073556925878,-0.002708597678681193,90,0.0561653797641406
3944.5179630085813,5.537878235746474,0.01102408482193239,0.01643729431971161,-0.005413209497779219,90,0.0561653797641406
3944.5179630085813,6.036292727636905,0.011783016892672778,0.019768490370208704,-0.007985473477535926,90,0.0561653797641406
3944.5179630085813,6.579565014363433,0.011999309999708784,0.02366730461927617,-0.011667994619567384,90,0.0561653797641406
3944.5179630085813,7.1717323416127225,0.012261048011096403,0.028203864059793495,-0.015942816048697094,90,0.0561653797641406
3944.5179630085813,7.817195311156917,0.012280354325354003,0.03345060503564762,-0.021170250710293617,90,0.0561653797641406
3944.5179630085813,8.520750583258952,0.01255215015439568,0.03948076271395413,-0.026928612559558446,90,0.0561653797641406
3944.5179630085813,9.287626522326553,0.020511440281346792,0.04636653436280677,-0.02585509408145998,90,0.0561653797641406
3944.5179630085813,10.123522050710184,0.04685950577664009,0.054176951218621094,-0.007317445441981006,90,0.0561653797641406
3944.5179630085813,11.03464899938101,0.05096249212240299,0.06297552066945156,-0.012013028547048568,90,0.0561653797641406
3944.5179630085813,12.027778270211655,0.06715744449222638,0.07281772647027485,-0.005660281978048465,90,0.0561653797641406
3944.5179630085813,13.110290152907504,0.06882225287855173,0.08374849690300003,-0.014926244024448296,90,0.0561653797641406
3944.5179630085813,14.290229170511559,0.0690832570942195,0.0957997667166503,-0.0267165096224308,90,0.0561653797641406
3944.5179630085813,15.576363861058477,0.06973232267804041,0.10898826656222425,-0.03925594388418384,90,0.0561653797641406
3944.5179630085813,16.978251939636557,0.0793115232641359,0.12331367252270624,-0.044002149258570336,90,0.0561653797641406
3944.5179630085813,18.50631132509919,0.20668201572043807,0.13875723798395284,0.06792477773648523,90,0.0561653797641406
3944.5179630085813,20.17189755925049,0.22078607968159528,0.15528101075061063,0.06550506893098465,90,0.0561653797641406
3944.5179630085813,21.98738819383367,0.22265531615086154,0.17282771063516578,0.04982760551569576,90,0.0561653797641406
3944.5179630085813,23.966274772431408,0.2421055108847425,0.19132130787820545,0.05078420300653705,90,0.0561653797641406
3944.5179630085813,26.123263090828015,0.2528067731270824,0.2106683025459855,0.042138470581096876,90,0.0561653797641406
3944.5179630085813,28.474382480902506,0.32104761709577806,0.23075966223940106,0.090287954856377,90,0.0561653797641406
3944.5179630085813,31.037104930180035,0.3659834038855385,0.2514733336128066,0.11451007027273191,90,0.0561653797641406
3944.5179630085813,33.83047492225976,0.408973775719921,0.27267720637729703,0.13629656934262396,90,0.0561653797641406
3944.5179630085813,36.875250963009485,0.42311414475812764,0.29423238051601935,0.1288817642421083,90,0.0561653797641406
3944.5179630085813,40.194059844256586,0.4270547231978285,0.3159965713601492,0.11105815183767931,90,0.0561653797641406
3944.5179630085813,43.81156479136355,0.4281582642408757,0.3378274845168433,0.09033077972403242,90,0.0561653797641406
3944.5179630085813,47.75464874425019,0.43035968355049364,0.3595860032515976,0.07077368029889602,90,0.0561653797641406
3944.5179630085813,52.05261413388882,0.43148281450407117,0.38113905302827467,0.0503437614757965,90,0.0561653797641406
3944.5179630085813,56.737400638880295,0.43519125452230467,0.4023620384764173,0.032829216045887344,90,0.0561653797641406
3944.5179630085813,61.8438225403361,0.4471116132751552,0.4231407833782662,0.02397082989688898,90,0.0561653797641406
3944.5179630085813,67.40982743893404,0.44745268380087,0.4433729405520671,0.004079743248802892,90,0.0561653797641406
3944.5179630085813,73.47677825676274,0.4474684138747447,0.4629688723897236,-0.015500458514978943,90,0.0561653797641406
3944.5179630085813,80.08976061961063,0.4475039899336526,0.48185203171018104,-0.03434804177652845,90,0.0561653797641406
3944.5179630085813,87.29791790396244,0.4489274873984646,0.49995889490023965,-0.05103140750177504,90,0.0561653797641406
3944.5179630085813,95.15481643855642,0.4549185060235575,0.5172385143783702,-0.06232000835481272,90,0.0561653797641406
3944.5179630085813,103.71884357443969,0.45643587581276335,0.5336517654137799,-0.07721588960101655,90,0.0561653797641406
3944.5179630085813,113.05364158172193,0.46080327740056726,0.5491703640681453,-0.08836708666757809,90,0.0561653797641406
3944.5179630085813,123.22858059746237,0.46082787580555,0.5637757296989641,-0.10294785389341404,90,0.0561653797641406
3944.5179630085813,134.3192741393338,0.46125578313518645,0.5774577584401981,-0.11620197530501164,90,0.0561653797641406
3944.5179630085813,146.40814101602186,0.463603048203259,0.5902135647142867,-0.12661051651102767,90,0.0561653797641406
3944.5179630085813,159.58501781011546,0.46433764926541465,0.6020462373430565,-0.13770858807764186,90,0.0561653797641406
3944.5179630085813,173.9478264850578,0.4651889987592295,0.6129636462055132,-0.14777464744628377,90,0.0561653797641406
3944.5179630085813,189.6033020773824,0.46470076766440505,0.6229773253776866,-0.15827655771328153,90,0.0561653797641406
3944.5179630085813,206.6677858819652,0.46478174569704267,0.6321014497760019,-0.16731970407895924,90,0.0561653797641406
3944.5179630085813,225.26809002472953,0.4649317262877898,0.6403519147854551,-0.17542018849766527,90,0.0561653797641406
3944.5179630085813,245.54243984774803,0.4649317262877898,0.64774552228561,-0.18281379599782022,90,0.0561653797641406
3944.5179630085813,267.64150110992745,0.4649317262877898,0.6542992718596,-0.18936754557181024,90,0.0561653797641406
3944.5179630085813,291.72949963677064,0.4649317262877898,0.6600297526659853,-0.1950980263781955,90,0.0561653797641406
3944.5179630085813,317.9854417397141,0.4649317262877898,0.6649526293033168,-0.200020903015527,90,0.0561653797641406
3944.5179630085813,346.6044444744125,0.4649317262877898,0.669082213815385,-0.20415048752759524,90,0.0561653797641406
3944.5179630085813,377.7991856235726,0.4649317262877898,0.6724311155851485,-0.20749938929735867,90,0.0561653797641406
3944.5179630085813,411.801484179675,0.4649317262877898,0.6750099610756674,-0.21007823478787757,90,0.0561653797641406
3944.5179630085813,448.86402307269043,0.4649317262877898,0.6768271760476199,-0.2118954497598301,90,0.0561653797641406
3944.5179630085813,489.26222694499216,0.4649317262877898,0.6778888238909222,-0.21295709760313242,90,0.0561653797641406
3944.5179630085813,533.2963089278549,0.4649317262877898,0.678198494953084,-0.21326676866529426,90,0.0561653797641406
3944.5179630085813,581.2935016298517,0.4649317262877898,0.6777572431516833,-0.2128255168638935,90,0.0561653797641406
3944.5179630085813,633.6104889164096,0.4649317262877898,0.6765635676632393,-0.21163184137544955,90,0.0561653797641406
3944.5179630085813,690.6360565519087,0.4649317262877898,0.67461343903929,-0.20968171275150027,90,0.0561653797641406
3944.5179630085813,752.7939814021893,0.4649317262877898,0.6719003706739989,-0.2069686443862091,90,0.0561653797641406
3944.5179630085813,820.546180668118,0.4649317262877898,0.6684155380997048,-0.203483811811915,90,0.0561653797641406
3944.5179630085813,894.3961445532864,0.4649317262877898,0.6641479500778242,-0.19921622379003445,90,0.0561653797641406
3944.5179630085813,974.8926778751674,0.4649317262877898,0.659084676834065,-0.19415295054627524,90,0.0561653797641406
3944.5179630085813,1062.6339784249726,0.4649317262877898,0.6532111419966398,-0.18827941570884998,90,0.0561653797641406
3944.5179630085813,1158.2720823838974,0.4649317262877898,0.646511485753006,-0.1815797594652162,90,0.0561653797641406
3944.5179630085813,1262.5177098312156,0.4649317262877898,0.6389690073408588,-0.17403728105306904,90,0.0561653797641406
3944.5179630085813,1376.1455463528653,0.4649317262877898,0.6305666951040069,-0.1656349688162171,90,0.0561653797641406
3944.5179630085813,1500.0,0.4649317262877898,0.6212878518197341,-0.15635612553194433,90,0.0561653797641406
4001.247670037664,0.7,0.009411293538256928,5.3734034042109976e-05,0.009357559504214819,90,0.058251491775791475
4001.247670037664,0.7630006889770977,0.009411293538256928,7.089290634514081e-05,0.009340400631911787,90,0.058251491775791475
4001.247670037664,0.8316715019707511,0.009411293538256928,9.319202293649241e-05,0.009318101515320436,90,0.058251491775791475
4001.247670037664,0.9065227557232869,0.009411293538256928,0.0001220608199410321,0.009289232718315896,90,0.058251491775791475
4001.247670037664,0.9881106959861216,0.009411293538256928,0.00015929205395152454,0.009252001484305404,90,0.058251491775791475
4001.247670037664,1.0770416311757862,0.009411293538256928,0.00020712408515753135,0.009204169453099396,90,0.058251491775791475
4001.247670037664,1.1739764380630602,0.009411293538256928,0.0002683389637906024,0.009142954574466325,90,0.058251491775791475
4001.247670037664,1.2796354729785626,0.009411293538256928,0.0003463785757201392,0.009064914962536788,90,0.058251491775791475
4001.247670037664,1.3948039250316824,0.009411293538256928,0.0004454812012375886,0.00896581233701934,90,0.058251491775791475
4001.247670037664,1.520337651124477,0.009411293538256928,0.0005708408634649497,0.008840452674791978,90,0.058251491775791475
4001.247670037664,1.657169536122569,0.009411293538256928,0.000728791755303269,0.008682501782953659,90,0.058251491775791475
4001.247670037664,1.8063164254476822,0.009411293538256928,0.0009270197934860761,0.008484273744770851,90,0.058251491775791475
4001.247670037664,1.9688866816103285,0.009411293538256928,0.0011748029023233206,0.008236490635933607,90,0.058251491775791475
4001.247670037664,2.1460884208378745,0.009411293538256928,0.0014832809148038622,0.007928012623453065,90,0.058251491775791475
4001.247670037664,2.339238491007243,0.009411293538256928,0.001865754921353606,0.007545538616903322,90,0.058251491775791475
4001.247670037664,2.5497722576003894,0.009411293538256928,0.002338014414927747,0.007073279123329181,90,0.058251491775791475
4001.247670037664,2.7792542704054104,0.009411293538256928,0.0029186885896800986,0.006492604948576829,90,0.058251491775791475
4001.247670037664,3.0293898902312417,0.009411293538256928,0.003629615568160827,0.005781677970096101,90,0.058251491775791475
4001.247670037664,3.3020379620381313,0.009411293538256928,0.00449622009584578,0.004915073442411148,90,0.058251491775791475
4001.247670037664,3.599224628662322,0.009526509217487074,0.005547886326889065,0.003978622890598009,90,0.058251491775791475
4001.247670037664,3.9231583877895577,0.00983638068493063,0.00681830777189007,0.00301807291304056,90,0.058251491775791475
4001.247670037664,4.276246504071018,0.009951669719130089,0.008345791427380725,0.001605878291749364,90,0.058251491775791475
4001.247670037664,4.661112898345847,0.009951669719130089,0.010173487835342384,-0.00022181811621229536,90,0.058251491775791475
4001.247670037664,5.080617646911311,0.010358433918941139,0.012349513779183635,-0.001991079860242497,90,0.058251491775791475
4001.247670037664,5.537878235746474,0.01047220707320044,0.01492693015218159,-0.0044547230789811505,90,0.058251491775791475
4001.247670037664,6.036292727636905,0.01113599359117281,0.01796353505861585,-0.00682754146744304,90,0.058251491775791475
4001.247670037664,6.579565014363433,0.011344514061912243,0.021521432371773258,-0.010176918309861015,90,0.058251491775791475
4001.247670037664,7.1717323416127225,0.01159934255228696,0.02566633972223936,-0.014066997169952399,90,0.058251491775791475
4001.247670037664,7.817195311156917,0.011616984313107098,0.030466607987727944,-0.018849623674620848,90,0.058251491775791475
4001.247670037664,8.520750583258952,0.011841427702403661,0.03599193716366971,-0.02415050946126605,90,0.058251491775791475
4001.247670037664,9.287626522326553,0.019330284910306902,0.04231179076889417,-0.02298150585858727,90,0.058251491775791475
4001.247670037664,10.123522050710184,0.04447574667570986,0.04949353172342302,-0.005017785047713164,90,0.058251491775791475
4001.247670037664,11.03464899938101,0.04831754491766869,0.05760032529627401,-0.009282780378605325,90,0.058251491775791475
4001.247670037664,12.027778270211655,0.06386447678663223,0.06668887719013449,-0.00282440040350225,90,0.058251491775791475
4001.247670037664,13.110290152907504,0.0654338859060654,0.07680709495467308,-0.011373209048607683,90,0.058251491775791475
4001.247670037664,14.290229170511559,0.06566072191621913,0.0879917768296828,-0.02233105491346367,90,0.058251491775791475
4001.247670037664,15.576363861058477,0.06620484364326329,0.10026644244306125,-0.03406159879979796,90,0.058251491775791475
4001.247670037664,16.978251939636557,0.07531034303558283,0.1136394236548211,-0.03832908061923827,90,0.058251491775791475
4001.247670037664,18.50631132509919,0.1995652009030506,0.12810233069219423,0.07146287021085637,90,0.058251491775791475
4001.247670037664,20.17189755925049,0.21347708534609827,0.1436289981312152,0.06984808721488306,90,0.058251491775791475
4001.247670037664,21.98738819383367,0.21531061053442202,0.16017499691828274,0.05513561361613928,90,0.058251491775791475
4001.247670037664,23.966274772431408,0.23471207947013142,0.17767777250178574,0.05703430696834569,90,0.058251491775791475
4001.247670037664,26.123263090828015,0.24533333974164964,0.19605743601582587,0.04927590372582377,90,0.058251491775791475
4001.247670037664,28.474382480902506,0.3130888771350233,0.21521819718695254,0.09787067994807078,90,0.058251491775791475
4001.247670037664,31.037104930180035,0.35784230897744096,0.2350503872681772,0.12279192170926376,90,0.058251491775791475
4001.247670037664,33.83047492225976,0.4010903233702965,0.25543298176774965,0.14565734160254684,90,0.058251491775791475
4001.247670037664,36.875250963009485,0.41524545032719706,0.27623650019864093,0.13900895012855613,90,0.058251491775791475
4001.247670037664,40.194059844256586,0.419225310328491,0.29732613715903067,0.1218991731694603,90,0.058251491775791475
4001.247670037664,43.81156479136355,0.42037928814633335,0.31856496818307517,0.10181431996325818,90,0.058251491775791475
4001.247670037664,47.75464874425019,0.4225901149322113,0.339817075781245,0.08277303915096634,90,0.058251491775791475
4001.247670037664,52.05261413388882,0.4237363114824778,0.3609504550652924,0.06278585641718543,90,0.058251491775791475
4001.247670037664,56.737400638880295,0.42752502629706274,0.3818395820744974,0.04568544422256532,90,0.058251491775791475
4001.247670037664,61.8438225403361,0.43998404702494787,0.4023675582205038,0.03761648880444407,90,0.058251491775791475
4001.247670037664,67.40982743893404,0.4403621867389982,0.4224277776204209,0.0179344091185773,90,0.058251491775791475
4001.247670037664,73.47677825676274,0.44039063315206173,0.4419250971214189,-0.0015344639693571915,90,0.058251491775791475
4001.247670037664,80.08976061961063,0.44043230698410485,0.4607765187188097,-0.020344211734704853,90,0.058251491775791475
4001.247670037664,87.29791790396244,0.4420397249144846,0.47891141881215893,-0.03687169389767431,90,0.058251491775791475
4001.247670037664,95.15481643855642,0.4481606757717291,0.49627137718577324,-0.048110701414044166,90,0.058251491775791475
4001.247670037664,103.71884357443969,0.4496780455609348,0.5128096704227941,-0.0631316248618593,90,0.058251491775791475
4001.247670037664,113.05364158172193,0.4542235999792043,0.5284905000316286,-0.07426690005242426,90,0.058251491775791475
4001.247670037664,123.22858059746237,0.4542731991412299,0.5432880257354388,-0.0890148265942089,90,0.058251491775791475
4001.247670037664,134.3192741393338,0.4547447850047987,0.5571852702924813,-0.10244048528768263,90,0.058251491775791475
4001.247670037664,146.40814101602186,0.45731232836196556,0.5701729551204139,-0.11286062675844832,90,0.058251491775791475
4001.247670037664,159.58501781011546,0.4580854098287939,0.5822483170871424,-0.1241629072583485,90,0.058251491775791475
4001.247670037664,173.9478264850578,0.4590343436099134,0.5934139471499086,-0.13437960353999517,90,0.058251491775791475
4001.247670037664,189.6033020773824,0.4585576180082237,0.6036766819110022,-0.1451190639027785,90,0.058251491775791475
4001.247670037664,206.6677858819652,0.4586595088638822,0.6130465702241171,-0.15438706136023495,90,0.058251491775791475
4001.247670037664,225.26809002472953,0.4588094894546293,0.6215359291253307,-0.16272643967070144,90,0.058251491775791475
4001.247670037664,245.54243984774803,0.4588094894546293,0.6291584967855627,-0.1703490073309334,90,0.058251491775791475
4001.247670037664,267.64150110992745,0.4588094894546293,0.6359286849476247,-0.17711919549299537,90,0.058251491775791475
4001.247670037664,291.72949963677064,0.4588094894546293,0.6418609293736806,-0.18305143991905126,90,0.058251491775791475
4001.247670037664,317.9854417397141,0.4588094894546293,0.6469691340713075,-0.18815964461667822,90,0.058251491775791475
4001.247670037664,346.6044444744125,0.4588094894546293,0.6512662033333638,-0.19245671387873453,90,0.058251491775791475
4001.247670037664,377.7991856235726,0.4588094894546293,0.6547636547496104,-0.1959541652949811,90,0.058251491775791475
4001.247670037664,411.801484179675,0.4588094894546293,0.6574713061608957,-0.19866181670626637,90,0.058251491775791475
4001.247670037664,448.86402307269043,0.4588094894546293,0.6593970298782575,-0.20058754042362825,90,0.058251491775791475
4001.247670037664,489.26222694499216,0.4588094894546293,0.6605465682478625,-0.20173707879323322,90,0.058251491775791475
4001.247670037664,533.2963089278549,0.4588094894546293,0.6609234056982223,-0.20211391624359298,90,0.058251491775791475
4001.247670037664,581.2935016298517,0.4588094894546293,0.6605286936687753,-0.20171920421414602,90,0.058251491775791475
4001.247670037664,633.6104889164096,0.4588094894546293,0.6593612262163011,-0.20055173676167182,90,0.058251491775791475
4001.247670037664,690.6360565519087,0.4588094894546293,0.6574174655682343,-0.19860797611360503,90,0.058251491775791475
4001.247670037664,752.7939814021893,0.4588094894546293,0.6546916183883723,-0.19588212893374302,90,0.058251491775791475
4001.247670037664,820.546180668118,0.4588094894546293,0.6511757649919472,-0.1923662755373179,90,0.058251491775791475
4001.247670037664,894.3961445532864,0.4588094894546293,0.6468600451419783,-0.18805055568734896,90,0.058251491775791475
4001.247670037664,974.8926778751674,0.4588094894546293,0.6417329053175845,-0.18292341586295524,90,0.058251491775791475
4001.247670037664,1062.6339784249726,0.4588094894546293,0.6357814133946285,-0.17697192393999917,90,0.058251491775791475
4001.247670037664,1158.2720823838974,0.4588094894546293,0.6289916474295681,-0.17018215797493885,90,0.058251491775791475
4001.247670037664,1262.5177098312156,0.4588094894546293,0.6213491655780091,-0.16253967612337983,90,0.058251491775791475
4001.247670037664,1376.1455463528653,0.4588094894546293,0.6128395639781187,-0.15403007452348938,90,0.058251491775791475
4001.247670037664,1500.0,0.4588094894546293,0.6034491285338862,-0.14463963907925692,90,0.058251491775791475
4058.793258675041,0.7,0.008983835490970862,4.7345514063040774e-05,0.00893648997690782,90,0.06130385673466199
4058.793258675041,0.7630006889770977,0.008983835490970862,6.248170139032604e-05,0.008921353789580536,90,0.06130385673466199
4058.793258675041,0.8316715019707511,0.008983835490970862,8.21579880785914e-05,0.00890167750289227,90,0.06130385673466199
4058.793258675041,0.9065227557232869,0.008983835490970862,0.0001076387712037288,0.008876196719767132,90,0.06130385673466199
4058.793258675041,0.9881106959861216,0.008983835490970862,0.000140510397186417,0.008843325093784445,90,0.06130385673466199
4058.793258675041,1.0770416311757862,0.008983835490970862,0.00018275425470817456,0.008801081236262687,90,0.06130385673466199
4058.793258675041,1.1739764380630602,0.008983835490970862,0.0002368339646060151,0.008747001526364847,90,0.06130385673466199
4058.793258675041,1.2796354729785626,0.008983835490970862,0.0003057987009353629,0.008678036790035499,90,0.06130385673466199
4058.793258675041,1.3948039250316824,0.008983835490970862,0.00039340477631426795,0.008590430714656594,90,0.06130385673466199
4058.793258675041,1.520337651124477,0.008983835490970862,0.0005042576603270523,0.00847957783064381,90,0.06130385673466199
4058.793258675041,1.657169536122569,0.008983835490970862,0.0006439765431939213,0.00833985894777694,90,0.06130385673466199
4058.793258675041,1.8063164254476822,0.008983835490970862,0.0008193833716674603,0.008164452119303401,90,0.06130385673466199
4058.793258675041,1.9688866816103285,0.008983835490970862,0.001038717925374475,0.007945117565596387,90,0.06130385673466199
4058.793258675041,2.1460884208378745,0.008983835490970862,0.001311879915823224,0.007671955575147638,90,0.06130385673466199
4058.793258675041,2.339238491007243,0.008983835490970862,0.0016506982145527808,0.007333137276418081,90,0.06130385673466199
4058.793258675041,2.5497722576003894,0.008983835490970862,0.002069226081723366,0.006914609409247496,90,0.06130385673466199
4058.793258675041,2.7792542704054104,0.008983835490970862,0.0025840595985775947,0.006399775892393267,90,0.06130385673466199
4058.793258675041,3.0293898902312417,0.008983835490970862,0.003214674336561043,0.005769161154409818,90,0.06130385673466199
4058.793258675041,3.3020379620381313,0.008983835490970862,0.003983772566568927,0.005000062924401935,90,0.06130385673466199
4058.793258675041,3.599224628662322,0.009084700307349725,0.004917629998405697,0.004167070308944028,90,0.06130385673466199
4058.793258675041,3.9231583877895577,0.009348029705939363,0.006046427170608669,0.0033016025353306945,90,0.06130385673466199
4058.793258675041,4.276246504071018,0.009428582860647754,0.007404546292541234,0.00202403656810652,90,0.06130385673466199
4058.793258675041,4.661112898345847,0.009428582860647754,0.009030809793923152,0.0003977730667246021,90,0.06130385673466199
4058.793258675041,5.080617646911311,0.009800137031537997,0.010968632421253066,-0.0011684953897150695,90,0.06130385673466199
4058.793258675041,5.537878235746474,0.00990272172089359,0.013266054951003215,-0.0033633332301096254,90,0.06130385673466199
4058.793258675041,6.036292727636905,0.01045522789642073,0.015975625127265098,-0.005520397230844368,90,0.06130385673466199
4058.793258675041,6.579565014363433,0.010656187556049766,0.019154091034880597,-0.00849790347883083,90,0.06130385673466199
4058.793258675041,7.1717323416127225,0.010903891656884324,0.022861874544015087,-0.011957982887130764,90,0.06130385673466199
4058.793258675041,7.817195311156917,0.010920046925038682,0.027162298315355205,-0.01624225139031652,90,0.06130385673466199
4058.793258675041,8.520750583258952,0.011091358863493685,0.032120549421662425,-0.02102919055816874,90,0.06130385673466199
4058.793258675041,9.287626522326553,0.018035327871905617,0.037802375733604315,-0.019767047861698698,90,0.06130385673466199
4058.793258675041,10.123522050710184,0.04171133675343057,0.04427252710826653,-0.002561190354835957,90,0.06130385673466199
4058.793258675041,11.03464899938101,0.045251843941258314,0.05159297091148233,-0.006341126970224015,90,0.06130385673466199
4058.793258675041,12.027778270211655,0.05997866463864921,0.059820929054352254,0.00015773558429695717,90,0.06130385673466199
4058.793258675041,13.110290152907504,0.061417409294856014,0.06900680014029183,-0.007589390845435813,90,0.06130385673466199
4058.793258675041,14.290229170511559,0.06159574260817517,0.0791920444334062,-0.01759630182523103,90,0.06130385673466199
4058.793258675041,15.576363861058477,0.0620206765741016,0.0904071205120804,-0.028386443937978796,90,0.06130385673466199
4058.793258675041,16.978251939636557,0.07057391025211164,0.10266957025482108,-0.03209566000270944,90,0.06130385673466199
4058.793258675041,18.50631132509919,0.19057729121653946,0.1159823527329232,0.07459493848361626,90,0.06130385673466199
4058.793258675041,20.17189755925049,0.20418751324900264,0.13033252679447768,0.07385498645452496,90,0.06130385673466199
4058.793258675041,21.98738819383367,0.20596279980859306,0.14569037533468637,0.06027242447390668,90,0.06130385673466199
4058.793258675041,23.966274772431408,0.22521880211960743,0.16200905008435829,0.06320975203524914,90,0.06130385673466199
4058.793258675041,26.123263090828015,0.2357316498811077,0.17922479336141034,0.05650685651969736,90,0.06130385673466199
4058.793258675041,28.474382480902506,0.30271026356088343,0.19725776294239145,0.10545250061849198,90,0.06130385673466199
4058.793258675041,31.037104930180035,0.3471235341309631,0.21601344990447988,0.1311100842264832,90,0.06130385673466199
4058.793258675041,33.83047492225976,0.39061093005650155,0.23538464032957362,0.15522628972692792,90,0.06130385673466199
4058.793258675041,36.875250963009485,0.40477367583897617,0.2552538344637655,0.14951984137521068,90,0.06130385673466199
4058.793258675041,40.194059844256586,0.40881113930497726,0.27549600571555793,0.13331513358941932,90,0.06130385673466199
4058.793258675041,43.81156479136355,0.4100215155866726,0.29598156043309864,0.11403995515357396,90,0.06130385673466199
4058.793258675041,47.75464874425019,0.41223912647184785,0.31657934999342285,0.095659776478425,90,0.06130385673466199
4058.793258675041,52.05261413388882,0.4134121402726103,0.33715958991198774,0.07625255036062256,90,0.06130385673466199
4058.793258675041,56.737400638880295,0.41729967065981827,0.3575965553204193,0.05970311533939898,90,0.06130385673466199
4058.793258675041,61.8438225403361,0.43037235632134757,0.3777709458343756,0.05260141048697198,90,0.06130385673466199
4058.793258675041,67.40982743893404,0.43079495036349835,0.3975718423223246,0.03322310804117373,90,0.06130385673466199
4058.793258675041,73.47677825676274,0.43084210057770644,0.4168982099404182,0.013943890637288237,90,0.06130385673466199
4058.793258675041,80.08976061961063,0.43089581698853807,0.43565993282815163,-0.0047641158396135586,90,0.06130385673466199
4058.793258675041,87.29791790396244,0.4327449425168662,0.4537783934862525,-0.021033450969386303,90,0.06130385673466199
4058.793258675041,95.15481643855642,0.43904027950962493,0.47118663231025554,-0.032146352800630607,90,0.06130385673466199
4058.793258675041,103.71884357443969,0.44055764929883073,0.4878291391070289,-0.047271489808198175,90,0.06130385673466199
4058.793258675041,113.05364158172193,0.4453396143570155,0.5036613385254184,-0.058321724168402866,90,0.06130385673466199
4058.793258675041,123.22858059746237,0.4454469403139584,0.5186488356501576,-0.07320189533619925,90,0.06130385673466199
4058.793258675041,134.3192741393338,0.4459805976237439,0.5327664874276656,-0.08678588980392171,90,0.06130385673466199
4058.793258675041,146.40814101602186,0.448798568188413,0.5459973612292593,-0.09719879304084633,90,0.06130385673466199
4058.793258675041,159.58501781011546,0.44963789065778603,0.5583316348866686,-0.10869374422888256,90,0.06130385673466199
4058.793258675041,173.9478264850578,0.4507297767500023,0.5697654840594248,-0.11903570730942253,90,0.06130385673466199
4058.793258675041,189.6033020773824,0.45026478838815726,0.5802999937585764,-0.13003520537041918,90,0.06130385673466199
4058.793258675041,206.6677858819652,0.4504020710349675,0.5899401219985035,-0.13953805096353605,90,0.06130385673466199
4058.793258675041,225.26809002472953,0.45056099239804287,0.5986937354083854,-0.14813274301034257,90,0.06130385673466199
4058.793258675041,245.54243984774803,0.45056099239804287,0.6065707295399483,-0.1560097371419054,90,0.06130385673466199
4058.793258675041,267.64150110992745,0.45056099239804287,0.6135822407244386,-0.1630212483263957,90,0.06130385673466199
4058.793258675041,291.72949963677064,0.45056099239804287,0.6197399516955465,-0.16917895929750365,90,0.06130385673466199
4058.793258675041,317.9854417397141,0.45056099239804287,0.6250554897500882,-0.1744944973520453,90,0.06130385673466199
4058.793258675041,346.6044444744125,0.45056099239804287,0.6295399138499913,-0.17897892145194844,90,0.06130385673466199
4058.793258675041,377.7991856235726,0.45056099239804287,0.6332032856319156,-0.18264229323387277,90,0.06130385673466199
4058.793258675041,411.801484179675,0.45056099239804287,0.6360543186291363,-0.18549332623109344,90,0.06130385673466199
4058.793258675041,448.86402307269043,0.45056099239804287,0.638100099972953,-0.18753910757491016,90,0.06130385673466199
4058.793258675041,489.26222694499216,0.45056099239804287,0.6393458792898415,-0.18878488689179868,90,0.06130385673466199
4058.793258675041,533.2963089278549,0.45056099239804287,0.6397949203250349,-0.18923392792699206,90,0.06130385673466199
4058.793258675041,581.2935016298517,0.45056099239804287,0.6394484119003566,-0.18888741950231375,90,0.06130385673466199
4058.793258675041,633.6104889164096,0.45056099239804287,0.6383054360671344,-0.18774444366909154,90,0.06130385673466199
4058.793258675041,690.6360565519087,0.45056099239804287,0.6363629926697612,-0.18580200027171828,90,0.06130385673466199
4058.793258675041,752.7939814021893,0.45056099239804287,0.633616080925837,-0.18305508852779412,90,0.06130385673466199
4058.793258675041,820.546180668118,0.45056099239804287,0.630057839991761,-0.17949684759371815,90,0.06130385673466199
4058.793258675041,894.3961445532864,0.45056099239804287,0.6256797517526876,-0.17511875935464477,90,0.06130385673466199
4058.793258675041,974.8926778751674,0.45056099239804287,0.6204719101801336,-0.16991091778209072,90,0.06130385673466199
4058.793258675041,1062.6339784249726,0.45056099239804287,0.6144233624542321,-0.16386237005618925,90,0.06130385673466199
4058.793258675041,1158.2720823838974,0.45056099239804287,0.6075225275500922,-0.1569615351520493,90,0.06130385673466199
4058.793258675041,1262.5177098312156,0.45056099239804287,0.5997576980204198,-0.1491967056223769,90,0.06130385673466199
4058.793258675041,1376.1455463528653,0.45056099239804287,0.5911176301335763,-0.14055663773553345,90,0.06130385673466199
4058.793258675041,1500.0,0.45056099239804287,0.5815922261977111,-0.13103123379966825,90,0.06130385673466199
4117.166462857544,0.7,0.008396236859148977,4.147007520746198e-05,0.008354766783941515,90,0.05829592572472908
4117.166462857544,0.7630006889770977,0.008396236859148977,5.474332254787037e-05,0.008341493536601107,90,0.05829592572472908
4117.166462857544,0.8316715019707511,0.008396236859148977,7.200310569263605e-05,0.008324233753456341,90,0.05829592572472908
4117.166462857544,0.9065227557232869,0.008396236859148977,9.43613891677455e-05,0.008301875469981231,90,0.05829592572472908
4117.166462857544,0.9881106959861216,0.008396236859148977,0.0001232138507197969,0.00827302300842918,90,0.05829592572472908
4117.166462857544,1.0770416311757862,0.008396236859148977,0.00016030449611665167,0.008235932363032326,90,0.05829592572472908
4117.166462857544,1.1739764380630602,0.008396236859148977,0.00020780281509690202,0.008188434044052076,90,0.05829592572472908
4117.166462857544,1.2796354729785626,0.008396236859148977,0.00026839532382885554,0.008127841535320122,90,0.05829592572472908
4117.166462857544,1.3948039250316824,0.008396236859148977,0.00034539344803918197,0.008050843411109796,90,0.05829592572472908
4117.166462857544,1.520337651124477,0.008396236859148977,0.0004428597624518614,0.007953377096697117,90,0.05829592572472908
4117.166462857544,1.657169536122569,0.008396236859148977,0.0005657545937540265,0.00783048226539495,90,0.05829592572472908
4117.166462857544,1.8063164254476822,0.008396236859148977,0.0007201048875831709,0.007676131971565806,90,0.05829592572472908
4117.166462857544,1.9688866816103285,0.008396236859148977,0.0009131969999994778,0.007483039859149499,90,0.05829592572472908
4117.166462857544,2.1460884208378745,0.008396236859148977,0.0011537946583030417,0.007242442200845935,90,0.05829592572472908
4117.166462857544,2.339238491007243,0.008396236859148977,0.0014523826951077065,0.006943854164041271,90,0.05829592572472908
4117.166462857544,2.5497722576003894,0.008396236859148977,0.0018214362364711335,0.006574800622677844,90,0.05829592572472908
4117.166462857544,2.7792542704054104,0.008396236859148977,0.002275713757365368,0.006120523101783609,90,0.05829592572472908
4117.166462857544,3.0293898902312417,0.008396236859148977,0.0028325707416246492,0.005563666117524328,90,0.05829592572472908
4117.166462857544,3.3020379620381313,0.008396236859148977,0.003512288538520945,0.004883948320628032,90,0.05829592572472908
4117.166462857544,3.599224628662322,0.00848817411395937,0.004338410347588967,0.004149763766370404,90,0.05829592572472908
4117.166462857544,3.9231583877895577,0.008711289599616813,0.005338073067839885,0.003373216531776928,90,0.05829592572472908
4117.166462857544,4.276246504071018,0.008771149777565285,0.006542320043558689,0.0022288297340065967,90,0.05829592572472908
4117.166462857544,4.661112898345847,0.008771149777565285,0.007986375622038078,0.0007847741555272077,90,0.05829592572472908
4117.166462857544,5.080617646911311,0.00907414190776066,0.009709858099542232,-0.000635716191781573,90,0.05829592572472908
4117.166462857544,5.537878235746474,0.009131165821602668,0.011756903381430223,-0.0026257375598275554,90,0.05829592572472908
4117.166462857544,6.036292727636905,0.009523428875912376,0.014176167969534494,-0.004652739093622118,90,0.05829592572472908
4117.166462857544,6.579565014363433,0.009706601301466144,0.017020677302378866,-0.007314076000912722,90,0.05829592572472908
4117.166462857544,7.1717323416127225,0.009940393257910723,0.020347484712043867,-0.010407091454133145,90,0.05829592572472908
4117.166462857544,7.817195311156917,0.009948393421933693,0.02421710807526787,-0.014268714653334177,90,0.05829592572472908
4117.166462857544,8.520750583258952,0.010069448373604559,0.028692716321277116,-0.018623267947672557,90,0.05829592572472908
4117.166462857544,9.287626522326553,0.016640997307002543,0.033839046819560445,-0.017198049512557902,90,0.05829592572472908
4117.166462857544,10.123522050710184,0.03930715003362435,0.03972104747375097,-0.00041389744012661905,90,0.05829592572472908
4117.166462857544,11.03464899938101,0.04264848476268879,0.04640225379801129,-0.003753769035322506,90,0.05829592572472908
4117.166462857544,12.027778270211655,0.05684983584199449,0.053942930533695005,0.0029069053082994845,90,0.05829592572472908
4117.166462857544,13.110290152907504,0.05821099578672922,0.062398028169213623,-0.0041870323824844055,90,0.05829592572472908
4117.166462857544,14.290229170511559,0.058360947573665306,0.07181502537551392,-0.01345407780184861,90,0.05829592572472908
4117.166462857544,15.576363861058477,0.05871286658738056,0.08223174698738737,-0.02351888040000681,90,0.05829592572472908
4117.166462857544,16.978251939636557,0.06689865830838099,0.09367426185679519,-0.026775603548414198,90,0.05829592572472908
4117.166462857544,18.50631132509919,0.18418752155091472,0.10615497392436021,0.07803254762655451,90,0.05829592572472908
4117.166462857544,20.17189755925049,0.19759376181598962,0.11967102169806004,0.07792274011792957,90,0.05829592572472908
4117.166462857544,21.98738819383367,0.19933324455706974,0.13420309486534485,0.0651301496917249,90,0.05829592572472908
4117.166462857544,23.966274772431408,0.21850043435028188,0.14971476140571433,0.06878567294456756,90,0.05829592572472908
4117.166462857544,26.123263090828015,0.22894338963129668,0.1661523744791491,0.06279101515214758,90,0.05829592572472908
4117.166462857544,28.474382480902506,0.2954661696614164,0.18344559667159852,0.11202057298981791,90,0.05829592572472908
4117.166462857544,31.037104930180035,0.33967025154904384,0.20150854208014457,0.13816170946889927,90,0.05829592572472908
4117.166462857544,33.83047492225976,0.383253580614609,0.2202414973794727,0.1630120832351363,90,0.05829592572472908
4117.166462857544,36.875250963009485,0.3974141664593138,0.239533145206432,0.1578810212528818,90,0.05829592572472908
4117.166462857544,40.194059844256586,0.40149958115125006,0.2592631807870964,0.14223640036415364,90,0.05829592572472908
4117.166462857544,43.81156479136355,0.40275066505934787,0.27930518903847046,0.12344547602087741,90,0.05829592572472908
4117.166462857544,47.75464874425019,0.4049642334923998,0.2995296366766212,0.1054345968157786,90,0.05829592572472908
4117.166462857544,52.05261413388882,0.4061623111435194,0.31980683304423585,0.08635547809928357,90,0.05829592572472908
4117.166462857544,56.737400638880295,0.4101315065355272,0.3400097238739298,0.07012178266159741,90,0.05829592572472908
4117.166462857544,61.8438225403361,0.4235950594370055,0.36001640220391123,0.06357865723309425,90,0.05829592572472908
4117.166462857544,67.40982743893404,0.4240441445704376,0.37971224743760057,0.04433189713283703,90,0.05829592572472908
4117.166462857544,73.47677825676274,0.42410780170313134,0.39899163393112086,0.025116167772010478,90,0.05829592572472908
4117.166462857544,80.08976061961063,0.42416917620347033,0.41775918136979423,0.0064099948336761026,90,0.05829592572472908
4117.166462857544,87.29791790396244,0.42617523675944347,0.43593054783213137,-0.0097553110726879,90,0.05829592572472908
4117.166462857544,95.15481643855642,0.4325969080636018,0.45343279077887055,-0.02083588271526876,90,0.05829592572472908
4117.166462857544,103.71884357443969,0.4341142778528077,0.47020433997255395,-0.03609006211974625,90,0.05829592572472908
4117.166462857544,113.05364158172193,0.4390535397320874,0.486194639034367,-0.04714109930227961,90,0.05829592572472908
4117.166462857544,123.22858059746237,0.43919883471107884,0.5013635191543496,-0.06216468444327078,90,0.05829592572472908
4117.166462857544,134.3192741393338,0.4397761802175798,0.5156803700677577,-0.07590418985017788,90,0.05829592572472908
4117.166462857544,146.40814101602186,0.442750472097324,0.5291231707888915,-0.0863726986915675,90,0.05829592572472908
4117.166462857544,159.58501781011546,0.44363415153640595,0.5416774368855868,-0.09804328534918083,90,0.05829592572472908
4117.166462857544,173.9478264850578,0.4448141534762731,0.5533351334028407,-0.10852097992656756,90,0.05829592572472908
4117.166462857544,189.6033020773824,0.44435763598724076,0.5640935939051195,-0.11973595791787872,90,0.05829592572472908
4117.166462857544,206.6677858819652,0.4445207714155663,0.5739544773252335,-0.12943370590966724,90,0.05829592572472908
4117.166462857544,225.26809002472953,0.44468512073724076,0.582922785998665,-0.13823766526142423,90,0.05829592572472908
4117.166462857544,245.54243984774803,0.44468512073724076,0.5910059608394719,-0.14632084010223112,90,0.05829592572472908
4117.166462857544,267.64150110992745,0.44468512073724076,0.5982130633127767,-0.15352794257553593,90,0.05829592572472908
4117.166462857544,291.72949963677064,0.44468512073724076,0.6045540487707325,-0.15986892803349173,90,0.05829592572472908
4117.166462857544,317.9854417397141,0.44468512073724076,0.6100391318280282,-0.1653540110907874,90,0.05829592572472908
4117.166462857544,346.6044444744125,0.44468512073724076,0.6146782416718046,-0.16999312093456387,90,0.05829592572472908
4117.166462857544,377.7991856235726,0.44468512073724076,0.6184805633994112,-0.1737954426621704,90,0.05829592572472908
4117.166462857544,411.801484179675,0.44468512073724076,0.621454160507108,-0.17676903976986724,90,0.05829592572472908
4117.166462857544,448.86402307269043,0.44468512073724076,0.6236056733629267,-0.17892055262568596,90,0.05829592572472908
4117.166462857544,489.26222694499216,0.44468512073724076,0.6249400887454518,-0.18025496800821106,90,0.05829592572472908
4117.166462857544,533.2963089278549,0.44468512073724076,0.6254605761898011,-0.18077545545256035,90,0.05829592572472908
4117.166462857544,581.2935016298517,0.44468512073724076,0.6251683878414718,-0.18048326710423102,90,0.05829592572472908
4117.166462857544,633.6104889164096,0.44468512073724076,0.6240628196822684,-0.17937769894502764,90,0.05829592572472908
4117.166462857544,690.6360565519087,0.44468512073724076,0.6221412332770144,-0.17745611253977367,90,0.05829592572472908
4117.166462857544,752.7939814021893,0.44468512073724076,0.6193991385201945,-0.1747140177829537,90,0.05829592572472908
4117.166462857544,820.546180668118,0.44468512073724076,0.6158303391664082,-0.1711452184291674,90,0.05829592572472908
4117.166462857544,894.3961445532864,0.44468512073724076,0.6114271441339864,-0.1667420233967456,90,0.05829592572472908
4117.166462857544,974.8926778751674,0.44468512073724076,0.6061806485969277,-0.1614955278596869,90,0.05829592572472908
4117.166462857544,1062.6339784249726,0.44468512073724076,0.6000810896345496,-0.1553959688973089,90,0.05829592572472908
4117.166462857544,1158.2720823838974,0.44468512073724076,0.5931182815844317,-0.14843316084719094,90,0.05829592572472908
4117.166462857544,1262.5177098312156,0.44468512073724076,0.5852821361193203,-0.14059701538207958,90,0.05829592572472908
4117.166462857544,1376.1455463528653,0.44468512073724076,0.5765632713044776,-0.13187815056723684,90,0.05829592572472908
4117.166462857544,1500.0,0.44468512073724076,0.5669537123392815,-0.12226859160204073,90,0.05829592572472908
4176.379185278442,0.7,0.008760189440912171,4.475567940078657e-05,0.008715433761511385,90,0.05589725007947077
4176.379185278442,0.7630006889770977,0.008760189440912171,5.9093287140453746e-05,0.008701096153771718,90,0.05589725007947077
4176.379185278442,0.8316715019707511,0.008760189440912171,7.77399227704464e-05,0.008682449518141724,90,0.05589725007947077
4176.379185278442,0.9065227557232869,0.008760189440912171,0.0001018974072142828,0.008658292033697888,90,0.05589725007947077
4176.379185278442,0.9881106959861216,0.008760189440912171,0.00013307351149480177,0.008627115929417369,90,0.05589725007947077
4176.379185278442,1.0770416311757862,0.008760189440912171,0.00017315101759937345,0.008587038423312798,90,0.05589725007947077
4176.379185278442,1.1739764380630602,0.008760189440912171,0.00022446975998233898,0.008535719680929832,90,0.05589725007947077
4176.379185278442,1.2796354729785626,0.008760189440912171,0.00028992329958768277,0.00847026614132449,90,0.05589725007947077
4176.379185278442,1.3948039250316824,0.008760189440912171,0.0003730718268162369,0.008387117614095935,90,0.05589725007947077
4176.379185278442,1.520337651124477,0.008760189440912171,0.000478272710960415,0.008281916729951756,90,0.05589725007947077
4176.379185278442,1.657169536122569,0.008760189440912171,0.0006108297654143765,0.008149359675497795,90,0.05589725007947077
4176.379185278442,1.8063164254476822,0.008760189440912171,0.0007771617278347286,0.007983027713077443,90,0.05589725007947077
4176.379185278442,1.9688866816103285,0.008760189440912171,0.0009849896073705407,0.007775199833541631,90,0.05589725007947077
4176.379185278442,2.1460884208378745,0.008760189440912171,0.0012435413785512536,0.0075166480623609176,90,0.05589725007947077
4176.379185278442,2.339238491007243,0.008760189440912171,0.0015637709766457774,0.007196418464266394,90,0.05589725007947077
4176.379185278442,2.5497722576003894,0.008760189440912171,0.0019585866907037637,0.006801602750208408,90,0.05589725007947077
4176.379185278442,2.7792542704054104,0.008760189440912171,0.0024430819531970726,0.006317107487715098,90,0.05589725007947077
4176.379185278442,3.0293898902312417,0.008760189440912171,0.003034759396939713,0.005725430043972458,90,0.05589725007947077
4176.379185278442,3.3020379620381313,0.008760189440912171,0.003753737240766358,0.005006452200145813,90,0.05589725007947077
4176.379185278442,3.599224628662322,0.00884373278270605,0.004622926070469654,0.004220806712236395,90,0.05589725007947077
4176.379185278442,3.9231583877895577,0.009014988024843159,0.005668164486755991,0.0033468235380871673,90,0.05589725007947077
4176.379185278442,4.276246504071018,0.009033290965967567,0.006918304428760969,0.0021149865372065988,90,0.05589725007947077
4176.379185278442,4.661112898345847,0.009033290965967567,0.008405241471529571,0.0006280494944379961,90,0.05589725007947077
4176.379185278442,5.080617646911311,0.009281730101020784,0.010163891616565227,-0.0008821615155444433,90,0.05589725007947077
4176.379185278442,5.537878235746474,0.009310834150338143,0.012232122681037164,-0.0029212885306990205,90,0.05589725007947077
4176.379185278442,6.036292727636905,0.009509690175792323,0.014650652977918583,-0.00514096280212626,90,0.05589725007947077
4176.379185278442,6.579565014363433,0.009675555498352098,0.017462929619835782,-0.007787374121483684,90,0.05589725007947077
4176.379185278442,7.1717323416127225,0.010754156585876227,0.02071499095652847,-0.009960834370652243,90,0.05589725007947077
4176.379185278442,7.817195311156917,0.010754156585876227,0.024455301678345785,-0.013701145092469558,90,0.05589725007947077
4176.379185278442,8.520750583258952,0.010822121085046635,0.028734527305587856,-0.017912406220541223,90,0.05589725007947077
4176.379185278442,9.287626522326553,0.01688374312722261,0.033605192646251954,-0.016721449519029343,90,0.05589725007947077
4176.379185278442,10.123522050710184,0.038146521600433456,0.03912115372488549,-0.0009746321244520351,90,0.05589725007947077
4176.379185278442,11.03464899938101,0.04119323104553562,0.04533681138202478,-0.004143580336489157,90,0.05589725007947077
4176.379185278442,12.027778270211655,0.054571358649125545,0.05230601062718639,0.0022653480219391522,90,0.05589725007947077
4176.379185278442,13.110290152907504,0.05580574166114785,0.060080601571405795,-0.004274859910257944,90,0.05589725007947077
4176.379185278442,14.290229170511559,0.055905119367619535,0.0687086797985511,-0.01280356043093156,90,0.05589725007947077
4176.379185278442,15.576363861058477,0.056127676066689884,0.07823256859435555,-0.02210489252766567,90,0.05589725007947077
4176.379185278442,16.978251939636557,0.06375719307463154,0.08868664504470063,-0.024929451970069086,90,0.05589725007947077
4176.379185278442,18.50631132509919,0.17534179167488384,0.10009514117612174,0.0752466504987621,90,0.05589725007947077
4176.379185278442,20.17189755925049,0.18846353826416143,0.11247006717678287,0.07599347108737856,90,0.05589725007947077
4176.379185278442,21.98738819383367,0.19016217647440445,0.1258094056466724,0.06435277082773205,90,0.05589725007947077
4176.379185278442,23.966274772431408,0.20922754266907298,0.14009571455764813,0.06913182811142485,90,0.05589725007947077
4176.379185278442,26.123263090828015,0.21958145437624368,0.15529525372626057,0.06428620064998311,90,0.05589725007947077
4176.379185278442,28.474382480902506,0.28554313260193287,0.17135771717928872,0.11418541542264415,90,0.05589725007947077
4176.379185278442,31.037104930180035,0.32953100391061346,0.1882166143658588,0.14131438954475467,90,0.05589725007947077
4176.379185278442,33.83047492225976,0.3734155796977314,0.2057902998254823,0.16762527987224912,90,0.05589725007947077
4176.379185278442,36.875250963009485,0.3876102150544655,0.2239836072423187,0.16362660781214683,90,0.05589725007947077
4176.379185278442,40.194059844256586,0.3917573696269367,0.2426900036398064,0.1490673659871303,90,0.05589725007947077
4176.379185278442,43.81156479136355,0.3930624642324326,0.2617941464577125,0.1312683177747201,90,0.05589725007947077
4176.379185278442,47.75464874425019,0.39528570483953807,0.28117470338158174,0.11411100145795633,90,0.05589725007947077
4176.379185278442,52.05261413388882,0.3965081200368928,0.30070728390465845,0.09580083613223433,90,0.05589725007947077
4176.379185278442,56.737400638880295,0.40057974912754973,0.320267333134917,0.08031241599263272,90,0.05589725007947077
4176.379185278442,61.8438225403361,0.41468222215835737,0.33973285133150977,0.0749493708268476,90,0.05589725007947077
4176.379185278442,67.40982743893404,0.41517373927562196,0.358986824878093,0.05618691439752893,90,0.05589725007947077
4176.379185278442,73.47677825676274,0.4152513216713575,0.377919282881761,0.037332038789596456,90,0.05589725007947077
4176.379185278442,80.08976061961063,0.41532286830781234,0.3964289250083945,0.018893943299417848,90,0.05589725007947077
4176.379185278442,87.29791790396244,0.41756379465950894,0.4144242973530625,0.003139497306446415,90,0.05589725007947077
4176.379185278442,95.15481643855642,0.4241553486722623,0.43182452143724315,-0.007669172764980858,90,0.05589725007947077
4176.379185278442,103.71884357443969,0.42567271846146815,0.4485596049101184,-0.02288688644865028,90,0.05589725007947077
4176.379185278442,113.05364158172193,0.43084373770076334,0.4645703801280987,-0.03372664242733536,90,0.05589725007947077
4176.379185278442,123.22858059746237,0.4310353785406319,0.4798081282002918,-0.048772749659659886,90,0.05589725007947077
4176.379185278442,134.3192741393338,0.4316619200197503,0.4942339516713681,-0.06257203165161779,90,0.05589725007947077
4176.379185278442,146.40814101602186,0.43487746142781203,0.5078179595805762,-0.07294049815276415,90,0.05589725007947077
4176.379185278442,159.58501781011546,0.4358218343347016,0.5205383252623051,-0.08471649092760353,90,0.05589725007947077
4176.379185278442,173.9478264850578,0.43713999800931763,0.5323802710998,-0.09524027309048239,90,0.05589725007947077
4176.379185278442,189.6033020773824,0.4366914548456926,0.5433350266154555,-0.10664357176976291,90,0.05589725007947077
4176.379185278442,206.6677858819652,0.4368855921931908,0.5533987977369828,-0.11651320554379196,90,0.05589725007947077
4176.379185278442,225.26809002472953,0.43705697634383234,0.5625717765802436,-0.12551480023641126,90,0.05589725007947077
4176.379185278442,245.54243984774803,0.43705697634383234,0.5708572131881235,-0.1338002368442912,90,0.05589725007947077
4176.379185278442,267.64150110992745,0.43705697634383234,0.5782605637150076,-0.14120358737117522,90,0.05589725007947077
4176.379185278442,291.72949963677064,0.43705697634383234,0.5847887237347859,-0.14773174739095352,90,0.05589725007947077
4176.379185278442,317.9854417397141,0.43705697634383234,0.5904493507318853,-0.15339237438805298,90,0.05589725007947077
4176.379185278442,346.6044444744125,0.43705697634383234,0.5952502763699896,-0.15819330002615728,90,0.05589725007947077
4176.379185278442,377.7991856235726,0.43705697634383234,0.5991990067209801,-0.1621420303771478,90,0.05589725007947077
4176.379185278442,411.801484179675,0.43705697634383234,0.602302307142459,-0.1652453307986267,90,0.05589725007947077
4176.379185278442,448.86402307269043,0.43705697634383234,0.604565867767925,-0.16750889142409264,90,0.05589725007947077
4176.379185278442,489.26222694499216,0.43705697634383234,0.605994045472239,-0.16893706912840667,90,0.05589725007947077
4176.379185278442,533.2963089278549,0.43705697634383234,0.6065896785587638,-0.16953270221493144,90,0.05589725007947077
4176.379185278442,581.2935016298517,0.43705697634383234,0.6063539711593267,-0.16929699481549432,90,0.05589725007947077
4176.379185278442,633.6104889164096,0.43705697634383234,0.6052864453336466,-0.16822946898981428,90,0.05589725007947077
4176.379185278442,690.6360565519087,0.43705697634383234,0.6033849600026497,-0.1663279836588174,90,0.05589725007947077
4176.379185278442,752.7939814021893,0.43705697634383234,0.6006457970600071,-0.16358882071617475,90,0.05589725007947077
4176.379185278442,820.546180668118,0.43705697634383234,0.5970638161916773,-0.16000683984784492,90,0.05589725007947077
4176.379185278442,894.3961445532864,0.43705697634383234,0.5926326810061193,-0.15557570466228698,90,0.05589725007947077
4176.379185278442,974.8926778751674,0.43705697634383234,0.5873451599439522,-0.15028818360011986,90,0.05589725007947077
4176.379185278442,1062.6339784249726,0.43705697634383234,0.5811935059902334,-0.1441365296464011,90,0.05589725007947077
4176.379185278442,1158.2720823838974,0.43705697634383234,0.5741699193373125,-0.1371129429934802,90,0.05589725007947077
4176.379185278442,1262.5177098312156,0.43705697634383234,0.566267096709168,-0.12921012036533563,90,0.05589725007947077
4176.379185278442,1376.1455463528653,0.43705697634383234,0.5574788699156138,-0.12042189357178146,90,0.05589725007947077
4176.379185278442,1500.0,0.43705697634383234,0.5478009342077222,-0.11074395786388991,90,0.05589725007947077
4236.443499814477,0.7,0.00881799850377512,4.430674089767629e-05,0.008773691762877444,90,0.06021050634374259
4236.443499814477,0.7630006889770977,0.00881799850377512,5.851632909326081e-05,0.008759482174681858,90,0.06021050634374259
4236.443499814477,0.8316715019707511,0.00881799850377512,7.700157136344776e-05,0.008740996932411671,90,0.06021050634374259
4236.443499814477,0.9065227557232869,0.00881799850377512,0.00010095649301740959,0.00871704201075771,90,0.06021050634374259
4236.443499814477,0.9881106959861216,0.00881799850377512,0.0001318794731835596,0.00868611903059156,90,0.06021050634374259
4236.443499814477,1.0770416311757862,0.00881799850377512,0.00017164201442887146,0.008646356489346248,90,0.06021050634374259
4236.443499814477,1.1739764380630602,0.00881799850377512,0.0002225704318717848,0.008595428071903334,90,0.06021050634374259
4236.443499814477,1.2796354729785626,0.00881799850377512,0.00028754208933026053,0.00853045641444486,90,0.06021050634374259
4236.443499814477,1.3948039250316824,0.00881799850377512,0.0003700977409076948,0.008447900762867425,90,0.06021050634374259
4236.443499814477,1.520337651124477,0.00881799850377512,0.00047457133700433093,0.008343427166770789,90,0.06021050634374259
4236.443499814477,1.657169536122569,0.00881799850377512,0.000606238275641488,0.008211760228133632,90,0.06021050634374259
4236.443499814477,1.8063164254476822,0.00881799850377512,0.0007714824676418225,0.008046516036133296,90,0.06021050634374259
4236.443499814477,1.9688866816103285,0.00881799850377512,0.0009779816795706616,0.007840016824204458,90,0.06021050634374259
4236.443499814477,2.1460884208378745,0.00881799850377512,0.00123490937044638,0.00758308913332874,90,0.06021050634374259
4236.443499814477,2.339238491007243,0.00881799850377512,0.0015531496198458968,0.007264848883929222,90,0.06021050634374259
4236.443499814477,2.5497722576003894,0.00881799850377512,0.0019455197782688922,0.006872478725506228,90,0.06021050634374259
4236.443499814477,2.7792542704054104,0.00881799850377512,0.0024269932616528163,0.006391005242122303,90,0.06021050634374259
4236.443499814477,3.0293898902312417,0.00881799850377512,0.0030149126910331537,0.005803085812741965,90,0.06021050634374259
4236.443499814477,3.3020379620381313,0.00881799850377512,0.003729181733986152,0.005088816769788967,90,0.06021050634374259
4236.443499814477,3.599224628662322,0.00889711127364793,0.004592423089284525,0.004304688184363405,90,0.06021050634374259
4236.443499814477,3.9231583877895577,0.009059460083867267,0.005630090730994651,0.0034293693528726164,90,0.06021050634374259
4236.443499814477,4.276246504071018,0.009076652714759206,0.006870527405864462,0.0022061253088947437,90,0.06021050634374259
4236.443499814477,4.661112898345847,0.009076652714759206,0.008344963743434606,0.0007316889713246,90,0.06021050634374259
4236.443499814477,5.080617646911311,0.00932229328614144,0.010087462774684119,-0.0007651694885426798,90,0.06021050634374259
4236.443499814477,5.537878235746474,0.009352418212142753,0.012134821693354664,-0.0027824034812119116,90,0.06021050634374259
4236.443499814477,6.036292727636905,0.009546128904909669,0.014526448715071324,-0.004980319810161655,90,0.06021050634374259
4236.443499814477,6.579565014363433,0.009710530539564537,0.01730423354335857,-0.007593703003794031,90,0.06021050634374259
4236.443499814477,7.1717323416127225,0.01078232992789107,0.020512422243838126,-0.009730092315947056,90,0.06021050634374259
4236.443499814477,7.817195311156917,0.01078232992789107,0.024197490174499313,-0.013415160246608243,90,0.06021050634374259
4236.443499814477,8.520750583258952,0.01085185090424387,0.028407982234225623,-0.017556131329981753,90,0.06021050634374259
4236.443499814477,9.287626522326553,0.016865687909957114,0.03319426391116974,-0.016328576001212625,90,0.06021050634374259
4236.443499814477,10.123522050710184,0.037983223417930354,0.038608107562539955,-0.0006248841446096012,90,0.06021050634374259
4236.443499814477,11.03464899938101,0.04098017970162837,0.04470203369428664,-0.0037218539926582653,90,0.06021050634374259
4236.443499814477,12.027778270211655,0.054238264859082216,0.051528340924528224,0.0027099239345539927,90,0.06021050634374259
4236.443499814477,13.110290152907504,0.055452176376328835,0.059137789806135835,-0.003685613429807,90,0.06021050634374259
4236.443499814477,14.290229170511559,0.05554502498077783,0.06757794896230476,-0.01203292398152693,90,0.06021050634374259
4236.443499814477,15.576363861058477,0.05575423994004612,0.07689125868768754,-0.021137018747641415,90,0.06021050634374259
4236.443499814477,16.978251939636557,0.0632408718126913,0.08711290911310501,-0.02387203730041372,90,0.06021050634374259
4236.443499814477,18.50631132509919,0.17254553614086604,0.09826866127863276,0.07427687486223328,90,0.06021050634374259
4236.443499814477,20.17189755925049,0.18543264095043457,0.11037275698293288,0.0750598839675017,90,0.06021050634374259
4236.443499814477,21.98738819383367,0.1871160756909756,0.12342606653130082,0.06369000915967478,90,0.06021050634374259
4236.443499814477,23.966274772431408,0.20562458979696147,0.13741461350604614,0.06820997629091533,90,0.06021050634374259
4236.443499814477,26.123263090828015,0.21592923955998347,0.15230859420502268,0.06362064535496079,90,0.06021050634374259
4236.443499814477,28.474382480902506,0.2810159013458123,0.16806197856972716,0.11295392277608512,90,0.06021050634374259
4236.443499814477,31.037104930180035,0.32421024186700487,0.18461274169783495,0.1395975001691699,90,0.06021050634374259
4236.443499814477,33.83047492225976,0.3680492732813971,0.201883733262471,0.16616554001892608,90,0.06021050634374259
4236.443499814477,36.875250963009485,0.38223662162949196,0.21978414963940185,0.1624524719900901,90,0.06021050634374259
4236.443499814477,40.194059844256586,0.38639050545634157,0.23821153384916616,0.1481789716071754,90,0.06021050634374259
4236.443499814477,43.81156479136355,0.3877140130649756,0.257054195048281,0.13065981801669463,90,0.06021050634374259
4236.443499814477,47.75464874425019,0.3899362363965925,0.2761939151992433,0.11374232119734917,90,0.06021050634374259
4236.443499814477,52.05261413388882,0.3911649413806515,0.2955087976733011,0.09565614370735037,90,0.06021050634374259
4236.443499814477,56.737400638880295,0.39560062877014457,0.31487611157382195,0.08072451719632262,90,0.06021050634374259
4236.443499814477,61.8438225403361,0.40982411804600105,0.3341749958424991,0.07564912220350195,90,0.06021050634374259
4236.443499814477,67.40982743893404,0.410331122440184,0.3532889068657381,0.05704221557444589,90,0.06021050634374259
4236.443499814477,73.47677825676274,0.41041459698734584,0.37210771962508926,0.038306877362256575,90,0.06021050634374259
4236.443499814477,80.08976061961063,0.41048972186793997,0.3905294223144251,0.01996029955351486,90,0.06021050634374259
4236.443499814477,87.29791790396244,0.4127911228479696,0.40846137469435595,0.004329748153613644,90,0.06021050634374259
4236.443499814477,95.15481643855642,0.4194333687554149,0.42582112859772236,-0.006387759842307439,90,0.06021050634374259
4236.443499814477,103.71884357443969,0.42095073854462073,0.4425368329281572,-0.02158609438353648,90,0.06021050634374259
4236.443499814477,113.05364158172193,0.4261634729973647,0.45854726397336854,-0.03238379097600386,90,0.06021050634374259
4236.443499814477,123.22858059746237,0.4263715219659992,0.4738015344172275,-0.0474300124512283,90,0.06021050634374259
4236.443499814477,134.3192741393338,0.427293912684436,0.4882585412665811,-0.060964628582145075,90,0.06021050634374259
4236.443499814477,146.40814101602186,0.43059245756849873,0.5018862146841258,-0.07129375711562702,90,0.06021050634374259
4236.443499814477,159.58501781011546,0.4315574365062056,0.5146606274128253,-0.08310319090661966,90,0.06021050634374259
4236.443499814477,173.9478264850578,0.43329257627707407,0.5265650191908108,-0.09327244291373671,90,0.06021050634374259
4236.443499814477,189.6033020773824,0.43284748785768146,0.5375887833714816,-0.10474129551380018,90,0.06021050634374259
4236.443499814477,206.6677858819652,0.43305316351203277,0.5477264548458833,-0.11467329133385057,90,0.06021050634374259
4236.443499814477,225.26809002472953,0.4332268857572619,0.5569767301000529,-0.12374984434279096,90,0.06021050634374259
4236.443499814477,245.54243984774803,0.4332268857572619,0.5653415424161288,-0.13211465665886685,90,0.06021050634374259
4236.443499814477,267.64150110992745,0.4332268857572619,0.5728252082362002,-0.13959832247893827,90,0.06021050634374259
4236.443499814477,291.72949963677064,0.4332268857572619,0.5794336547759773,-0.14620676901871538,90,0.06021050634374259
4236.443499814477,317.9854417397141,0.4332268857572619,0.5851737341886398,-0.1519468484313779,90,0.06021050634374259
4236.443499814477,346.6044444744125,0.4332268857572619,0.5900526259238572,-0.15682574016659528,90,0.06021050634374259
4236.443499814477,377.7991856235726,0.4332268857572619,0.59407732632104,-0.16085044056377812,90,0.06021050634374259
4236.443499814477,411.801484179675,0.4332268857572619,0.5972542227974625,-0.16402733704020062,90,0.06021050634374259
4236.443499814477,448.86402307269043,0.4332268857572619,0.5995887491004627,-0.16636186334320074,90,0.06021050634374259
4236.443499814477,489.26222694499216,0.4332268857572619,0.6010851178449479,-0.16785823208768597,90,0.06021050634374259
4236.443499814477,533.2963089278549,0.4332268857572619,0.6017461268156812,-0.16851924105841926,90,0.06021050634374259
4236.443499814477,581.2935016298517,0.4332268857572619,0.6015730361525413,-0.1683461503952794,90,0.06021050634374259
4236.443499814477,633.6104889164096,0.4332268857572619,0.6005655144430103,-0.1673386286857484,90,0.06021050634374259
4236.443499814477,690.6360565519087,0.4332268857572619,0.5987216528175744,-0.16549476706031246,90,0.06021050634374259
4236.443499814477,752.7939814021893,0.4332268857572619,0.5960380472866955,-0.1628111615294336,90,0.06021050634374259
4236.443499814477,820.546180668118,0.4332268857572619,0.5925099506823442,-0.15928306492508232,90,0.06021050634374259
4236.443499814477,894.3961445532864,0.4332268857572619,0.5881314965816248,-0.15490461082436285,90,0.06021050634374259
4236.443499814477,974.8926778751674,0.4332268857572619,0.582895998398092,-0.1496691126408301,90,0.06021050634374259
4236.443499814477,1062.6339784249726,0.4332268857572619,0.5767963273215732,-0.14356944156431123,90,0.06021050634374259
4236.443499814477,1158.2720823838974,0.4332268857572619,0.5698253728514273,-0.1365984870941654,90,0.06021050634374259
4236.443499814477,1262.5177098312156,0.4332268857572619,0.5619765891702666,-0.12874970341300468,90,0.06021050634374259
4236.443499814477,1376.1455463528653,0.4332268857572619,0.553244629404587,-0.12001774364732504,90,0.06021050634374259
4236.443499814477,1500.0,0.4332268857572619,0.5436260677717333,-0.11039918201447135,90,0.06021050634374259
4297.371653987827,0.7,0.008445746101812226,4.045299311804853e-05,0.008405293108694178,90,0.059732087689144286
4297.371653987827,0.7630006889770977,0.008445746101812226,5.3441054175026965e-05,0.008392305047637199,90,0.059732087689144286
4297.371653987827,0.8316715019707511,0.008445746101812226,7.034185960034901e-05,0.008375404242211877,90,0.059732087689144286
4297.371653987827,0.9065227557232869,0.008445746101812226,9.224946062842466e-05,0.0083534966411838,90,0.059732087689144286
4297.371653987827,0.9881106959861216,0.008445746101812226,0.00012053712708458988,0.008325208974727636,90,0.059732087689144286
4297.371653987827,1.0770416311757862,0.008445746101812226,0.0001569204959878272,0.008288825605824399,90,0.059732087689144286
4297.371653987827,1.1739764380630602,0.008445746101812226,0.00020353257473554854,0.008242213527076677,90,0.059732087689144286
4297.371653987827,1.2796354729785626,0.008445746101812226,0.00026301207523924823,0.008182734026572977,90,0.059732087689144286
4297.371653987827,1.3948039250316824,0.008445746101812226,0.00033860647802509203,0.008107139623787134,90,0.059732087689144286
4297.371653987827,1.520337651124477,0.008445746101812226,0.000434291021209291,0.008011455080602935,90,0.059732087689144286
4297.371653987827,1.657169536122569,0.008445746101812226,0.000554904431445333,0.007890841670366893,90,0.059732087689144286
4297.371653987827,1.8063164254476822,0.008445746101812226,0.0007063016086248278,0.007739444493187398,90,0.059732087689144286
4297.371653987827,1.9688866816103285,0.008445746101812226,0.0008955225874091254,0.0075502235144031,90,0.059732087689144286
4297.371653987827,2.1460884208378745,0.008445746101812226,0.0011309758783333698,0.007314770223478856,90,0.059732087689144286
4297.371653987827,2.339238491007243,0.008445746101812226,0.0014226327156220391,0.007023113386190187,90,0.059732087689144286
4297.371653987827,2.5497722576003894,0.008445746101812226,0.0017822268351067483,0.006663519266705478,90,0.059732087689144286
4297.371653987827,2.7792542704054104,0.008445746101812226,0.0022234522873146663,0.00622229381449756,90,0.059732087689144286
4297.371653987827,3.0293898902312417,0.008445746101812226,0.0027621496994437904,0.005683596402368435,90,0.059732087689144286
4297.371653987827,3.3020379620381313,0.008445746101812226,0.003416469741150944,0.005029276360661281,90,0.059732087689144286
4297.371653987827,3.599224628662322,0.008510697346217377,0.004207001900595549,0.004303695445621828,90,0.059732087689144286
4297.371653987827,3.9231583877895577,0.0086352502705316,0.0051568577341559755,0.003478392536375624,90,0.059732087689144286
4297.371653987827,4.276246504071018,0.008640963240290848,0.006291701169743914,0.002349262070546934,90,0.059732087689144286
4297.371653987827,4.661112898345847,0.008640963240290848,0.00763972454385527,0.0010012386964355774,90,0.059732087689144286
4297.371653987827,5.080617646911311,0.008853409090522985,0.009231577435793956,-0.00037816834527097144,90,0.059732087689144286
4297.371653987827,5.537878235746474,0.008881149863196353,0.011100264521143646,-0.0022191146579472933,90,0.059732087689144286
4297.371653987827,6.036292727636905,0.009031019651937875,0.013281035846692928,-0.004250016194755053,90,0.059732087689144286
4297.371653987827,6.579565014363433,0.009178885096426552,0.015811294520655404,-0.006632409424228852,90,0.059732087689144286
4297.371653987827,7.1717323416127225,0.010147179693862944,0.018730539442118842,-0.008583359748255899,90,0.059732087689144286
4297.371653987827,7.817195311156917,0.010147179693862944,0.022080342854970268,-0.011933163161107324,90,0.059732087689144286
4297.371653987827,8.520750583258952,0.010204457688134116,0.0259043360883829,-0.015699878400248786,90,0.059732087689144286
4297.371653987827,9.287626522326553,0.015686227703690915,0.03024814760539177,-0.014561919901700856,90,0.059732087689144286
4297.371653987827,10.123522050710184,0.03514348621815611,0.035159213844744915,-1.572762658880178e-05,90,0.059732087689144286
4297.371653987827,11.03464899938101,0.03781274314269698,0.04068637360499969,-0.002873630462302705,90,0.059732087689144286
4297.371653987827,12.027778270211655,0.0501711692643536,0.04687916589283673,0.0032920033715168745,90,0.059732087689144286
4297.371653987827,13.110290152907504,0.05129856466126668,0.05378677900047425,-0.0024882143392075742,90,0.059732087689144286
4297.371653987827,14.290229170511559,0.05136420511972429,0.06145663982324831,-0.010092434703524021,90,0.059732087689144286
4297.371653987827,15.576363861058477,0.05152270150349909,0.06993267893190794,-0.01840997742840885,90,0.059732087689144286
4297.371653987827,16.978251939636557,0.058307655798032355,0.07925335047028478,-0.020945694672252428,90,0.059732087689144286
4297.371653987827,18.50631132509919,0.1597608702545281,0.08944952042130916,0.07031134983321893,90,0.059732087689144286
4297.371653987827,20.17189755925049,0.17178226542008268,0.10054235886170083,0.07123990655838185,90,0.059732087689144286
4297.371653987827,21.98738819383367,0.17332072537712812,0.11254138060334756,0.06077934477378055,90,0.059732087689144286
4297.371653987827,23.966274772431408,0.19111122939297126,0.12544277468237186,0.0656684547105994,90,0.059732087689144286
4297.371653987827,26.123263090828015,0.2010225367257924,0.13922814779772408,0.06179438892806832,90,0.059732087689144286
4297.371653987827,28.474382480902506,0.2632613201129475,0.15386378165909514,0.10939753845385236,90,0.059732087689144286
4297.371653987827,31.037104930180035,0.30484765207490505,0.16930047126744477,0.13554718080746028,90,0.059732087689144286
4297.371653987827,33.83047492225976,0.3480106133601025,0.1854739728946622,0.16253664046544034,90,0.059732087689144286
4297.371653987827,36.875250963009485,0.3620720200981156,0.2023060499622082,0.15976597013590743,90,0.059732087689144286
4297.371653987827,40.194059844256586,0.36632072092794143,0.21970606553964406,0.14661465538829738,90,0.059732087689144286
4297.371653987827,43.81156479136355,0.3677314583000873,0.23757303523769607,0.13015842306239123,90,0.059732087689144286
4297.371653987827,47.75464874425019,0.36993225112764805,0.2557980269083899,0.11413422421925817,90,0.059732087689144286
4297.371653987827,52.05261413388882,0.3712097508503495,0.27426677602310495,0.09694297482724457,90,0.059732087689144286
4297.371653987827,56.737400638880295,0.37577532068723274,0.2928623790001722,0.08291294168706054,90,0.059732087689144286
4297.371653987827,61.8438225403361,0.3904508203761287,0.3114679309908954,0.07898288938523329,90,0.059732087689144286
4297.371653987827,67.40982743893404,0.39102691459385375,0.32996898845589345,0.061057926137960294,90,0.059732087689144286
4297.371653987827,73.47677825676274,0.3911802414613966,0.3482557581267372,0.042924483334659425,90,0.059732087689144286
4297.371653987827,80.08976061961063,0.3912829492523368,0.36622493996587463,0.02505800928646218,90,0.059732087689144286
4297.371653987827,87.29791790396244,0.39395058773925556,0.3837811796761248,0.01016940806313077,90,0.059732087689144286
4297.371653987827,95.15481643855642,0.4009364108835106,0.40083811354235205,9.82973411585708e-05,90,0.059732087689144286
4297.371653987827,103.71884357443969,0.40244987228794643,0.41731901276588657,-0.014869140477940135,90,0.059732087689144286
4297.371653987827,113.05364158172193,0.4079838922271389,0.43315705447424785,-0.02517316224710897,90,0.059732087689144286
4297.371653987827,123.22858059746237,0.4084018693663966,0.44829526144403714,-0.03989339207764053,90,0.059732087689144286
4297.371653987827,134.3192741393338,0.40948643831706716,0.46268616209545177,-0.05319972377838461,90,0.059732087689144286
4297.371653987827,146.40814101602186,0.41313178982861,0.4762912268574514,-0.06315943702884141,90,0.059732087689144286
4297.371653987827,159.58501781011546,0.41426670412548966,0.4890801372853381,-0.07481343315984845,90,0.059732087689144286
4297.371653987827,173.9478264850578,0.41628277578259165,0.5010299412647221,-0.08474716548213046,90,0.059732087689144286
4297.371653987827,189.6033020773824,0.4158767177517197,0.5121241422460873,-0.09624742449436757,90,0.059732087689144286
4297.371653987827,206.6677858819652,0.41617565753953967,0.5223517636594596,-0.1061761061199199,90,0.059732087689144286
4297.371653987827,225.26809002472953,0.41638403317947476,0.5317064222693163,-0.11532238908984155,90,0.059732087689144286
4297.371653987827,245.54243984774803,0.41638403317947476,0.5401854368897682,-0.12380140371029341,90,0.059732087689144286
4297.371653987827,267.64150110992745,0.41638403317947476,0.5477889920563924,-0.13140495887691767,90,0.059732087689144286
4297.371653987827,291.72949963677064,0.41638403317947476,0.5545193702457298,-0.13813533706625508,90,0.059732087689144286
4297.371653987827,317.9854417397141,0.41638403317947476,0.560380261206764,-0.14399622802728923,90,0.059732087689144286
4297.371653987827,346.6044444744125,0.41638403317947476,0.5653761529699238,-0.14899211979044907,90,0.059732087689144286
4297.371653987827,377.7991856235726,0.41638403317947476,0.569511806096744,-0.15312777291726926,90,0.059732087689144286
4297.371653987827,411.801484179675,0.41638403317947476,0.5727918106427676,-0.15640777746329287,90,0.059732087689144286
4297.371653987827,448.86402307269043,0.41638403317947476,0.5752202240124651,-0.15883619083299033,90,0.059732087689144286
4297.371653987827,489.26222694499216,0.41638403317947476,0.5768002872594735,-0.16041625407999877,90,0.059732087689144286
4297.371653987827,533.2963089278549,0.41638403317947476,0.5775342172981129,-0.16115018411863818,90,0.059732087689144286
4297.371653987827,581.2935016298517,0.41638403317947476,0.5774230728178701,-0.16103903963839533,90,0.059732087689144286
4297.371653987827,633.6104889164096,0.41638403317947476,0.5764666923145529,-0.1600826591350782,90,0.059732087689144286
4297.371653987827,690.6360565519087,0.41638403317947476,0.5746637034616601,-0.15827967028218531,90,0.059732087689144286
4297.371653987827,752.7939814021893,0.41638403317947476,0.5720116039411501,-0.15562757076167538,90,0.059732087689144286
4297.371653987827,820.546180668118,0.41638403317947476,0.5685069147355275,-0.15212288155605275,90,0.059732087689144286
4297.371653987827,894.3961445532864,0.41638403317947476,0.5641454076536696,-0.14776137447419485,90,0.059732087689144286
4297.371653987827,974.8926778751674,0.41638403317947476,0.5589224094177362,-0.14253837623826143,90,0.059732087689144286
4297.371653987827,1062.6339784249726,0.41638403317947476,0.5528331848672321,-0.13644915168775734,90,0.059732087689144286
4297.371653987827,1158.2720823838974,0.41638403317947476,0.545873401619799,-0.12948936844032427,90,0.059732087689144286
4297.371653987827,1262.5177098312156,0.41638403317947476,0.5380396777397135,-0.12165564456023875,90,0.059732087689144286
4297.371653987827,1376.1455463528653,0.41638403317947476,0.5293302124738106,-0.11294617929433587,90,0.059732087689144286
4297.371653987827,1500.0,0.41638403317947476,0.5197454977943479,-0.10336146461487311,90,0.059732087689144286
4359.176071463434,0.7,0.008698037770642113,3.868437644899101e-05,0.008659353394193122,90,0.057388674123091565
4359.176071463434,0.7630006889770977,0.008698037770642113,5.111838231015363e-05,0.00864691938833196,90,0.057388674123091565
4359.176071463434,0.8316715019707511,0.008698037770642113,6.730267374429134e-05,0.008630735096897822,90,0.057388674123091565
4359.176071463434,0.9065227557232869,0.008698037770642113,8.828719537990617e-05,0.008609750575262207,90,0.057388674123091565
4359.176071463434,0.9881106959861216,0.008698037770642113,0.00011539018954649023,0.008582647581095624,90,0.057388674123091565
4359.176071463434,1.0770416311757862,0.008698037770642113,0.00015025893214499903,0.008547778838497114,90,0.057388674123091565
4359.176071463434,1.1739764380630602,0.008698037770642113,0.00019494186210249311,0.00850309590853962,90,0.057388674123091565
4359.176071463434,1.2796354729785626,0.008698037770642113,0.00025197350708931277,0.0084460642635528,90,0.057388674123091565
4359.176071463434,1.3948039250316824,0.008698037770642113,0.0003244735203160176,0.008373564250326095,90,0.057388674123091565
4359.176071463434,1.520337651124477,0.008698037770642113,0.00041626092636612,0.008281776844275994,90,0.057388674123091565
4359.176071463434,1.657169536122569,0.008698037770642113,0.0005319842803383061,0.008166053490303807,90,0.057388674123091565
4359.176071463434,1.8063164254476822,0.008698037770642113,0.0006772678192235163,0.008020769951418597,90,0.057388674123091565
4359.176071463434,1.9688866816103285,0.008698037770642113,0.0008588727704485089,0.007839165000193604,90,0.057388674123091565
4359.176071463434,2.1460884208378745,0.008698037770642113,0.0010848717308648177,0.007613166039777295,90,0.057388674123091565
4359.176071463434,2.339238491007243,0.008698037770642113,0.0013648324167892232,0.00733320535385289,90,0.057388674123091565
4359.176071463434,2.5497722576003894,0.008698037770642113,0.0017100051417342928,0.00698803262890782,90,0.057388674123091565
4359.176071463434,2.7792542704054104,0.008698037770642113,0.0021335062237492243,0.006564531546892889,90,0.057388674123091565
4359.176071463434,3.0293898902312417,0.008698037770642113,0.002650487414618987,0.006047550356023126,90,0.057388674123091565
4359.176071463434,3.3020379620381313,0.008698037770642113,0.003278279809264319,0.005419757961377794,90,0.057388674123091565
4359.176071463434,3.599224628662322,0.008753769116869356,0.004036500152750965,0.004717268964118391,90,0.057388674123091565
4359.176071463434,3.9231583877895577,0.00885423932552722,0.004947108764663416,0.003907130560863803,90,0.057388674123091565
4359.176071463434,4.276246504071018,0.00885423932552722,0.006034412167083017,0.0028198271584442026,90,0.057388674123091565
4359.176071463434,4.661112898345847,0.00885423932552722,0.007325010321505652,0.0015292290040215678,90,0.057388674123091565
4359.176071463434,5.080617646911311,0.009052882296721888,0.00884769778482858,0.00020518451189330787,90,0.057388674123091565
4359.176071463434,5.537878235746474,0.00907924982379198,0.010633338538570545,-0.0015540887147785648,90,0.057388674123091565
4359.176071463434,6.036292727636905,0.00920067098188932,0.012714742818254908,-0.0035140718363655885,90,0.057388674123091565
4359.176071463434,6.579565014363433,0.009341416302866489,0.015126577060915703,-0.005785160758049215,90,0.057388674123091565
4359.176071463434,7.1717323416127225,0.010270124901678581,0.017905331306805296,-0.0076352064051267154,90,0.057388674123091565
4359.176071463434,7.817195311156917,0.010270124901678581,0.02108935009578971,-0.010819225194111128,90,0.057388674123091565
4359.176071463434,8.520750583258952,0.01031669953759098,0.02471890469180668,-0.0144022051542157,90,0.057388674123091565
4359.176071463434,9.287626522326553,0.015531250648325008,0.02883625215409723,-0.013305001505772223,90,0.057388674123091565
4359.176071463434,10.123522050710184,0.03429808116619602,0.03348559919925105,0.0008124819669449723,90,0.057388674123091565
4359.176071463434,11.03464899938101,0.036781839781029044,0.0387128749748854,-0.0019310351938563591,90,0.057388674123091565
4359.176071463434,12.027778270211655,0.04826397887192112,0.04456522256003008,0.0036987563118910383,90,0.057388674123091565
4359.176071463434,13.110290152907504,0.04933255376401246,0.05109014450436495,-0.001757590740352491,90,0.057388674123091565
4359.176071463434,14.290229170511559,0.04938372680512536,0.05833427789836712,-0.008950551093241763,90,0.057388674123091565
4359.176071463434,15.576363861058477,0.04950142682892245,0.06634182100932158,-0.016840394180399128,90,0.057388674123091565
4359.176071463434,16.978251939636557,0.05586245287628761,0.07515267792997407,-0.01929022505368646,90,0.057388674123091565
4359.176071463434,18.50631132509919,0.15331672769945276,0.08480042363777088,0.06851630406168188,90,0.057388674123091565
4359.176071463434,20.17189755925049,0.1649338779878915,0.09531021603894094,0.06962366194895056,90,0.057388674123091565
4359.176071463434,21.98738819383367,0.16639694710652195,0.10669679319717751,0.05970015390934444,90,0.057388674123091565
4359.176071463434,23.966274772431408,0.18386111560829568,0.11896269371331658,0.0648984218949791,90,0.057388674123091565
4359.176071463434,26.123263090828015,0.193566373876919,0.13209682735459233,0.06146954652232667,90,0.057388674123091565
4359.176071463434,28.474382480902506,0.2545086256227266,0.14607350284923587,0.10843512277349071,90,0.057388674123091565
4359.176071463434,31.037104930180035,0.2954056866742763,0.1608519917089174,0.1345536949653589,90,0.057388674123091565
4359.176071463434,33.83047492225976,0.3382865797939471,0.17637667283641623,0.16190990695753088,90,0.057388674123091565
4359.176071463434,36.875250963009485,0.3522885215183552,0.192577764913118,0.1597107566052372,90,0.057388674123091565
4359.176071463434,40.194059844256586,0.35656602449632646,0.20937261510082075,0.1471934093955057,90,0.057388674123091565
4359.176071463434,43.81156479136355,0.35802834887853674,0.22666747671273763,0.13136087216579911,90,0.057388674123091565
4359.176071463434,47.75464874425019,0.36021916295919276,0.2443596783897285,0.11585948456946427,90,0.057388674123091565
4359.176071463434,52.05261413388882,0.3615312329467473,0.2623400655839571,0.09919116736279021,90,0.057388674123091565
4359.176071463434,56.737400638880295,0.36617034929292125,0.28049558349001014,0.08567476580291111,90,0.057388674123091565
4359.176071463434,61.8438225403361,0.38117118586264476,0.2987118695032924,0.08245931635935233,90,0.057388674123091565
4359.176071463434,67.40982743893404,0.3817839499517721,0.3168757321800152,0.06490821777175693,90,0.057388674123091565
4359.176071463434,73.47677825676274,0.3819689375190055,0.33487741086263223,0.047091526656373284,90,0.057388674123091565
4359.176071463434,80.08976061961063,0.3820844815026312,0.3526125332491445,0.0294719482534867,90,0.057388674123091565
4359.176071463434,87.29791790396244,0.3849524847637187,0.36998371451583417,0.01496877024788451,90,0.057388674123091565
4359.176071463434,95.15481643855642,0.39211055910004916,0.386901768475263,0.005208790624786186,90,0.057388674123091565
4359.176071463434,103.71884357443969,0.3936236578118877,0.40328652633411954,-0.00966286852223186,90,0.057388674123091565
4359.176071463434,113.05364158172193,0.39932455340147716,0.41906728013707556,-0.019742726735598404,90,0.057388674123091565
4359.176071463434,123.22858059746237,0.3998294382926951,0.4341828848314703,-0.034353446538775145,90,0.057388674123091565
4359.176071463434,134.3192741393338,0.40098540469871036,0.4485815646075558,-0.04759615990884547,90,0.057388674123091565
4359.176071463434,146.40814101602186,0.40482817592106723,0.46222047587288295,-0.05739229995181572,90,0.057388674123091565
4359.176071463434,159.58501781011546,0.4060401612710223,0.47506508145049403,-0.0690249201794717,90,0.057388674123091565
4359.176071463434,173.9478264850578,0.40819042241992554,0.48708838916503105,-0.07889796674510552,90,0.057388674123091565
4359.176071463434,189.6033020773824,0.40780117002470323,0.4982701038374716,-0.09046893381276838,90,0.057388674123091565
4359.176071463434,206.6677858819652,0.4081446008591798,0.5085957357847658,-0.100451134925586,90,0.057388674123091565
4359.176071463434,225.26809002472953,0.40836686122031995,0.518055702060024,-0.1096888408397041,90,0.057388674123091565
4359.176071463434,245.54243984774803,0.40836686122031995,0.5266444495710592,-0.1182775883507392,90,0.057388674123091565
4359.176071463434,267.64150110992745,0.40836686122031995,0.5343596224107662,-0.12599276119044622,90,0.057388674123091565
4359.176071463434,291.72949963677064,0.40836686122031995,0.5412012895867548,-0.1328344283664349,90,0.057388674123091565
4359.176071463434,317.9854417397141,0.40836686122031995,0.5471712440665698,-0.13880438284624985,90,0.057388674123091565
4359.176071463434,346.6044444744125,0.40836686122031995,0.55227237975465,-0.1439055185343301,90,0.057388674123091565
4359.176071463434,377.7991856235726,0.40836686122031995,0.5565081496921944,-0.14814128847187447,90,0.057388674123091565
4359.176071463434,411.801484179675,0.40836686122031995,0.5598821063621995,-0.15151524514187953,90,0.057388674123091565
4359.176071463434,448.86402307269043,0.40836686122031995,0.5623975233903424,-0.15403066217002248,90,0.057388674123091565
4359.176071463434,489.26222694499216,0.40836686122031995,0.5640570970384363,-0.15569023581811636,90,0.057388674123091565
4359.176071463434,533.2963089278549,0.40836686122031995,0.5648627255636229,-0.15649586434330298,90,0.057388674123091565
4359.176071463434,581.2935016298517,0.40836686122031995,0.5648153646370576,-0.15644850341673766,90,0.057388674123091565
4359.176071463434,633.6104889164096,0.40836686122031995,0.5639149574595743,-0.15554809623925436,90,0.057388674123091565
4359.176071463434,690.6360565519087,0.40836686122031995,0.5621604388644026,-0.15379357764408264,90,0.057388674123091565
4359.176071463434,752.7939814021893,0.40836686122031995,0.5595498134495341,-0.15118295222921418,90,0.057388674123091565
4359.176071463434,820.546180668118,0.40836686122031995,0.5560803085290551,-0.14771344730873515,90,0.057388674123091565
4359.176071463434,894.3961445532864,0.40836686122031995,0.551748603327564,-0.14338174210724408,90,0.057388674123091565
4359.176071463434,974.8926778751674,0.40836686122031995,0.5465511362554445,-0.13818427503512454,90,0.057388674123091565
4359.176071463434,1062.6339784249726,0.40836686122031995,0.5404844921800602,-0.13211763095974027,90,0.057388674123091565
4359.176071463434,1158.2720823838974,0.40836686122031995,0.5335458712273845,-0.12517901000706455,90,0.057388674123091565
4359.176071463434,1262.5177098312156,0.40836686122031995,0.5257336396833316,-0.11736677846301169,90,0.057388674123091565
4359.176071463434,1376.1455463528653,0.40836686122031995,0.5170479618873849,-0.10868110066706493,90,0.057388674123091565
4359.176071463434,1500.0,0.40836686122031995,0.507491509504767,-0.099124648284447,90,0.057388674123091565
4421.86935458229,0.7,0.01000437100917586,3.7662859580017665e-05,0.009966708149595842,90,0.05561657718124513
4421.86935458229,0.7630006889770977,0.01000437100917586,4.978206410867205e-05,0.009954588945067188,90,0.05561657718124513
4421.86935458229,0.8316715019707511,0.01000437100917586,6.556102794829456e-05,0.009938809981227564,90,0.05561657718124513
4421.86935458229,0.9065227557232869,0.01000437100917586,8.602569495733123e-05,0.009918345314218528,90,0.05561657718124513
4421.86935458229,0.9881106959861216,0.01000437100917586,0.00011246453942073012,0.00989190646975513,90,0.05561657718124513
4421.86935458229,1.0770416311757862,0.01000437100917586,0.00014648807645577252,0.009857882932720087,90,0.05561657718124513
4421.86935458229,1.1739764380630602,0.01000437100917586,0.00019009954312123028,0.009814271466054628,90,0.05561657718124513
4421.86935458229,1.2796354729785626,0.01000437100917586,0.0002457781185220757,0.009758592890653783,90,0.05561657718124513
4421.86935458229,1.3948039250316824,0.01000437100917586,0.00031657595754706967,0.00968779505162879,90,0.05561657718124513
4421.86935458229,1.520337651124477,0.01000437100917586,0.00040623008817257833,0.00959814092100328,90,0.05561657718124513
4421.86935458229,1.657169536122569,0.01000437100917586,0.0005192898176830114,0.009485081191492849,90,0.05561657718124513
4421.86935458229,1.8063164254476822,0.01000437100917586,0.0006612596525019793,0.00934311135667388,90,0.05561657718124513
4421.86935458229,1.9688866816103285,0.01000437100917586,0.0008387568009459185,0.009165614208229941,90,0.05561657718124513
4421.86935458229,2.1460884208378745,0.01000437100917586,0.0010596810472438044,0.008944689961932055,90,0.05561657718124513
4421.86935458229,2.339238491007243,0.01000437100917586,0.0013333931336372328,0.008670977875538628,90,0.05561657718124513
4421.86935458229,2.5497722576003894,0.01000437100917586,0.001670895794462908,0.008333475214712952,90,0.05561657718124513
4421.86935458229,2.7792542704054104,0.01000437100917586,0.0020850093743814972,0.007919361634794363,90,0.05561657718124513
4421.86935458229,3.0293898902312417,0.01000437100917586,0.0025905317950936516,0.007413839214082208,90,0.05561657718124513
4421.86935458229,3.3020379620381313,0.01000437100917586,0.003204370956892229,0.006800000052283631,90,0.05561657718124513
4421.86935458229,3.599224628662322,0.0100562719675559,0.003945637117791313,0.006110634849764587,90,0.05561657718124513
4421.86935458229,3.9231583877895577,0.010146997739898864,0.004835684176774193,0.005311313563124671,90,0.05561657718124513
4421.86935458229,4.276246504071018,0.010146997739898864,0.0058980928777352445,0.0042489048621636195,90,0.05561657718124513
4421.86935458229,4.661112898345847,0.010146997739898864,0.007158596200986455,0.0029884015389124094,90,0.05561657718124513
4421.86935458229,5.080617646911311,0.010339264901267072,0.008644957306059266,0.0016943075952078057,90,0.05561657718124513
4421.86935458229,5.537878235746474,0.010365686501769583,0.010386821792848382,-2.1135291078798468e-05,90,0.05561657718124513
4421.86935458229,6.036292727636905,0.010482673407388657,0.012415575763153601,-0.0019329023557649438,90,0.05561657718124513
4421.86935458229,6.579565014363433,0.010617482526593305,0.014764245071139607,-0.004146762544546302,90,0.05561657718124513
4421.86935458229,7.1717323416127225,0.011511872009268665,0.017467465126549973,-0.005955593117281308,90,0.05561657718124513
4421.86935458229,7.817195311156917,0.011511872009268665,0.02056153233612628,-0.009049660326857615,90,0.05561657718124513
4421.86935458229,8.520750583258952,0.011560516167408417,0.024084519047317843,-0.012524002879909426,90,0.05561657718124513
4421.86935458229,9.287626522326553,0.016639841669085914,0.028076399459091746,-0.011436557790005832,90,0.05561657718124513
4421.86935458229,10.123522050710184,0.03493331023828153,0.03257910354241783,0.0023542066958636976,90,0.05561657718124513
4421.86935458229,11.03464899938101,0.03732104035837548,0.03763639917595203,-0.0003153588175765498,90,0.05561657718124513
4421.86935458229,12.027778270211655,0.04853499103976794,0.04329350588946701,0.0052414851503009285,90,0.05561657718124513
4421.86935458229,13.110290152907504,0.04957072081193514,0.0495963675831074,-2.5646771172255223e-05,90,0.05561657718124513
4421.86935458229,14.290229170511559,0.04961731785076556,0.05659055134340017,-0.006973233492634609,90,0.05561657718124513
4421.86935458229,15.576363861058477,0.0497264810712548,0.06431978644133717,-0.014593305370082368,90,0.05561657718124513
4421.86935458229,16.978251939636557,0.05582954949637435,0.07282420286439004,-0.016994653368015686,90,0.05561657718124513
4421.86935458229,18.50631132509919,0.14968763109526162,0.08213836562369847,0.06754926547156315,90,0.05561657718124513
4421.86935458229,20.17189755925049,0.16097562742733304,0.09228922614613433,0.06868640128119871,90,0.05561657718124513
4421.86935458229,21.98738819383367,0.1623856724571863,0.10329412463621393,0.05909154782097237,90,0.05561657718124513
4421.86935458229,23.966274772431408,0.17952738471270077,0.11515897829951086,0.06436840641318992,90,0.05561657718124513
4421.86935458229,26.123263090828015,0.1890541851701572,0.12787678119423979,0.06117740397591742,90,0.05561657718124513
4421.86935458229,28.474382480902506,0.2487805938459387,0.14142652361004068,0.10735407023589802,90,0.05561657718124513
4421.86935458229,31.037104930180035,0.28900488759177034,0.15577261357801742,0.13323227401375293,90,0.05561657718124513
4421.86935458229,33.83047492225976,0.33147985499538046,0.17086485190211417,0.1606150030932663,90,0.05561657718124513
4421.86935458229,36.875250963009485,0.3454051743645926,0.18663897694551318,0.15876619741907944,90,0.05561657718124513
4421.86935458229,40.194059844256586,0.3497064570104689,0.20301775884366682,0.14668869816680205,90,0.05561657718124513
4421.86935458229,43.81156479136355,0.3512013120024358,0.21991258779503012,0.1312887242074057,90,0.05561657718124513
4421.86935458229,47.75464874425019,0.3533678261829577,0.23722547061649174,0.11614235556646596,90,0.05561657718124513
4421.86935458229,52.05261413388882,0.3547040208865077,0.2548513264982161,0.09985269438829159,90,0.05561657718124513
4421.86935458229,56.737400638880295,0.3593927931844815,0.2726804587527344,0.08671233443174708,90,0.05561657718124513
4421.86935458229,61.8438225403361,0.3745147780211386,0.290601075202809,0.0839137028183296,90,0.05561657718124513
4421.86935458229,67.40982743893404,0.3751501257580788,0.30850173545340154,0.06664839030467729,90,0.05561657718124513
4421.86935458229,73.47677825676274,0.375364417379738,0.32627361738175,0.049090799997988044,90,0.05561657718124513
4421.86935458229,80.08976061961063,0.3754890091035481,0.3438125157087879,0.0316764933947602,90,0.05561657718124513
4421.86935458229,87.29791790396244,0.3784823270593783,0.36102050998683166,0.017461817072546626,90,0.05561657718124513
4421.86935458229,95.15481643855642,0.3857732695927587,0.37780726516268476,0.007966004430073947,90,0.05561657718124513
4421.86935458229,103.71884357443969,0.38728601862028006,0.39409095269272665,-0.006804934072446589,90,0.05561657718124513
4421.86935458229,113.05364158172193,0.3930966218387043,0.409798802109382,-0.016702180270677713,90,0.05561657718124513
4421.86935458229,123.22858059746237,0.3936756166945289,0.4248673106857267,-0.03119169399119781,90,0.05561657718124513
4421.86935458229,134.3192741393338,0.3948886883832611,0.43924215177319753,-0.044353463389936454,90,0.05561657718124513
4421.86935458229,146.40814101602186,0.3988454525954225,0.45287783043096685,-0.054032377835544376,90,0.05561657718124513
4421.86935458229,159.58501781011546,0.40011567969904727,0.4657371385189878,-0.06562145881994053,90,0.05561657718124513
4421.86935458229,173.9478264850578,0.40235899429521454,0.4777904611966989,-0.07543146690148433,90,0.05561657718124513
4421.86935458229,189.6033020773824,0.4019837531238106,0.48901498362665496,-0.08703123050284434,90,0.05561657718124513
4421.86935458229,206.6677858819652,0.4023631753243946,0.4993938415329271,-0.09703066620853251,90,0.05561657718124513
4421.86935458229,225.26809002472953,0.4025974699468343,0.5089152529517871,-0.10631778300495276,90,0.05561657718124513
4421.86935458229,245.54243984774803,0.4025974699468343,0.5175716617556979,-0.11497419180886359,90,0.05561657718124513
4421.86935458229,267.64150110992745,0.4025974699468343,0.5253589168938495,-0.12276144694701518,90,0.05561657718124513
4421.86935458229,291.72949963677064,0.4025974699468343,0.5322755051753832,-0.12967803522854893,90,0.05561657718124513
4421.86935458229,317.9854417397141,0.4025974699468343,0.5383218500789456,-0.1357243801321113,90,0.05561657718124513
4421.86935458229,346.6044444744125,0.4025974699468343,0.5434996846335941,-0.14090221468675979,90,0.05561657718124513
4421.86935458229,377.7991856235726,0.4025974699468343,0.5478115029135534,-0.1452140329667191,90,0.05561657718124513
4421.86935458229,411.801484179675,0.4025974699468343,0.551260092085322,-0.1486626221384877,90,0.05561657718124513
4421.86935458229,448.86402307269043,0.4025974699468343,0.5538481451569313,-0.15125067521009694,90,0.05561657718124513
4421.86935458229,489.26222694499216,0.4025974699468343,0.5555779534961696,-0.15298048354933524,90,0.05561657718124513
4421.86935458229,533.2963089278549,0.4025974699468343,0.5564511776857771,-0.1538537077389428,90,0.05561657718124513
4421.86935458229,581.2935016298517,0.4025974699468343,0.5564686952449265,-0.15387122529809216,90,0.05561657718124513
4421.86935458229,633.6104889164096,0.4025974699468343,0.555630524046567,-0.15303305409973267,90,0.05561657718124513
4421.86935458229,690.6360565519087,0.4025974699468343,0.5539358207831775,-0.15133835083634317,90,0.05561657718124513
4421.86935458229,752.7939814021893,0.4025974699468343,0.5513829544675495,-0.14878548452071516,90,0.05561657718124513
4421.86935458229,820.546180668118,0.4025974699468343,0.5479696555915278,-0.14537218564469345,90,0.05561657718124513
4421.86935458229,894.3961445532864,0.4025974699468343,0.5436932420953138,-0.14109577214847946,90,0.05561657718124513
4421.86935458229,974.8926778751674,0.4025974699468343,0.5385509236115681,-0.13595345366473377,90,0.05561657718124513
4421.86935458229,1062.6339784249726,0.4025974699468343,0.532540185426081,-0.12994271547924663,90,0.05561657718124513
4421.86935458229,1158.2720823838974,0.4025974699468343,0.5256592531192548,-0.12306178317242045,90,0.05561657718124513
4421.86935458229,1262.5177098312156,0.4025974699468343,0.5179076377959981,-0.11531016784916381,90,0.05561657718124513
4421.86935458229,1376.1455463528653,0.4025974699468343,0.5092867600541057,-0.10668929010727135,90,0.05561657718124513
4421.86935458229,1500.0,0.4025974699468343,0.4998006482724566,-0.09720317832562231,90,0.05561657718124513
4485.464286931134,0.7,0.009764620250641072,3.57360508244617e-05,0.00972888419981661,90,0.05741485281654457
4485.464286931134,0.7630006889770977,0.009764620250641072,4.724806323961589e-05,0.009717372187401456,90,0.05741485281654457
4485.464286931134,0.8316715019707511,0.009764620250641072,6.22406559001295e-05,0.009702379594740943,90,0.05741485281654457
4485.464286931134,0.9065227557232869,0.009764620250641072,8.169080611955961e-05,0.009682929444521513,90,0.05741485281654457
4485.464286931134,0.9881106959861216,0.009764620250641072,0.00010682582981325311,0.00965779442082782,90,0.05741485281654457
4485.464286931134,1.0770416311757862,0.009764620250641072,0.00013918019815242907,0.009625440052488643,90,0.05741485281654457
4485.464286931134,1.1739764380630602,0.009764620250641072,0.000180663021918726,0.009583957228722345,90,0.05741485281654457
4485.464286931134,1.2796354729785626,0.009764620250641072,0.00023363750108650006,0.009530982749554572,90,0.05741485281654457
4485.464286931134,1.3948039250316824,0.009764620250641072,0.0003010135388738899,0.009463606711767183,90,0.05741485281654457
4485.464286931134,1.520337651124477,0.009764620250641072,0.000386354490923231,0.009378265759717841,90,0.05741485281654457
4485.464286931134,1.657169536122569,0.009764620250641072,0.000493998612644391,0.009270621637996681,90,0.05741485281654457
4485.464286931134,1.8063164254476822,0.009764620250641072,0.000629195124806204,0.009135425125834868,90,0.05741485281654457
4485.464286931134,1.9688866816103285,0.009764620250641072,0.0007982538802292938,0.008966366370411778,90,0.05741485281654457
4485.464286931134,2.1460884208378745,0.009764620250641072,0.0010087063314796214,0.00875591391916145,90,0.05741485281654457
4485.464286931134,2.339238491007243,0.009764620250641072,0.0012694738450239047,0.008495146405617167,90,0.05741485281654457
4485.464286931134,2.5497722576003894,0.009764620250641072,0.0015910374098655454,0.008173582840775526,90,0.05741485281654457
4485.464286931134,2.7792542704054104,0.009764620250641072,0.0019856005709241635,0.0077790196797169085,90,0.05741485281654457
4485.464286931134,3.0293898902312417,0.009764620250641072,0.0024672352445468254,0.007297385006094247,90,0.05741485281654457
4485.464286931134,3.3020379620381313,0.009764620250641072,0.003051998398762839,0.006712621851878233,90,0.05741485281654457
4485.464286931134,3.599224628662322,0.009808312114927402,0.003758007064601144,0.006050305050326258,90,0.05741485281654457
4485.464286931134,3.9231583877895577,0.009879307829983187,0.004605460608692477,0.00527384722129071,90,0.05741485281654457
4485.464286931134,4.276246504071018,0.009879307829983187,0.005616603465045643,0.004262704364937544,90,0.05741485281654457
4485.464286931134,4.661112898345847,0.009879307829983187,0.006815629108655508,0.0030636787213276784,90,0.05741485281654457
4485.464286931134,5.080617646911311,0.010054325185838004,0.008228536704145415,0.0018257884816925887,90,0.05741485281654457
4485.464286931134,5.537878235746474,0.0100798970248152,0.009882964077859366,0.00019693294695583355,90,0.05741485281654457
4485.464286931134,6.036292727636905,0.010185475130580268,0.011808031421240943,-0.001622556290660675,90,0.05741485281654457
4485.464286931134,6.579565014363433,0.010306547017678937,0.014034235181612172,-0.003727688163933235,90,0.05741485281654457
4485.464286931134,7.1717323416127225,0.011116787476332452,0.01659342654440978,-0.005476639068077327,90,0.05741485281654457
4485.464286931134,7.817195311156917,0.011116787476332452,0.019518891071588097,-0.008402103595255644,90,0.05741485281654457
4485.464286931134,8.520750583258952,0.011166889757618394,0.022845516389719874,-0.01167862663210148,90,0.05741485281654457
4485.464286931134,9.287626522326553,0.015943265585293978,0.026609998892400608,-0.01066673330710663,90,0.05741485281654457
4485.464286931134,10.123522050710184,0.03321196377006282,0.030851007491606776,0.0023609562784560473,90,0.05741485281654457
4485.464286931134,11.03464899938101,0.03539252345029765,0.03560920253749254,-0.00021667908719489454,90,0.05741485281654457
4485.464286931134,12.027778270211655,0.04606805142954184,0.04092700813988937,0.005141043289652467,90,0.05741485281654457
4485.464286931134,13.110290152907504,0.04704661317084265,0.046848057545969296,0.00019855562487335054,90,0.05741485281654457
4485.464286931134,14.290229170511559,0.04708411595199018,0.0534162692099347,-0.00633215325794452,90,0.05741485281654457
4485.464286931134,15.576363861058477,0.04717675394594051,0.06067455714153862,-0.01349780319559811,90,0.05741485281654457
4485.464286931134,16.978251939636557,0.05277493298983632,0.06866322393957167,-0.015888290949735345,90,0.05741485281654457
4485.464286931134,18.50631132509919,0.14053098432847305,0.07741812175816955,0.0631128625703035,90,0.05741485281654457
4485.464286931134,20.17189755925049,0.1511015716758911,0.08696869187361712,0.06413287980227399,90,0.05741485281654457
4485.464286931134,21.98738819383367,0.15239735789747857,0.0973360070287421,0.05506135086873648,90,0.05741485281654457
4485.464286931134,23.966274772431408,0.16889235974078481,0.10853094352596543,0.060361416214819386,90,0.05741485281654457
4485.464286931134,26.123263090828015,0.1780508132324144,0.12055260376098742,0.057498209471426975,90,0.05741485281654457
4485.464286931134,28.474382480902506,0.23478005012954045,0.13338709593339648,0.10139295419614397,90,0.05741485281654457
4485.464286931134,31.037104930180035,0.27364348219766793,0.1470067570977462,0.12663672509992174,90,0.05741485281654457
4485.464286931134,33.83047492225976,0.3148568153738902,0.16136987953704238,0.15348693583684783,90,0.05741485281654457
4485.464286931134,36.875250963009485,0.3286681940743152,0.17642096997306517,0.15224722410125002,90,0.05741485281654457
4485.464286931134,40.194059844256586,0.33302832341707267,0.19209153823757524,0.14093678517949743,90,0.05741485281654457
4485.464286931134,43.81156479136355,0.3345907822355012,0.208301379108002,0.1262894031274992,90,0.05741485281654457
4485.464286931134,47.75464874425019,0.3367248816011461,0.2249602807517802,0.1117646008493659,90,0.05741485281654457
4485.464286931134,52.05261413388882,0.33810712927326525,0.2419700682463163,0.09613706102694894,90,0.05741485281654457
4485.464286931134,56.737400638880295,0.3428951191165954,0.2592268731003725,0.08366824601622291,90,0.05741485281654457
4485.464286931134,61.8438225403361,0.35824766768586214,0.2766235109565662,0.08162415672929596,90,0.05741485281654457
4485.464286931134,67.40982743893404,0.3589332491685959,0.29405185007954426,0.06488139908905166,90,0.05741485281654457
4485.464286931134,73.47677825676274,0.35921037588927285,0.31140506220321285,0.04780531368606,90,0.05741485281654457
4485.464286931134,80.08976061961063,0.3593566273195359,0.3285796633335269,0.030776963986008987,90,0.05741485281654457
4485.464286931134,87.29791790396244,0.3626192909693896,0.34547727308894993,0.017142017880439675,90,0.05741485281654457
4485.464286931134,95.15481643855642,0.37018960738482776,0.36200604473773934,0.008183562647088416,90,0.05741485281654457
4485.464286931134,103.71884357443969,0.3717019539113421,0.37808174193279237,-0.006379788021450283,90,0.05741485281654457
4485.464286931134,113.05364158172193,0.37774613124275613,0.393628460239279,-0.015882328996522865,90,0.05741485281654457
4485.464286931134,123.22858059746237,0.37850189949809915,0.40857901038494576,-0.030077110886846614,90,0.05741485281654457
4485.464286931134,134.3192741393338,0.37984365021368305,0.42287499480796187,-0.04303134459427882,90,0.05741485281654457
4485.464286931134,146.40814101602186,0.3840423505980465,0.43646661917565976,-0.05242426857761329,90,0.05741485281654457
4485.464286931134,159.58501781011546,0.3854489305318486,0.44931228623493735,-0.06386335570308876,90,0.05741485281654457
4485.464286931134,173.9478264850578,0.3879066592264582,0.46137802113452764,-0.07347136190806947,90,0.05741485281654457
4485.464286931134,189.6033020773824,0.3875638420596711,0.47263677596266873,-0.08507293390299764,90,0.05741485281654457
4485.464286931134,206.6677858819652,0.388021898176687,0.4830676575006222,-0.09504575932393522,90,0.05741485281654457
4485.464286931134,225.26809002472953,0.3882856328139708,0.49265511692368613,-0.1043694841097153,90,0.05741485281654457
4485.464286931134,245.54243984774803,0.3882856328139708,0.5013881341222844,-0.11310250130831362,90,0.05741485281654457
4485.464286931134,267.64150110992745,0.3882856328139708,0.5092594230719669,-0.1209737902579961,90,0.05741485281654457
4485.464286931134,291.72949963677064,0.3882856328139708,0.5162646787108057,-0.1279790458968349,90,0.05741485281654457
4485.464286931134,317.9854417397141,0.3882856328139708,0.5224018803992928,-0.13411624758532198,90,0.05741485281654457
4485.464286931134,346.6044444744125,0.3882856328139708,0.5276706624268782,-0.13938502961290739,90,0.05741485281654457
4485.464286931134,377.7991856235726,0.3882856328139708,0.5320717582714775,-0.14378612545750663,90,0.05741485281654457
4485.464286931134,411.801484179675,0.3882856328139708,0.5356065224148536,-0.1473208896008828,90,0.05741485281654457
4485.464286931134,448.86402307269043,0.3882856328139708,0.5382765314133695,-0.14999089859939868,90,0.05741485281654457
4485.464286931134,489.26222694499216,0.3882856328139708,0.540083264530201,-0.15179763171623012,90,0.05741485281654457
4485.464286931134,533.2963089278549,0.3882856328139708,0.5410278634418737,-0.15274223062790288,90,0.05741485281654457
4485.464286931134,581.2935016298517,0.3882856328139708,0.5411109702201524,-0.1528253374061816,90,0.05741485281654457
4485.464286931134,633.6104889164096,0.3882856328139708,0.5403326428393628,-0.15204701002539195,90,0.05741485281654457
4485.464286931134,690.6360565519087,0.3882856328139708,0.5386923477501243,-0.15040671493615348,90,0.05741485281654457
4485.464286931134,752.7939814021893,0.3882856328139708,0.5361890294769134,-0.14790339666294255,90,0.05741485281654457
4485.464286931134,820.546180668118,0.3882856328139708,0.5328212576243339,-0.14453562481036303,90,0.05741485281654457
4485.464286931134,894.3961445532864,0.3882856328139708,0.5285874520010754,-0.14030181918710455,90,0.05741485281654457
4485.464286931134,974.8926778751674,0.3882856328139708,0.5234861866754454,-0.13520055386147461,90,0.05741485281654457
4485.464286931134,1062.6339784249726,0.3882856328139708,0.5175165735435294,-0.1292309407295586,90,0.05741485281654457
4485.464286931134,1158.2720823838974,0.3882856328139708,0.5106787253000848,-0.12239309248611402,90,0.05741485281654457
4485.464286931134,1262.5177098312156,0.3882856328139708,0.5029742964336388,-0.11468866361966795,90,0.05741485281654457
4485.464286931134,1376.1455463528653,0.3882856328139708,0.4944070989086531,-0.10612146609468226,90,0.05741485281654457
4485.464286931134,1500.0,0.3882856328139708,0.4849837864541865,-0.09669815364021567,90,0.05741485281654457
4549.973835949117,0.7,0.009383837188883455,3.42070766471734e-05,0.009349630112236282,90,0.05632086043660278
4549.973835949117,0.7630006889770977,0.009383837188883455,4.5238922611250415e-05,0.009338598266272204,90,0.05632086043660278
4549.973835949117,0.8316715019707511,0.009383837188883455,5.961025660007034e-05,0.009324226932283384,90,0.05632086043660278
4549.973835949117,0.9065227557232869,0.009383837188883455,7.825971709221442e-05,0.00930557747179124,90,0.05632086043660278
4549.973835949117,0.9881106959861216,0.009383837188883455,0.0001023668180549723,0.009281470370828483,90,0.05632086043660278
4549.973835949117,1.0770416311757862,0.009383837188883455,0.00013340670816935156,0.009250430480714103,90,0.05632086043660278
4549.973835949117,1.1739764380630602,0.009383837188883455,0.0001732152283553352,0.00921062196052812,90,0.05632086043660278
4549.973835949117,1.2796354729785626,0.009383837188883455,0.00022406552018761314,0.009159771668695842,90,0.05632086043660278
4549.973835949117,1.3948039250316824,0.009383837188883455,0.0002887573400835452,0.00909507984879991,90,0.05632086043660278
4549.973835949117,1.520337651124477,0.009383837188883455,0.0003707200082226962,0.009013117180660758,90,0.05632086043660278
4549.973835949117,1.657169536122569,0.009383837188883455,0.00047412951868649816,0.008909707670196956,90,0.05632086043660278
4549.973835949117,1.8063164254476822,0.009383837188883455,0.0006040397022543106,0.008779797486629144,90,0.05632086043660278
4549.973835949117,1.9688866816103285,0.009383837188883455,0.0007665264065670819,0.008617310782316373,90,0.05632086043660278
4549.973835949117,2.1460884208378745,0.009383837188883455,0.0009688423877635673,0.008414994801119888,90,0.05632086043660278
4549.973835949117,2.339238491007243,0.009383837188883455,0.0012195789657126264,0.008164258223170828,90,0.05632086043660278
4549.973835949117,2.5497722576003894,0.009383837188883455,0.0015288285071100075,0.007855008681773447,90,0.05632086043660278
4549.973835949117,2.7792542704054104,0.009383837188883455,0.0019083395853993555,0.007475497603484099,90,0.05632086043660278
4549.973835949117,3.0293898902312417,0.009383837188883455,0.0023716544839043245,0.00701218270497913,90,0.05632086043660278
4549.973835949117,3.3020379620381313,0.009383837188883455,0.0029342170079144783,0.0064496201809689764,90,0.05632086043660278
4549.973835949117,3.599224628662322,0.00942147716350615,0.0036134380135703814,0.00580803914993577,90,0.05632086043660278
4549.973835949117,3.9231583877895577,0.009483841741035927,0.004428707478419317,0.00505513426261661,90,0.05632086043660278
4549.973835949117,4.276246504071018,0.009483841741035927,0.005401346181488701,0.004082495559547226,90,0.05632086043660278
4549.973835949117,4.661112898345847,0.009483841741035927,0.006554497693073264,0.002929344047962663,90,0.05632086043660278
4549.973835949117,5.080617646911311,0.009645421874559986,0.00791297221638043,0.0017324496581795565,90,0.05632086043660278
4549.973835949117,5.537878235746474,0.009670911797868425,0.009503066451299771,0.00016784534656865378,90,0.05632086043660278
4549.973835949117,6.036292727636905,0.009767738019653433,0.011352395093379954,-0.0015846570737265211,90,0.05632086043660278
4549.973835949117,6.579565014363433,0.009878289963668897,0.013489775553168794,-0.003611485589499898,90,0.05632086043660278
4549.973835949117,7.1717323416127225,0.010622981187042652,0.01594520343837428,-0.005322222251331627,90,0.05632086043660278
4549.973835949117,7.817195311156917,0.010622981187042652,0.018749939311252024,-0.008126958124209372,90,0.05632086043660278
4549.973835949117,8.520750583258952,0.010673840690727271,0.021936697820690073,-0.011262857129962802,90,0.05632086043660278
4549.973835949117,9.287626522326553,0.015199813828963198,0.025539893805604834,-0.010340079976641636,90,0.05632086043660278
4549.973835949117,10.123522050710184,0.03157039403932244,0.029595865568597713,0.0019745284707247297,90,0.05632086043660278
4549.973835949117,11.03464899938101,0.03360447974611393,0.03414297347372738,-0.0005384937276134497,90,0.05632086043660278
4549.973835949117,12.027778270211655,0.04391426727945458,0.03922146980104369,0.004692797478410886,90,0.05632086043660278
4549.973835949117,13.110290152907504,0.0448349805314483,0.04487305516527459,-3.807463382628912e-05,90,0.05632086043660278
4549.973835949117,14.290229170511559,0.04486585493653607,0.05114007335392922,-0.006274218417393153,90,0.05632086043660278
4549.973835949117,15.576363861058477,0.04494649918453893,0.05806434162342131,-0.013117842438882386,90,0.05632086043660278
4549.973835949117,16.978251939636557,0.05016243214680702,0.06568565804171816,-0.015523225894911147,90,0.05632086043660278
4549.973835949117,18.50631132509919,0.13218405053793378,0.07404006430176714,0.058143986236166637,90,0.05632086043660278
4549.973835949117,20.17189755925049,0.142126997880829,0.08315796796069068,0.05896902992013832,90,0.05632086043660278
4549.973835949117,21.98738819383367,0.14333860238989327,0.09306224181391728,0.05027636057597598,90,0.05632086043660278
4549.973835949117,23.966274772431408,0.15919903725874532,0.10376642144243085,0.055432615816314465,90,0.05632086043660278
4549.973835949117,26.123263090828015,0.16801298789911323,0.11527311672354387,0.05273987117556936,90,0.05632086043660278
4549.973835949117,28.474382480902506,0.2223268353263183,0.1275727408189254,0.09475409450739292,90,0.05632086043660278
4549.973835949117,31.037104930180035,0.25982551366960727,0.14064264192739506,0.1191828717422122,90,0.05632086043660278
4549.973835949117,33.83047492225976,0.3001311295210077,0.1544466997797199,0.14568442974128779,90,0.05632086043660278
4549.973835949117,36.875250963009485,0.31376534101510956,0.1689354214921247,0.14482991952298485,90,0.05632086043660278
4549.973835949117,40.194059844256586,0.31817612060690936,0.18404654146437763,0.13412957914253174,90,0.05632086043660278
4549.973835949117,43.81156479136355,0.3197896949515075,0.19970609949610754,0.12008359545539996,90,0.05632086043660278
4549.973835949117,47.75464874425019,0.3218575128192558,0.215829942545404,0.10602757027385179,90,0.05632086043660278
4549.973835949117,52.05261413388882,0.32327896959471697,0.23232557096254755,0.09095339863216942,90,0.05632086043660278
4549.973835949117,56.737400638880295,0.32815020719235105,0.2490942316894798,0.07905597550287125,90,0.05632086043660278
4549.973835949117,61.8438225403361,0.3436226687647691,0.2660331502887886,0.0775895184759805,90,0.05632086043660278
4549.973835949117,67.40982743893404,0.3443442551627553,0.2830377913846558,0.06130646377809951,90,0.05632086043660278
4549.973835949117,73.47677825676274,0.34467806999091477,0.3000040428874625,0.04467402710345225,90,0.05632086043660278
4549.973835949117,80.08976061961063,0.3448391237421512,0.31683023213121264,0.028008891610938558,90,0.05632086043660278
4549.973835949117,87.29791790396244,0.34831103443972766,0.3334189000468309,0.014892134392896772,90,0.05632086043660278
4549.973835949117,95.15481643855642,0.35613380379545867,0.3496782806362863,0.0064555231591723605,90,0.05632086043660278
4549.973835949117,103.71884357443969,0.35764590820518993,0.3655234551504905,-0.007877546945300573,90,0.05632086043660278
4549.973835949117,113.05364158172193,0.36387501186144516,0.3808771715563066,-0.017002159694861463,90,0.05632086043660278
4549.973835949117,123.22858059746237,0.3647674748579157,0.3956703385490171,-0.0309028636911014,90,0.05632086043660278
4549.973835949117,134.3192741393338,0.3662089413698485,0.4098422184762425,-0.04363327710639403,90,0.05632086043660278
4549.973835949117,146.40814101602186,0.3705786785426343,0.42334035456547375,-0.05276167602283943,90,0.05632086043660278
4549.973835949117,159.58501781011546,0.37209012577851985,0.43612027474621334,-0.06403014896769349,90,0.05632086043660278
4549.973835949117,173.9478264850578,0.37496845029871845,0.4481450174644951,-0.07317656716577664,90,0.05632086043660278
4549.973835949117,189.6033020773824,0.3746504633655962,0.4593845247949556,-0.08473406142935941,90,0.05632086043660278
4549.973835949117,206.6677858819652,0.3751765337147662,0.46981494559147896,-0.09463841187671274,90,0.05632086043660278
4549.973835949117,225.26809002472953,0.3754631941875316,0.479417887138997,-0.10395469295146542,90,0.05632086043660278
4549.973835949117,245.54243984774803,0.3754631941875316,0.4881796484828335,-0.11271645429530192,90,0.05632086043660278
4549.973835949117,267.64150110992745,0.3754631941875316,0.4960904629220504,-0.12062726873451879,90,0.05632086043660278
4549.973835949117,291.72949963677064,0.3754631941875316,0.5031437715353865,-0.12768057734785487,90,0.05632086043660278
4549.973835949117,317.9854417397141,0.3754631941875316,0.5093355444053492,-0.13387235021781763,90,0.05632086043660278
4549.973835949117,346.6044444744125,0.3754631941875316,0.5146636616374759,-0.1392004674499443,90,0.05632086043660278
4549.973835949117,377.7991856235726,0.3754631941875316,0.5191273624526913,-0.1436641682651597,90,0.05632086043660278
4549.973835949117,411.801484179675,0.3754631941875316,0.5227267675934654,-0.14726357340593377,90,0.05632086043660278
4549.973835949117,448.86402307269043,0.3754631941875316,0.5254624780007999,-0.14999928381326832,90,0.05632086043660278
4549.973835949117,489.26222694499216,0.3754631941875316,0.5273352511194659,-0.15187205693193429,90,0.05632086043660278
4549.973835949117,533.2963089278549,0.3754631941875316,0.5283457551784043,-0.15288256099087272,90,0.05632086043660278
4549.973835949117,581.2935016298517,0.3754631941875316,0.5284944012630413,-0.15303120707550966,90,0.05632086043660278
4549.973835949117,633.6104889164096,0.3754631941875316,0.5277812528318196,-0.15231805864428805,90,0.05632086043660278
4549.973835949117,690.6360565519087,0.3754631941875316,0.5262060124144454,-0.15074281822691382,90,0.05632086043660278
4549.973835949117,752.7939814021893,0.3754631941875316,0.5237680854488105,-0.14830489126127888,90,0.05632086043660278
4549.973835949117,820.546180668118,0.3754631941875316,0.5204667214527423,-0.1450035272652107,90,0.05632086043660278
4549.973835949117,894.3961445532864,0.3754631941875316,0.5163012328712165,-0.14083803868368494,90,0.05632086043660278
4549.973835949117,974.8926778751674,0.3754631941875316,0.5112712918744678,-0.13580809768693625,90,0.05632086043660278
4549.973835949117,1062.6339784249726,0.3754631941875316,0.505377304991499,-0.12991411080396742,90,0.05632086043660278
4549.973835949117,1158.2720823838974,0.3754631941875316,0.4986208646314345,-0.12315767044390291,90,0.05632086043660278
4549.973835949117,1262.5177098312156,0.3754631941875316,0.4910052751603939,-0.11554208097286228,90,0.05632086043660278
4549.973835949117,1376.1455463528653,0.3754631941875316,0.4825361491633316,-0.1070729549758,90,0.05632086043660278
4549.973835949117,1500.0,0.3754631941875316,0.4732220667486586,-0.09775887256112697,90,0.05632086043660278
4615.411155571942,0.7,0.009270951914251212,3.271095866025702e-05,0.009238240955590955,90,0.05365669010819474
4615.411155571942,0.7630006889770977,0.009270951914251212,4.327210597655159e-05,0.009227679808274662,90,0.05365669010819474
4615.411155571942,0.8316715019707511,0.009270951914251212,5.703413683402467e-05,0.009213917777417188,90,0.05365669010819474
4615.411155571942,0.9065227557232869,0.009270951914251212,7.489792513473612e-05,0.009196053989116477,90,0.05365669010819474
4615.411155571942,0.9881106959861216,0.009270951914251212,9.799586229675912e-05,0.009172956051954454,90,0.05365669010819474
4615.411155571942,1.0770416311757862,0.009270951914251212,0.0001277445674633918,0.009143207346787821,90,0.05365669010819474
4615.411155571942,1.1739764380630602,0.009270951914251212,0.00016590752165872703,0.009105044392592486,90,0.05365669010819474
4615.411155571942,1.2796354729785626,0.009270951914251212,0.0002146688296735682,0.009056283084577644,90,0.05365669010819474
4615.411155571942,1.3948039250316824,0.009270951914251212,0.0002767192144312015,0.00899423269982001,90,0.05365669010819474
4615.411155571942,1.520337651124477,0.009270951914251212,0.0003553551226576745,0.008915596791593539,90,0.05365669010819474
4615.411155571942,1.657169536122569,0.009270951914251212,0.0004545914197296349,0.008816360494521577,90,0.05365669010819474
4615.411155571942,1.8063164254476822,0.009270951914251212,0.0005792875195750218,0.008691664394676191,90,0.05365669010819474
4615.411155571942,1.9688866816103285,0.009270951914251212,0.0007352858730506204,0.008535666041200592,90,0.05365669010819474
4615.411155571942,2.1460884208378745,0.009270951914251212,0.000929560472283142,0.00834139144196807,90,0.05365669010819474
4615.411155571942,2.339238491007243,0.009270951914251212,0.0011703713900412898,0.008100580524209923,90,0.05365669010819474
4615.411155571942,2.5497722576003894,0.009270951914251212,0.0014674193855697298,0.0078035325286814824,90,0.05365669010819474
4615.411155571942,2.7792542704054104,0.009270951914251212,0.0018319923871680552,0.007438959527083157,90,0.05365669010819474
4615.411155571942,3.0293898902312417,0.009270951914251212,0.002277093465045085,0.0069938584492061275,90,0.05365669010819474
4615.411155571942,3.3020379620381313,0.009270951914251212,0.0028175381849744963,0.006453413729276716,90,0.05365669010819474
4615.411155571942,3.599224628662322,0.0093049509319982,0.003470008650992558,0.005834942281005642,90,0.05365669010819474
4615.411155571942,3.9231583877895577,0.009356491047383755,0.004253052953260207,0.005103438094123548,90,0.05365669010819474
4615.411155571942,4.276246504071018,0.009356491047383755,0.005187023020346937,0.004169468027036818,90,0.05365669010819474
4615.411155571942,4.661112898345847,0.009356491047383755,0.006293951651104648,0.0030625393962791063,90,0.05365669010819474
4615.411155571942,5.080617646911311,0.009507793238393797,0.007597380659797309,0.0019104125785964878,90,0.05365669010819474
4615.411155571942,5.537878235746474,0.009532830826148258,0.00912216525190782,0.0004106655742404375,90,0.05365669010819474
4615.411155571942,6.036292727636905,0.009623242611514767,0.010894292010974778,-0.0012710493994600117,90,0.05365669010819474
4615.411155571942,6.579565014363433,0.00972446000307653,0.012940754868722593,-0.0032162948656460633,90,0.05365669010819474
4615.411155571942,7.1717323416127225,0.010411056062547802,0.01528953041291575,-0.004878474350367947,90,0.05365669010819474
4615.411155571942,7.817195311156917,0.010411056062547802,0.017969677567354212,-0.00755862150480641,90,0.05365669010819474
4615.411155571942,8.520750583258952,0.010463018175138325,0.02101155729417889,-0.010548539119040565,90,0.05365669010819474
4615.411155571942,9.287626522326553,0.01477165374836322,0.024447130545268314,-0.009675476796905095,90,0.05365669010819474
4615.411155571942,10.123522050710184,0.030383701111606976,0.028310256404065703,0.0020734447075412728,90,0.05365669010819474
4615.411155571942,11.03464899938101,0.03227408061932514,0.03263688775461282,-0.0003628071352876766,90,0.05365669010819474
4615.411155571942,12.027778270211655,0.042176325907435044,0.03746505688518876,0.004711269022246285,90,0.05365669010819474
4615.411155571942,13.110290152907504,0.04329116676301514,0.04283456049406175,0.00045660626895339257,90,0.05365669010819474
4615.411155571942,14.290229170511559,0.04331789846673248,0.04878628853775122,-0.005468390071018743,90,0.05365669010819474
4615.411155571942,15.576363861058477,0.0433909422238698,0.055361185762942924,-0.011970243539073125,90,0.05365669010819474
4615.411155571942,16.978251939636557,0.048252977419480654,0.06259887914867193,-0.014345901729191278,90,0.05365669010819474
4615.411155571942,18.50631132509919,0.12579409600775504,0.07053604154339788,0.055258054464357165,90,0.05365669010819474
4615.411155571942,20.17189755925049,0.13521199858900607,0.0792045877923224,0.05600741079668367,90,0.05365669010819474
4615.411155571942,21.98738819383367,0.13634166170485104,0.08862981417976581,0.04771184752508523,90,0.05365669010819474
4615.411155571942,23.966274772431408,0.15163133216251312,0.09882859656887587,0.052802735593637254,90,0.05365669010819474
4615.411155571942,26.123263090828015,0.1601450194801339,0.10980775922084071,0.05033726025929319,90,0.05365669010819474
4615.411155571942,28.474382480902506,0.21237085428947,0.12156271652646997,0.09080813776300004,90,0.05365669010819474
4615.411155571942,31.037104930180035,0.24871758318458004,0.13407647475082857,0.11464110843375147,90,0.05365669010819474
4615.411155571942,33.83047492225976,0.28824780993473653,0.1473190609524838,0.14092874898225274,90,0.05365669010819474
4615.411155571942,36.875250963009485,0.3017249236485733,0.1612474221148247,0.14047750153374858,90,0.05365669010819474
4615.411155571942,40.194059844256586,0.30616242445992903,0.1758058102523924,0.13035661420753664,90,0.05365669010819474
4615.411155571942,43.81156479136355,0.30782545483123186,0.19092664043575178,0.11689881439548008,90,0.05365669010819474
4615.411155571942,47.75464874425019,0.3098470673498562,0.20653178041383713,0.10331528693601905,90,0.05365669010819474
4615.411155571942,52.05261413388882,0.311310799387608,0.22253420513651023,0.08877659425109774,90,0.05365669010819474
4615.411155571942,56.737400638880295,0.3162553943905799,0.2388399292053619,0.07741546518521802,90,0.05365669010819474
4615.411155571942,61.8438225403361,0.3318462218845457,0.25535011684845776,0.07649610503608795,90,0.05365669010819474
4615.411155571942,67.40982743893404,0.332598476821788,0.27196326342448846,0.06063521339729955,90,0.05365669010819474
4615.411155571942,73.47677825676274,0.332981902478072,0.2885773448375626,0.044404557640509434,90,0.05365669010819474
4615.411155571942,80.08976061961063,0.3331570744372119,0.3050918408499789,0.02806523358723295,90,0.05365669010819474
4615.411155571942,87.29791790396244,0.3368097814279704,0.3214095536725973,0.015400227755373086,90,0.05365669010819474
4615.411155571942,95.15481643855642,0.34484886654498226,0.3374381624842605,0.007410704060721751,90,0.05365669010819474
4615.411155571942,103.71884357443969,0.34636068984773494,0.3530914756008219,-0.006730785753086943,90,0.05365669010819474
4615.411155571942,113.05364158172193,0.3527554814952609,0.3682903628976756,-0.015534881402414658,90,0.05365669010819474
4615.411155571942,123.22858059746237,0.3537692393523091,0.3829633701224746,-0.029194130770165527,90,0.05365669010819474
4615.411155571942,134.3192741393338,0.35530058330921127,0.39704703270955005,-0.04174644940033878,90,0.05365669010819474
4615.411155571942,146.40814101602186,0.35981444885021824,0.41048591892573305,-0.05067147007551481,90,0.05365669010819474
4615.411155571942,159.58501781011546,0.3614158457994915,0.42323244042436875,-0.061816594624877264,90,0.05365669010819474
4615.411155571942,173.9478264850578,0.36443173670381945,0.4352464727489972,-0.07081473604517774,90,0.05365669010819474
4615.411155571942,189.6033020773824,0.36413578212550635,0.44649482949102526,-0.08235904736551891,90,0.05365669010819474
4615.411155571942,206.6677858819652,0.36471980625387956,0.4569506323200966,-0.09223082606621702,90,0.05365669010819474
4615.411155571942,225.26809002472953,0.3650267931091367,0.4665926156900144,-0.10156582258087771,90,0.05365669010819474
4615.411155571942,245.54243984774803,0.3650267931091367,0.47540440037403364,-0.11037760726489693,90,0.05365669010819474
4615.411155571942,267.64150110992745,0.3650267931091367,0.48337376471756777,-0.11834697160843105,90,0.05365669010819474
4615.411155571942,291.72949963677064,0.3650267931091367,0.490491937116292,-0.1254651440071553,90,0.05365669010819474
4615.411155571942,317.9854417397141,0.3650267931091367,0.4967529281099243,-0.13172613500078756,90,0.05365669010819474
4615.411155571942,346.6044444744125,0.3650267931091367,0.5021529158819492,-0.1371261227728125,90,0.05365669010819474
4615.411155571942,377.7991856235726,0.3650267931091367,0.5066896950217845,-0.1416629019126478,90,0.05365669010819474
4615.411155571942,411.801484179675,0.3650267931091367,0.5103621951998323,-0.14533540209069556,90,0.05365669010819474
4615.411155571942,448.86402307269043,0.3650267931091367,0.5131700739226968,-0.14814328081356004,90,0.05365669010819474
4615.411155571942,489.26222694499216,0.3650267931091367,0.5151133857237168,-0.15008659261458007,90,0.05365669010819474
4615.411155571942,533.2963089278549,0.3650267931091367,0.5161923289200452,-0.15116553581090847,90,0.05365669010819474
4615.411155571942,581.2935016298517,0.3650267931091367,0.51640707033063,-0.15138027722149333,90,0.05365669010819474
4615.411155571942,633.6104889164096,0.3650267931091367,0.5157576479887536,-0.15073085487961685,90,0.05365669010819474
4615.411155571942,690.6360565519087,0.3650267931091367,0.5142439517832647,-0.14921715867412794,90,0.05365669010819474
4615.411155571942,752.7939814021893,0.3650267931091367,0.5118657820081929,-0.14683898889905617,90,0.05365669010819474
4615.411155571942,820.546180668118,0.3650267931091367,0.5086229858748582,-0.1435961927657215,90,0.05365669010819474
4615.411155571942,894.3961445532864,0.3650267931091367,0.504515672027678,-0.13948887891854128,90,0.05365669010819474
4615.411155571942,974.8926778751674,0.3650267931091367,0.49954450288850344,-0.13451770977936672,90,0.05365669010819474
4615.411155571942,1062.6339784249726,0.3650267931091367,0.4937110641185657,-0.12868427100942897,90,0.05365669010819474
4615.411155571942,1158.2720823838974,0.3650267931091367,0.48701830951871194,-0.12199151640957523,90,0.05365669010819474
4615.411155571942,1262.5177098312156,0.3650267931091367,0.4794710781805396,-0.11444428507140286,90,0.05365669010819474
4615.411155571942,1376.1455463528653,0.3650267931091367,0.4710766785601329,-0.1060498854509962,90,0.05365669010819474
4615.411155571942,1500.0,0.3650267931091367,0.4618455313032786,-0.09681873819414188,90,0.05365669010819474
4681.78958891406,0.7,0.009688826425345598,3.071077921065569e-05,0.009658115646134943,90,0.05477742266453234
4681.78958891406,0.7630006889770977,0.009688826425345598,4.063734498828878e-05,0.009648189080357309,90,0.05477742266453234
4681.78958891406,0.8316715019707511,0.009688826425345598,5.357620104985306e-05,0.009635250224295745,90,0.05477742266453234
4681.78958891406,0.9065227557232869,0.009688826425345598,7.037632674846608e-05,0.009618450098597133,90,0.05477742266453234
4681.78958891406,0.9881106959861216,0.009688826425345598,9.210523777234279e-05,0.009596721187573256,90,0.05477742266453234
4681.78958891406,1.0770416311757862,0.009688826425345598,0.00012009884163878789,0.009568727583706811,90,0.05477742266453234
4681.78958891406,1.1739764380630602,0.009688826425345598,0.0001560207068382179,0.00953280571850738,90,0.05477742266453234
4681.78958891406,1.2796354729785626,0.009688826425345598,0.00020193189485685854,0.00948689453048874,90,0.05477742266453234
4681.78958891406,1.3948039250316824,0.009688826425345598,0.0002603724126119081,0.00942845401273369,90,0.05477742266453234
4681.78958891406,1.520337651124477,0.009688826425345598,0.00033445513074736605,0.009354371294598231,90,0.05477742266453234
4681.78958891406,1.657169536122569,0.009688826425345598,0.000427972634660793,0.009260853790684805,90,0.05477742266453234
4681.78958891406,1.8063164254476822,0.009688826425345598,0.0005455168761646463,0.009143309549180953,90,0.05477742266453234
4681.78958891406,1.9688866816103285,0.009688826425345598,0.0006926106167672776,0.00899621580857832,90,0.05477742266453234
4681.78958891406,2.1460884208378745,0.009688826425345598,0.0008758484465724919,0.008812977978773107,90,0.05477742266453234
4681.78958891406,2.339238491007243,0.009688826425345598,0.0011030435957226936,0.008585782829622905,90,0.05477742266453234
4681.78958891406,2.5497722576003894,0.009688826425345598,0.0013833748470423505,0.008305451578303247,90,0.05477742266453234
4681.78958891406,2.7792542704054104,0.009688826425345598,0.0017275257153942442,0.007961300709951354,90,0.05477742266453234
4681.78958891406,3.0293898902312417,0.009688826425345598,0.002147805923247911,0.007541020502097687,90,0.05477742266453234
4681.78958891406,3.3020379620381313,0.009688826425345598,0.002658243499620531,0.007030582925725067,90,0.05477742266453234
4681.78958891406,3.599224628662322,0.009718499258822044,0.00327463520034011,0.006443864058481933,90,0.05477742266453234
4681.78958891406,3.9231583877895577,0.009761087124503715,0.004014544215441752,0.005746542909061962,90,0.05477742266453234
4681.78958891406,4.276246504071018,0.009761087124503715,0.004897238168748787,0.004863848955754928,90,0.05477742266453234
4681.78958891406,4.661112898345847,0.009761087124503715,0.0059435678648791495,0.003817519259624565,90,0.05477742266453234
4681.78958891406,5.080617646911311,0.009899054504875587,0.007175798063165758,0.0027232564417098287,90,0.05477742266453234
4681.78958891406,5.537878235746474,0.009922684319568775,0.008617414531176126,0.0013052697883926493,90,0.05477742266453234
4681.78958891406,6.036292727636905,0.010004916040255978,0.010292943979271345,-0.0002880279390153669,90,0.05477742266453234
4681.78958891406,6.579565014363433,0.010095946325193604,0.01222783100880231,-0.002131884683608705,90,0.05477742266453234
4681.78958891406,7.1717323416127225,0.010715953547921311,0.014448414234692898,-0.0037324606867715875,90,0.05477742266453234
4681.78958891406,7.817195311156917,0.010715953547921311,0.01698202883949933,-0.00626607529157802,90,0.05477742266453234
4681.78958891406,8.520750583258952,0.010767127019516225,0.019857234865180807,-0.009090107845664582,90,0.05477742266453234
4681.78958891406,9.287626522326553,0.014822557633139343,0.023104134084375,-0.008281576451235655,90,0.05477742266453234
4681.78958891406,10.123522050710184,0.029131951265519797,0.026754702041309846,0.0023772492242099506,90,0.05477742266453234
4681.78958891406,11.03464899938101,0.03066029163095181,0.030843036146909447,-0.0001827445159576363,90,0.05477742266453234
4681.78958891406,12.027778270211655,0.039099584299946914,0.035405413686584536,0.0036941706133623783,90,0.05477742266453234
4681.78958891406,13.110290152907504,0.04016025703212487,0.04048006799959937,-0.00031981096747450005,90,0.05477742266453234
4681.78958891406,14.290229170511559,0.04018256886768301,0.04610662337882271,-0.005924054511139698,90,0.05477742266453234
4681.78958891406,15.576363861058477,0.04024782978221995,0.05232517137678686,-0.012077341594566915,90,0.05477742266453234
4681.78958891406,16.978251939636557,0.04416476286815858,0.05917501398047327,-0.015010251112314688,90,0.05477742266453234
4681.78958891406,18.50631132509919,0.11591758952067416,0.06669313526802055,0.04922445425265361,90,0.05477742266453234
4681.78958891406,20.17189755925049,0.12471715157825401,0.07491248892374444,0.04980466265450957,90,0.05477742266453234
4681.78958891406,21.98738819383367,0.1257535843304749,0.08386020389554215,0.04189338043493275,90,0.05477742266453234
4681.78958891406,23.966274772431408,0.14035981919152132,0.09355581605349922,0.046804003138022104,90,0.05477742266453234
4681.78958891406,26.123263090828015,0.14852883473327172,0.10400963199974644,0.044519202733525276,90,0.05477742266453234
4681.78958891406,28.474382480902506,0.1978535817649039,0.11522132379121612,0.08263225797368777,90,0.05477742266453234
4681.78958891406,31.037104930180035,0.2315652162444376,0.12717884113384723,0.10438637511059037,90,0.05477742266453234
4681.78958891406,33.83047492225976,0.2698070117151433,0.13985771094089655,0.12994930077424677,90,0.05477742266453234
4681.78958891406,36.875250963009485,0.28323750429469813,0.1532207733109281,0.13001673098377003,90,0.05477742266453234
4681.78958891406,40.194059844256586,0.2877161325649618,0.16721837862275787,0.12049775394220394,90,0.05477742266453234
4681.78958891406,43.81156479136355,0.28943151150566826,0.18178904380324631,0.10764246770242195,90,0.05477742266453234
4681.78958891406,47.75464874425019,0.29138419027707557,0.19686053871933676,0.09452365155773881,90,0.05477742266453234
4681.78958891406,52.05261413388882,0.29306812313579983,0.21235134827154611,0.08071677486425372,90,0.05477742266453234
4681.78958891406,56.737400638880295,0.2980972347925723,0.2281724343566625,0.06992480043590976,90,0.05477742266453234
4681.78958891406,61.8438225403361,0.31437804175167156,0.24422920633630613,0.07014883541536543,90,0.05477742266453234
4681.78958891406,67.40982743893404,0.31516065489708456,0.26042360028200434,0.054737054615080216,90,0.05477742266453234
4681.78958891406,73.47677825676274,0.3156017281220338,0.27665616653872593,0.038945561583307864,90,0.05477742266453234
4681.78958891406,80.08976061961063,0.31579292400637304,0.29282807167435176,0.02296485233202128,90,0.05477742266453234
4681.78958891406,87.29791790396244,0.3196491012929851,0.30884293352566117,0.01080616776732396,90,0.05477742266453234
4681.78958891406,95.15481643855642,0.3279354551047537,0.3246084251326965,0.003327029972057194,90,0.05477742266453234
4681.78958891406,103.71884357443969,0.32944717107118554,0.3400376029205466,-0.010590431849361037,90,0.05477742266453234
4681.78958891406,113.05364158172193,0.3360286895210304,0.3550499345903582,-0.01902124506932784,90,0.05477742266453234
4681.78958891406,123.22858059746237,0.33733786444990493,0.3695720211043185,-0.03223415665441359,90,0.05477742266453234
4681.78958891406,134.3192741393338,0.3389718388552357,0.3835380235734787,-0.04456618471824303,90,0.05477742266453234
4681.78958891406,146.40814101602186,0.3436270377385981,0.3968898189373948,-0.05326278119879668,90,0.05477742266453234
4681.78958891406,159.58501781011546,0.3453293027185166,0.4095769176893203,-0.06424761497080372,90,0.05477742266453234
4681.78958891406,173.9478264850578,0.34849274245303896,0.42155618259182526,-0.0730634401387863,90,0.05477742266453234
4681.78958891406,189.6033020773824,0.34822083251411656,0.43279138970257686,-0.0845705571884603,90,0.05477742266453234
4681.78958891406,206.6677858819652,0.3488721323882414,0.4432526726498806,-0.09438054026163922,90,0.05477742266453234
4681.78958891406,225.26809002472953,0.3492023784691968,0.45291588862134136,-0.10371351015214458,90,0.05477742266453234
4681.78958891406,245.54243984774803,0.3492023784691968,0.4617619406242676,-0.11255956215507085,90,0.05477742266453234
4681.78958891406,267.64150110992745,0.3492023784691968,0.4697760858547997,-0.12057370738560291,90,0.05477742266453234
4681.78958891406,291.72949963677064,0.3492023784691968,0.47694725498963925,-0.12774487652044247,90,0.05477742266453234
4681.78958891406,317.9854417397141,0.3492023784691968,0.4832674022906556,-0.13406502382145885,90,0.05477742266453234
4681.78958891406,346.6044444744125,0.3492023784691968,0.48873090187378904,-0.13952852340459226,90,0.05477742266453234
4681.78958891406,377.7991856235726,0.3492023784691968,0.49333400151902346,-0.14413162304982668,90,0.05477742266453234
4681.78958891406,411.801484179675,0.3492023784691968,0.4970743420781262,-0.1478719636089294,90,0.05477742266453234
4681.78958891406,448.86402307269043,0.3492023784691968,0.4999505478913211,-0.15074816942212432,90,0.05477742266453234
4681.78958891406,489.26222694499216,0.3492023784691968,0.5019618916211736,-0.15275951315197678,90,0.05477742266453234
4681.78958891406,533.2963089278549,0.3492023784691968,0.5031080354839023,-0.1539056570147055,90,0.05477742266453234
4681.78958891406,581.2935016298517,0.3492023784691968,0.5033888499142188,-0.15418647144502207,90,0.05477742266453234
4681.78958891406,633.6104889164096,0.3492023784691968,0.5028043101353451,-0.15360193166614833,90,0.05477742266453234
4681.78958891406,690.6360565519087,0.3492023784691968,0.5013544708095689,-0.15215209234037208,90,0.05477742266453234
4681.78958891406,752.7939814021893,0.3492023784691968,0.49903951880194203,-0.14983714033274526,90,0.05477742266453234
4681.78958891406,820.546180668118,0.3492023784691968,0.4958599039846649,-0.14665752551546812,90,0.05477742266453234
4681.78958891406,894.3961445532864,0.3492023784691968,0.4918165478261946,-0.14261416935699783,90,0.05477742266453234
4681.78958891406,974.8926778751674,0.3492023784691968,0.4869111291316878,-0.13770875066249105,90,0.05477742266453234
4681.78958891406,1062.6339784249726,0.3492023784691968,0.48114644561608233,-0.13194406714688556,90,0.05477742266453234
4681.78958891406,1158.2720823838974,0.3492023784691968,0.47452684888853375,-0.12532447041933698,90,0.05477742266453234
4681.78958891406,1262.5177098312156,0.3492023784691968,0.46705874880648535,-0.11785637033728857,90,0.05477742266453234
4681.78958891406,1376.1455463528653,0.3492023784691968,0.45875118093540235,-0.10954880246620557,90,0.05477742266453234
4681.78958891406,1500.0,0.3492023784691968,0.4496164279692416,-0.10041404950004484,90,0.05477742266453234
4749.122670989399,0.7,0.009788873830614326,2.9149014201069338e-05,0.009759724816413256,90,0.04995082850363719
4749.122670989399,0.7630006889770977,0.009788873830614326,3.858123177121578e-05,0.00975029259884311,90,0.04995082850363719
4749.122670989399,0.8316715019707511,0.009788873830614326,5.087914634425777e-05,0.009737994684270068,90,0.04995082850363719
4749.122670989399,0.9065227557232869,0.009788873830614326,6.685145601860745e-05,0.009722022374595718,90,0.04995082850363719
4749.122670989399,0.9881106959861216,0.009788873830614326,8.751530229488093e-05,0.009701358528319444,90,0.04995082850363719
4749.122670989399,1.0770416311757862,0.009788873830614326,0.0001141438784078612,0.009674729952206465,90,0.04995082850363719
4749.122670989399,1.1739764380630602,0.009788873830614326,0.00014832302738876084,0.009640550803225565,90,0.04995082850363719
4749.122670989399,1.2796354729785626,0.009788873830614326,0.00019201791840051832,0.009596855912213808,90,0.04995082850363719
4749.122670989399,1.3948039250316824,0.009788873830614326,0.0002476507939189034,0.009541223036695422,90,0.04995082850363719
4749.122670989399,1.520337651124477,0.009788873830614326,0.0003181905644888428,0.009470683266125483,90,0.04995082850363719
4749.122670989399,1.657169536122569,0.009788873830614326,0.0004072546459600796,0.009381619184654246,90,0.04995082850363719
4749.122670989399,1.8063164254476822,0.009788873830614326,0.0005192228322033456,0.00926965099841098,90,0.04995082850363719
4749.122670989399,1.9688866816103285,0.009788873830614326,0.000659362116271227,0.009129511714343098,90,0.04995082850363719
4749.122670989399,2.1460884208378745,0.009788873830614326,0.00083396016179685,0.008954913668817475,90,0.04995082850363719
4749.122670989399,2.339238491007243,0.009788873830614326,0.0010504635527861436,0.008738410277828183,90,0.04995082850363719
4749.122670989399,2.5497722576003894,0.009788873830614326,0.001317615031146628,0.008471258799467698,90,0.04995082850363719
4749.122670989399,2.7792542704054104,0.009788873830614326,0.001645581772245924,0.008143292058368402,90,0.04995082850363719
4749.122670989399,3.0293898902312417,0.009788873830614326,0.002046064591545762,0.007742809239068563,90,0.04995082850363719
4749.122670989399,3.3020379620381313,0.009788873830614326,0.002532376250137747,0.007256497580476579,90,0.04995082850363719
4749.122670989399,3.599224628662322,0.009811649231611192,0.0031194763841783523,0.006692172847432841,90,0.04995082850363719
4749.122670989399,3.9231583877895577,0.009841749334250671,0.003823951869612025,0.006017797464638645,90,0.04995082850363719
4749.122670989399,4.276246504071018,0.009841749334250671,0.004663935563063203,0.005177813771187468,90,0.04995082850363719
4749.122670989399,4.661112898345847,0.009841749334250671,0.0056589640298181825,0.004182785304432488,90,0.04995082850363719
4749.122670989399,5.080617646911311,0.00996258473210782,0.006829786113097946,0.0031327986190098746,90,0.04995082850363719
4749.122670989399,5.537878235746474,0.009985037134554937,0.008198147850639966,0.0017868892839149712,90,0.04995082850363719
4749.122670989399,6.036292727636905,0.010056352331801448,0.00978659254474952,0.00026975978705192846,90,0.04995082850363719
4749.122670989399,6.579565014363433,0.010132893601523888,0.011618323464773926,-0.0014854298632500373,90,0.04995082850363719
4749.122670989399,7.1717323416127225,0.010668489558023622,0.013717175805975684,-0.0030486862479520618,90,0.04995082850363719
4749.122670989399,7.817195311156917,0.010668489558023622,0.01610773037895892,-0.005439240820935299,90,0.04995082850363719
4749.122670989399,8.520750583258952,0.01072109292653895,0.018815573565594837,-0.008094480639055887,90,0.04995082850363719
4749.122670989399,9.287626522326553,0.014233822963598465,0.02186767061596801,-0.007633847652369546,90,0.04995082850363719
4749.122670989399,10.123522050710184,0.026908792737980133,0.025292781097470192,0.0016160116405099408,90,0.04995082850363719
4749.122670989399,11.03464899938101,0.028215118422076503,0.029121816895356974,-0.0009066984732804713,90,0.04995082850363719
4749.122670989399,12.027778270211655,0.03574476718666087,0.03338803328837705,0.002356733898283822,90,0.04995082850363719
4749.122670989399,13.110290152907504,0.03674069433500866,0.03812695558929198,-0.0013862612542833233,90,0.04995082850363719
4749.122670989399,14.290229170511559,0.036755315984521884,0.04337597444697657,-0.006620658462454687,90,0.04995082850363719
4749.122670989399,15.576363861058477,0.036806570337945384,0.049173584121514784,-0.0123670137835694,90,0.04995082850363719
4749.122670989399,16.978251939636557,0.0396935719008574,0.05555828042010097,-0.01586470851924357,90,0.04995082850363719
4749.122670989399,18.50631132509919,0.09949555481371422,0.06256717096600553,0.03692838384770869,90,0.04995082850363719
4749.122670989399,20.17189755925049,0.10637957924189008,0.07023437615733918,0.036145203084550895,90,0.04995082850363719
4749.122670989399,21.98738819383367,0.1073758752995272,0.0785893141721332,0.028786561127394,90,0.04995082850363719
4749.122670989399,23.966274772431408,0.12058572095355134,0.08765496948332267,0.03293075147022867,90,0.04995082850363719
4749.122670989399,26.123263090828015,0.12832634482255545,0.09744624393603013,0.03088010088652532,90,0.04995082850363719
4749.122670989399,28.474382480902506,0.17205293050277512,0.10796848434520558,0.06408444615756954,90,0.04995082850363719
4749.122670989399,31.037104930180035,0.2035009172896034,0.11921627168511746,0.08428464560448594,90,0.04995082850363719
4749.122670989399,33.83047492225976,0.2402404333307405,0.13117254439204157,0.10906788893869893,90,0.04995082850363719
4749.122670989399,36.875250963009485,0.2530889211637629,0.14380811193368614,0.10928080923007677,90,0.04995082850363719
4749.122670989399,40.194059844256586,0.2576228674521271,0.15708159467921698,0.10054127277291011,90,0.04995082850363719
4749.122670989399,43.81156479136355,0.25940976913449476,0.17093980286437085,0.0884699662701239,90,0.04995082850363719
4749.122670989399,47.75464874425019,0.2612989283293118,0.18531854240055182,0.07598038592875997,90,0.04995082850363719
4749.122670989399,52.05261413388882,0.2630404637263874,0.20014381030957842,0.06289665341680897,90,0.04995082850363719
4749.122670989399,56.737400638880295,0.26817970141210373,0.21533331985488907,0.05284638155721466,90,0.04995082850363719
4749.122670989399,61.8438225403361,0.28467162998205947,0.23079827709668488,0.05387335288537459,90,0.04995082850363719
4749.122670989399,67.40982743893404,0.28573262001171723,0.24644531831331237,0.03928730169840486,90,0.04995082850363719
4749.122670989399,73.47677825676274,0.28624608596440987,0.2621785125040888,0.024067573460321068,90,0.04995082850363719
4749.122670989399,80.08976061961063,0.2864570706793179,0.27790133519214744,0.00855573548717048,90,0.04995082850363719
4749.122670989399,87.29791790396244,0.29058761781247544,0.29351852833749137,-0.0029309105250159284,90,0.04995082850363719
4749.122670989399,95.15481643855642,0.2998222037221852,0.3089377750392487,-0.009115571317063476,90,0.04995082850363719
4749.122670989399,103.71884357443969,0.30133353602816165,0.32407113510883706,-0.022737599080675408,90,0.04995082850363719
4749.122670989399,113.05364158172193,0.3085582761403217,0.3388362066305125,-0.030277930490190785,90,0.04995082850363719
4749.122670989399,123.22858059746237,0.310370443949967,0.35315699748925633,-0.04278655353928934,90,0.04995082850363719
4749.122670989399,134.3192741393338,0.31237119662706997,0.3669645080347962,-0.05459331140772622,90,0.04995082850363719
4749.122670989399,146.40814101602186,0.3172479165625335,0.38019704048370845,-0.06294912392117497,90,0.04995082850363719
4749.122670989399,159.58501781011546,0.31935448237642483,0.3928002617218844,-0.0734457793454596,90,0.04995082850363719
4749.122670989399,173.9478264850578,0.322724218579896,0.404727053675373,-0.08200283509547696,90,0.04995082850363719
4749.122670989399,189.6033020773824,0.32248650708012117,0.4159371895454515,-0.09345068246533034,90,0.04995082850363719
4749.122670989399,206.6677858819652,0.32322208328180646,0.4263968753864645,-0.10317479210465802,90,0.04995082850363719
4749.122670989399,225.26809002472953,0.32358073388968095,0.43607819532469255,-0.1124974614350116,90,0.04995082850363719
4749.122670989399,245.54243984774803,0.32358073388968095,0.44495849580953406,-0.12137776191985311,90,0.04995082850363719
4749.122670989399,267.64150110992745,0.32358073388968095,0.45301974026997965,-0.1294390063802987,90,0.04995082850363719
4749.122670989399,291.72949963677064,0.32358073388968095,0.46024786096313414,-0.1366671270734532,90,0.04995082850363719
4749.122670989399,317.9854417397141,0.32358073388968095,0.46663213009017723,-0.14305139620049628,90,0.04995082850363719
4749.122670989399,346.6044444744125,0.32358073388968095,0.4721645677510677,-0.14858383386138674,90,0.04995082850363719
4749.122670989399,377.7991856235726,0.32358073388968095,0.47683940023833565,-0.1532586663486547,90,0.04995082850363719
4749.122670989399,411.801484179675,0.32358073388968095,0.48065257866426186,-0.15707184477458092,90,0.04995082850363719
4749.122670989399,448.86402307269043,0.32358073388968095,0.48360136502899626,-0.1600206311393153,90,0.04995082850363719
4749.122670989399,489.26222694499216,0.32358073388968095,0.48568399056434647,-0.16210325667466552,90,0.04995082850363719
4749.122670989399,533.2963089278549,0.32358073388968095,0.4868993894802603,-0.16331865559057934,90,0.04995082850363719
4749.122670989399,581.2935016298517,0.32358073388968095,0.48724701001983983,-0.16366627613015888,90,0.04995082850363719
4749.122670989399,633.6104889164096,0.32358073388968095,0.4867267038965778,-0.16314597000689685,90,0.04995082850363719
4749.122670989399,690.6360565519087,0.32358073388968095,0.4853386946355073,-0.16175796074582632,90,0.04995082850363719
4749.122670989399,752.7939814021893,0.32358073388968095,0.483083624953206,-0.15950289106352505,90,0.04995082850363719
4749.122670989399,820.546180668118,0.32358073388968095,0.47996268297232186,-0.15638194908264091,90,0.04995082850363719
4749.122670989399,894.3961445532864,0.32358073388968095,0.47597780665597306,-0.1523970727662921,90,0.04995082850363719
4749.122670989399,974.8926778751674,0.32358073388968095,0.4711319652486802,-0.14755123135899922,90,0.04995082850363719
4749.122670989399,1062.6339784249726,0.32358073388968095,0.46542951560930435,-0.1418487817196234,90,0.04995082850363719
4749.122670989399,1158.2720823838974,0.32358073388968095,0.45887663001080836,-0.1352958961211274,90,0.04995082850363719
4749.122670989399,1262.5177098312156,0.32358073388968095,0.4514817901669681,-0.12790105627728715,90,0.04995082850363719
4749.122670989399,1376.1455463528653,0.32358073388968095,0.4432563398539283,-0.11967560596424737,90,0.04995082850363719
4749.122670989399,1500.0,0.32358073388968095,0.43421508548328214,-0.11063435159360119,90,0.04995082850363719
4817.424131471255,0.7,0.009881967057780858,2.77575179773609e-05,0.009854209539803498,90,0.04780591411201618
4817.424131471255,0.7630006889770977,0.009881967057780858,3.674962239438257e-05,0.009845217435386475,90,0.04780591411201618
4817.424131471255,0.8316715019707511,0.009881967057780858,4.847711344547455e-05,0.009833489944335383,90,0.04780591411201618
4817.424131471255,0.9065227557232869,0.009881967057780858,6.371300449800423e-05,0.009818254053282854,90,0.04780591411201618
4817.424131471255,0.9881106959861216,0.009881967057780858,8.342988698486106e-05,0.009798537170795997,90,0.04780591411201618
4817.424131471255,1.0770416311757862,0.009881967057780858,0.00010884561169518714,0.009773121446085671,90,0.04780591411201618
4817.424131471255,1.1739764380630602,0.009881967057780858,0.00014147762445370114,0.009740489433327157,90,0.04780591411201618
4817.424131471255,1.2796354729785626,0.009881967057780858,0.00018320701316214106,0.009698760044618717,90,0.04780591411201618
4817.424131471255,1.3948039250316824,0.009881967057780858,0.00023635323436083653,0.009645613823420022,90,0.04780591411201618
4817.424131471255,1.520337651124477,0.009881967057780858,0.0003037602839040778,0.009578206773876781,90,0.04780591411201618
4817.424131471255,1.657169536122569,0.009881967057780858,0.000388894713442159,0.0094930723443387,90,0.04780591411201618
4817.424131471255,1.8063164254476822,0.009881967057780858,0.0004959553196021259,0.009386011738178733,90,0.04780591411201618
4817.424131471255,1.9688866816103285,0.009881967057780858,0.0006299934892172551,0.009251973568563603,90,0.04780591411201618
4817.424131471255,2.1460884208378745,0.009881967057780858,0.0007970420190007799,0.009084925038780079,90,0.04780591411201618
4817.424131471255,2.339238491007243,0.009881967057780858,0.0010042487089178612,0.008877718348862997,90,0.04780591411201618
4817.424131471255,2.5497722576003894,0.009881967057780858,0.0012600091680388433,0.008621957889742016,90,0.04780591411201618
4817.424131471255,2.7792542704054104,0.009881967057780858,0.0015740911659278187,0.00830787589185304,90,0.04780591411201618
4817.424131471255,3.0293898902312417,0.009881967057780858,0.001957740739089562,0.007924226318691297,90,0.04780591411201618
4817.424131471255,3.3020379620381313,0.009881967057780858,0.0024237585302800315,0.007458208527500827,90,0.04780591411201618
4817.424131471255,3.599224628662322,0.009901307636449811,0.0029865341243030946,0.0069147735121467165,90,0.04780591411201618
4817.424131471255,3.9231583877895577,0.009926643610351137,0.003662027271441162,0.0062646163389099745,90,0.04780591411201618
4817.424131471255,4.276246504071018,0.009926643610351137,0.004467688763521142,0.005458954846829994,90,0.04780591411201618
4817.424131471255,4.661112898345847,0.009926643610351137,0.005422321065763961,0.0045043225445871755,90,0.04780591411201618
4817.424131471255,5.080617646911311,0.010035913791357673,0.006545889709959826,0.0034900240813978464,90,0.04780591411201618
4817.424131471255,5.537878235746474,0.010057342301577045,0.007859309878124788,0.0021980324234522567,90,0.04780591411201618
4817.424131471255,6.036292727636905,0.010121778890531438,0.009384245950832284,0.0007375329396991544,90,0.04780591411201618
4817.424131471255,6.579565014363433,0.010189377362383342,0.011142970934186482,-0.0009535935718031404,90,0.04780591411201618
4817.424131471255,7.1717323416127225,0.010665425340738874,0.013158332770524552,-0.0024929074297856783,90,0.04780591411201618
4817.424131471255,7.817195311156917,0.010665425340738874,0.015453861697877193,-0.004788436357138319,90,0.04780591411201618
4817.424131471255,8.520750583258952,0.010717466082017575,0.01805402624244182,-0.007336560160424246,90,0.04780591411201618
4817.424131471255,9.287626522326553,0.014027453353176062,0.020984608925999654,-0.006957155572823592,90,0.04780591411201618
4817.424131471255,10.123522050710184,0.0259704413167927,0.02427313465811332,0.001697306658679381,90,0.04780591411201618
4817.424131471255,11.03464899938101,0.02714701790590371,0.027949255531482226,-0.0008022376255785169,90,0.04780591411201618
4817.424131471255,12.027778270211655,0.03429288135540626,0.03204498417820637,0.0022478971771998854,90,0.04780591411201618
4817.424131471255,13.110290152907504,0.035252632987600035,0.03659467769866066,-0.0013420447110606276,90,0.04780591411201618
4817.424131471255,14.290229170511559,0.0352637302246097,0.041634702743849644,-0.006370972519239945,90,0.04780591411201618
4817.424131471255,15.576363861058477,0.03530876752826158,0.047202751961806344,-0.011893984433544766,90,0.04780591411201618
4817.424131471255,16.978251939636557,0.03789980358914695,0.05333682340581695,-0.015437019816669999,90,0.04780591411201618
4817.424131471255,18.50631132509919,0.09371736688746424,0.06007391002794234,0.0336434568595219,90,0.04780591411201618
4817.424131471255,20.17189755925049,0.10009021363727,0.06744847198014814,0.03264174165712186,90,0.04780591411201618
4817.424131471255,21.98738819383367,0.10100877690035569,0.07549077960559261,0.025517997294763076,90,0.04780591411201618
4817.424131471255,23.966274772431408,0.11369225822070056,0.0842252214842447,0.029467036736455857,90,0.04780591411201618
4817.424131471255,26.123263090828015,0.12116577010784599,0.09366867213122412,0.027497097976621865,90,0.04780591411201618
4817.424131471255,28.474382480902506,0.1629433662021762,0.10382900986007473,0.059114356342101465,90,0.04780591411201618
4817.424131471255,31.037104930180035,0.19329631718731916,0.11470386786901196,0.0785924493183072,90,0.04780591411201618
4817.424131471255,33.83047492225976,0.22931161870525874,0.12627969089566682,0.10303192780959192,90,0.04780591411201618
4817.424131471255,36.875250963009485,0.2420317853150933,0.13853115554072512,0.10350062977436819,90,0.04780591411201618
4817.424131471255,40.194059844256586,0.24660250101536973,0.15142099443785856,0.09518150657751118,90,0.04780591411201618
4817.424131471255,43.81156479136355,0.24843064670530954,0.1649002432123673,0.08353040349294225,90,0.04780591411201618
4817.424131471255,47.75464874425019,0.2502757852858439,0.1789089056667669,0.07136687961907698,90,0.04780591411201618
4817.424131471255,52.05261413388882,0.25205246417402355,0.19337700852104833,0.05867545565297522,90,0.04780591411201618
4817.424131471255,56.737400638880295,0.25725686468751374,0.20822599436774794,0.0490308703197658,90,0.04780591411201618
4817.424131471255,61.8438225403361,0.273844299812213,0.22337038237730292,0.05047391743491006,90,0.04780591411201618
4817.424131471255,67.40982743893404,0.2749313940240477,0.23871961250512921,0.03621178151891849,90,0.04780591411201618
4817.424131471255,73.47677825676274,0.275491619627807,0.2541799817113628,0.021311637916444193,90,0.04780591411201618
4817.424131471255,80.08976061961063,0.2757165739359642,0.26965658043962054,0.006059993496343674,90,0.04780591411201618
4817.424131471255,87.29791790396244,0.28001401417755906,0.2850551439413799,-0.0050411297638208175,90,0.04780591411201618
4817.424131471255,95.15481643855642,0.28944483497538964,0.30028374490628656,-0.010838909930896923,90,0.04780591411201618
4817.424131471255,103.71884357443969,0.2909559897132563,0.31525426969940107,-0.024298279986144755,90,0.04780591411201618
4817.424131471255,113.05364158172193,0.29833023341846543,0.32988363851009994,-0.03155340509163451,90,0.04780591411201618
4817.424131471255,123.22858059746237,0.3002628662337832,0.34409474809936424,-0.04383188186558107,90,0.04780591411201618
4817.424131471255,134.3192741393338,0.3023486176038866,0.35781713304081025,-0.05546851543692366,90,0.04780591411201618
4817.424131471255,146.40814101602186,0.30734478959625045,0.3709873562096464,-0.06364256661339596,90,0.04780591411201618
4817.424131471255,159.58501781011546,0.3095402535403042,0.3835491510458278,-0.07400889750552364,90,0.04780591411201618
4817.424131471255,173.9478264850578,0.313035357024284,0.39545334649752606,-0.08241798947324208,90,0.04780591411201618
4817.424131471255,189.6033020773824,0.31281875322052854,0.4066576106037657,-0.09383885738323716,90,0.04780591411201618
4817.424131471255,206.6677858819652,0.3136097720834782,0.41712605074395315,-0.10351627866047497,90,0.04780591411201618
4817.424131471255,225.26809002472953,0.31398912424858405,0.42682870818621665,-0.1128395839376326,90,0.04780591411201618
4817.424131471255,245.54243984774803,0.31398912424858405,0.4357409823053063,-0.12175185805672223,90,0.04780591411201618
4817.424131471255,267.64150110992745,0.31398912424858405,0.4438430163153212,-0.12985389206673714,90,0.04780591411201618
4817.424131471255,291.72949963677064,0.31398912424858405,0.45111907211924285,-0.1371299478706588,90,0.04780591411201618
4817.424131471255,317.9854417397141,0.31398912424858405,0.45755691737382453,-0.14356779312524048,90,0.04780591411201618
4817.424131471255,346.6044444744125,0.31398912424858405,0.46314724345882596,-0.1491581192102419,90,0.04780591411201618
4817.424131471255,377.7991856235726,0.31398912424858405,0.4678831289737705,-0.15389400472518644,90,0.04780591411201618
4817.424131471255,411.801484179675,0.31398912424858405,0.47175955981857376,-0.1577704355699897,90,0.04780591411201618
4817.424131471255,448.86402307269043,0.31398912424858405,0.4747730139217894,-0.16078388967320534,90,0.04780591411201618
4817.424131471255,489.26222694499216,0.31398912424858405,0.4769211162737813,-0.16293199202519726,90,0.04780591411201618
4817.424131471255,533.2963089278549,0.31398912424858405,0.47820236806639055,-0.1642132438178065,90,0.04780591411201618
4817.424131471255,581.2935016298517,0.31398912424858405,0.47861595236674576,-0.1646268281181617,90,0.04780591411201618
4817.424131471255,633.6104889164096,0.31398912424858405,0.47816161776971733,-0.16417249352113328,90,0.04780591411201618
4817.424131471255,690.6360565519087,0.31398912424858405,0.4768396407761815,-0.16285051652759747,90,0.04780591411201618
4817.424131471255,752.7939814021893,0.31398912424858405,0.4746508671199334,-0.16066174287134932,90,0.04780591411201618
4817.424131471255,820.546180668118,0.31398912424858405,0.47159683179797474,-0.15760770754939069,90,0.04780591411201618
4817.424131471255,894.3961445532864,0.31398912424858405,0.46767995702902493,-0.15369083278044088,90,0.04780591411201618
4817.424131471255,974.8926778751674,0.31398912424858405,0.4629038266568622,-0.14891470240827814,90,0.04780591411201618
4817.424131471255,1062.6339784249726,0.31398912424858405,0.45727353451583386,-0.1432844102672498,90,0.04780591411201618
4817.424131471255,1158.2720823838974,0.31398912424858405,0.45079610288126665,-0.1368069786326826,90,0.04780591411201618
4817.424131471255,1262.5177098312156,0.31398912424858405,0.4434809652472162,-0.12949184099863215,90,0.04780591411201618
4817.424131471255,1376.1455463528653,0.31398912424858405,0.43534050524052065,-0.1213513809919366,90,0.04780591411201618
4817.424131471255,1500.0,0.31398912424858405,0.42639064045985764,-0.11240151621127359,90,0.04780591411201618
4886.7078974918695,0.7,0.008734726877114466,2.590035483069468e-05,0.008708826522283771,90,0.04466227578516202
4886.7078974918695,0.7630006889770977,0.008734726877114466,3.430015427533084e-05,0.008700426722839135,90,0.04466227578516202
4886.7078974918695,0.8316715019707511,0.008734726877114466,4.525823119467607e-05,0.00868946864591979,90,0.04466227578516202
4886.7078974918695,0.9065227557232869,0.008734726877114466,5.949848746787321e-05,0.008675228389646593,90,0.04466227578516202
4886.7078974918695,0.9881106959861216,0.008734726877114466,7.793198077141815e-05,0.008656794896343047,90,0.04466227578516202
4886.7078974918695,1.0770416311757862,0.008734726877114466,0.00010169981904402221,0.008633027058070444,90,0.04466227578516202
4886.7078974918695,1.1739764380630602,0.008734726877114466,0.00013222418597203344,0.008602502691142433,90,0.04466227578516202
4886.7078974918695,1.2796354729785626,0.008734726877114466,0.00017126848511310838,0.008563458392001358,90,0.04466227578516202
4886.7078974918695,1.3948039250316824,0.008734726877114466,0.00022100750092759268,0.008513719376186873,90,0.04466227578516202
4886.7078974918695,1.520337651124477,0.008734726877114466,0.0002841082741251281,0.008450618602989337,90,0.04466227578516202
4886.7078974918695,1.657169536122569,0.008734726877114466,0.00036382203278657714,0.008370904844327889,90,0.04466227578516202
4886.7078974918695,1.8063164254476822,0.008734726877114466,0.0004640869581193141,0.008270639918995152,90,0.04466227578516202
4886.7078974918695,1.9688866816103285,0.008734726877114466,0.0005896407383661613,0.008145086138748306,90,0.04466227578516202
4886.7078974918695,2.1460884208378745,0.008734726877114466,0.0007461407238232687,0.007988586153291198,90,0.04466227578516202
4886.7078974918695,2.339238491007243,0.008734726877114466,0.0009402880064582223,0.007794438870656244,90,0.04466227578516202
4886.7078974918695,2.5497722576003894,0.008734726877114466,0.0011799499195203197,0.007554776957594146,90,0.04466227578516202
4886.7078974918695,2.7792542704054104,0.008734726877114466,0.0014742733769775888,0.007260453500136877,90,0.04466227578516202
4886.7078974918695,3.0293898902312417,0.008734726877114466,0.0018337793695985447,0.006900947507515921,90,0.04466227578516202
4886.7078974918695,3.3020379620381313,0.008734726877114466,0.0022704272042876994,0.006464299672826766,90,0.04466227578516202
4886.7078974918695,3.599224628662322,0.008747203926797778,0.0027976363328362556,0.005949567593961522,90,0.04466227578516202
4886.7078974918695,3.9231583877895577,0.008764064366403347,0.0034302546867398093,0.005333809679663537,90,0.04466227578516202
4886.7078974918695,4.276246504071018,0.008764064366403347,0.004184466231832878,0.004579598134570469,90,0.04466227578516202
4886.7078974918695,4.661112898345847,0.008764064366403347,0.00507763773327267,0.003686426633130677,90,0.04466227578516202
4886.7078974918695,5.080617646911311,0.008848975241553614,0.006128115644383432,0.002720859597170182,90,0.04466227578516202
4886.7078974918695,5.537878235746474,0.008869941753689926,0.0073549976537839006,0.0015149440999060251,90,0.04466227578516202
4886.7078974918695,6.036292727636905,0.008920478602839498,0.008777917243941434,0.00014256135889806343,90,0.04466227578516202
4886.7078974918695,6.579565014363433,0.008968477164626565,0.01041688956091367,-0.0014484123962871052,90,0.04466227578516202
4886.7078974918695,7.1717323416127225,0.009309350043440775,0.012292268077789253,-0.0029829180343484783,90,0.04466227578516202
4886.7078974918695,7.817195311156917,0.009309350043440775,0.014424849870895587,-0.005115499827454812,90,0.04466227578516202
4886.7078974918695,8.520750583258952,0.009361706239475142,0.01683614166947705,-0.007474435430001907,90,0.04466227578516202
4886.7078974918695,9.287626522326553,0.012201738746096237,0.019548762623772288,-0.007347023877676051,90,0.04466227578516202
4886.7078974918695,10.123522050710184,0.020808051319342647,0.022586921010051886,-0.0017788696907092387,90,0.04466227578516202
4886.7078974918695,11.03464899938101,0.021709433936736907,0.02597687131856006,-0.004267437381823152,90,0.04466227578516202
4886.7078974918695,12.027778270211655,0.027289395801919625,0.029747244465544248,-0.0024578486636246226,90,0.04466227578516202
4886.7078974918695,13.110290152907504,0.028151932226189336,0.033929151413536945,-0.00577721918734761,90,0.04466227578516202
4886.7078974918695,14.290229170511559,0.028155642216183666,0.038555986997128935,-0.010400344780945269,90,0.04466227578516202
4886.7078974918695,15.576363861058477,0.028187400346264962,0.043662898794687974,-0.015475498448423011,90,0.04466227578516202
4886.7078974918695,16.978251939636557,0.03010868679562194,0.04928592612425256,-0.01917723932863062,90,0.04466227578516202
4886.7078974918695,18.50631132509919,0.07324013276886934,0.05546084887403553,0.01777928389483381,90,0.04466227578516202
4886.7078974918695,20.17189755925049,0.07842669934779706,0.06222181067085088,0.01620488867694618,90,0.04466227578516202
4886.7078974918695,21.98738819383367,0.07917898031172921,0.06959979530285473,0.009579185008874475,90,0.04466227578516202
4886.7078974918695,23.966274772431408,0.08947841452999186,0.07762104125463411,0.011857373275357755,90,0.04466227578516202
4886.7078974918695,26.123263090828015,0.09559577677422927,0.08630547938934399,0.00929029738488528,90,0.04466227578516202
4886.7078974918695,28.474382480902506,0.13146721219445653,0.09566527545371223,0.035801936740744306,90,0.04466227578516202
4886.7078974918695,31.037104930180035,0.15873603530759267,0.10570355336357633,0.053032481944016344,90,0.04466227578516202
4886.7078974918695,33.83047492225976,0.1921007534903985,0.11641336732429776,0.07568738616610075,90,0.04466227578516202
4886.7078974918695,36.875250963009485,0.20391513615722634,0.12777698034199272,0.07613815581523362,90,0.04466227578516202
4886.7078974918695,40.194059844256586,0.20857488709714678,0.1397654931106353,0.06880939398651148,90,0.04466227578516202
4886.7078974918695,43.81156479136355,0.21049594131225932,0.15233885049911844,0.05815709081314088,90,0.04466227578516202
4886.7078974918695,47.75464874425019,0.21220344046042436,0.16544623339681871,0.046757207063605644,90,0.04466227578516202
4886.7078974918695,52.05261413388882,0.21405979781886708,0.17902682263372124,0.03503297518514584,90,0.04466227578516202
4886.7078974918695,56.737400638880295,0.21940728382027097,0.1930109007024673,0.02639638311780368,90,0.04466227578516202
4886.7078974918695,61.8438225403361,0.2362061734028127,0.2073212379473678,0.028884935455444904,90,0.04466227578516202
4886.7078974918695,67.40982743893404,0.23783805050765938,0.2218746945486418,0.015963355959017572,90,0.04466227578516202
4886.7078974918695,73.47677825676274,0.2385102239296768,0.23658395944634375,0.0019262644833330511,90,0.04466227578516202
4886.7078974918695,80.08976061961063,0.2387658377557934,0.251359343151038,-0.012593505395244564,90,0.04466227578516202
4886.7078974918695,87.29791790396244,0.24343979590297782,0.2661105433086206,-0.022670747405642788,90,0.04466227578516202
4886.7078974918695,95.15481643855642,0.25344591672637995,0.2807483093714059,-0.02730239264502593,90,0.04466227578516202
4886.7078974918695,103.71884357443969,0.25495257393222953,0.29518594466529585,-0.04023337073306632,90,0.04466227578516202
4886.7078974918695,113.05364158172193,0.2626706357603376,0.3093405990646024,-0.04666996330426476,90,0.04466227578516202
4886.7078974918695,123.22858059746237,0.2648736954157719,0.3231343217939191,-0.05826062637814722,90,0.04466227578516202
4886.7078974918695,134.3192741393338,0.2671521269461264,0.33649486005719736,-0.06934273311107098,90,0.04466227578516202
4886.7078974918695,146.40814101602186,0.272806817131178,0.3493562039849978,-0.07654938685381979,90,0.04466227578516202
4886.7078974918695,159.58501781011546,0.27520139472003147,0.3616588908802026,-0.08645749616017112,90,0.04466227578516202
4886.7078974918695,173.9478264850578,0.27898186535633995,0.3733500914034159,-0.09436822604707595,90,0.04466227578516202
4886.7078974918695,189.6033020773824,0.2788115232426783,0.3843835070066549,-0.10557198376397658,90,0.04466227578516202
4886.7078974918695,206.6677858819652,0.2797338428655015,0.39471911173118535,-0.11498526886568383,90,0.04466227578516202
4886.7078974918695,225.26809002472953,0.2801602974479938,0.4043227727810405,-0.1241624753330467,90,0.04466227578516202
4886.7078974918695,245.54243984774803,0.2801602974479938,0.4131657835442005,-0.13300548609620672,90,0.04466227578516202
4886.7078974918695,267.64150110992745,0.2801602974479938,0.4212243404842374,-0.1410640430362436,90,0.04466227578516202
4886.7078974918695,291.72949963677064,0.2801602974479938,0.4284789920792631,-0.1483186946312693,90,0.04466227578516202
4886.7078974918695,317.9854417397141,0.2801602974479938,0.43491408419902294,-0.15475378675102913,90,0.04466227578516202
4886.7078974918695,346.6044444744125,0.2801602974479938,0.4405172223608664,-0.16035692491287257,90,0.04466227578516202
4886.7078974918695,377.7991856235726,0.2801602974479938,0.44527876747647666,-0.16511847002848284,90,0.04466227578516202
4886.7078974918695,411.801484179675,0.2801602974479938,0.4491913781902152,-0.1690310807422214,90,0.04466227578516202
4886.7078974918695,448.86402307269043,0.2801602974479938,0.4522496098334739,-0.1720893123854801,90,0.04466227578516202
4886.7078974918695,489.26222694499216,0.2801602974479938,0.4544495774272269,-0.1742892799792331,90,0.04466227578516202
4886.7078974918695,533.2963089278549,0.2801602974479938,0.4557886880536146,-0.1756283906056208,90,0.04466227578516202
4886.7078974918695,581.2935016298517,0.2801602974479938,0.4562654462435061,-0.1761051487955123,90,0.04466227578516202
4886.7078974918695,633.6104889164096,0.2801602974479938,0.4558793347187443,-0.1757190372707505,90,0.04466227578516202
4886.7078974918695,690.6360565519087,0.2801602974479938,0.4546307717940759,-0.1744704743460821,90,0.04466227578516202
4886.7078974918695,752.7939814021893,0.2801602974479938,0.4525211458815249,-0.1723608484335311,90,0.04466227578516202
4886.7078974918695,820.546180668118,0.2801602974479938,0.44955292673952707,-0.16939262929153326,90,0.04466227578516202
4886.7078974918695,894.3961445532864,0.2801602974479938,0.44572985225859396,-0.16556955481060015,90,0.04466227578516202
4886.7078974918695,974.8926778751674,0.2801602974479938,0.4410571885646239,-0.16089689111663008,90,0.04466227578516202
4886.7078974918695,1062.6339784249726,0.2801602974479938,0.43554205994608125,-0.15538176249808744,90,0.04466227578516202
4886.7078974918695,1158.2720823838974,0.2801602974479938,0.42919384347961015,-0.14903354603161634,90,0.04466227578516202
4886.7078974918695,1262.5177098312156,0.2801602974479938,0.4220246211658433,-0.14186432371784952,90,0.04466227578516202
4886.7078974918695,1376.1455463528653,0.2801602974479938,0.41404967984645646,-0.13388938239846265,90,0.04466227578516202
4886.7078974918695,1500.0,0.2801602974479938,0.4052880461466138,-0.12512774869861998,90,0.04466227578516202
4956.988096482261,0.7,0.008140104645971565,2.4217111478711467e-05,0.008115887534492853,90,0.03958195358026195
4956.988096482261,0.7630006889770977,0.008140104645971565,3.207983652793943e-05,0.008108024809443625,90,0.03958195358026195
4956.988096482261,0.8316715019707511,0.008140104645971565,4.234021183259534e-05,0.00809776443413897,90,0.03958195358026195
4956.988096482261,0.9065227557232869,0.008140104645971565,5.5677619260938395e-05,0.008084427026710627,90,0.03958195358026195
4956.988096482261,0.9881106959861216,0.008140104645971565,7.294736305750099e-05,0.008067157282914064,90,0.03958195358026195
4956.988096482261,1.0770416311757862,0.008140104645971565,9.522106572773596e-05,0.00804488358024383,90,0.03958195358026195
4956.988096482261,1.1739764380630602,0.008140104645971565,0.0001238347401176432,0.00801626990585392,90,0.03958195358026195
4956.988096482261,1.2796354729785626,0.008140104645971565,0.000160445474035869,0.007979659171935697,90,0.03958195358026195
4956.988096482261,1.3948039250316824,0.008140104645971565,0.0002070975798991908,0.007933007066072374,90,0.03958195358026195
4956.988096482261,1.520337651124477,0.008140104645971565,0.00026629887205550896,0.007873805773916056,90,0.03958195358026195
4956.988096482261,1.657169536122569,0.008140104645971565,0.0003411073968910637,0.007798997249080501,90,0.03958195358026195
4956.988096482261,1.8063164254476822,0.008140104645971565,0.0004352284059129739,0.007704876240058591,90,0.03958195358026195
4956.988096482261,1.9688866816103285,0.008140104645971565,0.0005531205753531808,0.007586984070618384,90,0.03958195358026195
4956.988096482261,2.1460884208378745,0.008140104645971565,0.000700109385926704,0.007439995260044861,90,0.03958195358026195
4956.988096482261,2.339238491007243,0.008140104645971565,0.0008825041488016122,0.007257600497169952,90,0.03958195358026195
4956.988096482261,2.5497722576003894,0.008140104645971565,0.001107713405167383,0.007032391240804182,90,0.03958195358026195
4956.988096482261,2.7792542704054104,0.008140104645971565,0.0013843514199108494,0.006755753226060715,90,0.03958195358026195
4956.988096482261,3.0293898902312417,0.008140104645971565,0.0017223264403397193,0.006417778205631846,90,0.03958195358026195
4956.988096482261,3.3020379620381313,0.008140104645971565,0.002132899677401742,0.006007204968569823,90,0.03958195358026195
4956.988096482261,3.599224628662322,0.008152335616971576,0.0026287031791905153,0.005523632437781061,90,0.03958195358026195
4956.988096482261,3.9231583877895577,0.008168863526461189,0.0032237056982905143,0.004945157828170675,90,0.03958195358026195
4956.988096482261,4.276246504071018,0.008168863526461189,0.003933119204432894,0.004235744322028295,90,0.03958195358026195
4956.988096482261,4.661112898345847,0.008168863526461189,0.004773245625887215,0.003395617900573974,90,0.03958195358026195
4956.988096482261,5.080617646911311,0.008236886406398504,0.005761273941648314,0.00247561246475019,90,0.03958195358026195
4956.988096482261,5.537878235746474,0.008257439406380032,0.006915051061846749,0.001342388344533283,90,0.03958195358026195
4956.988096482261,6.036292727636905,0.008300950900418332,0.00825286369574377,4.808720467456076e-05,90,0.03958195358026195
4956.988096482261,6.579565014363433,0.00833556127075974,0.00979327872283153,-0.0014577174520717905,90,0.03958195358026195
4956.988096482261,7.1717323416127225,0.008563488291743278,0.011555091665856712,-0.0029916033741134336,90,0.03958195358026195
4956.988096482261,7.817195311156917,0.008563488291743278,0.01355742257243572,-0.004993934280692442,90,0.03958195358026195
4956.988096482261,8.520750583258952,0.00861505517989164,0.01581997451877835,-0.007204919338886711,90,0.03958195358026195
4956.988096482261,9.287626522326553,0.011112365114120514,0.018363435042372506,-0.0072510699282519915,90,0.03958195358026195
4956.988096482261,10.123522050710184,0.018433688838922116,0.021209962666036503,-0.0027762738271143866,90,0.03958195358026195
4956.988096482261,11.03464899938101,0.019159672013674776,0.02438366946814221,-0.0052239974544674335,90,0.03958195358026195
4956.988096482261,12.027778270211655,0.02409976231616484,0.02791099553030664,-0.0038112332141417987,90,0.03958195358026195
4956.988096482261,13.110290152907504,0.024907907153431927,0.03182087657924132,-0.006912969425809393,90,0.03958195358026195
4956.988096482261,14.290229170511559,0.02491649251209299,0.03614463044940466,-0.011228137937311672,90,0.03958195358026195
4956.988096482261,15.576363861058477,0.02494825064217429,0.04091552411190643,-0.01596727346973214,90,0.03958195358026195
4956.988096482261,16.978251939636557,0.026456542911738986,0.04616802181594794,-0.019711478904208952,90,0.03958195358026195
4956.988096482261,18.50631132509919,0.06301185974087986,0.051936748555005734,0.011075111185874127,90,0.03958195358026195
4956.988096482261,20.17189755925049,0.06733965711156384,0.05825522722506153,0.009084429886502307,90,0.03958195358026195
4956.988096482261,21.98738819383367,0.06796295672656578,0.06515446180929299,0.002808494917272794,90,0.03958195358026195
4956.988096482261,23.966274772431408,0.07724314257656356,0.07266144456943095,0.004581698007132609,90,0.03958195358026195
4956.988096482261,26.123263090828015,0.08288965961294585,0.08079766532804647,0.0020919942848993817,90,0.03958195358026195
4956.988096482261,28.474382480902506,0.11519417630113371,0.08957769786814998,0.02561647843298373,90,0.03958195358026195
4956.988096482261,31.037104930180035,0.1403993336219017,0.0990079335954723,0.04139140002642941,90,0.03958195358026195
4956.988096482261,33.83047492225976,0.17229445806758356,0.10908552618840599,0.06320893187917757,90,0.03958195358026195
4956.988096482261,36.875250963009485,0.1837871097098278,0.11979760259978169,0.06398950711004613,90,0.03958195358026195
4956.988096482261,40.194059844256586,0.18850379603616385,0.13112078488147194,0.05738301115469191,90,0.03958195358026195
4956.988096482261,43.81156479136355,0.19047793164510482,0.143021053526116,0.04745687811898883,90,0.03958195358026195
4956.988096482261,47.75464874425019,0.19209011900796918,0.1554539665231724,0.03663615248479679,90,0.03958195358026195
4956.988096482261,52.05261413388882,0.1940021217963585,0.16836522987573319,0.02563689192062532,90,0.03958195358026195
4956.988096482261,56.737400638880295,0.19943814865521461,0.1816915962127713,0.017746552442443303,90,0.03958195358026195
4956.988096482261,61.8438225403361,0.21624811678070371,0.1953620499764146,0.020886066804289116,90,0.03958195358026195
4956.988096482261,67.40982743893404,0.21791121453116263,0.20929922213921867,0.008611992391943962,90,0.03958195358026195
4956.988096482261,73.47677825676274,0.21866479145096923,0.22342096596607536,-0.004756174515106126,90,0.03958195358026195
4956.988096482261,80.08976061961063,0.2189442947947745,0.23764201898426077,-0.01869772418948626,90,0.03958195358026195
4956.988096482261,87.29791790396244,0.22385735643896176,0.2518756754780685,-0.02801831903910673,90,0.03958195358026195
4956.988096482261,95.15481643855642,0.23419149278393095,0.2660353982721079,-0.03184390548817698,90,0.03958195358026195
4956.988096482261,103.71884357443969,0.23569294480459885,0.2800363075450558,-0.04434336274045697,90,0.03958195358026195
4956.988096482261,113.05364158172193,0.24365000793218838,0.2937964967523333,-0.05014648882014494,90,0.03958195358026195
4956.988096482261,123.22858059746237,0.2460633492510762,0.30723814004621647,-0.061174790795140266,90,0.03958195358026195
4956.988096482261,134.3192741393338,0.24848809010341094,0.3202883704623898,-0.07180028035897884,90,0.03958195358026195
4956.988096482261,146.40814101602186,0.2542652988681799,0.33287992234087366,-0.07861462347269377,90,0.03958195358026195
4956.988096482261,159.58501781011546,0.25680715380820296,0.3449515439840717,-0.08814439017586873,90,0.03958195358026195
4956.988096482261,173.9478264850578,0.2607863039532446,0.3564481967720511,-0.0956618928188065,90,0.03958195358026195
4956.988096482261,189.6033020773824,0.2606475620031311,0.3673210645362195,-0.10667350253308838,90,0.03958195358026195
4956.988096482261,206.6677858819652,0.26166524612055436,0.3775274019150467,-0.11586215579449233,90,0.03958195358026195
4956.988096482261,225.26809002472953,0.26213099097201614,0.3870302528891579,-0.12489926191714174,90,0.03958195358026195
4956.988096482261,245.54243984774803,0.26213099097201614,0.39579807108380394,-0.1336670801117878,90,0.03958195358026195
4956.988096482261,267.64150110992745,0.26213099097201614,0.40380427218234183,-0.14167328121032569,90,0.03958195358026195
4956.988096482261,291.72949963677064,0.26213099097201614,0.4110267463817948,-0.14889575540977867,90,0.03958195358026195
4956.988096482261,317.9854417397141,0.26213099097201614,0.4174473556789463,-0.15531636470693017,90,0.03958195358026195
4956.988096482261,346.6044444744125,0.26213099097201614,0.42305143728080585,-0.1609204463087897,90,0.03958195358026195
4956.988096482261,377.7991856235726,0.26213099097201614,0.42782733088847874,-0.1656963399164626,90,0.03958195358026195
4956.988096482261,411.801484179675,0.26213099097201614,0.43176594422948694,-0.1696349532574708,90,0.03958195358026195
4956.988096482261,448.86402307269043,0.26213099097201614,0.4348603681549145,-0.17272937718289838,90,0.03958195358026195
4956.988096482261,489.26222694499216,0.26213099097201614,0.4371055499514716,-0.17497455897945546,90,0.03958195358026195
4956.988096482261,533.2963089278549,0.26213099097201614,0.4384980312661156,-0.17636704029409944,90,0.03958195358026195
4956.988096482261,581.2935016298517,0.26213099097201614,0.4390357551799954,-0.17690476420797924,90,0.03958195358026195
4956.988096482261,633.6104889164096,0.26213099097201614,0.4387179454445056,-0.17658695447248945,90,0.03958195358026195
4956.988096482261,690.6360565519087,0.26213099097201614,0.43754505962751467,-0.17541406865549852,90,0.03958195358026195
4956.988096482261,752.7939814021893,0.26213099097201614,0.4355188168197955,-0.17338782584777934,90,0.03958195358026195
4956.988096482261,820.546180668118,0.26213099097201614,0.4326422995191726,-0.17051130854715646,90,0.03958195358026195
4956.988096482261,894.3961445532864,0.26213099097201614,0.42892012823856074,-0.1667891372665446,90,0.03958195358026195
4956.988096482261,974.8926778751674,0.26213099097201614,0.42435870617151683,-0.1622277151995007,90,0.03958195358026195
4956.988096482261,1062.6339784249726,0.26213099097201614,0.41896652979969773,-0.1568355388276816,90,0.03958195358026195
4956.988096482261,1158.2720823838974,0.26213099097201614,0.41275455955868073,-0.1506235685866646,90,0.03958195358026195
4956.988096482261,1262.5177098312156,0.26213099097201614,0.40573664253039504,-0.1436056515583789,90,0.03958195358026195
4956.988096482261,1376.1455463528653,0.26213099097201614,0.3979299765704453,-0.13579898559842918,90,0.03958195358026195
4956.988096482261,1500.0,0.26213099097201614,0.3893556023158639,-0.12722461134384777,90,0.03958195358026195
5028.279059052903,0.7,0.007476630644763203,2.1929113145830077e-05,0.007454701531617373,90,0.03751965907823562
5028.279059052903,0.7630006889770977,0.007476630644763203,2.9057179936893788e-05,0.007447573464826309,90,0.03751965907823562
5028.279059052903,0.8316715019707511,0.007476630644763203,3.83616979692628e-05,0.00743826894679394,90,0.03751965907823562
5028.279059052903,0.9065227557232869,0.007476630644763203,5.046032778438759e-05,0.007426170316978815,90,0.03751965907823562
5028.279059052903,0.9881106959861216,0.007476630644763203,6.613099656538717e-05,0.007410499648197816,90,0.03751965907823562
5028.279059052903,1.0770416311757862,0.007476630644763203,8.634881757198602e-05,0.007390281827191217,90,0.03751965907823562
5028.279059052903,1.1739764380630602,0.007476630644763203,0.0001123300735089853,0.007364300571254217,90,0.03751965907823562
5028.279059052903,1.2796354729785626,0.007476630644763203,0.00014558414883535098,0.007331046495927852,90,0.03751965907823562
5028.279059052903,1.3948039250316824,0.007476630644763203,0.00018797423251753464,0.007288656412245668,90,0.03751965907823562
5028.279059052903,1.520337651124477,0.007476630644763203,0.0002417874573396396,0.007234843187423563,90,0.03751965907823562
5028.279059052903,1.657169536122569,0.007476630644763203,0.0003098148578179191,0.007166815786945283,90,0.03751965907823562
5028.279059052903,1.8063164254476822,0.007476630644763203,0.0003954410720668914,0.007081189572696311,90,0.03751965907823562
5028.279059052903,1.9688866816103285,0.007476630644763203,0.0005027430350837598,0.006973887609679443,90,0.03751965907823562
5028.279059052903,2.1460884208378745,0.007476630644763203,0.0006365959650476218,0.006840034679715581,90,0.03751965907823562
5028.279059052903,2.339238491007243,0.007476630644763203,0.000802783697464136,0.006673846947299066,90,0.03751965907823562
5028.279059052903,2.5497722576003894,0.007476630644763203,0.0010081088757411421,0.006468521769022061,90,0.03751965907823562
5028.279059052903,2.7792542704054104,0.007476630644763203,0.001260496727376768,0.006216133917386435,90,0.03751965907823562
5028.279059052903,3.0293898902312417,0.007476630644763203,0.0015690843140848815,0.005907546330678321,90,0.03751965907823562
5028.279059052903,3.3020379620381313,0.007476630644763203,0.001944285564005722,0.005532345080757481,90,0.03751965907823562
5028.279059052903,3.599224628662322,0.007487481875399344,0.002397821582395758,0.005089660293003586,90,0.03751965907823562
5028.279059052903,3.9231583877895577,0.00750214531935689,0.0029427063852101518,0.004559438934146738,90,0.03751965907823562
5028.279059052903,4.276246504071018,0.00750214531935689,0.0035931811029796374,0.003908964216377252,90,0.03751965907823562
5028.279059052903,4.661112898345847,0.00750214531935689,0.0043645955571698656,0.0031375497621870243,90,0.03751965907823562
5028.279059052903,5.080617646911311,0.007556637090715508,0.005273245168023494,0.002283391922692014,90,0.03751965907823562
5028.279059052903,5.537878235746474,0.007574871566380927,0.006336182761600559,0.0012386888047803682,90,0.03751965907823562
5028.279059052903,6.036292727636905,0.00761124022541089,0.007571037045431265,4.0203179979624894e-05,90,0.03751965907823562
5028.279059052903,6.579565014363433,0.007637335022188835,0.008995878957369951,-0.001358543935181116,90,0.03751965907823562
5028.279059052903,7.1717323416127225,0.0078000174701965816,0.010629179536183607,-0.0028291620659870254,90,0.03751965907823562
5028.279059052903,7.817195311156917,0.0078000174701965816,0.012489894636907284,-0.004689877166710702,90,0.03751965907823562
5028.279059052903,8.520750583258952,0.007847158782203037,0.01459769121341614,-0.0067505324312131035,90,0.03751965907823562
5028.279059052903,9.287626522326553,0.010110977467852236,0.016973299348365004,-0.006862321880512768,90,0.03751965907823562
5028.279059052903,10.123522050710184,0.016561315393784835,0.019638940186165906,-0.0030776247923810715,90,0.03751965907823562
5028.279059052903,11.03464899938101,0.017165823754064887,0.02261875138186919,-0.005452927627804301,90,0.03751965907823562
5028.279059052903,12.027778270211655,0.02166472873057107,0.025939116935376236,-0.004274388204805166,90,0.03751965907823562
5028.279059052903,13.110290152907504,0.02242849286598068,0.029628811753008417,-0.007200318887027737,90,0.03751965907823562
5028.279059052903,14.290229170511559,0.022437264115870655,0.033718891815251374,-0.011281627699380719,90,0.03751965907823562
5028.279059052903,15.576363861058477,0.02246902224595196,0.038242292486839,-0.01577327024088704,90,0.03751965907823562
5028.279059052903,16.978251939636557,0.02369493072607482,0.04323313222766349,-0.01953820150158867,90,0.03751965907823562
5028.279059052903,18.50631132509919,0.055966924612833445,0.048725749653800186,0.007241174959033259,90,0.03751965907823562
5028.279059052903,20.17189755925049,0.05973998854523549,0.05475352442616566,0.004986464119069826,90,0.03751965907823562
5028.279059052903,21.98738819383367,0.060283403615883746,0.06134754599053655,-0.0010641423746528059,90,0.03751965907823562
5028.279059052903,23.966274772431408,0.06888376538319871,0.0685352002879798,0.0003485650952189112,90,0.03751965907823562
5028.279059052903,26.123263090828015,0.07419522334518952,0.07633874563373047,-0.00214352228854095,90,0.03751965907823562
5028.279059052903,28.474382480902506,0.10404864214386705,0.08477394715822231,0.01927469498564474,90,0.03751965907823562
5028.279059052903,31.037104930180035,0.12748222934175343,0.09384883573042062,0.033633393611332815,90,0.03751965907823562
5028.279059052903,33.83047492225976,0.15831823447158286,0.10356265238869343,0.05475558208288943,90,0.03751965907823562
5028.279059052903,36.875250963009485,0.1692290452759813,0.11390503258488441,0.05532401269109688,90,0.03751965907823562
5028.279059052903,40.194059844256586,0.17398354641226635,0.12485547539245391,0.04912807101981244,90,0.03751965907823562
5028.279059052903,43.81156479136355,0.17599745343491918,0.13638313082343725,0.03961432261148193,90,0.03751965907823562
5028.279059052903,47.75464874425019,0.17752571733327788,0.1484469235874861,0.02907879374579178,90,0.03751965907823562
5028.279059052903,52.05261413388882,0.1794802470036314,0.1609960146220421,0.018484232381589305,90,0.03751965907823562
5028.279059052903,56.737400638880295,0.18498490030137416,0.1739705836569916,0.011014316644382544,90,0.03751965907823562
5028.279059052903,61.8438225403361,0.20182102452716805,0.18730289843347,0.014518126093698042,90,0.03751965907823562
5028.279059052903,67.40982743893404,0.20350146060513669,0.20091862057240337,0.002582840032733319,90,0.03751965907823562
5028.279059052903,73.47677825676274,0.2043105188603753,0.21473828593866412,-0.010427767078288824,90,0.03751965907823562
5028.279059052903,80.08976061961063,0.20460398354677328,0.22867888975778924,-0.02407490621101596,90,0.03751965907823562
5028.279059052903,87.29791790396244,0.2096766463230775,0.24265550427807933,-0.03297885795500183,90,0.03751965907823562
5028.279059052903,95.15481643855642,0.22023722311973817,0.2565828594136871,-0.03634563629394891,90,0.03751965907823562
5028.279059052903,103.71884357443969,0.22173781987599428,0.27037682399138685,-0.04863900411539257,90,0.03751965907823562
5028.279059052903,113.05364158172193,0.22985198181096847,0.2839557359655534,-0.05410375415458493,90,0.03751965907823562
5028.279059052903,123.22858059746237,0.23238980518700386,0.2972415430138686,-0.06485173782686476,90,0.03751965907823562
5028.279059052903,134.3192741393338,0.2349054726927575,0.31016072895658703,-0.07525525626382953,90,0.03751965907823562
5028.279059052903,146.40814101602186,0.2407600220601392,0.3226450152219543,-0.08188499316181513,90,0.03751965907823562
5028.279059052903,159.58501781011546,0.24338914014755011,0.33463183909419836,-0.09124269894664824,90,0.03751965907823562
5028.279059052903,173.9478264850578,0.2474859658362852,0.34606462100444957,-0.09857865516816436,90,0.03751965907823562
5028.279059052903,189.6033020773824,0.24736732320417168,0.3568928412486328,-0.10952551804446112,90,0.03751965907823562
5028.279059052903,206.6677858819652,0.24844729130983212,0.3670719521211145,-0.11862466081128237,90,0.03751965907823562
5028.279059052903,225.26809002472953,0.24893560009354015,0.37656315465980367,-0.1276275545662635,90,0.03751965907823562
5028.279059052903,245.54243984774803,0.24893560009354015,0.38533307030081115,-0.136397470207271,90,0.03751965907823562
5028.279059052903,267.64150110992745,0.24893560009354015,0.3933533371341651,-0.14441773704062494,90,0.03751965907823562
5028.279059052903,291.72949963677064,0.24893560009354015,0.4006001585712327,-0.15166455847769256,90,0.03751965907823562
5028.279059052903,317.9854417397141,0.24893560009354015,0.40705382950331004,-0.15811822940976988,90,0.03751965907823562
5028.279059052903,346.6044444744125,0.24893560009354015,0.41269826182737346,-0.1637626617338333,90,0.03751965907823562
5028.279059052903,377.7991856235726,0.24893560009354015,0.4175205278507801,-0.16858492775723993,90,0.03751965907823562
5028.279059052903,411.801484179675,0.24893560009354015,0.42151043679849365,-0.1725748367049535,90,0.03751965907823562
5028.279059052903,448.86402307269043,0.24893560009354015,0.4246601565967772,-0.17572455650323704,90,0.03751965907823562
5028.279059052903,489.26222694499216,0.24893560009354015,0.42696389039156174,-0.17802829029802159,90,0.03751965907823562
5028.279059052903,533.2963089278549,0.24893560009354015,0.4284176149158921,-0.17948201482235193,90,0.03751965907823562
5028.279059052903,581.2935016298517,0.24893560009354015,0.4290188858408909,-0.18008328574735072,90,0.03751965907823562
5028.279059052903,633.6104889164096,0.24893560009354015,0.4287667135853688,-0.17983111349182862,90,0.03751965907823562
5028.279059052903,690.6360565519087,0.24893560009354015,0.42766151165178956,-0.1787259115582494,90,0.03751965907823562
5028.279059052903,752.7939814021893,0.24893560009354015,0.42570511831503693,-0.17676951822149678,90,0.03751965907823562
5028.279059052903,820.546180668118,0.24893560009354015,0.4229008913194419,-0.17396529122590176,90,0.03751965907823562
5028.279059052903,894.3961445532864,0.24893560009354015,0.41925387403893677,-0.17031827394539661,90,0.03751965907823562
5028.279059052903,974.8926778751674,0.24893560009354015,0.41477103022687467,-0.16583543013333452,90,0.03751965907823562
5028.279059052903,1062.6339784249726,0.24893560009354015,0.40946154293519826,-0.1605259428416581,90,0.03751965907823562
5028.279059052903,1158.2720823838974,0.24893560009354015,0.40333717134076785,-0.1544015712472277,90,0.03751965907823562
5028.279059052903,1262.5177098312156,0.24893560009354015,0.39641265702488465,-0.1474770569313445,90,0.03751965907823562
5028.279059052903,1376.1455463528653,0.24893560009354015,0.3887061686867491,-0.13977056859320897,90,0.03751965907823562
5028.279059052903,1500.0,0.24893560009354015,0.38023977135052356,-0.1313041712569834,90,0.03751965907823562
5100.595321915849,0.7,0.006588043138222853,1.893324760146372e-05,0.006569109890621389,90,0.03561542321895139
5100.595321915849,0.7630006889770977,0.006588043138222853,2.509464865609987e-05,0.006562948489566753,90,0.03561542321895139
5100.595321915849,0.8316715019707511,0.006588043138222853,3.31398313581377e-05,0.006554903306864716,90,0.03561542321895139
5100.595321915849,0.9065227557232869,0.006588043138222853,4.360425755759936e-05,0.006544438880665254,90,0.03561542321895139
5100.595321915849,0.9881106959861216,0.006588043138222853,5.716263178396276e-05,0.00653088050643889,90,0.03561542321895139
5100.595321915849,1.0770416311757862,0.006588043138222853,7.466109435052553e-05,0.0065133820438723275,90,0.03561542321895139
5100.595321915849,1.1739764380630602,0.006588043138222853,9.71556249473671e-05,0.006490887513275486,90,0.03561542321895139
5100.595321915849,1.2796354729785626,0.006588043138222853,0.00012595746062760496,0.006462085677595248,90,0.03561542321895139
5100.595321915849,1.3948039250316824,0.006588043138222853,0.00016268629193357122,0.006425356846289282,90,0.03561542321895139
5100.595321915849,1.520337651124477,0.006588043138222853,0.0002093318866939772,0.006378711251528876,90,0.03561542321895139
5100.595321915849,1.657169536122569,0.006588043138222853,0.0002683245725285033,0.00631971856569435,90,0.03561542321895139
5100.595321915849,1.8063164254476822,0.006588043138222853,0.00034261465002022003,0.006245428488202634,90,0.03561542321895139
5100.595321915849,1.9688866816103285,0.006588043138222853,0.0004357602684238565,0.006152282869798997,90,0.03561542321895139
5100.595321915849,2.1460884208378745,0.006588043138222853,0.0005520225350065613,0.0060360206032162925,90,0.03561542321895139
5100.595321915849,2.339238491007243,0.006588043138222853,0.0006964656183512767,0.005891577519871577,90,0.03561542321895139
5100.595321915849,2.5497722576003894,0.006588043138222853,0.0008750583424419042,0.005712984795780949,90,0.03561542321895139
5100.595321915849,2.7792542704054104,0.006588043138222853,0.0010947723004206288,0.005493270837802225,90,0.03561542321895139
5100.595321915849,3.0293898902312417,0.006588043138222853,0.0013636699767497723,0.005224373161473081,90,0.03561542321895139
5100.595321915849,3.3020379620381313,0.006588043138222853,0.0016909750072695128,0.00489706813095334,90,0.03561542321895139
5100.595321915849,3.599224628662322,0.00659696867436433,0.002087115932654483,0.004509852741709847,90,0.03561542321895139
5100.595321915849,3.9231583877895577,0.0066090298961178975,0.002563735169318423,0.004045294726799474,90,0.03561542321895139
5100.595321915849,4.276246504071018,0.0066090298961178975,0.003133657083723906,0.0034753728123939915,90,0.03561542321895139
5100.595321915849,4.661112898345847,0.0066090298961178975,0.0038108135980960763,0.0027982162980218213,90,0.03561542321895139
5100.595321915849,5.080617646911311,0.006648773846923813,0.004610132922861551,0.002038640924062262,90,0.03561542321895139
5100.595321915849,5.537878235746474,0.006663772373545349,0.00554740633763715,0.0011163660359081989,90,0.03561542321895139
5100.595321915849,6.036292727636905,0.0066907857458082965,0.0066391579055920125,5.162784021628397e-05,90,0.03561542321895139
5100.595321915849,6.579565014363433,0.006706262384805544,0.007902549922069364,-0.0011962875372638192,90,0.03561542321895139
5100.595321915849,7.1717323416127225,0.0068065373209565405,0.00935535931797943,-0.0025488219970228893,90,0.03561542321895139
5100.595321915849,7.817195311156917,0.0068065373209565405,0.011016053979662054,-0.004209516658705514,90,0.03561542321895139
5100.595321915849,8.520750583258952,0.006847501885630419,0.012903981583257644,-0.006056479697627225,90,0.03561542321895139
5100.595321915849,9.287626522326553,0.008835304944278408,0.015039658736617495,-0.006204353792339088,90,0.03561542321895139
5100.595321915849,10.123522050710184,0.01437344278932407,0.017445120070202304,-0.003071677280878234,90,0.03561542321895139
5100.595321915849,11.03464899938101,0.014829364277407464,0.020144262731645622,-0.005314898454238158,90,0.03561542321895139
5100.595321915849,12.027778270211655,0.018814579116952685,0.023163108515013894,-0.004348529398061209,90,0.03561542321895139
5100.595321915849,13.110290152907504,0.01952153817641497,0.026529907557783974,-0.007008369381369003,90,0.03561542321895139
5100.595321915849,14.290229170511559,0.019535403146711067,0.03027502358471365,-0.010739620438002584,90,0.03561542321895139
5100.595321915849,15.576363861058477,0.019567161276792366,0.03443056643094229,-0.014863405154149925,90,0.03561542321895139
5100.595321915849,16.978251939636557,0.020460750573402586,0.039029766467597045,-0.01856901589419446,90,0.03561542321895139
5100.595321915849,18.50631132509919,0.04794151635569041,0.04410611162824514,0.0038354047274452713,90,0.03561542321895139
5100.595321915849,20.17189755925049,0.05110595491327717,0.04969228739710084,0.0014136675161763312,90,0.03561542321895139
5100.595321915849,21.98738819383367,0.05156295816820637,0.05581897251217224,-0.004256014343965865,90,0.03561542321895139
5100.595321915849,23.966274772431408,0.05934165258364044,0.0625135494039347,-0.0031718968202942635,90,0.03561542321895139
5100.595321915849,26.123263090828015,0.06425219278030685,0.06979879049277071,-0.005546597712463866,90,0.03561542321895139
5100.595321915849,28.474382480902506,0.09109204782319563,0.0776915811574069,0.01340046666578873,90,0.03561542321895139
5100.595321915849,31.037104930180035,0.11278428642491051,0.08620173845560283,0.026582547969307674,90,0.03561542321895139
5100.595321915849,33.83047492225976,0.14226863821293867,0.09533098169572582,0.04693765651721285,90,0.03561542321895139
5100.595321915849,36.875250963009485,0.15284894480624814,0.10507210631542205,0.04777683849082609,90,0.03561542321895139
5100.595321915849,40.194059844256586,0.15763709749540855,0.11540840560915872,0.042228691886249836,90,0.03561542321895139
5100.595321915849,43.81156479136355,0.15969407363869229,0.12631337519397295,0.03338069844471933,90,0.03561542321895139
5100.595321915849,47.75464874425019,0.16111589218211242,0.13775072263881422,0.023365169543298203,90,0.03561542321895139
5100.595321915849,52.05261413388882,0.1631187288609552,0.14967468983940352,0.013444039021551668,90,0.03561542321895139
5100.595321915849,56.737400638880295,0.1686954069878775,0.16203067941771865,0.006664727570158846,90,0.03561542321895139
5100.595321915849,61.8438225403361,0.18552519087745178,0.174756159947484,0.010769030929967782,90,0.03561542321895139
5100.595321915849,67.40982743893404,0.18722428678554337,0.18778180960738497,-0.0005575228218415995,90,0.03561542321895139
5100.595321915849,73.47677825676274,0.18809901891883718,0.2010328453388797,-0.01293382642004251,90,0.03561542321895139
5100.595321915849,80.08976061961063,0.1884059924017893,0.2144304758648701,-0.02602448346308081,90,0.03561542321895139
5100.595321915849,87.29791790396244,0.19363595748634488,0.22789341271148972,-0.03425745522514484,90,0.03561542321895139
5100.595321915849,95.15481643855642,0.20446338850980023,0.2413393738600496,-0.036875985350249385,90,0.03561542321895139
5100.595321915849,103.71884357443969,0.20595913024837603,0.2546865195235725,-0.04872738927519649,90,0.03561542321895139
5100.595321915849,113.05364158172193,0.21424319344764103,0.2678547680468041,-0.05361157459916305,90,0.03561542321895139
5100.595321915849,123.22858059746237,0.21691245126992725,0.280766951028803,-0.06385449975887575,90,0.03561542321895139
5100.595321915849,134.3192741393338,0.2195311721566215,0.2933497792861458,-0.07381860712952432,90,0.03561542321895139
5100.595321915849,146.40814101602186,0.2254768693501063,0.3055346040552465,-0.08005773470514022,90,0.03561542321895139
5100.595321915849,159.58501781011546,0.22819623377850395,0.3172579698657415,-0.08906173608723755,90,0.03561542321895139
5100.595321915849,173.9478264850578,0.23241215318589198,0.3284619660294023,-0.09604981284351033,90,0.03561542321895139
5100.595321915849,189.6033020773824,0.2323185726037058,0.33909439218124937,-0.10677581957754356,90,0.03561542321895139
5100.595321915849,206.6677858819652,0.23346735799991553,0.3491087595539967,-0.11564140155408115,90,0.03561542321895139
5100.595321915849,225.26809002472953,0.2339772431441846,0.3584641536735026,-0.12448691052931798,90,0.03561542321895139
5100.595321915849,245.54243984774803,0.2339772431441846,0.367124986124264,-0.13314774298007936,90,0.03561542321895139
5100.595321915849,267.64150110992745,0.2339772431441846,0.37506066326402854,-0.14108342011984393,90,0.03561542321895139
5100.595321915849,291.72949963677064,0.2339772431441846,0.38224519864095285,-0.14826795549676824,90,0.03561542321895139
5100.595321915849,317.9854417397141,0.2339772431441846,0.3886567937724851,-0.15467955062830047,90,0.03561542321895139
5100.595321915849,346.6044444744125,0.2339772431441846,0.39427740924312304,-0.16030016609893843,90,0.03561542321895139
5100.595321915849,377.7991856235726,0.2339772431441846,0.3990923450780788,-0.16511510193389417,90,0.03561542321895139
5100.595321915849,411.801484179675,0.2339772431441846,0.40308984629751715,-0.16911260315333254,90,0.03561542321895139
5100.595321915849,448.86402307269043,0.2339772431441846,0.40626074662979855,-0.17228350348561394,90,0.03561542321895139
5100.595321915849,489.26222694499216,0.2339772431441846,0.40859816067643395,-0.17462091753224934,90,0.03561542321895139
5100.595321915849,533.2963089278549,0.2339772431441846,0.410097232433982,-0.17611998928979739,90,0.03561542321895139
5100.595321915849,581.2935016298517,0.2339772431441846,0.41075494599953016,-0.17677770285534555,90,0.03561542321895139
5100.595321915849,633.6104889164096,0.2339772431441846,0.41057000249023473,-0.17659275934605012,90,0.03561542321895139
5100.595321915849,690.6360565519087,0.2339772431441846,0.40954276563947545,-0.17556552249529084,90,0.03561542321895139
5100.595321915849,752.7939814021893,0.2339772431441846,0.4076752771192627,-0.1736980339750781,90,0.03561542321895139
5100.595321915849,820.546180668118,0.2339772431441846,0.4049713412956695,-0.17099409815148486,90,0.03561542321895139
5100.595321915849,894.3961445532864,0.2339772431441846,0.4014366777613516,-0.167459434617167,90,0.03561542321895139
5100.595321915849,974.8926778751674,0.2339772431441846,0.39707913851822424,-0.16310189537403963,90,0.03561542321895139
5100.595321915849,1062.6339784249726,0.2339772431441846,0.39190898502332694,-0.15793174187914233,90,0.03561542321895139
5100.595321915849,1158.2720823838974,0.2339772431441846,0.3859392183960488,-0.15196197525186417,90,0.03561542321895139
5100.595321915849,1262.5177098312156,0.2339772431441846,0.3791859538720137,-0.1452087107278291,90,0.03561542321895139
5100.595321915849,1376.1455463528653,0.2339772431441846,0.3716688280666927,-0.1376915849225081,90,0.03561542321895139
5100.595321915849,1500.0,0.2339772431441846,0.3634114248102721,-0.1294341816660875,90,0.03561542321895139
5173.951630848841,0.7,0.004132321419560509,9.45561010151439e-06,0.0041228658094589945,90,0.03436566264763785
5173.951630848841,0.7630006889770977,0.004132321419560509,1.2537382456670534e-05,0.004119784037103839,90,0.03436566264763785
5173.951630848841,0.8316715019707511,0.004132321419560509,1.656342338853448e-05,0.004115757996171975,90,0.03436566264763785
5173.951630848841,0.9065227557232869,0.004132321419560509,2.180314367066973e-05,0.004110518275889839,90,0.03436566264763785
5173.951630848841,0.9881106959861216,0.004132321419560509,2.8596557479995383e-05,0.004103724862080514,90,0.03436566264763785
5173.951630848841,1.0770416311757862,0.004132321419560509,3.737092246916709e-05,0.004094950497091342,90,0.03436566264763785
5173.951630848841,1.1739764380630602,0.004132321419560509,4.866077886529306e-05,0.004083660640695216,90,0.03436566264763785
5173.951630848841,1.2796354729785626,0.004132321419560509,6.313194309888673e-05,0.004069189476461623,90,0.03436566264763785
5173.951630848841,1.3948039250316824,0.004132321419560509,8.16100666765097e-05,0.004050711352883999,90,0.03436566264763785
5173.951630848841,1.520337651124477,0.004132321419560509,0.00010511442216225101,0.004027206997398258,90,0.03436566264763785
5173.951630848841,1.657169536122569,0.004132321419560509,0.00013489762176420507,0.003997423797796304,90,0.03436566264763785
5173.951630848841,1.8063164254476822,0.004132321419560509,0.00017249200581176806,0.003959829413748741,90,0.03436566264763785
5173.951630848841,1.9688866816103285,0.004132321419560509,0.00021976345308089714,0.003912557966479612,90,0.03436566264763785
5173.951630848841,2.1460884208378745,0.004132321419560509,0.0002789733561569587,0.0038533480634035506,90,0.03436566264763785
5173.951630848841,2.339238491007243,0.004132321419560509,0.00035284946538732023,0.0037794719541731888,90,0.03436566264763785
5173.951630848841,2.5497722576003894,0.004132321419560509,0.00044466622589220406,0.003687655193668305,90,0.03436566264763785
5173.951630848841,2.7792542704054104,0.004132321419560509,0.0005583351038653094,0.0035739863156951995,90,0.03436566264763785
5173.951630848841,3.0293898902312417,0.004132321419560509,0.0006985052102516571,0.003433816209308852,90,0.03436566264763785
5173.951630848841,3.3020379620381313,0.004132321419560509,0.0008706742702217162,0.003261647149338793,90,0.03436566264763785
5173.951630848841,3.599224628662322,0.004132321419560509,0.0010813096435039317,0.0030510117760565777,90,0.03436566264763785
5173.951630848841,3.9231583877895577,0.004132321419560509,0.0013379786613763667,0.002794342758184142,90,0.03436566264763785
5173.951630848841,4.276246504071018,0.004132321419560509,0.0016494869994107594,0.00248283442014975,90,0.03436566264763785
5173.951630848841,4.661112898345847,0.004132321419560509,0.0020260231410594745,0.0021062982785010347,90,0.03436566264763785
5173.951630848841,5.080617646911311,0.004134356687616371,0.0024793061990933053,0.0016550504885230652,90,0.03436566264763785
5173.951630848841,5.537878235746474,0.004134356687616371,0.0030227334478049044,0.0011116232398114662,90,0.03436566264763785
5173.951630848841,6.036292727636905,0.004135507113681538,0.00367152288396056,0.0004639842297209781,90,0.03436566264763785
5173.951630848841,6.579565014363433,0.0041378812921135264,0.004442844993705419,-0.00030496370159189233,90,0.03436566264763785
5173.951630848841,7.1717323416127225,0.004161943311240415,0.005355936683960438,-0.0011939933727200232,90,0.03436566264763785
5173.951630848841,7.817195311156917,0.004161943311240415,0.006432189084634655,-0.00227024577339424,90,0.03436566264763785
5173.951630848841,8.520750583258952,0.004174278837556204,0.007695199706366981,-0.003520920868810777,90,0.03436566264763785
5173.951630848841,9.287626522326553,0.005713868884081114,0.009170778334467056,-0.0034569094503859414,90,0.03436566264763785
5173.951630848841,10.123522050710184,0.009644494700454559,0.010886895164913674,-0.0012424004644591147,90,0.03436566264763785
5173.951630848841,11.03464899938101,0.009885887044681652,0.01287355917903081,-0.0029876721343491588,90,0.03436566264763785
5173.951630848841,12.027778270211655,0.012268169150308577,0.015162614767753189,-0.0028944456174446118,90,0.03436566264763785
5173.951630848841,13.110290152907504,0.012395018754523514,0.017787445326583183,-0.005392426572059669,90,0.03436566264763785
5173.951630848841,14.290229170511559,0.01241231726173785,0.020782574122749826,-0.008370256861011977,90,0.03436566264763785
5173.951630848841,15.576363861058477,0.012444075391819149,0.024183155344512392,-0.011739079952693243,90,0.03436566264763785
5173.951630848841,16.978251939636557,0.012881912075886601,0.028024351995803557,-0.015142439919916956,90,0.03436566264763785
5173.951630848841,18.50631132509919,0.03157617746666967,0.03234060224376463,-0.0007644247770949575,90,0.03436566264763785
5173.951630848841,20.17189755925049,0.0345090506129601,0.03716478190612432,-0.0026557312931642235,90,0.03436566264763785
5173.951630848841,21.98738819383367,0.03484661637423471,0.042527277791469045,-0.007680661417234336,90,0.03436566264763785
5173.951630848841,23.966274772431408,0.04141140135058719,0.04845499423574308,-0.007043592885155887,90,0.03436566264763785
5173.951630848841,26.123263090828015,0.04481850715187794,0.05497032290930421,-0.010151815757426269,90,0.03436566264763785
5173.951630848841,28.474382480902506,0.0657514731552695,0.06209011315142495,0.003661360003844545,90,0.03436566264763785
5173.951630848841,31.037104930180035,0.0833595731825874,0.06982468597130312,0.013534887211284277,90,0.03436566264763785
5173.951630848841,33.83047492225976,0.10794974841916338,0.07817693865318788,0.029772809765975503,90,0.03436566264763785
5173.951630848841,36.875250963009485,0.11739611712476063,0.08714158789991078,0.03025452922484985,90,0.03436566264763785
5173.951630848841,40.194059844256586,0.12223985011195299,0.09670459710065296,0.025535253011300024,90,0.03436566264763785
5173.951630848841,43.81156479136355,0.12434940835576037,0.1068428273537424,0.017506581002017976,90,0.03436566264763785
5173.951630848841,47.75464874425019,0.1256291398467115,0.11752394241702181,0.008105197429689695,90,0.03436566264763785
5173.951630848841,52.05261413388882,0.12727713865745333,0.12870658530422413,-0.0014294466467708045,90,0.03436566264763785
5173.951630848841,56.737400638880295,0.13257953759169328,0.14034082968770759,-0.007761292096014311,90,0.03436566264763785
5173.951630848841,61.8438225403361,0.14964421166576586,0.15236889379995525,-0.002724682134189388,90,0.03436566264763785
5173.951630848841,67.40982743893404,0.15148866432906263,0.1647260895077421,-0.013237425178679457,90,0.03436566264763785
5173.951630848841,73.47677825676274,0.15244558499594993,0.17734196601743948,-0.024896381021489555,90,0.03436566264763785
5173.951630848841,80.08976061961063,0.15277053185273276,0.1901415974295782,-0.03737106557684544,90,0.03436566264763785
5173.951630848841,87.29791790396244,0.15836841555103454,0.20304695693622318,-0.04467854138518865,90,0.03436566264763785
5173.951630848841,95.15481643855642,0.16975276602386347,0.21597831825770197,-0.04622555223383851,90,0.03436566264763785
5173.951630848841,103.71884357443969,0.1712352033390156,0.22885562689817615,-0.057620423559160555,90,0.03436566264763785
5173.951630848841,113.05364158172193,0.1797429838695335,0.24159978949347402,-0.061856805623940525,90,0.03436566264763785
5173.951630848841,123.22858059746237,0.1825694880549639,0.2541338381333083,-0.07156435007834441,90,0.03436566264763785
5173.951630848841,134.3192741393338,0.18532072737088412,0.2663839370697347,-0.08106320969885056,90,0.03436566264763785
5173.951630848841,146.40814101602186,0.19162658399106344,0.27828021062244723,-0.08665362663138379,90,0.03436566264763785
5173.951630848841,159.58501781011546,0.19460769590915902,0.28975738237582627,-0.09514968646666724,90,0.03436566264763785
5173.951630848841,173.9478264850578,0.1989757502594277,0.30075522611420163,-0.10177947585477393,90,0.03436566264763785
5173.951630848841,189.6033020773824,0.19891309542986652,0.31121883776560977,-0.11230574233574325,90,0.03436566264763785
5173.951630848841,206.6677858819652,0.20014938338676416,0.3210987445679079,-0.12094936118114372,90,0.03436566264763785
5173.951630848841,225.26809002472953,0.20068539323259063,0.3303508726104355,-0.12966547937784487,90,0.03436566264763785
5173.951630848841,245.54243984774803,0.20068539323259063,0.33893639690646327,-0.13825100367387264,90,0.03436566264763785
5173.951630848841,267.64150110992745,0.20068539323259063,0.34682149942405605,-0.14613610619146541,90,0.03436566264763785
5173.951630848841,291.72949963677064,0.20068539323259063,0.35397706034071386,-0.15329166710812323,90,0.03436566264763785
5173.951630848841,317.9854417397141,0.20068539323259063,0.36037830652354175,-0.15969291329095112,90,0.03436566264763785
5173.951630848841,346.6044444744125,0.20068539323259063,0.36600443920341125,-0.16531904597082062,90,0.03436566264763785
5173.951630848841,377.7991856235726,0.20068539323259063,0.3708382603095639,-0.17015286707697327,90,0.03436566264763785
5173.951630848841,411.801484179675,0.20068539323259063,0.3748658142125889,-0.17418042097999828,90,0.03436566264763785
5173.951630848841,448.86402307269043,0.20068539323259063,0.37807605888349766,-0.17739066565090703,90,0.03436566264763785
5173.951630848841,489.26222694499216,0.20068539323259063,0.3804605778510938,-0.17977518461850314,90,0.03436566264763785
5173.951630848841,533.2963089278549,0.20068539323259063,0.38201334191073844,-0.1813279486781478,90,0.03436566264763785
5173.951630848841,581.2935016298517,0.20068539323259063,0.3827305273392532,-0.1820451341066626,90,0.03436566264763785
5173.951630848841,633.6104889164096,0.20068539323259063,0.3826103953984157,-0.18192500216582505,90,0.03436566264763785
5173.951630848841,690.6360565519087,0.20068539323259063,0.38165323612847396,-0.18096784289588333,90,0.03436566264763785
5173.951630848841,752.7939814021893,0.20068539323259063,0.3798613777870531,-0.17917598455446246,90,0.03436566264763785
5173.951630848841,820.546180668118,0.20068539323259063,0.3772392617078091,-0.17655386847521845,90,0.03436566264763785
5173.951630848841,894.3961445532864,0.20068539323259063,0.37379358076113206,-0.17310818752854143,90,0.03436566264763785
5173.951630848841,974.8926778751674,0.20068539323259063,0.3695334779211485,-0.16884808468855786,90,0.03436566264763785
5173.951630848841,1062.6339784249726,0.20068539323259063,0.36447079961232676,-0.16378540637973613,90,0.03436566264763785
5173.951630848841,1158.2720823838974,0.20068539323259063,0.3586203964742703,-0.15793500324167967,90,0.03436566264763785
5173.951630848841,1262.5177098312156,0.20068539323259063,0.352000461917651,-0.15131506868506037,90,0.03436566264763785
5173.951630848841,1376.1455463528653,0.20068539323259063,0.3446328963533642,-0.14394750312077356,90,0.03436566264763785
5173.951630848841,1500.0,0.20068539323259063,0.3365436823078931,-0.13585828907530248,90,0.03436566264763785
5248.362943702092,0.7,0.0037312078888176387,8.77173437399134e-06,0.0037224361544436475,90,0.030715001351601323
5248.362943702092,0.7630006889770977,0.0037312078888176387,1.163382437697187e-05,0.003719574064440667,90,0.030715001351601323
5248.362943702092,0.8316715019707511,0.0037312078888176387,1.5373950439787745e-05,0.003715833938377851,90,0.030715001351601323
5248.362943702092,0.9065227557232869,0.0037312078888176387,2.0242971993489098e-05,0.0037109649168241498,90,0.030715001351601323
5248.362943702092,0.9881106959861216,0.0037312078888176387,2.6557595249298423e-05,0.00370465029356834,90,0.030715001351601323
5248.362943702092,1.0770416311757862,0.0037312078888176387,3.471592255197672e-05,0.0036964919662656618,90,0.030715001351601323
5248.362943702092,1.1739764380630602,0.0037312078888176387,4.521618636360837e-05,0.0036859917024540303,90,0.030715001351601323
5248.362943702092,1.2796354729785626,0.0037312078888176387,5.867919065013053e-05,0.003672528698167508,90,0.030715001351601323
5248.362943702092,1.3948039250316824,0.0037312078888176387,7.587503509124259e-05,0.0036553328537263963,90,0.030715001351601323
5248.362943702092,1.520337651124477,0.0037312078888176387,9.775474662036108e-05,0.0036334531421972774,90,0.030715001351601323
5248.362943702092,1.657169536122569,0.0037312078888176387,0.00012548748512878667,0.003605720403688852,90,0.030715001351601323
5248.362943702092,1.8063164254476822,0.0037312078888176387,0.00016050402174582458,0.0035707038670718142,90,0.030715001351601323
5248.362943702092,1.9688866816103285,0.0037312078888176387,0.0002045472040570781,0.003526660684760561,90,0.030715001351601323
5248.362943702092,2.1460884208378745,0.0037312078888176387,0.0002597301171035645,0.0034714777717140743,90,0.030715001351601323
5248.362943702092,2.339238491007243,0.0037312078888176387,0.00032860261514478813,0.0034026052736728504,90,0.030715001351601323
5248.362943702092,2.5497722576003894,0.0037312078888176387,0.0004142268290413427,0.003316981059776296,90,0.030715001351601323
5248.362943702092,2.7792542704054104,0.0037312078888176387,0.0005202621387439931,0.0032109457500736453,90,0.030715001351601323
5248.362943702092,3.0293898902312417,0.0037312078888176387,0.0006510599298254853,0.003080147958992153,90,0.030715001351601323
5248.362943702092,3.3020379620381313,0.0037312078888176387,0.0008117682165149315,0.0029194396723027072,90,0.030715001351601323
5248.362943702092,3.599224628662322,0.0037312078888176387,0.0010084459000315356,0.002722761988786103,90,0.030715001351601323
5248.362943702092,3.9231583877895577,0.0037312078888176387,0.0012481860288300838,0.002483021859987555,90,0.030715001351601323
5248.362943702092,4.276246504071018,0.0037312078888176387,0.0015392469259060387,0.0021919609629116,90,0.030715001351601323
5248.362943702092,4.661112898345847,0.0037312078888176387,0.0018911894382862707,0.001840018450531368,90,0.030715001351601323
5248.362943702092,5.080617646911311,0.0037312078888176387,0.002315017838679074,0.0014161900501385646,90,0.030715001351601323
5248.362943702092,5.537878235746474,0.0037312078888176387,0.0028233210666922175,0.0009078868221254212,90,0.030715001351601323
5248.362943702092,6.036292727636905,0.0037312078888176387,0.003430410041058142,0.0003007978477594965,90,0.030715001351601323
5248.362943702092,6.579565014363433,0.0037312078888176387,0.004152445717645307,-0.0004212378288276685,90,0.030715001351601323
5248.362943702092,7.1717323416127225,0.0037411570267046864,0.00500755143490628,-0.0012663944082015937,90,0.030715001351601323
5248.362943702092,7.817195311156917,0.0037411570267046864,0.00601590191761397,-0.0022747448909092834,90,0.030715001351601323
5248.362943702092,8.520750583258952,0.0037534925530204764,0.007199780157745415,-0.0034462876047249387,90,0.030715001351601323
5248.362943702092,9.287626522326553,0.005183360630093557,0.008583592335117558,-0.003400231705024001,90,0.030715001351601323
5248.362943702092,10.123522050710184,0.008709069645101913,0.010193830079123022,-0.0014847604340211089,90,0.030715001351601323
5248.362943702092,11.03464899938101,0.008895879131187685,0.01205896882850343,-0.003163089697315746,90,0.030715001351601323
5248.362943702092,12.027778270211655,0.01102370182817966,0.014209290960671158,-0.0031855891324914978,90,0.030715001351601323
5248.362943702092,13.110290152907504,0.011114288032783661,0.016676622892216893,-0.0055623348594332316,90,0.030715001351601323
5248.362943702092,14.290229170511559,0.011132669207140889,0.019493976658512442,-0.008361307451371553,90,0.030715001351601323
5248.362943702092,15.576363861058477,0.011164427337222192,0.022695088711644905,-0.011530661374422713,90,0.030715001351601323
5248.362943702092,16.978251939636557,0.01145545001131112,0.026313851948388315,-0.014858401937077196,90,0.030715001351601323
5248.362943702092,18.50631132509919,0.027685351993440424,0.030383641350914127,-0.002698289357473703,90,0.030715001351601323
5248.362943702092,20.17189755925049,0.030407153902499037,0.03493653906262552,-0.004529385160126482,90,0.030715001351601323
5248.362943702092,21.98738819383367,0.030713023674109333,0.040002471085112484,-0.009289447411003151,90,0.030715001351601323
5248.362943702092,23.966274772431408,0.03680466910179741,0.0456082747883749,-0.008803605686577488,90,0.030715001351601323
5248.362943702092,26.123263090828015,0.03999067280168162,0.051776723647477874,-0.011786050845796252,90,0.030715001351601323
5248.362943702092,28.474382480902506,0.05937121126929441,0.058525542489591915,0.0008456687797024978,90,0.030715001351601323
5248.362943702092,31.037104930180035,0.0760044207726592,0.06586645238592014,0.010137968386739069,90,0.030715001351601323
5248.362943702092,33.83047492225976,0.09968470915914884,0.07380428843669078,0.025880420722458067,90,0.030715001351601323
5248.362943702092,36.875250963009485,0.10882133226159718,0.08233623539274297,0.02648509686885421,90,0.030715001351601323
5248.362943702092,40.194059844256586,0.1136598931379772,0.09145122478493614,0.022208668353041056,90,0.030715001351601323
5248.362943702092,43.81156479136355,0.11578757704543349,0.10112953267407904,0.014658044371354456,90,0.030715001351601323
5248.362943702092,47.75464874425019,0.11698540322599893,0.11134260928372854,0.005642793942270394,90,0.030715001351601323
5248.362943702092,52.05261413388882,0.11865920044996353,0.12205316099139688,-0.003393960541433344,90,0.030715001351601323
5248.362943702092,56.737400638880295,0.1239732750206907,0.13321549214521355,-0.009242217124522847,90,0.030715001351601323
5248.362943702092,61.8438225403361,0.14096978869795923,0.1447760999597355,-0.003806311261776274,90,0.030715001351601323
5248.362943702092,67.40982743893404,0.14281917379475667,0.15667450153559337,-0.013855327740836698,90,0.030715001351601323
5248.362943702092,73.47677825676274,0.1438051528819368,0.16884425909811052,-0.025039106216173723,90,0.030715001351601323
5248.362943702092,80.08976061961063,0.14413304799499999,0.18121415900136964,-0.037081111006369655,90,0.030715001351601323
5248.362943702092,87.29791790396244,0.14978789673575837,0.19370949277907573,-0.04392159604331736,90,0.030715001351601323
5248.362943702092,95.15481643855642,0.1613034500847819,0.20625338506044583,-0.044949934975663935,90,0.030715001351601323
5248.362943702092,103.71884357443969,0.16277281045285202,0.21876811361350224,-0.05599530316065021,90,0.030715001351601323
5248.362943702092,113.05364158172193,0.17133306173090718,0.23117637083472956,-0.05984330910382238,90,0.030715001351601323
5248.362943702092,123.22858059746237,0.1741893802270247,0.24340242304608228,-0.06921304281905757,90,0.030715001351601323
5248.362943702092,134.3192741393338,0.17697001245983768,0.25537313313586063,-0.07840312067602295,90,0.030715001351601323
5248.362943702092,146.40814101602186,0.1832948262788758,0.26701882243620223,-0.08372399615732642,90,0.030715001351601323
5248.362943702092,159.58501781011546,0.18629620440324549,0.2782739583335878,-0.09197775393034233,90,0.030715001351601323
5248.362943702092,173.9478264850578,0.19069204236988235,0.2890776641445555,-0.09838562177467314,90,0.030715001351601323
5248.362943702092,189.6033020773824,0.19063499131638362,0.2993740566261208,-0.1087390653097372,90,0.030715001351601323
5248.362943702092,206.6677858819652,0.19189968165042298,0.30911242371431125,-0.11721274206388826,90,0.030715001351601323
5248.362943702092,225.26809002472953,0.1924405788294826,0.3182472604946637,-0.12580668166518108,90,0.030715001351601323
5248.362943702092,245.54243984774803,0.1924405788294826,0.3267381849944018,-0.13429760616491923,90,0.030715001351601323
5248.362943702092,267.64150110992745,0.1924405788294826,0.33454975728399955,-0.14210917845451695,90,0.030715001351601323
5248.362943702092,291.72949963677064,0.1924405788294826,0.34165122582282215,-0.14921064699333955,90,0.030715001351601323
5248.362943702092,317.9854417397141,0.1924405788294826,0.34801622427027545,-0.15557564544079286,90,0.030715001351601323
5248.362943702092,346.6044444744125,0.1924405788294826,0.3536224404150339,-0.16118186158555128,90,0.030715001351601323
5248.362943702092,377.7991856235726,0.1924405788294826,0.35845127673828026,-0.16601069790879766,90,0.030715001351601323
5248.362943702092,411.801484179675,0.1924405788294826,0.36248751967267345,-0.17004694084319086,90,0.030715001351601323
5248.362943702092,448.86402307269043,0.1924405788294826,0.36571903204783585,-0.17327845321835325,90,0.030715001351601323
5248.362943702092,489.26222694499216,0.1924405788294826,0.3681364806731172,-0.17569590184363462,90,0.030715001351601323
5248.362943702092,533.2963089278549,0.1924405788294826,0.3697331085949487,-0.17729252976546608,90,0.030715001351601323
5248.362943702092,581.2935016298517,0.1924405788294826,0.3705045593283951,-0.1780639804989125,90,0.030715001351601323
5248.362943702092,633.6104889164096,0.1924405788294826,0.3704487583103769,-0.17800817948089429,90,0.030715001351601323
5248.362943702092,690.6360565519087,0.1924405788294826,0.36956585493415706,-0.17712527610467446,90,0.030715001351601323
5248.362943702092,752.7939814021893,0.1924405788294826,0.36785822675699276,-0.17541764792751016,90,0.030715001351601323
5248.362943702092,820.546180668118,0.1924405788294826,0.36533054576651025,-0.17288996693702766,90,0.030715001351601323
5248.362943702092,894.3961445532864,0.1924405788294826,0.3619899048804855,-0.1695493260510029,90,0.030715001351601323
5248.362943702092,974.8926778751674,0.1924405788294826,0.3578460010740165,-0.1654054222445339,90,0.030715001351601323
5248.362943702092,1062.6339784249726,0.1924405788294826,0.3529113696201849,-0.16047079079070228,90,0.030715001351601323
5248.362943702092,1158.2720823838974,0.1924405788294826,0.3472016618537951,-0.1547610830243125,90,0.030715001351601323
5248.362943702092,1262.5177098312156,0.1924405788294826,0.3407359566050089,-0.1482953777755263,90,0.030715001351601323
5248.362943702092,1376.1455463528653,0.1924405788294826,0.3335370930153576,-0.14109651418587502,90,0.030715001351601323
5248.362943702092,1500.0,0.1924405788294826,0.325632009897715,-0.13319143106823242,90,0.030715001351601323
5323.8444334482865,0.7,0.003461304939366901,7.91064829850823e-06,0.0034533942910683927,90,0.0294322715101365
5323.8444334482865,0.7630006889770977,0.003461304939366901,1.0494671218051155e-05,0.00345081026814885,90,0.0294322715101365
5323.8444334482865,0.8316715019707511,0.003461304939366901,1.387239914485625e-05,0.0034474325402220445,90,0.0294322715101365
5323.8444334482865,0.9065227557232869,0.003461304939366901,1.8270910300853447e-05,0.0034430340290660475,90,0.0294322715101365
5323.8444334482865,0.9881106959861216,0.003461304939366901,2.3976982709821374e-05,0.0034373279566570795,90,0.0294322715101365
5323.8444334482865,1.0770416311757862,0.003461304939366901,3.1351219565048074e-05,0.0034299537198018526,90,0.0294322715101365
5323.8444334482865,1.1739764380630602,0.003461304939366901,4.084507526790896e-05,0.003420459864098992,90,0.0294322715101365
5323.8444334482865,1.2796354729785626,0.003461304939366901,5.30212604283835e-05,0.003408283678938517,90,0.0294322715101365
5323.8444334482865,1.3948039250316824,0.003461304939366901,6.857805293706376e-05,0.003392726886429837,90,0.0294322715101365
5323.8444334482865,1.520337651124477,0.003461304939366901,8.837808802470447e-05,0.0033729268513421964,90,0.0294322715101365
5323.8444334482865,1.657169536122569,0.003461304939366901,0.00011348224015896721,0.0033478226992079336,90,0.0294322715101365
5323.8444334482865,1.8063164254476822,0.003461304939366901,0.00014518924011398376,0.003316115699252917,90,0.0294322715101365
5323.8444334482865,1.9688866816103285,0.003461304939366901,0.0001850816872178174,0.0032762232521490833,90,0.0294322715101365
5323.8444334482865,2.1460884208378745,0.003461304939366901,0.00023507911440250184,0.003226225824964399,90,0.0294322715101365
5323.8444334482865,2.339238491007243,0.003461304939366901,0.00029749873610022054,0.0031638062032666803,90,0.0294322715101365
5323.8444334482865,2.5497722576003894,0.003461304939366901,0.0003751244491529044,0.0030861804902139966,90,0.0294322715101365
5323.8444334482865,2.7792542704054104,0.003461304939366901,0.000471284556706459,0.002990020382660442,90,0.0294322715101365
5323.8444334482865,3.0293898902312417,0.003461304939366901,0.0005899385356596587,0.0028713664037072423,90,0.0294322715101365
5323.8444334482865,3.3020379620381313,0.003461304939366901,0.0007357729600317901,0.0027255319793351106,90,0.0294322715101365
5323.8444334482865,3.599224628662322,0.003461304939366901,0.0009143064155380933,0.0025469985238288076,90,0.0294322715101365
5323.8444334482865,3.9231583877895577,0.003461304939366901,0.0011320028845746644,0.0023293020547922364,90,0.0294322715101365
5323.8444334482865,4.276246504071018,0.003461304939366901,0.0013963926360526862,0.0020649123033142144,90,0.0294322715101365
5323.8444334482865,4.661112898345847,0.003461304939366901,0.0017161991126836537,0.001745105826683247,90,0.0294322715101365
5323.8444334482865,5.080617646911311,0.003461304939366901,0.0021014696633052062,0.0013598352760616945,90,0.0294322715101365
5323.8444334482865,5.537878235746474,0.003461304939366901,0.002563707217213032,0.0008975977221538688,90,0.0294322715101365
5323.8444334482865,6.036292727636905,0.003461304939366901,0.003115999144149879,0.00034530579521702175,90,0.0294322715101365
5323.8444334482865,6.579565014363433,0.003461304939366901,0.0037731385979370797,-0.00031183365857017893,90,0.0294322715101365
5323.8444334482865,7.1717323416127225,0.0034708211296803596,0.004551732623861111,-0.0010809114941807518,90,0.0294322715101365
5323.8444334482865,7.817195311156917,0.0034708211296803596,0.005470290252422059,-0.0019994691227416994,90,0.0294322715101365
5323.8444334482865,8.520750583258952,0.003483156655996149,0.0065492827525987845,-0.0030661260966026354,90,0.0294322715101365
5323.8444334482865,9.287626522326553,0.0048322198590125135,0.007811167241624013,-0.0029789473826115,90,0.0294322715101365
5323.8444334482865,10.123522050710184,0.00809736161203598,0.00928036402992439,-0.0011830024178884103,90,0.0294322715101365
5323.8444334482865,11.03464899938101,0.008248304415047232,0.010983177523646524,-0.0027348731085992915,90,0.0294322715101365
5323.8444334482865,12.027778270211655,0.010168066491442139,0.012947650335490198,-0.0027795838440480593,90,0.0294322715101365
5323.8444334482865,13.110290152907504,0.010223196888568068,0.015203340603483202,-0.004980143714915133,90,0.0294322715101365
5323.8444334482865,14.290229170511559,0.010256470472807647,0.01778101352834506,-0.007524543055537413,90,0.0294322715101365
5323.8444334482865,15.576363861058477,0.010288228602888949,0.020712239947426866,-0.010424011344537918,90,0.0294322715101365
5323.8444334482865,16.978251939636557,0.010467765471080824,0.024028897476548603,-0.013561132005467779,90,0.0294322715101365
5323.8444334482865,18.50631132509919,0.025540921475271466,0.02776257343396476,-0.002221651958693293,90,0.0294322715101365
5323.8444334482865,20.17189755925049,0.02816192927555131,0.031943873406480035,-0.003781944130928725,90,0.0294322715101365
5323.8444334482865,21.98738819383367,0.02844144302873042,0.03660164482521432,-0.008160201796483902,90,0.0294322715101365
5323.8444334482865,23.966274772431408,0.03405319861785603,0.041762131071830154,-0.007708932453974124,90,0.0294322715101365
5323.8444334482865,26.123263090828015,0.03704020946889547,0.04744807809351465,-0.010407868624619183,90,0.0294322715101365
5323.8444334482865,28.474382480902506,0.054277597179040696,0.05367782180246059,0.0005997753765801042,90,0.0294322715101365
5323.8444334482865,31.037104930180035,0.06993770351087995,0.060464390108699036,0.009473313402180918,90,0.0294322715101365
5323.8444334482865,33.83047492225976,0.09143686404073877,0.06781465766347933,0.02362220637725944,90,0.0294322715101365
5323.8444334482865,36.875250963009485,0.10019229855479204,0.07572859366227516,0.024463704892516883,90,0.0294322715101365
5323.8444334482865,40.194059844256586,0.1040525750971946,0.08419864284886389,0.019853932248330708,90,0.0294322715101365
5323.8444334482865,43.81156479136355,0.10618197556204725,0.09320927682534054,0.012972698736706714,90,0.0294322715101365
5323.8444334482865,47.75464874425019,0.10729339645772384,0.10273674680731101,0.004556649650412831,90,0.0294322715101365
5323.8444334482865,52.05261413388882,0.10898815637574076,0.112749060269544,-0.0037609038938032358,90,0.0294322715101365
5323.8444334482865,56.737400638880295,0.11429926520170615,0.12320619301973472,-0.00890692781802857,90,0.0294322715101365
5323.8444334482865,61.8438225403361,0.13118309141510204,0.1340605359128531,-0.0028774444977510694,90,0.0294322715101365
5323.8444334482865,67.40982743893404,0.13303247651189945,0.14525756267483647,-0.012225086162937021,90,0.0294322715101365
5323.8444334482865,73.47677825676274,0.13403984195970242,0.15673669322950792,-0.0226968512698055,90,0.0294322715101365
5323.8444334482865,80.08976061961063,0.13436793601185695,0.16843231655900387,-0.034064380547146916,90,0.0294322715101365
5323.8444334482865,87.29791790396244,0.14002600052669745,0.18027492934346037,-0.040248928816762924,90,0.0294322715101365
5323.8444334482865,95.15481643855642,0.15165461466359526,0.19219234200919263,-0.04053772734559738,90,0.0294322715101365
5323.8444334482865,103.71884357443969,0.1531091297850868,0.20411090261437548,-0.051001772829288666,90,0.0294322715101365
5323.8444334482865,113.05364158172193,0.1616868984453211,0.2159566911140027,-0.05426979266868159,90,0.0294322715101365
5323.8444334482865,123.22858059746237,0.16454401764433416,0.22765664155486195,-0.0631126239105278,90,0.0294322715101365
5323.8444334482865,134.3192741393338,0.1673378061628784,0.2391395570033985,-0.0718017508405201,90,0.0294322715101365
5323.8444334482865,146.40814101602186,0.17366261998191654,0.25033699071489474,-0.0766743707329782,90,0.0294322715101365
5323.8444334482865,159.58501781011546,0.17666451548454654,0.26118397638941176,-0.08451946090486523,90,0.0294322715101365
5323.8444334482865,173.9478264850578,0.18106082861256712,0.271619599566958,-0.09055877095439091,90,0.0294322715101365
5323.8444334482865,189.6033020773824,0.18100377755906838,0.28158741066037446,-0.10058363310130608,90,0.0294322715101365
5323.8444334482865,206.6677858819652,0.1822881483508131,0.29103568735029,-0.1087475389994769,90,0.0294322715101365
5323.8444334482865,225.26809002472953,0.18282927943401642,0.2999175597978641,-0.11708828036384769,90,0.0294322715101365
5323.8444334482865,245.54243984774803,0.18282927943401642,0.30819101626732265,-0.12536173683330623,90,0.0294322715101365
5323.8444334482865,267.64150110992745,0.18282927943401642,0.3158188093366845,-0.13298952990266807,90,0.0294322715101365
5323.8444334482865,291.72949963677064,0.18282927943401642,0.32276828406501046,-0.13993900463099404,90,0.0294322715101365
5323.8444334482865,317.9854417397141,0.18282927943401642,0.3290111494998968,-0.14618187006588038,90,0.0294322715101365
5323.8444334482865,346.6044444744125,0.18282927943401642,0.3345232140032173,-0.15169393456920086,90,0.0294322715101365
5323.8444334482865,377.7991856235726,0.18282927943401642,0.3392841033007736,-0.15645482386675716,90,0.0294322715101365
5323.8444334482865,411.801484179675,0.18282927943401642,0.3432769781554348,-0.16044769872141837,90,0.0294322715101365
5323.8444334482865,448.86402307269043,0.18282927943401642,0.3464882663203174,-0.16365898688630096,90,0.0294322715101365
5323.8444334482865,489.26222694499216,0.18282927943401642,0.34890742110187606,-0.16607814166785964,90,0.0294322715101365
5323.8444334482865,533.2963089278549,0.18282927943401642,0.35052671656060086,-0.16769743712658444,90,0.0294322715101365
5323.8444334482865,581.2935016298517,0.18282927943401642,0.35134108716483226,-0.16851180773081584,90,0.0294322715101365
5323.8444334482865,633.6104889164096,0.18282927943401642,0.35134801761920603,-0.16851873818518961,90,0.0294322715101365
5323.8444334482865,690.6360565519087,0.18282927943401642,0.35054748661086726,-0.16771820717685085,90,0.0294322715101365
5323.8444334482865,752.7939814021893,0.18282927943401642,0.34894196632832664,-0.16611268689431022,90,0.0294322715101365
5323.8444334482865,820.546180668118,0.18282927943401642,0.3465364777686708,-0.16370719833465439,90,0.0294322715101365
5323.8444334482865,894.3961445532864,0.18282927943401642,0.3433387000100796,-0.16050942057606318,90,0.0294322715101365
5323.8444334482865,974.8926778751674,0.18282927943401642,0.3393591297395726,-0.1565298503055562,90,0.0294322715101365
5323.8444334482865,1062.6339784249726,0.18282927943401642,0.334611285349346,-0.15178200591532956,90,0.0294322715101365
5323.8444334482865,1158.2720823838974,0.18282927943401642,0.32911194782314385,-0.14628266838912743,90,0.0294322715101365
5323.8444334482865,1262.5177098312156,0.18282927943401642,0.32288142842381384,-0.14005214898979743,90,0.0294322715101365
5323.8444334482865,1376.1455463528653,0.18282927943401642,0.31594385089213173,-0.1331145714581153,90,0.0294322715101365
5323.8444334482865,1500.0,0.18282927943401642,0.3083274335399183,-0.1254981541059019,90,0.0294322715101365
5400.411491276457,0.7,0.003447870911289111,7.237072001958841e-06,0.003440633839287152,90,0.025879329016766928
5400.411491276457,0.7630006889770977,0.003447870911289111,9.603717240691804e-06,0.0034382671940484193,90,0.025879329016766928
5400.411491276457,0.8316715019707511,0.003447870911289111,1.2698190687222197e-05,0.0034351727206018887,90,0.025879329016766928
5400.411491276457,0.9065227557232869,0.003447870911289111,1.6729009742908627e-05,0.0034311419015462022,90,0.025879329016766928
5400.411491276457,0.9881106959861216,0.003447870911289111,2.1959599178291846e-05,0.003425911312110819,90,0.025879329016766928
5400.411491276457,1.0770416311757862,0.003447870911289111,2.8721307843590112e-05,0.0034191496034455208,90,0.025879329016766928
5400.411491276457,1.1739764380630602,0.003447870911289111,3.742910539548881e-05,0.0034104418058936224,90,0.025879329016766928
5400.411491276457,1.2796354729785626,0.003447870911289111,4.8600402873702486e-05,0.0033992705084154085,90,0.025879329016766928
5400.411491276457,1.3948039250316824,0.003447870911289111,6.287748683777906e-05,0.003384993424451332,90,0.025879329016766928
5400.411491276457,1.520337651124477,0.003447870911289111,8.105410007077057e-05,0.0033668168112183407,90,0.025879329016766928
5400.411491276457,1.657169536122569,0.003447870911289111,0.00010410673996959987,0.003343764171319511,90,0.025879329016766928
5400.411491276457,1.8063164254476822,0.003447870911289111,0.00013323127541809505,0.003314639635871016,90,0.025879329016766928
5400.411491276457,1.9688866816103285,0.003447870911289111,0.0001698855001990386,0.0032779854110900723,90,0.025879329016766928
5400.411491276457,2.1460884208378745,0.003447870911289111,0.0002158382410796306,0.0032320326702094805,90,0.025879329016766928
5400.411491276457,2.339238491007243,0.003447870911289111,0.00027322561599885754,0.0031746452952902534,90,0.025879329016766928
5400.411491276457,2.5497722576003894,0.003447870911289111,0.000344614985836097,0.003103255925453014,90,0.025879329016766928
5400.411491276457,2.7792542704054104,0.003447870911289111,0.0004330770547441091,0.003014793856545002,90,0.025879329016766928
5400.411491276457,3.0293898902312417,0.003447870911289111,0.0005422664409014846,0.0029056044703876264,90,0.025879329016766928
5400.411491276457,3.3020379620381313,0.003447870911289111,0.0006765108530452906,0.0027713600582438204,90,0.025879329016766928
5400.411491276457,3.599224628662322,0.003447870911289111,0.0008409087591230558,0.0026069621521660554,90,0.025879329016766928
5400.411491276457,3.9231583877895577,0.003447870911289111,0.0010414351126083262,0.002406435798680785,90,0.025879329016766928
5400.411491276457,4.276246504071018,0.003447870911289111,0.0012850543006185178,0.0021628166106705932,90,0.025879329016766928
5400.411491276457,4.661112898345847,0.003447870911289111,0.001579838988212288,0.0018680319230768231,90,0.025879329016766928
5400.411491276457,5.080617646911311,0.003447870911289111,0.0019350929493856775,0.0015127779619034335,90,0.025879329016766928
5400.411491276457,5.537878235746474,0.003447870911289111,0.0023614752947768284,0.0010863956165122826,90,0.025879329016766928
5400.411491276457,6.036292727636905,0.003447870911289111,0.0028711227310389146,0.0005767481802501965,90,0.025879329016766928
5400.411491276457,6.579565014363433,0.003447870911289111,0.0034777656258156596,-2.9894714526548533e-05,90,0.025879329016766928
5400.411491276457,7.1717323416127225,0.0034568292960177162,0.004196832722353866,-0.0007400034263361499,90,0.025879329016766928
5400.411491276457,7.817195311156917,0.0034568292960177162,0.005045538376943119,-0.0015887090809254024,90,0.025879329016766928
5400.411491276457,8.520750583258952,0.0034691648223335067,0.006042945221707852,-0.002573780399374345,90,0.025879329016766928
5400.411491276457,9.287626522326553,0.004779096334702159,0.007209994241292898,-0.0024308979065907387,90,0.025879329016766928
5400.411491276457,10.123522050710184,0.007933411054864725,0.008569493468195194,-0.0006360824133304684,90,0.025879329016766928
5400.411491276457,11.03464899938101,0.008066507509695469,0.010146055939012735,-0.0020795484293172663,90,0.025879329016766928
5400.411491276457,12.027778270211655,0.009887954248693981,0.011965977320312267,-0.002078023071618286,90,0.025879329016766928
5400.411491276457,13.110290152907504,0.009927081486672944,0.01405704382874168,-0.004129962342068735,90,0.025879329016766928
5400.411491276457,14.290229170511559,0.009971202158970406,0.016448261862330678,-0.006477059703360271,90,0.025879329016766928
5400.411491276457,15.576363861058477,0.01000296028905171,0.019169502251416993,-0.009166541962365283,90,0.025879329016766928
5400.411491276457,16.978251939636557,0.010133324012196234,0.02225105433250894,-0.012117730320312705,90,0.025879329016766928
5400.411491276457,18.50631132509919,0.0246493103552387,0.025723088213999663,-0.001073777858760963,90,0.025879329016766928
5400.411491276457,20.17189755925049,0.02723367975004896,0.02961502764856673,-0.0023813478985177695,90,0.025879329016766928
5400.411491276457,21.98738819383367,0.02749659077521608,0.03395484078360381,-0.006458250008387727,90,0.025879329016766928
5400.411491276457,23.966274772431408,0.032825301666759656,0.038768261560303156,-0.005942959893543501,90,0.025879329016766928
5400.411491276457,26.123263090828015,0.03571273474027048,0.044077960396038104,-0.008365225655767625,90,0.025879329016766928
5400.411491276457,28.474382480902506,0.05207910187351027,0.049902688624771006,0.0021764132487392604,90,0.025879329016766928
5400.411491276457,31.037104930180035,0.06712775533775056,0.056256426502060974,0.010871328835689587,90,0.025879329016766928
5400.411491276457,33.83047492225976,0.08804749544841137,0.06314756885864459,0.02489992658976678,90,0.025879329016766928
5400.411491276457,36.875250963009485,0.09656927658649149,0.07057818515356187,0.025991091432929617,90,0.025879329016766928
5400.411491276457,40.194059844256586,0.10040077373720034,0.07854339123573822,0.021857382501462116,90,0.025879329016766928
5400.411491276457,43.81156479136355,0.10252648326227048,0.08703086820475582,0.015495615057514664,90,0.025879329016766928
5400.411491276457,47.75464874425019,0.10360229808267943,0.0960205592018708,0.007581738880808625,90,0.025879329016766928
5400.411491276457,52.05261413388882,0.10530612920770056,0.10548456785044903,-0.00017843864274846855,90,0.025879329016766928
5400.411491276457,56.737400638880295,0.11060572797886022,0.11538727276809374,-0.0047815447892335244,90,0.025879329016766928
5400.411491276457,61.8438225403361,0.1273978423056067,0.12568566172103623,0.0017121805845704552,90,0.025879329016766928
5400.411491276457,67.40982743893404,0.1292472274024041,0.13632987742250086,-0.0070826500200967535,90,0.025879329016766928
5400.411491276457,73.47677825676274,0.13026435944186557,0.1472639556453334,-0.01699959620346783,90,0.025879329016766928
5400.411491276457,80.08976061961063,0.13059270980527557,0.15842672618404507,-0.027834016378769505,90,0.025879329016766928
5400.411491276457,87.29791790396244,0.1362363024028834,0.16975283910882583,-0.03351653670594243,90,0.025879329016766928
5400.411491276457,95.15481643855642,0.14792152935966296,0.18117387333612509,-0.03325234397646212,90,0.025879329016766928
5400.411491276457,103.71884357443969,0.14936466183119365,0.19261948214512215,-0.043254820313928494,90,0.025879329016766928
5400.411491276457,113.05364158172193,0.1579458283064572,0.20401853093312647,-0.046072702626669265,90,0.025879329016766928
5400.411491276457,123.22858059746237,0.1608039791235557,0.21530018596639697,-0.05449620684284126,90,0.025879329016766928
5400.411491276457,134.3192741393338,0.16360655095063142,0.2263949186458971,-0.06278836769526566,90,0.025879329016766928
5400.411491276457,146.40814101602186,0.1699313647696695,0.23723539720923192,-0.06730403243956243,90,0.025879329016766928
5400.411491276457,159.58501781011546,0.17293392685758757,0.247757246100275,-0.07482331924268742,90,0.025879329016766928
5400.411491276457,173.9478264850578,0.17733085217906921,0.2578996617442703,-0.0805688095652011,90,0.025879329016766928
5400.411491276457,189.6033020773824,0.17727380112557048,0.2676058815449776,-0.09033208041940713,90,0.025879329016766928
5400.411491276457,206.6677858819652,0.17856732949190818,0.2768235100852779,-0.09825618059336971,90,0.025879329016766928
5400.411491276457,225.26809002472953,0.17910876193501188,0.2855047124372968,-0.10639595050228493,90,0.025879329016766928
5400.411491276457,245.54243984774803,0.17910876193501188,0.2936062890063486,-0.11449752707133673,90,0.025879329016766928
5400.411491276457,267.64150110992745,0.17910876193501188,0.30108964942092975,-0.12198088748591787,90,0.025879329016766928
5400.411491276457,291.72949963677064,0.17910876193501188,0.3079207047275424,-0.12881194279253053,90,0.025879329016766928
5400.411491276457,317.9854417397141,0.17910876193501188,0.31406969772175464,-0.13496093578674276,90,0.025879329016766928
5400.411491276457,346.6044444744125,0.17910876193501188,0.319510990857462,-0.1404022289224501,90,0.025879329016766928
5400.411491276457,377.7991856235726,0.17910876193501188,0.3242228300511618,-0.14511406811614994,90,0.025879329016766928
5400.411491276457,411.801484179675,0.17910876193501188,0.3281871010543991,-0.1490783391193872,90,0.025879329016766928
5400.411491276457,448.86402307269043,0.17910876193501188,0.33138909309695597,-0.1522803311619441,90,0.025879329016766928
5400.411491276457,489.26222694499216,0.17910876193501188,0.3338172823619022,-0.15470852042689034,90,0.025879329016766928
5400.411491276457,533.2963089278549,0.17910876193501188,0.33546314565785534,-0.15635438372284347,90,0.025879329016766928
5400.411491276457,581.2935016298517,0.17910876193501188,0.33632101248113194,-0.15721225054612006,90,0.025879329016766928
5400.411491276457,633.6104889164096,0.17910876193501188,0.33638796155277617,-0.1572791996177643,90,0.025879329016766928
5400.411491276457,690.6360565519087,0.17910876193501188,0.33566376588463376,-0.15655500394962188,90,0.025879329016766928
5400.411491276457,752.7939814021893,0.17910876193501188,0.3341508884634525,-0.1550421265284406,90,0.025879329016766928
5400.411491276457,820.546180668118,0.17910876193501188,0.3318545287153218,-0.1527457667803099,90,0.025879329016766928
5400.411491276457,894.3961445532864,0.17910876193501188,0.3287827179892038,-0.1496739560541919,90,0.025879329016766928
5400.411491276457,974.8926778751674,0.17910876193501188,0.3249464603418768,-0.14583769840686492,90,0.025879329016766928
5400.411491276457,1062.6339784249726,0.17910876193501188,0.32035991288820465,-0.14125115095319277,90,0.025879329016766928
5400.411491276457,1158.2720823838974,0.17910876193501188,0.31504059788585753,-0.13593183595084565,90,0.025879329016766928
5400.411491276457,1262.5177098312156,0.17910876193501188,0.309009636559878,-0.12990087462486613,90,0.025879329016766928
5400.411491276457,1376.1455463528653,0.17910876193501188,0.3022919924762253,-0.12318323054121341,90,0.025879329016766928
5400.411491276457,1500.0,0.17910876193501188,0.2949167101156822,-0.11580794818067033,90,0.025879329016766928
5478.079729730347,0.7,0.003455155838829334,6.706015630028039e-06,0.0034484498231993057,90,0.025
5478.079729730347,0.7630006889770977,0.003455155838829334,8.901449117905426e-06,0.003446254389711428,90,0.025
5478.079729730347,0.8316715019707511,0.003455155838829334,1.1772884845035862e-05,0.003443382953984298,90,0.025
5478.079729730347,0.9065227557232869,0.003455155838829334,1.5514258226992263e-05,0.0034396415806023416,90,0.025
5478.079729730347,0.9881106959861216,0.003455155838829334,2.037065323115716e-05,0.0034347851855981767,90,0.025
5478.079729730347,1.0770416311757862,0.003455155838829334,2.665045137518542e-05,0.0034285053874541483,90,0.025
5478.079729730347,1.1739764380630602,0.003455155838829334,3.473998853146983e-05,0.003420415850297864,90,0.025
5478.079729730347,1.2796354729785626,0.003455155838829334,4.5121136592768594e-05,0.003410034702236565,90,0.025
5478.079729730347,1.3948039250316824,0.003455155838829334,5.839227066609648e-05,0.0033967635681632375,90,0.025
5478.079729730347,1.520337651124477,0.003455155838829334,7.52931238283255e-05,0.0033798627150010085,90,0.025
5478.079729730347,1.657169536122569,0.003455155838829334,9.67340681927056e-05,0.003358421770636628,90,0.025
5478.079729730347,1.8063164254476822,0.003455155838829334,0.00012383039008952848,0.0033313254487398053,90,0.025
5478.079729730347,1.9688866816103285,0.003455155838829334,0.00015794214487162013,0.0032972136939577136,90,0.025
5478.079729730347,2.1460884208378745,0.003455155838829334,0.00020072017879918145,0.0032544356600301525,90,0.025
5478.079729730347,2.339238491007243,0.003455155838829334,0.00025415888644561314,0.0032009969523837207,90,0.025
5478.079729730347,2.5497722576003894,0.003455155838829334,0.00032065622610637673,0.0031344996127229572,90,0.025
5478.079729730347,2.7792542704054104,0.003455155838829334,0.00040308143601178084,0.003052074402817553,90,0.025
5478.079729730347,3.0293898902312417,0.003455155838829334,0.0005048507732400388,0.002950305065589295,90,0.025
5478.079729730347,3.3020379620381313,0.003455155838829334,0.0006300114269903515,0.002825144411838982,90,0.025
5478.079729730347,3.599224628662322,0.003455155838829334,0.0007833335297943332,0.0026718223090350006,90,0.025
5478.079729730347,3.9231583877895577,0.003455155838829334,0.0009704098957108008,0.002484745943118533,90,0.025
5478.079729730347,4.276246504071018,0.003455155838829334,0.001197762745309257,0.002257393093520077,90,0.025
5478.079729730347,4.661112898345847,0.003455155838829334,0.0014729562260159413,0.0019821996128133925,90,0.025
5478.079729730347,5.080617646911311,0.003455155838829334,0.0018047129976793207,0.0016504428411500132,90,0.025
5478.079729730347,5.537878235746474,0.003455155838829334,0.002203032524369357,0.0012521233144599767,90,0.025
5478.079729730347,6.036292727636905,0.003455155838829334,0.0026793079960014936,0.0007758478428278402,90,0.025
5478.079729730347,6.579565014363433,0.003455155838829334,0.003246438004710287,0.0002087178341190466,90,0.025
5478.079729730347,7.1717323416127225,0.003462968973827027,0.003918928235993999,-0.00045595926216697186,90,0.025
5478.079729730347,7.817195311156917,0.003462968973827027,0.004712977528255055,-0.0012500085544280282,90,0.025
5478.079729730347,8.520750583258952,0.003475304500142817,0.005646541743104258,-0.0021712372429614412,90,0.025
5478.079729730347,9.287626522326553,0.004760340106487235,0.006739368023207264,-0.0019790279167200293,90,0.025
5478.079729730347,10.123522050710184,0.00786695591098811,0.008012991260501073,-0.00014603534951296293,90,0.025
5478.079729730347,11.03464899938101,0.007989676260631452,0.009490684037358293,-0.0015010077767268412,90,0.025
5478.079729730347,12.027778270211655,0.009773038505704185,0.011197351034068714,-0.0014243125283645297,90,0.025
5478.079729730347,13.110290152907504,0.009804639536879003,0.013159359027547345,-0.003354719490668342,90,0.025
5478.079729730347,14.290229170511559,0.00987458084202837,0.01540429425485925,-0.005529713412830881,90,0.025
5478.079729730347,15.576363861058477,0.009906338972109673,0.017960640195033215,-0.008054301222923542,90,0.025
5478.079729730347,16.978251939636557,0.010012363156783312,0.020857370832803493,-0.010845007676020181,90,0.025
5478.079729730347,18.50631132509919,0.024466023024652797,0.024123457276343695,0.0003425657483091017,90,0.025
5478.079729730347,20.17189755925049,0.02707727035901519,0.02778728922591194,-0.0007100188668967521,90,0.025
5478.079729730347,21.98738819383367,0.027324438405870226,0.031876017180425605,-0.004551578774555379,90,0.025
5478.079729730347,23.966274772431408,0.03249354222412299,0.03641482628620581,-0.003921284062082822,90,0.025
5478.079729730347,26.123263090828015,0.03532888764474932,0.04142615813934708,-0.0060972704945977604,90,0.025
5478.079729730347,28.474382480902506,0.05130197633058082,0.04692890231185133,0.004373074018729488,90,0.025
5478.079729730347,31.037104930180035,0.06602443390604872,0.052937584453071035,0.01308684945297768,90,0.025
5478.079729730347,33.83047492225976,0.08631698022703921,0.05946158203057999,0.02685539819645922,90,0.025
5478.079729730347,36.875250963009485,0.09469117412264955,0.06650440160824952,0.02818677251440002,90,0.025
5478.079729730347,40.194059844256586,0.09849440038747222,0.07406305254371293,0.02443134784375929,90,0.025
5478.079729730347,43.81156479136355,0.10060719762379813,0.08212755075820394,0.018479646865594196,90,0.025
5478.079729730347,47.75464874425019,0.10166617541361625,0.09068058259501703,0.010985592818599219,90,0.025
5478.079729730347,52.05261413388882,0.1033721619854956,0.09969735276648121,0.003674809219014391,90,0.025
5478.079729730347,56.737400638880295,0.10865698787463504,0.1091456322700365,-0.000488644395401458,90,0.025
5478.079729730347,61.8438225403361,0.12536931948744762,0.11898601245142901,0.0063833070360186095,90,0.025
5478.079729730347,67.40982743893404,0.12721870458424506,0.129172360827902,-0.001953656243656954,90,0.025
5478.079729730347,73.47677825676274,0.12824070693633494,0.13965246370385676,-0.011411756767521819,90,0.025
5478.079729730347,80.08976061961063,0.12856958354115294,0.15036883089261174,-0.0217992473514588,90,0.025
5478.079729730347,87.29791790396244,0.13417313831683814,0.16125962980238726,-0.02708649148554912,90,0.025
5478.079729730347,95.15481643855642,0.14588352124751938,0.1722597103841425,-0.026376189136623124,90,0.025
5478.079729730347,103.71884357443969,0.14731695643602885,0.18330167936452244,-0.035984722928493584,90,0.025
5478.079729730347,113.05364158172193,0.15589640688378079,0.19431698191453317,-0.038420575030752385,90,0.025
5478.079729730347,123.22858059746237,0.15875667575126592,0.2052369512774003,-0.046480275526134374,90,0.025
5478.079729730347,134.3192741393338,0.16156329879947107,0.21599379150875184,-0.05443049270928077,90,0.025
5478.079729730347,146.40814101602186,0.16788811261850914,0.22652146481297697,-0.05863335219446783,90,0.025
5478.079729730347,159.58501781011546,0.17089204329548863,0.23675646234743078,-0.06586441905194215,90,0.025
5478.079729730347,173.9478264850578,0.17529022553231066,0.2466384451580022,-0.07134821962569154,90,0.025
5478.079729730347,189.6033020773824,0.17523317447881195,0.2561107495115151,-0.08087757503270313,90,0.025
5478.079729730347,206.6677858819652,0.17653167887347063,0.26512075781732597,-0.08858907894385534,90,0.025
5478.079729730347,225.26809002472953,0.17707373004889648,0.27362014223395,-0.0965464121850535,90,0.025
5478.079729730347,245.54243984774803,0.17707373004889648,0.2815649927320129,-0.10449126268311643,90,0.025
5478.079729730347,267.64150110992745,0.17707373004889648,0.28891584476113186,-0.11184211471223537,90,0.025
5478.079729730347,291.72949963677064,0.17707373004889648,0.29563762378530706,-0.11856389373641057,90,0.025
5478.079729730347,317.9854417397141,0.17707373004889648,0.30169952493090096,-0.12462579488200448,90,0.025
5478.079729730347,346.6044444744125,0.17707373004889648,0.30707484600680707,-0.13000111595791058,90,0.025
5478.079729730347,377.7991856235726,0.17707373004889648,0.31174079140504046,-0.13466706135614398,90,0.025
5478.079729730347,411.801484179675,0.17707373004889648,0.3156782630692832,-0.13860453302038672,90,0.025
5478.079729730347,448.86402307269043,0.17707373004889648,0.31887165300957854,-0.14179792296068205,90,0.025
5478.079729730347,489.26222694499216,0.17707373004889648,0.32130864989619695,-0.14423491984730047,90,0.025
5478.079729730347,533.2963089278549,0.17707373004889648,0.32298007020378006,-0.14590634015488357,90,0.025
5478.079729730347,581.2935016298517,0.17707373004889648,0.3238797222824725,-0.14680599223357604,90,0.025
5478.079729730347,633.6104889164096,0.17707373004889648,0.32400430965729426,-0.14693057960839778,90,0.025
5478.079729730347,690.6360565519087,0.17707373004889648,0.3233533778236181,-0.14627964777472163,90,0.025
5478.079729730347,752.7939814021893,0.17707373004889648,0.3219293068159447,-0.14485557676704824,90,0.025
5478.079729730347,820.546180668118,0.17707373004889648,0.3197373498641764,-0.14266361981527992,90,0.025
5478.079729730347,894.3961445532864,0.17707373004889648,0.31678571649267045,-0.13971198644377397,90,0.025
5478.079729730347,974.8926778751674,0.17707373004889648,0.31308569643778367,-0.13601196638888718,90,0.025
5478.079729730347,1062.6339784249726,0.17707373004889648,0.30865181874075415,-0.13157808869185766,90,0.025
5478.079729730347,1158.2720823838974,0.17707373004889648,0.3035020383095336,-0.1264283082606371,90,0.025
5478.079729730347,1262.5177098312156,0.17707373004889648,0.29765794015070923,-0.12058421010181275,90,0.025
5478.079729730347,1376.1455463528653,0.17707373004889648,0.2911449493927761,-0.11407121934387959,90,0.025
5478.079729730347,1500.0,0.17707373004889648,0.28399253322803975,-0.10691880317914326,90,0.025
5556.864985891915,0.7,0.0035331976651992564,6.215129890744312e-06,0.003526982535308512,90,0.025
5556.864985891915,0.7630006889770977,0.0035331976651992564,8.252129592460655e-06,0.0035249455356067957,90,0.025
5556.864985891915,0.8316715019707511,0.0035331976651992564,1.091711588265828e-05,0.0035222805493165983,90,0.025
5556.864985891915,0.9065227557232869,0.0035331976651992564,1.4390496053136946e-05,0.0035188071691461195,90,0.025
5556.864985891915,0.9881106959861216,0.0035331976651992564,1.8900333312332123e-05,0.003514297331886924,90,0.025
5556.864985891915,1.0770416311757862,0.0035331976651992564,2.473368795763982e-05,0.0035084639772416165,90,0.025
5556.864985891915,1.1739764380630602,0.0035331976651992564,3.2250305600534486e-05,0.003500947359598722,90,0.025
5556.864985891915,1.2796354729785626,0.0035331976651992564,4.189904438546745e-05,0.003491298620813789,90,0.025
5556.864985891915,1.3948039250316824,0.0035331976651992564,5.4237474595070453e-05,0.0034789601906041858,90,0.025
5556.864985891915,1.520337651124477,0.0035331976651992564,6.995512354130473e-05,0.0034632425416579516,90,0.025
5556.864985891915,1.657169536122569,0.0035331976651992564,8.990087398160364e-05,0.003443296791217653,90,0.025
5556.864985891915,1.8063164254476822,0.0035331976651992564,0.00011511505268363904,0.0034180826125156175,90,0.025
5556.864985891915,1.9688866816103285,0.0035331976651992564,0.00014686676377845023,0.0033863309014208064,90,0.025
5556.864985891915,2.1460884208378745,0.0035331976651992564,0.00018669702509472642,0.00334650064010453,90,0.025
5556.864985891915,2.339238491007243,0.0035331976651992564,0.0002364682499409893,0.003296729415258267,90,0.025
5556.864985891915,2.5497722576003894,0.0035331976651992564,0.00029842057624047177,0.0032347770889587847,90,0.025
5556.864985891915,2.7792542704054104,0.0035331976651992564,0.000375235473239041,0.0031579621919602154,90,0.025
5556.864985891915,3.0293898902312417,0.0035331976651992564,0.00047010694623631877,0.003063090718962938,90,0.025
5556.864985891915,3.3020379620381313,0.0035331976651992564,0.0005868205044039951,0.0029463771607952612,90,0.025
5556.864985891915,3.599224628662322,0.0035331976651992564,0.0007298398478407914,0.002803357817358465,90,0.025
5556.864985891915,3.9231583877895577,0.0035331976651992564,0.0009044009595573539,0.0026287967056419026,90,0.025
5556.864985891915,4.276246504071018,0.0035331976651992564,0.0011166129483771734,0.002416584716822083,90,0.025
5556.864985891915,4.661112898345847,0.0035331976651992564,0.0013735645729327833,0.0021596330922664733,90,0.025
5556.864985891915,5.080617646911311,0.0035331976651992564,0.0016834348797835708,0.0018497627854156856,90,0.025
5556.864985891915,5.537878235746474,0.0035331976651992564,0.002055605807494105,0.0014775918577051516,90,0.025
5556.864985891915,6.036292727636905,0.0035331976651992564,0.0025007739443561306,0.0010324237208431258,90,0.025
5556.864985891915,6.579565014363433,0.0035331976651992564,0.0030310578865807057,0.0005021397786185507,90,0.025
5556.864985891915,7.1717323416127225,0.0035396871958260174,0.003660096839383703,-0.00012040964355768558,90,0.025
5556.864985891915,7.817195311156917,0.0035396871958260174,0.0044031352573507005,-0.0008634480615246831,90,0.025
5556.864985891915,8.520750583258952,0.003552022722141807,0.005277087465415507,-0.0017250647432737,90,0.025
5556.864985891915,9.287626522326553,0.004820049413787812,0.006300575382888919,-0.0014805259691011066,90,0.025
5556.864985891915,10.123522050710184,0.007910798263712163,0.007493931749405901,0.0004168665143062626,90,0.025
5556.864985891915,11.03464899938101,0.008027433620925272,0.00887916069728984,-0.0008517270763645675,90,0.025
5556.864985891915,12.027778270211655,0.009795016351828448,0.010479847217656935,-0.0006848308658284862,90,0.025
5556.864985891915,13.110290152907504,0.009823871957673019,0.012321007127322866,-0.0024971351696498473,90,0.025
5556.864985891915,14.290229170511559,0.00991829152074307,0.014428869666853182,-0.004510578146110113,90,0.025
5556.864985891915,15.576363861058477,0.00995004965082437,0.016830585952670684,-0.006880536301846313,90,0.025
5556.864985891915,16.978251939636557,0.010047175725276861,0.019553858261855014,-0.009506682536578152,90,0.025
5556.864985891915,18.50631132509919,0.024903106704248817,0.022626487614892353,0.0022766190893564638,90,0.025
5556.864985891915,20.17189755925049,0.02754179241969107,0.026075840364142063,0.001465952055549006,90,0.025
5556.864985891915,21.98738819383367,0.027775810695535173,0.029928238458693236,-0.002152427763158063,90,0.025
5556.864985891915,23.966274772431408,0.03283449276392936,0.03420828262728499,-0.0013737898633556303,90,0.025
5556.864985891915,26.123263090828015,0.0356376474916967,0.038938122699016246,-0.0033004752073195476,90,0.025
5556.864985891915,28.474382480902506,0.051364416621464216,0.04413669437307459,0.007227722248389627,90,0.025
5556.864985891915,31.037104930180035,0.06583451089003896,0.04981894657533179,0.016015564314707166,90,0.025
5556.864985891915,33.83047492225976,0.08594912696419083,0.05599508766037358,0.029954039303817244,90,0.025
5556.864985891915,36.875250963009485,0.09407876814207136,0.06266988166590735,0.03140888647616401,90,0.025
5556.864985891915,40.194059844256586,0.09784751332300066,0.06984202716104777,0.02800548616195289,90,0.025
5556.864985891915,43.81156479136355,0.09994740479835895,0.07750365059295755,0.0224437542054014,90,0.025
5556.864985891915,47.75464874425019,0.10100247572262736,0.08563994321260165,0.0153625325100257,90,0.025
5556.864985891915,52.05261413388882,0.10270798816698934,0.0942289656268752,0.008479022540114137,90,0.025
5556.864985891915,56.737400638880295,0.10797108391873829,0.1032416369794914,0.004729446939246887,90,0.025
5556.864985891915,61.8438225403361,0.12461130193398966,0.1126419171283983,0.011969384805591357,90,0.025
5556.864985891915,67.40982743893404,0.12646068703078706,0.1223871805777031,0.00407350645308395,90,0.025
5556.864985891915,73.47677825676274,0.12748475031297773,0.13242877108443063,-0.004944020771452895,90,0.025
5556.864985891915,80.08976061961063,0.12781423511302947,0.14271271659217993,-0.01489848147915046,90,0.025
5556.864985891915,87.29791790396244,0.13335918963598892,0.15318057619919603,-0.019821386563207116,90,0.025
5556.864985891915,95.15481643855642,0.14508345062676653,0.16377038487070558,-0.018686934243939052,90,0.025
5556.864985891915,103.71884357443969,0.14650508298609774,0.1744176579768846,-0.027912574990786865,90,0.025
5556.864985891915,113.05364158172193,0.1550794479944657,0.18505641665954903,-0.029976968665083314,90,0.025
5556.864985891915,123.22858059746237,0.15794216476538542,0.19562019643554546,-0.03767803167016004,90,0.025
5556.864985891915,134.3192741393338,0.16075307271247466,0.2060430050440498,-0.04528993233157513,90,0.025
5556.864985891915,146.40814101602186,0.16707788653151273,0.21626020087952547,-0.049182314348012734,90,0.025
5556.864985891915,159.58501781011546,0.17008339893378305,0.2262092698602075,-0.05612587092642446,90,0.025
5556.864985891915,173.9478264850578,0.17448303383074854,0.23583048567013287,-0.06134745183938434,90,0.025
5556.864985891915,189.6033020773824,0.17442598277724983,0.24506744542021294,-0.07064146264296312,90,0.025
5556.864985891915,206.6677858819652,0.1757269889787384,0.25386747942283344,-0.07814049044409505,90,0.025
5556.864985891915,225.26809002472953,0.1762697552443179,0.2621819396018995,-0.0859121843575816,90,0.025
5556.864985891915,245.54243984774803,0.1762697552443179,0.269966375830636,-0.09369662058631809,90,0.025
5556.864985891915,267.64150110992745,0.1762697552443179,0.2771806130911642,-0.10091085784684631,90,0.025
5556.864985891915,291.72949963677064,0.1762697552443179,0.2837887447790156,-0.10751898953469771,90,0.025
5556.864985891915,317.9854417397141,0.1762697552443179,0.28975905881232905,-0.11348930356801115,90,0.025
5556.864985891915,346.6044444744125,0.1762697552443179,0.29506391358679757,-0.11879415834247967,90,0.025
5556.864985891915,377.7991856235726,0.1762697552443179,0.29967958041207343,-0.12340982516775553,90,0.025
5556.864985891915,411.801484179675,0.1762697552443179,0.3035860680507626,-0.1273163128064447,90,0.025
5556.864985891915,448.86402307269043,0.1762697552443179,0.30676694352609335,-0.13049718828177545,90,0.025
5556.864985891915,489.26222694499216,0.1762697552443179,0.3092091616167104,-0.13293940637239252,90,0.025
5556.864985891915,533.2963089278549,0.1762697552443179,0.31090291353676147,-0.13463315829244357,90,0.025
5556.864985891915,581.2935016298517,0.1762697552443179,0.3118415032957788,-0.1355717480514609,90,0.025
5556.864985891915,633.6104889164096,0.1762697552443179,0.31202125820529064,-0.13575150296097274,90,0.025
5556.864985891915,690.6360565519087,0.1762697552443179,0.3114414779804463,-0.1351717227361284,90,0.025
5556.864985891915,752.7939814021893,0.1762697552443179,0.3101044248866168,-0.13383466964229893,90,0.025
5556.864985891915,820.546180668118,0.1762697552443179,0.3080153553988621,-0.1317456001545442,90,0.025
5556.864985891915,894.3961445532864,0.1762697552443179,0.30518259186359503,-0.12891283661927713,90,0.025
5556.864985891915,974.8926778751674,0.1762697552443179,0.3016176306623482,-0.1253478754180303,90,0.025
5556.864985891915,1062.6339784249726,0.1762697552443179,0.2973352813681818,-0.12106552612386393,90,0.025
5556.864985891915,1158.2720823838974,0.1762697552443179,0.2923538293592948,-0.11608407411497693,90,0.025
5556.864985891915,1262.5177098312156,0.1762697552443179,0.2866952123337255,-0.11042545708940762,90,0.025
5556.864985891915,1376.1455463528653,0.1762697552443179,0.28038519920005317,-0.10411544395573527,90,0.025
5556.864985891915,1500.0,0.1762697552443179,0.2734535579765703,-0.09718380273225238,90,0.025
5636.78332461064,0.7,0.0034390748715759784,5.555924716004446e-06,0.003433518946859974,90,0.025
5636.78332461064,0.7630006889770977,0.0034390748715759784,7.378904629007933e-06,0.00343169596694697,90,0.025
5636.78332461064,0.8316715019707511,0.0034390748715759784,9.764579029245392e-06,0.003429310292546733,90,0.025
5636.78332461064,0.9065227557232869,0.0034390748715759784,1.28748197374261e-05,0.0034262000518385525,90,0.025
5636.78332461064,0.9881106959861216,0.0034390748715759784,1.6914325976234196e-05,0.0034221605455997442,90,0.025
5636.78332461064,1.0770416311757862,0.0034390748715759784,2.214083615047773e-05,0.0034169340354255006,90,0.025
5636.78332461064,1.1739764380630602,0.0034390748715759784,2.8877458446525193e-05,0.003410197413129453,90,0.025
5636.78332461064,1.2796354729785626,0.0034390748715759784,3.752747559707799e-05,0.0034015473959789003,90,0.025
5636.78332461064,1.3948039250316824,0.0034390748715759784,4.859201719418069e-05,0.0033904828543817977,90,0.025
5636.78332461064,1.520337651124477,0.0034390748715759784,6.269102937984968e-05,0.0033763838421961285,90,0.025
5636.78332461064,1.657169536122569,0.0034390748715759784,8.058800462793884e-05,0.0033584868669480393,90,0.025
5636.78332461064,1.8063164254476822,0.0034390748715759784,0.00010321896117911753,0.0033358559103968607,90,0.025
5636.78332461064,1.9688866816103285,0.0034390748715759784,0.0001317261794725631,0.0033073486921034153,90,0.025
5636.78332461064,2.1460884208378745,0.0034390748715759784,0.00016749720799857638,0.003271577663577402,90,0.025
5636.78332461064,2.339238491007243,0.0034390748715759784,0.00021220963910275166,0.0032268652324732266,90,0.025
5636.78332461064,2.5497722576003894,0.0034390748715759784,0.0002678821214776622,0.003171192750098316,90,0.025
5636.78332461064,2.7792542704054104,0.0034390748715759784,0.00033693201481313137,0.003102142856762847,90,0.025
5636.78332461064,3.0293898902312417,0.0034390748715759784,0.0004222399971782434,0.003016834874397735,90,0.025
5636.78332461064,3.3020379620381313,0.0034390748715759784,0.0005272218005185226,0.0029118530710574558,90,0.025
5636.78332461064,3.599224628662322,0.0034390748715759784,0.0006559070671772252,0.002783167804398753,90,0.025
5636.78332461064,3.9231583877895577,0.0034390748715759784,0.0008130250835073755,0.0026260497880686027,90,0.025
5636.78332461064,4.276246504071018,0.0034390748715759784,0.0010040968486050314,0.002434978022970947,90,0.025
5636.78332461064,4.661112898345847,0.0034390748715759784,0.0012355325708698229,0.0022035423007061555,90,0.025
5636.78332461064,5.080617646911311,0.0034390748715759784,0.0015147332477498073,0.001924341623826171,90,0.025
5636.78332461064,5.537878235746474,0.0034390748715759784,0.001850194472079781,0.0015888803994961974,90,0.025
5636.78332461064,6.036292727636905,0.0034390748715759784,0.002251610022464181,0.0011874648491117974,90,0.025
5636.78332461064,6.579565014363433,0.0034390748715759784,0.0027299721401462616,0.0007091027314297168,90,0.025
5636.78332461064,7.1717323416127225,0.0034390748715759784,0.003297664681477747,0.00014141019009823123,90,0.025
5636.78332461064,7.817195311156917,0.0034390748715759784,0.003968544581526765,-0.0005294697099507868,90,0.025
5636.78332461064,8.520750583258952,0.0034514103978917684,0.0047580062975760146,-0.0013065958996842462,90,0.025
5636.78332461064,9.287626522326553,0.004673503220142092,0.005683023158843328,-0.001009519938701236,90,0.025
5636.78332461064,10.123522050710184,0.007638551395082066,0.006762158880092772,0.0008763925149892944,90,0.025
5636.78332461064,11.03464899938101,0.007737046813417652,0.008015541963793043,-0.0002784951503753911,90,0.025
5636.78332461064,12.027778270211655,0.009432305114567972,0.009464795392243833,-3.2490277675861073e-05,90,0.025
5636.78332461064,13.110290152907504,0.009452745510819304,0.011132913982267035,-0.0016801684714477308,90,0.025
5636.78332461064,14.290229170511559,0.009586253112065284,0.01304408213217614,-0.0034578290201108565,90,0.025
5636.78332461064,15.576363861058477,0.009618011242146587,0.015223425526216744,-0.0056054142840701576,90,0.025
5636.78332461064,16.978251939636557,0.009681001674486371,0.017696691760190997,-0.008015690085704626,90,0.025
5636.78332461064,18.50631132509919,0.024531583860994646,0.020489856879127223,0.004041726981867423,90,0.025
5636.78332461064,20.17189755925049,0.02733592072199849,0.02362865750658051,0.0037072632154179774,90,0.025
5636.78332461064,21.98738819383367,0.0275419706641533,0.02713805158094602,0.00040391908320728045,90,0.025
5636.78332461064,23.966274772431408,0.0323407106527206,0.03104161462080928,0.0012990960319113204,90,0.025
5636.78332461064,26.123263090828015,0.03506275065293925,0.035360882769473787,-0.00029813211653453853,90,0.025
5636.78332461064,28.474382480902506,0.050113182305877975,0.0401146583902524,0.009998523915625578,90,0.025
5636.78332461064,31.037104930180035,0.06400794914925334,0.04531829839508347,0.018689650754169868,90,0.025
5636.78332461064,33.83047492225976,0.0836956606794452,0.05098300942440963,0.03271265125503557,90,0.025
5636.78332461064,36.875250963009485,0.09154834301217227,0.05711517705648661,0.03443316595568566,90,0.025
5636.78332461064,40.194059844256586,0.09527290719357118,0.06371575801405135,0.03155714917951982,90,0.025
5636.78332461064,43.81156479136355,0.09735810787105639,0.07077976451195081,0.026578343359105583,90,0.025
5636.78332461064,47.75464874425019,0.09839142552373474,0.0782958682094178,0.020095557314316947,90,0.025
5636.78332461064,52.05261413388882,0.10009522716858453,0.08624614760177096,0.013849079566813569,90,0.025
5636.78332461064,56.737400638880295,0.1053137973856055,0.09460599719591613,0.010707800189689379,90,0.025
5636.78332461064,61.8438225403361,0.12181265425447532,0.10334420974288216,0.018468444511593157,90,0.025
5636.78332461064,67.40982743893404,0.12366203935127273,0.11242323460934205,0.011238804741930689,90,0.025
5636.78332461064,73.47677825676274,0.12469318325112305,0.12179960665951636,0.002893576591606689,90,0.025
5636.78332461064,80.08976061961063,0.12502564998571908,0.13142453146814592,-0.006398881482426844,90,0.025
5636.78332461064,87.29791790396244,0.1304989360835637,0.14124460497591818,-0.010745668892354482,90,0.025
5636.78332461064,95.15481643855642,0.14226154879746933,0.15120263943672646,-0.008941090639257132,90,0.025
5636.78332461064,103.71884357443969,0.14365742302685802,0.16123856315328938,-0.01758114012643136,90,0.025
5636.78332461064,113.05364158172193,0.15222854982738568,0.1712903593238339,-0.01906180949644823,90,0.025
5636.78332461064,123.22858059746237,0.1551032684809363,0.18129500938441095,-0.026191740903474647,90,0.025
5636.78332461064,134.3192741393338,0.1579270259221769,0.191189408380044,-0.03326238245786711,90,0.025
5636.78332461064,146.40814101602186,0.16425183974121493,0.20091122381135793,-0.03665938407014299,90,0.025
5636.78332461064,159.58501781011546,0.16726510722116822,0.21039967463768844,-0.04313456741652022,90,0.025
5636.78332461064,173.9478264850578,0.1716718643993065,0.21959621316650654,-0.04792434876720003,90,0.025
5636.78332461064,189.6033020773824,0.17161481334580775,0.22844509891254144,-0.056830285566733696,90,0.025
5636.78332461064,206.6677858819652,0.17292533186418485,0.23689385970543864,-0.06396852784125379,90,0.025
5636.78332461064,225.26809002472953,0.17347160416189517,0.2448936409830369,-0.07142203682114173,90,0.025
5636.78332461064,245.54243984774803,0.17347160416189517,0.2523994490535753,-0.07892784489168014,90,0.025
5636.78332461064,267.64150110992745,0.17347160416189517,0.25937029797912614,-0.08589869381723098,90,0.025
5636.78332461064,291.72949963677064,0.17347160416189517,0.2657692725610875,-0.09229766839919235,90,0.025
5636.78332461064,317.9854417397141,0.17347160416189517,0.2715635217189747,-0.09809191755707952,90,0.025
5636.78332461064,346.6044444744125,0.17347160416189517,0.27672419743232196,-0.1032525932704268,90,0.025
5636.78332461064,377.7991856235726,0.17347160416189517,0.28122635448983646,-0.1077547503279413,90,0.025
5636.78332461064,411.801484179675,0.17347160416189517,0.2850488257076579,-0.11157722154576272,90,0.025
5636.78332461064,448.86402307269043,0.17347160416189517,0.28817408618959944,-0.11470248202770428,90,0.025
5636.78332461064,489.26222694499216,0.17347160416189517,0.29058811874550644,-0.11711651458361128,90,0.025
5636.78332461064,533.2963089278549,0.17347160416189517,0.2922802908783809,-0.11880868671648576,90,0.025
5636.78332461064,581.2935016298517,0.17347160416189517,0.29324325189133127,-0.1197716477294361,90,0.025
5636.78332461064,633.6104889164096,0.17347160416189517,0.29347285672093204,-0.12000125255903688,90,0.025
5636.78332461064,690.6360565519087,0.17347160416189517,0.29296812111973436,-0.1194965169578392,90,0.025
5636.78332461064,752.7939814021893,0.17347160416189517,0.2917312108131973,-0.11825960665130214,90,0.025
5636.78332461064,820.546180668118,0.17347160416189517,0.2897674652562874,-0.11629586109439222,90,0.025
5636.78332461064,894.3961445532864,0.17347160416189517,0.287085454614901,-0.11361385045300582,90,0.025
5636.78332461064,974.8926778751674,0.17347160416189517,0.28369706659759764,-0.11022546243570247,90,0.025
5636.78332461064,1062.6339784249726,0.17347160416189517,0.2796176177687839,-0.10614601360688874,90,0.025
5636.78332461064,1158.2720823838974,0.17347160416189517,0.27486598200145546,-0.10139437783956029,90,0.025
5636.78332461064,1262.5177098312156,0.17347160416189517,0.2694647268083801,-0.09599312264648491,90,0.025
5636.78332461064,1376.1455463528653,0.17347160416189517,0.2634402464793151,-0.08996864231741991,90,0.025
5636.78332461064,1500.0,0.17347160416189517,0.25682287932713477,-0.0833512751652396,90,0.025
5717.851041779224,0.7,0.00485505402797118,4.958174862890212e-06,0.00485009585310829,90,0.025
5717.851041779224,0.7630006889770977,0.00485505402797118,6.586839619377972e-06,0.0048484671883518024,90,0.025
5717.851041779224,0.8316715019707511,0.00485505402797118,8.71883483480966e-06,0.004846335193136371,90,0.025
5717.851041779224,0.9065227557232869,0.00485505402797118,1.1499153056430482e-05,0.00484355487491475,90,0.025
5717.851041779224,0.9881106959861216,0.00485505402797118,1.5111209022459214e-05,0.004839942818948721,90,0.025
5717.851041779224,1.0770416311757862,0.00485505402797118,1.9786018691838872e-05,0.004835268009279341,90,0.025
5717.851041779224,1.1739764380630602,0.00485505402797118,2.581328772024081e-05,0.00482924074025094,90,0.025
5717.851041779224,1.2796354729785626,0.00485505402797118,3.35547309652608e-05,0.00482149929700592,90,0.025
5717.851041779224,1.3948039250316824,0.00485505402797118,4.345997942740256e-05,0.004811594048543777,90,0.025
5717.851041779224,1.520337651124477,0.00485505402797118,5.608546456809059e-05,0.00479896856340309,90,0.025
5717.851041779224,1.657169536122569,0.00485505402797118,7.211670044445961e-05,0.00478293732752672,90,0.025
5717.851041779224,1.8063164254476822,0.00485505402797118,9.239440936939358e-05,0.004762659618601787,90,0.025
5717.851041779224,1.9688866816103285,0.00485505402797118,0.00011794495415586293,0.004737109073815317,90,0.025
5717.851041779224,2.1460884208378745,0.00485505402797118,0.00015001554621291328,0.004705038481758267,90,0.025
5717.851041779224,2.339238491007243,0.00485505402797118,0.00019011469003749501,0.004664939337933685,90,0.025
5717.851041779224,2.5497722576003894,0.00485505402797118,0.00024005829662528347,0.004614995731345896,90,0.025
5717.851041779224,2.7792542704054104,0.00485505402797118,0.0003020218460730327,0.004553032181898148,90,0.025
5717.851041779224,3.0293898902312417,0.00485505402797118,0.0003785988977122469,0.004476455130258934,90,0.025
5717.851041779224,3.3020379620381313,0.00485505402797118,0.00047286612861269,0.0043821878993584905,90,0.025
5717.851041779224,3.599224628662322,0.00485505402797118,0.0005884549220466071,0.004266599105924573,90,0.025
5717.851041779224,3.9231583877895577,0.00485505402797118,0.0007296293202532397,0.004125424707717941,90,0.025
5717.851041779224,4.276246504071018,0.00485505402797118,0.0009013698945506078,0.003953684133420572,90,0.025
5717.851041779224,4.661112898345847,0.00485505402797118,0.0011094627650946648,0.003745591262876515,90,0.025
5717.851041779224,5.080617646911311,0.00485505402797118,0.0013605926181278385,0.0034944614098433415,90,0.025
5717.851041779224,5.537878235746474,0.00485505402797118,0.0016624381179655419,0.0031926159100056383,90,0.025
5717.851041779224,6.036292727636905,0.00485505402797118,0.0020237675944882413,0.002831286433482939,90,0.025
5717.851041779224,6.579565014363433,0.00485505402797118,0.0024545323084649703,0.00240052171950621,90,0.025
5717.851041779224,7.1717323416127225,0.00485505402797118,0.00296595396540807,0.0018891000625631104,90,0.025
5717.851041779224,7.817195311156917,0.00485505402797118,0.0035706024787745456,0.0012844515491966346,90,0.025
5717.851041779224,8.520750583258952,0.004867389554286968,0.00428245929762997,0.0005849302566569977,90,0.025
5717.851041779224,9.287626522326553,0.006020214455592471,0.0051169609436593315,0.0009032535119331397,90,0.025
5717.851041779224,10.123522050710184,0.008691527131252139,0.006091016788876864,0.0026005103423752743,90,0.025
5717.851041779224,11.03464899938101,0.008777581886010168,0.007222994600394638,0.00155458728561553,90,0.025
5717.851041779224,12.027778270211655,0.01068126268406952,0.008532667044515524,0.0021485956395539962,90,0.025
5717.851041779224,13.110290152907504,0.01069434569653015,0.010041112250887689,0.0006532334456424618,90,0.025
5717.851041779224,14.290229170511559,0.01088110970597874,0.011770561766757304,-0.0008894520607785634,90,0.025
5717.851041779224,15.576363861058477,0.01091286783606004,0.013744189861733395,-0.0028313220256733548,90,0.025
5717.851041779224,16.978251939636557,0.011119455531710943,0.01598583925041844,-0.004866383718707498,90,0.025
5717.851041779224,18.50631132509919,0.02765932632348471,0.018519679945468482,0.009139646378016227,90,0.025
5717.851041779224,20.17189755925049,0.030982394729930123,0.021369800174102036,0.009612594555828087,90,0.025
5717.851041779224,21.98738819383367,0.031169974749865093,0.024559731086746486,0.006610243663118607,90,0.025
5717.851041779224,23.966274772431408,0.03598833348808313,0.028111910308097083,0.007876423179986044,90,0.025
5717.851041779224,26.123263090828015,0.038635887401984294,0.03204709311927654,0.006588794282707755,90,0.025
5717.851041779224,28.474382480902506,0.05331905983024798,0.03638372403967154,0.01693533579057644,90,0.025
5717.851041779224,31.037104930180035,0.0667865278380633,0.041137285556784045,0.025649242281279253,90,0.025
5717.851041779224,33.83047492225976,0.08576157953021234,0.04631964443293215,0.03944193509728019,90,0.025
5717.851041779224,36.875250963009485,0.09275511227490524,0.05193841906112234,0.040816693213782895,90,0.025
5717.851041779224,40.194059844256586,0.09640212884474536,0.05799639340166148,0.03840573544308388,90,0.025
5717.851041779224,43.81156479136355,0.09846924395512383,0.06449100378702971,0.033978240168094115,90,0.025
5717.851041779224,47.75464874425019,0.09949201774917768,0.07141392408650306,0.028078093662674622,90,0.025
5717.851041779224,52.05261413388882,0.10119499575208435,0.07875077223681898,0.02244422351526537,90,0.025
5717.851041779224,56.737400638880295,0.10635218932299059,0.0864809569782671,0.01987123234472349,90,0.025
5717.851041779224,61.8438225403361,0.1227056466880048,0.09457767795752699,0.028127968730477806,90,0.025
5717.851041779224,67.40982743893404,0.1245550317848022,0.1030080855015395,0.021546946283262702,90,0.025
5717.851041779224,73.47677825676274,0.12559058533831277,0.11173359880078615,0.013856986537526622,90,0.025
5717.851041779224,80.08976061961063,0.12592305207290877,0.12071037352916021,0.0052126785437485584,90,0.025
5717.851041779224,87.29791790396244,0.13126216343155828,0.1298899026684474,0.0013722607631108663,90,0.025
5717.851041779224,95.15481643855642,0.14304627775055345,0.13921972806282795,0.0038265496877255,90,0.025
5717.851041779224,103.71884357443969,0.1444077929894221,0.14864423547123085,-0.004236442481808739,90,0.025
5717.851041779224,113.05364158172193,0.15296424943518652,0.1581055029350828,-0.0051412534998962756,90,0.025
5717.851041779224,123.22858059746237,0.15583896808873715,0.16754417128187787,-0.011705203193140723,90,0.025
5717.851041779224,134.3192741393338,0.15866448242630257,0.17690030650460106,-0.01823582407829849,90,0.025
5717.851041779224,146.40814101602186,0.16498929624534067,0.18611422639130418,-0.021124930145963505,90,0.025
5717.851041779224,159.58501781011546,0.16800256372529387,0.19512726779634024,-0.027124704071046363,90,0.025
5717.851041779224,173.9478264850578,0.17240932090343222,0.20388247593079323,-0.031473155027361005,90,0.025
5717.851041779224,189.6033020773824,0.17235226984993351,0.21232520255930867,-0.03997293270937516,90,0.025
5717.851041779224,206.6677858819652,0.17366680413133884,0.22040360559497105,-0.04673680146363221,90,0.025
5717.851041779224,225.26809002472953,0.17421307642904918,0.22806904790871363,-0.05385597147966445,90,0.025
5717.851041779224,245.54243984774803,0.17421307642904918,0.23527639792056784,-0.06106332149151866,90,0.025
5717.851041779224,267.64150110992745,0.17421307642904918,0.24198423851444695,-0.06777116208539777,90,0.025
5717.851041779224,291.72949963677064,0.17421307642904918,0.24815499390559909,-0.0739419174765499,90,0.025
5717.851041779224,317.9854417397141,0.17421307642904918,0.2537549862620833,-0.07954190983303414,90,0.025
5717.851041779224,346.6044444744125,0.17421307642904918,0.2587544351767821,-0.08454135874773291,90,0.025
5717.851041779224,377.7991856235726,0.17421307642904918,0.26312741359035635,-0.08891433716130717,90,0.025
5717.851041779224,411.801484179675,0.17421307642904918,0.26685177359279366,-0.09263869716374448,90,0.025
5717.851041779224,448.86402307269043,0.17421307642904918,0.2699090548082574,-0.09569597837920821,90,0.025
5717.851041779224,489.26222694499216,0.17421307642904918,0.27228438691959067,-0.09807131049054149,90,0.025
5717.851041779224,533.2963089278549,0.17421307642904918,0.2739663964282079,-0.09975331999915873,90,0.025
5717.851041779224,581.2935016298517,0.17421307642904918,0.274947126067813,-0.10073404963876384,90,0.025
5717.851041779224,633.6104889164096,0.17421307642904918,0.2752219734718321,-0.1010088970427829,90,0.025
5717.851041779224,690.6360565519087,0.17421307642904918,0.2747896537901879,-0.1005765773611387,90,0.025
5717.851041779224,752.7939814021893,0.17421307642904918,0.273652188999279,-0.09943911257022983,90,0.025
5717.851041779224,820.546180668118,0.17421307642904918,0.27181492467472956,-0.09760184824568038,90,0.025
5717.851041779224,894.3961445532864,0.17421307642904918,0.26928657301653336,-0.09507349658748418,90,0.025
5717.851041779224,974.8926778751674,0.17421307642904918,0.2660792789452895,-0.09186620251624031,90,0.025
5717.851041779224,1062.6339784249726,0.17421307642904918,0.26220870414447167,-0.08799562771542249,90,0.025
5717.851041779224,1158.2720823838974,0.17421307642904918,0.257694122034664,-0.08348104560561484,90,0.025
5717.851041779224,1262.5177098312156,0.17421307642904918,0.252558514873112,-0.0783454384440628,90,0.025
5717.851041779224,1376.1455463528653,0.17421307642904918,0.24682866253566532,-0.07261558610661614,90,0.025
5717.851041779224,1500.0,0.17421307642904918,0.24053521113816237,-0.06632213470911319,90,0.025
5800.084667656456,0.7,0.005302417381941491,4.591867383951775e-06,0.005297825514557539,90,0.02775560738593086
5800.084667656456,0.7630006889770977,0.005302417381941491,6.101888279829144e-06,0.005296315493661661,90,0.02775560738593086
5800.084667656456,0.8316715019707511,0.005302417381941491,8.079143003707454e-06,0.005294338238937784,90,0.02775560738593086
5800.084667656456,0.9065227557232869,0.005302417381941491,1.0658409519941172e-05,0.005291758972421549,90,0.02775560738593086
5800.084667656456,0.9881106959861216,0.005302417381941491,1.401023733212503e-05,0.0052884071446093655,90,0.02775560738593086
5800.084667656456,1.0770416311757862,0.005302417381941491,1.834950954220059e-05,0.00528406787239929,90,0.02775560738593086
5800.084667656456,1.1739764380630602,0.005302417381941491,2.3945790498712294e-05,0.005278471591442778,90,0.02775560738593086
5800.084667656456,1.2796354729785626,0.005302417381941491,3.1135760963163914e-05,0.005271281620978327,90,0.02775560738593086
5800.084667656456,1.3948039250316824,0.005302417381941491,4.0338075759836825e-05,0.005262079306181654,90,0.02775560738593086
5800.084667656456,1.520337651124477,0.005302417381941491,5.207101082069634e-05,0.005250346371120794,90,0.02775560738593086
5800.084667656456,1.657169536122569,0.005302417381941491,6.697329577859163e-05,0.005235444086162899,90,0.02775560738593086
5800.084667656456,1.8063164254476822,0.005302417381941491,8.582855276883313e-05,0.005216588829172658,90,0.02775560738593086
5800.084667656456,1.9688866816103285,0.005302417381941491,0.00010959377938100246,0.0051928236025604885,90,0.02775560738593086
5800.084667656456,2.1460884208378745,0.005302417381941491,0.0001394323207705765,0.005162985061170914,90,0.02775560738593086
5800.084667656456,2.339238491007243,0.005302417381941491,0.00017675176927894415,0.005125665612662546,90,0.02775560738593086
5800.084667656456,2.5497722576003894,0.005302417381941491,0.00022324720546901654,0.005079170176472475,90,0.02775560738593086
5800.084667656456,2.7792542704054104,0.005302417381941491,0.000280950147684336,0.005021467234257155,90,0.02775560738593086
5800.084667656456,3.0293898902312417,0.005302417381941491,0.0003522835030198651,0.004950133878921625,90,0.02775560738593086
5800.084667656456,3.3020379620381313,0.005302417381941491,0.0004401227054851598,0.004862294676456331,90,0.02775560738593086
5800.084667656456,3.599224628662322,0.005302417381941491,0.0005478630814034909,0.004754554300538,90,0.02775560738593086
5800.084667656456,3.9231583877895577,0.005302417381941491,0.000679493291900886,0.004622924090040605,90,0.02775560738593086
5800.084667656456,4.276246504071018,0.005302417381941491,0.0008396744620652425,0.0044627429198762485,90,0.02775560738593086
5800.084667656456,4.661112898345847,0.005302417381941491,0.0010338243109240092,0.004268593071017481,90,0.02775560738593086
5800.084667656456,5.080617646911311,0.005302417381941491,0.0012682052417641735,0.004034212140177317,90,0.02775560738593086
5800.084667656456,5.537878235746474,0.005302417381941491,0.0015500149361132004,0.0037524024458282903,90,0.02775560738593086
5800.084667656456,6.036292727636905,0.005302417381941491,0.0018874775169296077,0.003414939865011883,90,0.02775560738593086
5800.084667656456,6.579565014363433,0.005302417381941491,0.0022899328105395007,0.00301248457140199,90,0.02775560738593086
5800.084667656456,7.1717323416127225,0.005302417381941491,0.0027679206502804637,0.002534496731661027,90,0.02775560738593086
5800.084667656456,7.817195311156917,0.005302417381941491,0.0033332565408827645,0.0019691608410587263,90,0.02775560738593086
5800.084667656456,8.520750583258952,0.00531475290825728,0.003999094361294046,0.0013156585469632342,90,0.02775560738593086
5800.084667656456,9.287626522326553,0.00644537134295807,0.00477997115286152,0.0016654001900965497,90,0.02775560738593086
5800.084667656456,10.123522050710184,0.009163899393803751,0.005691828456431666,0.003472070937372085,90,0.02775560738593086
5800.084667656456,11.03464899938101,0.009244787648824599,0.006752004172545526,0.0024927834762790728,90,0.02775560738593086
5800.084667656456,12.027778270211655,0.011200870001184249,0.007979188579659138,0.0032216814215251105,90,0.02775560738593086
5800.084667656456,13.110290152907504,0.011431948808465934,0.009393338021029395,0.0020386107874365393,90,0.02775560738593086
5800.084667656456,14.290229170511559,0.01165071022757754,0.011015539932799077,0.0006351702947784629,90,0.02775560738593086
5800.084667656456,15.576363861058477,0.011837136812828997,0.012867823407587027,-0.0010306865947580304,90,0.02775560738593086
5800.084667656456,16.978251939636557,0.012039690965676272,0.014972910439892788,-0.002933219474216516,90,0.02775560738593086
5800.084667656456,18.50631132509919,0.02876547675504229,0.01735390444102657,0.011411572314015721,90,0.02775560738593086
5800.084667656456,20.17189755925049,0.03255187870758402,0.020033914580418265,0.012517964127165753,90,0.02775560738593086
5800.084667656456,21.98738819383367,0.03273240740557565,0.02303561701362784,0.009696790391947808,90,0.02775560738593086
5800.084667656456,23.966274772431408,0.03749812291289043,0.026380757058860095,0.011117365854030337,90,0.02775560738593086
5800.084667656456,26.123263090828015,0.04012608557945401,0.030089599794176504,0.010036485785277507,90,0.02775560738593086
5800.084667656456,28.474382480902506,0.054707712127910924,0.03418034021836621,0.020527371909544713,90,0.02775560738593086
5800.084667656456,31.037104930180035,0.06800178090963667,0.038668487840378254,0.029333293069258415,90,0.02775560738593086
5800.084667656456,33.83047492225976,0.08686861511064496,0.04356624407161766,0.0433023710390273,90,0.02775560738593086
5800.084667656456,36.875250963009485,0.09371766458907627,0.04888189378917638,0.044835770799899886,90,0.02775560738593086
5800.084667656456,40.194059844256586,0.096699905628856,0.054619234598045734,0.042080671030810264,90,0.02775560738593086
5800.084667656456,43.81156479136355,0.09875311424512008,0.0607770683457498,0.03797604589937028,90,0.02775560738593086
5800.084667656456,47.75464874425019,0.09977080693146445,0.06734877908758727,0.03242202784387718,90,0.02775560738593086
5800.084667656456,52.05261413388882,0.10146485025208758,0.0743220198111985,0.027142830440889082,90,0.02775560738593086
5800.084667656456,56.737400638880295,0.10658444930590771,0.08167852677642408,0.024905922529483634,90,0.02775560738593086
5800.084667656456,61.8438225403361,0.12259398455816536,0.08939407542630153,0.03319990913186384,90,0.02775560738593086
5800.084667656456,67.40982743893404,0.12444336965496278,0.09743858574199649,0.02700478391296629,90,0.02775560738593086
5800.084667656456,73.47677825676274,0.12547951713368502,0.10577637804557373,0.01970313908811129,90,0.02775560738593086
5800.084667656456,80.08976061961063,0.12581198386828105,0.11436657309439674,0.011445410773884307,90,0.02775560738593086
5800.084667656456,87.29791790396244,0.13107768191864616,0.12316362340136829,0.007914058517277875,90,0.02775560738593086
5800.084667656456,95.15481643855642,0.14286469223500048,0.1321179565862989,0.010746735648701572,90,0.02775560738593086
5800.084667656456,103.71884357443969,0.14420766920140146,0.14117670667530044,0.003030962526101022,90,0.02775560738593086
5800.084667656456,113.05364158172193,0.15275010941597075,0.1502845059574863,0.0024656034584844555,90,0.02775560738593086
5800.084667656456,123.22858059746237,0.15562482806952133,0.15938430846869842,-0.0037594803991770898,90,0.02775560738593086
5800.084667656456,134.3192741393338,0.1584505790390543,0.16841821642236376,-0.009967637383309469,90,0.02775560738593086
5800.084667656456,146.40814101602186,0.16477539285809242,0.17732828281273222,-0.012552889954639795,90,0.02775560738593086
5800.084667656456,159.58501781011546,0.16778866033804565,0.18605726671053316,-0.018268606372487506,90,0.02775560738593086
5800.084667656456,173.9478264850578,0.17219541751618395,0.19454932209983522,-0.022353904583651274,90,0.02775560738593086
5800.084667656456,189.6033020773824,0.1721383664626852,0.20275060606703318,-0.030612239604347974,90,0.02775560738593086
5800.084667656456,206.6677858819652,0.1734534416171592,0.21060979734728053,-0.037156355730121327,90,0.02775560738593086
5800.084667656456,225.26809002472953,0.1739997139148695,0.21807852129647087,-0.04407880738160136,90,0.02775560738593086
5800.084667656456,245.54243984774803,0.1739997139148695,0.22511168198876758,-0.05111196807389806,90,0.02775560738593086
5800.084667656456,267.64150110992745,0.1739997139148695,0.23166770612147197,-0.05766799220660246,90,0.02775560738593086
5800.084667656456,291.72949963677064,0.1739997139148695,0.23770870660557702,-0.06370899269070751,90,0.02775560738593086
5800.084667656456,317.9854417397141,0.1739997139148695,0.24320057607509205,-0.06920086216022253,90,0.02775560738593086
5800.084667656456,346.6044444744125,0.1739997139148695,0.24811302207094302,-0.0741133081560735,90,0.02775560738593086
5800.084667656456,377.7991856235726,0.1739997139148695,0.2524195564060408,-0.07841984249117129,90,0.02775560738593086
5800.084667656456,411.801484179675,0.1739997139148695,0.2560974512903566,-0.08209773737548709,90,0.02775560738593086
5800.084667656456,448.86402307269043,0.1739997139148695,0.2591276742991228,-0.0851279603842533,90,0.02775560738593086
5800.084667656456,489.26222694499216,0.1739997139148695,0.26149481331795577,-0.08749509940308625,90,0.02775560738593086
5800.084667656456,533.2963089278549,0.1739997139148695,0.26318700130358536,-0.08918728738871584,90,0.02775560738593086
5800.084667656456,581.2935016298517,0.1739997139148695,0.26419584915255595,-0.09019613523768644,90,0.02775560738593086
5800.084667656456,633.6104889164096,0.1739997139148695,0.26451639325061543,-0.09051667933574592,90,0.02775560738593086
5800.084667656456,690.6360565519087,0.1739997139148695,0.2641470624430492,-0.09014734852817968,90,0.02775560738593086
5800.084667656456,752.7939814021893,0.1739997139148695,0.26308966726585115,-0.08908995335098163,90,0.02775560738593086
5800.084667656456,820.546180668118,0.1739997139148695,0.2613494123419834,-0.08734969842711388,90,0.02775560738593086
5800.084667656456,894.3961445532864,0.1739997139148695,0.2589349309009222,-0.08493521698605266,90,0.02775560738593086
5800.084667656456,974.8926778751674,0.1739997139148695,0.25585833844567557,-0.08185862453080606,90,0.02775560738593086
5800.084667656456,1062.6339784249726,0.1739997139148695,0.2521353006946796,-0.07813558677981008,90,0.02775560738593086
5800.084667656456,1158.2720823838974,0.1739997139148695,0.24778510909988807,-0.07378539518501856,90,0.02775560738593086
5800.084667656456,1262.5177098312156,0.1739997139148695,0.24283075553277242,-0.0688310416179029,90,0.02775560738593086
5800.084667656456,1376.1455463528653,0.1739997139148695,0.23729899619865047,-0.06329928228378096,90,0.02775560738593086
5800.084667656456,1500.0,0.1739997139148695,0.23122039356581198,-0.05722067965094246,90,0.02775560738593086
5883.500970237839,0.7,0.0049451560286690064,4.207775054533546e-06,0.004940948253614473,90,0.026244187935580587
5883.500970237839,0.7630006889770977,0.0049451560286690064,5.5930294169436545e-06,0.004939562999252063,90,0.026244187935580587
5883.500970237839,0.8316715019707511,0.0049451560286690064,7.407434853644121e-06,0.004937748593815362,90,0.026244187935580587
5883.500970237839,0.9065227557232869,0.0049451560286690064,9.77495275253784e-06,0.004935381075916468,90,0.026244187935580587
5883.500970237839,0.9881106959861216,0.0049451560286690064,1.2852496889197876e-05,0.004932303531779808,90,0.026244187935580587
5883.500970237839,1.0770416311757862,0.0049451560286690064,1.683783571913372e-05,0.004928318192949872,90,0.026244187935580587
5883.500970237839,1.1739764380630602,0.0049451560286690064,2.19791468220055e-05,0.004923176881847001,90,0.026244187935580587
5883.500970237839,1.2796354729785626,0.0049451560286690064,2.858650398757758e-05,0.0049165695246814285,90,0.026244187935580587
5883.500970237839,1.3948039250316824,0.0049451560286690064,3.7045608445316634e-05,0.004908110420223689,90,0.026244187935580587
5883.500970237839,1.520337651124477,0.0049451560286690064,4.78341058543868e-05,0.0048973219228146195,90,0.026244187935580587
5883.500970237839,1.657169536122569,0.0049451560286690064,6.154085841451747e-05,0.004883615170254489,90,0.026244187935580587
5883.500970237839,1.8063164254476822,0.0049451560286690064,7.888856497530697e-05,0.004866267463693699,90,0.026244187935580587
5883.500970237839,1.9688866816103285,0.0049451560286690064,0.00010076013903369378,0.004844395889635313,90,0.026244187935580587
5883.500970237839,2.1460884208378745,0.0049451560286690064,0.000128229262280782,0.004816926766388225,90,0.026244187935580587
5883.500970237839,2.339238491007243,0.0049451560286690064,0.00016259552667204316,0.004782560501996963,90,0.026244187935580587
5883.500970237839,2.5497722576003894,0.0049451560286690064,0.00020542455713933792,0.004739731471529668,90,0.026244187935580587
5883.500970237839,2.7792542704054104,0.0049451560286690064,0.00025859346584812233,0.004686562562820884,90,0.026244187935580587
5883.500970237839,3.0293898902312417,0.0049451560286690064,0.00032434192269414366,0.0046208141059748626,90,0.026244187935580587
5883.500970237839,3.3020379620381313,0.0049451560286690064,0.00040532903052617177,0.004539826998142834,90,0.026244187935580587
5883.500970237839,3.599224628662322,0.0049451560286690064,0.0005046960621181826,0.004440459966550824,90,0.026244187935580587
5883.500970237839,3.9231583877895577,0.0049451560286690064,0.000626134943861752,0.004319021084807254,90,0.026244187935580587
5883.500970237839,4.276246504071018,0.0049451560286690064,0.0007739621533393117,0.004171193875329694,90,0.026244187935580587
5883.500970237839,4.661112898345847,0.0049451560286690064,0.0009531974296967775,0.003991958598972229,90,0.026244187935580587
5883.500970237839,5.080617646911311,0.0049451560286690064,0.0011696463733042422,0.003775509655364764,90,0.026244187935580587
5883.500970237839,5.537878235746474,0.0049451560286690064,0.0014299856322772288,0.0035151703963917777,90,0.026244187935580587
5883.500970237839,6.036292727636905,0.0049451560286690064,0.001741848937849877,0.0032033070908191294,90,0.026244187935580587
5883.500970237839,6.579565014363433,0.0049451560286690064,0.0021139117610794074,0.002831244267589599,90,0.026244187935580587
5883.500970237839,7.1717323416127225,0.0049451560286690064,0.0025559718264837037,0.0023891842021853027,90,0.026244187935580587
5883.500970237839,7.817195311156917,0.0049451560286690064,0.003079022145390057,0.0018661338832789494,90,0.026244187935580587
5883.500970237839,8.520750583258952,0.0049574915549847965,0.003695312640356489,0.0012621789146283076,90,0.026244187935580587
5883.500970237839,9.287626522326553,0.006054130277750853,0.004418395846366476,0.0016357344313843768,90,0.026244187935580587
5883.500970237839,10.123522050710184,0.008686784195430952,0.00526315162685752,0.0034236325685734325,90,0.026244187935580587
5883.500970237839,11.03464899938101,0.008757037099262292,0.00624578537381583,0.0025112517254464615,90,0.026244187935580587
5883.500970237839,12.027778270211655,0.010662502459763428,0.007383793820556504,0.0032787086392069235,90,0.026244187935580587
5883.500970237839,13.110290152907504,0.01088840700029865,0.008695892440713202,0.002192514559585447,90,0.026244187935580587
5883.500970237839,14.290229170511559,0.01114159149250071,0.010201898500784758,0.0009396929917159513,90,0.026244187935580587
5883.500970237839,15.576363861058477,0.011329599622582011,0.01192256424263527,-0.0005929646200532584,90,0.026244187935580587
5883.500970237839,16.978251939636557,0.011514470385012557,0.013879355461025795,-0.002364885076013238,90,0.026244187935580587
5883.500970237839,18.50631132509919,0.028068805080104644,0.016094171965511765,0.011974633114592879,90,0.026244187935580587
5883.500970237839,20.17189755925049,0.031877686083195834,0.018589008115162394,0.01328867796803344,90,0.026244187935580587
5883.500970237839,21.98738819383367,0.03204994317720742,0.02138555380174111,0.01066438937546631,90,0.026244187935580587
5883.500970237839,23.966274772431408,0.03670796490672554,0.024504738909451887,0.01220322599727365,90,0.026244187935580587
5883.500970237839,26.123263090828015,0.03929123074900861,0.02796622732921883,0.01132500341978978,90,0.026244187935580587
5883.500970237839,28.474382480902506,0.053616245060522746,0.03178786993296377,0.021828375127558974,90,0.026244187935580587
5883.500970237839,31.037104930180035,0.06660394045003244,0.03598512934428483,0.030618811105747615,90,0.026244187935580587
5883.500970237839,33.83047492225976,0.08525338323264738,0.0405704926511519,0.04468289058149547,90,0.026244187935580587
5883.500970237839,36.875250963009485,0.09188323299546823,0.045552891128611654,0.04633034186685658,90,0.026244187935580587
5883.500970237839,40.194059844256586,0.0948322634760708,0.05093714828909106,0.043895115186979736,90,0.026244187935580587
5883.500970237839,43.81156479136355,0.09687418738492488,0.05672347887470112,0.040150708510223766,90,0.026244187935580587
5883.500970237839,47.75464874425019,0.09787553387941039,0.06290706150804744,0.034968472371362955,90,0.026244187935580587
5883.500970237839,52.05261413388882,0.09956002781053348,0.06947770645564283,0.030082321354890654,90,0.026244187935580587
5883.500970237839,56.737400638880295,0.10463195471605066,0.07641963726423312,0.028212317451817542,90,0.026244187935580587
5883.500970237839,61.8438225403361,0.12052561738050639,0.08371140096373851,0.03681421641676788,90,0.026244187935580587
5883.500970237839,67.40982743893404,0.12237500247730379,0.09132591628395491,0.031049086193348882,90,0.026244187935580587
5883.500970237839,73.47677825676274,0.12341425115679884,0.09923066322513584,0.024183587931663003,90,0.026244187935580587
5883.500970237839,80.08976061961063,0.12374671789139487,0.10738801077588965,0.016358707115505217,90,0.026244187935580587
5883.500970237839,87.29791790396244,0.1289233461969385,0.1157556730670328,0.013167673129905688,90,0.026244187935580587
5883.500970237839,95.15481643855642,0.14072547806238903,0.12428727827881995,0.01643819978356907,90,0.026244187935580587
5883.500970237839,103.71884357443969,0.14204369344169174,0.13293302962950873,0.009110663812183006,90,0.026244187935580587
5883.500970237839,113.05364158172193,0.15056969471484732,0.14164043412179844,0.008929260593048882,90,0.026244187935580587
5883.500970237839,123.22858059746237,0.15344441336839795,0.15035507263832062,0.003089340730077328,90,0.026244187935580587
5883.500970237839,134.3192741393338,0.1562713999198292,0.159021384538924,-0.002749984619094814,90,0.026244187935580587
5883.500970237839,146.40814101602186,0.1625962137388673,0.16758344105458925,-0.004987227315721959,90,0.026244187935580587
5883.500970237839,159.58501781011546,0.16560948121882052,0.17598568429980863,-0.010376203080988106,90,0.026244187935580587
5883.500970237839,173.9478264850578,0.17001623839695884,0.1841736123436754,-0.014157373946716567,90,0.026244187935580587
5883.500970237839,189.6033020773824,0.16995918734346016,0.1920943951379348,-0.022135207794474643,90,0.026244187935580587
5883.500970237839,206.6677858819652,0.17127708668513023,0.19969741082860337,-0.028420324143473147,90,0.026244187935580587
5883.500970237839,225.26809002472953,0.17182335898284057,0.20693469672689493,-0.035111337744054366,90,0.026244187935580587
5883.500970237839,245.54243984774803,0.17182335898284057,0.21376131368400794,-0.041937954701167374,90,0.026244187935580587
5883.500970237839,267.64150110992745,0.17182335898284057,0.22013562656892788,-0.04831226758608731,90,0.026244187935580587
5883.500970237839,291.72949963677064,0.17182335898284057,0.22601950683007235,-0.054196147847231785,90,0.026244187935580587
5883.500970237839,317.9854417397141,0.17182335898284057,0.2313784656455211,-0.05955510666268052,90,0.026244187935580587
5883.500970237839,346.6044444744125,0.17182335898284057,0.23618172791332226,-0.06435836893048169,90,0.026244187935580587
5883.500970237839,377.7991856235726,0.17182335898284057,0.24040225833588655,-0.06857889935304598,90,0.026244187935580587
5883.500970237839,411.801484179675,0.17182335898284057,0.2440167511810792,-0.07219339219823864,90,0.026244187935580587
5883.500970237839,448.86402307269043,0.17182335898284057,0.2470055950500261,-0.07518223606718552,90,0.026244187935580587
5883.500970237839,489.26222694499216,0.17182335898284057,0.24935282324992802,-0.07752946426708746,90,0.026244187935580587
5883.500970237839,533.2963089278549,0.17182335898284057,0.2510460592601741,-0.07922270027733352,90,0.026244187935580587
5883.500970237839,581.2935016298517,0.17182335898284057,0.2520764653840567,-0.08025310640121613,90,0.026244187935580587
5883.500970237839,633.6104889164096,0.17182335898284057,0.25243870107584127,-0.0806153420930007,90,0.026244187935580587
5883.500970237839,690.6360565519087,0.17182335898284057,0.2521308956888325,-0.08030753670599194,90,0.026244187935580587
5883.500970237839,752.7939814021893,0.17182335898284057,0.25115463855583575,-0.07933127957299518,90,0.026244187935580587
5883.500970237839,820.546180668118,0.17182335898284057,0.24951498742941966,-0.07769162844657909,90,0.026244187935580587
5883.500970237839,894.3961445532864,0.17182335898284057,0.24722049440882585,-0.07539713542598528,90,0.026244187935580587
5883.500970237839,974.8926778751674,0.17182335898284057,0.2442832465938684,-0.07245988761102784,90,0.026244187935580587
5883.500970237839,1062.6339784249726,0.17182335898284057,0.24071891686647698,-0.06889555788363641,90,0.026244187935580587
5883.500970237839,1158.2720823838974,0.17182335898284057,0.23654681844737394,-0.06472345946453337,90,0.026244187935580587
5883.500970237839,1262.5177098312156,0.17182335898284057,0.23178995525907112,-0.05996659627623055,90,0.026244187935580587
5883.500970237839,1376.1455463528653,0.17182335898284057,0.22647505871083307,-0.0546516997279925,90,0.026244187935580587
5883.500970237839,1500.0,0.17182335898284057,0.22063260038470484,-0.04880924140186427,90,0.026244187935580587
5968.116958674692,0.7,0.003803217700256538,3.7957072559568983e-06,0.003799421993000581,90,0.02693639976682194
5968.116958674692,0.7630006889770977,0.003803217700256538,5.046693911178298e-06,0.0037981710063453595,90,0.02693639976682194
5968.116958674692,0.8316715019707511,0.003803217700256538,6.685707700604208e-06,0.003796531992555934,90,0.02693639976682194
5968.116958674692,0.9065227557232869,0.003803217700256538,8.824983799754173e-06,0.003794392716456784,90,0.02693639976682194
5968.116958674692,0.9881106959861216,0.003803217700256538,1.1606639375573931e-05,0.0037916110608809638,90,0.02693639976682194
5968.116958674692,1.0770416311757862,0.003803217700256538,1.520985314993292e-05,0.003788007847106605,90,0.02693639976682194
5968.116958674692,1.1739764380630602,0.003803217700256538,1.9859549768676368e-05,0.0037833581504878614,90,0.02693639976682194
5968.116958674692,1.2796354729785626,0.003803217700256538,2.5836845462831616e-05,0.003777380854793706,90,0.02693639976682194
5968.116958674692,1.3948039250316824,0.003803217700256538,3.3491540133393675e-05,0.003769726160123144,90,0.02693639976682194
5968.116958674692,1.520337651124477,0.003803217700256538,4.3256968917264517e-05,0.0037599607313392736,90,0.02693639976682194
5968.116958674692,1.657169536122569,0.003803217700256538,5.566755217397662e-05,0.003747550148082561,90,0.02693639976682194
5968.116958674692,1.8063164254476822,0.003803217700256538,7.137940499980231e-05,0.0037318382952567356,90,0.02693639976682194
5968.116958674692,1.9688866816103285,0.003803217700256538,9.119438377400366e-05,0.0037120233164825342,90,0.02693639976682194
5968.116958674692,2.1460884208378745,0.003803217700256538,0.0001160879554035105,0.0036871297448530273,90,0.02693639976682194
5968.116958674692,2.339238491007243,0.003803217700256538,0.00014724127195333496,0.003655976428303203,90,0.02693639976682194
5968.116958674692,2.5497722576003894,0.003803217700256538,0.00018607781588200935,0.0036171398843745286,90,0.02693639976682194
5968.116958674692,2.7792542704054104,0.003803217700256538,0.0002343049453610031,0.0035689127548955346,90,0.02693639976682194
5968.116958674692,3.0293898902312417,0.003803217700256538,0.00029396061096085164,0.0035092570892956863,90,0.02693639976682194
5968.116958674692,3.3020379620381313,0.003803217700256538,0.000367465429816705,0.003435752270439833,90,0.02693639976682194
5968.116958674692,3.599224628662322,0.003803217700256538,0.0004576801864958766,0.003345537513760661,90,0.02693639976682194
5968.116958674692,3.9231583877895577,0.003803217700256538,0.0005679686763606175,0.0032352490238959203,90,0.02693639976682194
5968.116958674692,4.276246504071018,0.003803217700256538,0.0007022656125748757,0.003100952087681662,90,0.02693639976682194
5968.116958674692,4.661112898345847,0.003803217700256538,0.0008651490778002746,0.002938068622456263,90,0.02693639976682194
5968.116958674692,5.080617646911311,0.003803217700256538,0.0010619167126257748,0.002741300987630763,90,0.02693639976682194
5968.116958674692,5.537878235746474,0.003803217700256538,0.0012986644927156297,0.002504553207540908,90,0.02693639976682194
5968.116958674692,6.036292727636905,0.003877387004054007,0.0015823665552337435,0.0022950204488202636,90,0.02693639976682194
5968.116958674692,6.579565014363433,0.003877387004054007,0.0019209540945447404,0.0019564329095092666,90,0.02693639976682194
5968.116958674692,7.1717323416127225,0.003877387004054007,0.0023233908630777484,0.0015539961409762586,90,0.02693639976682194
5968.116958674692,7.817195311156917,0.003877387004054007,0.0027997422953685504,0.0010776447086854567,90,0.02693639976682194
5968.116958674692,8.520750583258952,0.003889722530369796,0.0033612347366324923,0.0005284877937373035,90,0.02693639976682194
5968.116958674692,9.287626522326553,0.005047259063371907,0.004020300722815489,0.0010269583405564178,90,0.02693639976682194
5968.116958674692,10.123522050710184,0.007623825322277986,0.004790605754873199,0.002833219567404787,90,0.02693639976682194
5968.116958674692,11.03464899938101,0.007683796272207398,0.00568705157144718,0.001996744700760218,90,0.02693639976682194
5968.116958674692,12.027778270211655,0.009665090053287625,0.006725750594131532,0.0029393394591560934,90,0.02693639976682194
5968.116958674692,13.110290152907504,0.009890994593822845,0.007923966048190257,0.0019670285456325886,90,0.02693639976682194
5968.116958674692,14.290229170511559,0.010183267233351227,0.00930001230453604,0.0008832549288151862,90,0.02693639976682194
5968.116958674692,15.576363861058477,0.010371275363432526,0.010873110304653589,-0.0005018349412210625,90,0.02693639976682194
5968.116958674692,16.978251939636557,0.010557036364057856,0.01266319357661011,-0.0021061572125522544,90,0.02693639976682194
5968.116958674692,18.50631132509919,0.026475356291733622,0.01469066137855914,0.011784694913174482,90,0.02693639976682194
5968.116958674692,20.17189755925049,0.030314285335658595,0.016976076954089966,0.013338208381568628,90,0.02693639976682194
5968.116958674692,21.98738819383367,0.030481510861392263,0.019539810767892758,0.010941700093499505,90,0.02693639976682194
5968.116958674692,23.966274772431408,0.0350562296411045,0.0224016308970533,0.012654598744051199,90,0.02693639976682194
5968.116958674692,26.123263090828015,0.03759376864749823,0.02558024543135041,0.012013523216147817,90,0.02693639976682194
5968.116958674692,28.474382480902506,0.05179889338201037,0.029092804689272254,0.02270608869273812,90,0.02693639976682194
5968.116958674692,31.037104930180035,0.06452135598494527,0.03295437414166936,0.03156698184327591,90,0.02693639976682194
5968.116958674692,33.83047492225976,0.08286453776977523,0.03717739196289693,0.0456871458068783,90,0.02693639976682194
5968.116958674692,36.875250963009485,0.08922206715638493,0.04177112787318515,0.04745093928319979,90,0.02693639976682194
5968.116958674692,40.194059844256586,0.09171005742009233,0.04674116214631198,0.044968895273780354,90,0.02693639976682194
5968.116958674692,43.81156479136355,0.093743570709094,0.05208890508292339,0.041654665626170616,90,0.02693639976682194
5968.116958674692,47.75464874425019,0.0947460483282652,0.05781117766737283,0.03693487066089238,90,0.02693639976682194
5968.116958674692,52.05261413388882,0.09641175451121878,0.0638998733652483,0.03251188114597048,90,0.02693639976682194
5968.116958674692,56.737400638880295,0.10141628714252371,0.07034171899327196,0.031074568149251747,90,0.02693639976682194
5968.116958674692,61.8438225403361,0.11713235382294371,0.07711814932117998,0.040014204501763725,90,0.02693639976682194
5968.116958674692,67.40982743893404,0.11898173891974109,0.08420530568072469,0.0347764332390164,90,0.02693639976682194
5968.116958674692,73.47677825676274,0.12002098759923617,0.09157416360801593,0.02844682399122024,90,0.02693639976682194
5968.116958674692,80.08976061961063,0.12035345433383218,0.09919078877631174,0.021162665557520444,90,0.02693639976682194
5968.116958674692,87.29791790396244,0.12541830672741566,0.10701671459650919,0.018401592130906474,90,0.02693639976682194
5968.116958674692,95.15481643855642,0.13682981359286622,0.11500942930515319,0.021820384287713032,90,0.02693639976682194
5968.116958674692,103.71884357443969,0.13811864220187942,0.12312295553570542,0.014995686666173999,90,0.02693639976682194
5968.116958674692,113.05364158172193,0.1466085228017139,0.131308501623017,0.015300021178696915,90,0.02693639976682194
5968.116958674692,123.22858059746237,0.14948324145526454,0.13951516146684856,0.009968079988415979,90,0.02693639976682194
5968.116958674692,134.3192741393338,0.15231022800669583,0.14769063879806743,0.0046195892086284,90,0.02693639976682194
5968.116958674692,146.40814101602186,0.15863504182573385,0.15578197214161135,0.0028530696841224945,90,0.02693639976682194
5968.116958674692,159.58501781011546,0.1616483093056871,0.16373623852483307,-0.0020879292191459675,90,0.02693639976682194
5968.116958674692,173.9478264850578,0.16605506648382543,0.17150121681324001,-0.00544615032941459,90,0.02693639976682194
5968.116958674692,189.6033020773824,0.16599801543032677,0.17902599517786352,-0.01302797974753675,90,0.02693639976682194
5968.116958674692,206.6677858819652,0.16731591477199684,0.1862615112896314,-0.018945596517634555,90,0.02693639976682194
5968.116958674692,225.26809002472953,0.16786218706970715,0.19316101807998828,-0.02529883101028113,90,0.02693639976682194
5968.116958674692,245.54243984774803,0.16786218706970715,0.19968047201904363,-0.03181828494933647,90,0.02693639976682194
5968.116958674692,267.64150110992745,0.16786218706970715,0.2057788446096728,-0.03791665753996565,90,0.02693639976682194
5968.116958674692,291.72949963677064,0.16786218706970715,0.21141836100761732,-0.04355617393791017,90,0.02693639976682194
5968.116958674692,317.9854417397141,0.16786218706970715,0.21656467224788545,-0.048702485178178295,90,0.02693639976682194
5968.116958674692,346.6044444744125,0.16786218706970715,0.22118696944112984,-0.053324782371422685,90,0.02693639976682194
5968.116958674692,377.7991856235726,0.16786218706970715,0.22525804950552633,-0.05739586243581918,90,0.02693639976682194
5968.116958674692,411.801484179675,0.16786218706970715,0.22875434256418006,-0.06089215549447291,90,0.02693639976682194
5968.116958674692,448.86402307269043,0.16786218706970715,0.23165591113542394,-0.06379372406571679,90,0.02693639976682194
5968.116958674692,489.26222694499216,0.16786218706970715,0.2339464307578769,-0.06608424368816976,90,0.02693639976682194
5968.116958674692,533.2963089278549,0.16786218706970715,0.23561316081220504,-0.06775097374249789,90,0.02693639976682194
5968.116958674692,581.2935016298517,0.16786218706970715,0.23664691311221833,-0.06878472604251118,90,0.02693639976682194
5968.116958674692,633.6104889164096,0.16786218706970715,0.23704202441608313,-0.06917983734637598,90,0.02693639976682194
5968.116958674692,690.6360565519087,0.16786218706970715,0.2367963374202913,-0.06893415035058414,90,0.02693639976682194
5968.116958674692,752.7939814021893,0.16786218706970715,0.2359111931002782,-0.06804900603057104,90,0.02693639976682194
5968.116958674692,820.546180668118,0.16786218706970715,0.2343914354988319,-0.06652924842912475,90,0.02693639976682194
5968.116958674692,894.3961445532864,0.16786218706970715,0.23224542827716477,-0.06438324120745761,90,0.02693639976682194
5968.116958674692,974.8926778751674,0.16786218706970715,0.22948508057182734,-0.06162289350212019,90,0.02693639976682194
5968.116958674692,1062.6339784249726,0.16786218706970715,0.22612587798305206,-0.05826369091334491,90,0.02693639976682194
5968.116958674692,1158.2720823838974,0.16786218706970715,0.22218691290159068,-0.054324725831883525,90,0.02693639976682194
5968.116958674692,1262.5177098312156,0.16786218706970715,0.21769090691492018,-0.04982871984521303,90,0.02693639976682194
5968.116958674692,1376.1455463528653,0.16786218706970715,0.21266421678364042,-0.04480202971393327,90,0.02693639976682194
5968.116958674692,1500.0,0.16786218706970715,0.20713681451941476,-0.03927462744970761,90,0.02693639976682194
6053.949886742455,0.7,0.0035309039459963084,3.5723145390201513e-06,0.0035273316314572882,90,0.03176190648782029
6053.949886742455,0.7630006889770977,0.0035309039459963084,4.750984191619355e-06,0.003526152961804689,90,0.03176190648782029
6053.949886742455,0.8316715019707511,0.0035309039459963084,6.2956946205657554e-06,0.0035246082513757425,90,0.03176190648782029
6053.949886742455,0.9065227557232869,0.0035309039459963084,8.31246529686277e-06,0.003522591480699446,90,0.03176190648782029
6053.949886742455,0.9881106959861216,0.0035309039459963084,1.0935586840110988e-05,0.0035199683591561975,90,0.03176190648782029
6053.949886742455,1.0770416311757862,0.0035309039459963084,1.433442632494485e-05,0.0035165695196713634,90,0.03176190648782029
6053.949886742455,1.1739764380630602,0.0035309039459963084,1.872166246017138e-05,0.003512182283536137,90,0.03176190648782029
6053.949886742455,1.2796354729785626,0.0035309039459963084,2.4363195285696153e-05,0.0035065407507106124,90,0.03176190648782029
6053.949886742455,1.3948039250316824,0.0035309039459963084,3.159000260875816e-05,0.0034993139433875504,90,0.03176190648782029
6053.949886742455,1.520337651124477,0.0035309039459963084,4.081224237765214e-05,0.0034900917036186562,90,0.03176190648782029
6053.949886742455,1.657169536122569,0.0035309039459963084,5.253592531999176e-05,0.0034783680206763165,90,0.03176190648782029
6053.949886742455,1.8063164254476822,0.0035309039459963084,6.738250387737743e-05,0.003463521442118931,90,0.03176190648782029
6053.949886742455,1.9688866816103285,0.0035309039459963084,8.611173980887065e-05,0.0034447922061874377,90,0.03176190648782029
6053.949886742455,2.1460884208378745,0.0035309039459963084,0.00010964822147763672,0.003421255724518672,90,0.03176190648782029
6053.949886742455,2.339238491007243,0.0035309039459963084,0.00013911190002869066,0.0033917920459676175,90,0.03176190648782029
6053.949886742455,2.5497722576003894,0.0035309039459963084,0.00017585299823685716,0.0033550509477594513,90,0.03176190648782029
6053.949886742455,2.7792542704054104,0.0035309039459963084,0.00022149161316331224,0.0033094123328329963,90,0.03176190648782029
6053.949886742455,3.0293898902312417,0.0035309039459963084,0.0002779622799331396,0.0032529416660631687,90,0.03176190648782029
6053.949886742455,3.3020379620381313,0.0035309039459963084,0.0003475636846396425,0.0031833402613566657,90,0.03176190648782029
6053.949886742455,3.599224628662322,0.0035309039459963084,0.0004330136050747431,0.003097890340921565,90,0.03176190648782029
6053.949886742455,3.9231583877895577,0.0035309039459963084,0.0005375090140816843,0.002993394931914624,90,0.03176190648782029
6053.949886742455,4.276246504071018,0.0035309039459963084,0.0006647910973533298,0.0028661128486429785,90,0.03176190648782029
6053.949886742455,4.661112898345847,0.0035309039459963084,0.0008192147113769473,0.002711689234619361,90,0.03176190648782029
6053.949886742455,5.080617646911311,0.0035309039459963084,0.0010058215346171475,0.002525082411379161,90,0.03176190648782029
6053.949886742455,5.537878235746474,0.0035309039459963084,0.0012304158437764154,0.002300488102219893,90,0.03176190648782029
6053.949886742455,6.036292727636905,0.0036050732497937767,0.0014996414766412112,0.0021054317731525655,90,0.03176190648782029
6053.949886742455,6.579565014363433,0.0036050732497937767,0.0018210581255363274,0.0017840151242574493,90,0.03176190648782029
6053.949886742455,7.1717323416127225,0.0036050732497937767,0.002203214645801266,0.0014018586039925107,90,0.03176190648782029
6053.949886742455,7.817195311156917,0.0036050732497937767,0.002655716570931958,0.0009493566788618185,90,0.03176190648782029
6053.949886742455,8.520750583258952,0.0036174087761095667,0.003189284513871102,0.00042812426223846466,90,0.03176190648782029
6053.949886742455,9.287626522326553,0.004758232720131237,0.0038157996218328555,0.0009424330982983815,90,0.03176190648782029
6053.949886742455,10.123522050710184,0.007293395544130758,0.004548331765916358,0.0027450637782144,90,0.03176190648782029
6053.949886742455,11.03464899938101,0.007349453530758506,0.005401145719500221,0.0019483078112582852,90,0.03176190648782029
6053.949886742455,12.027778270211655,0.009115836235081208,0.006389680251072864,0.0027261559840083445,90,0.03176190648782029
6053.949886742455,13.110290152907504,0.009341740775616428,0.007530494874508326,0.0018112459011081017,90,0.03176190648782029
6053.949886742455,14.290229170511559,0.00964907072307297,0.008841179015054094,0.000807891708018876,90,0.03176190648782029
6053.949886742455,15.576363861058477,0.00983707885315427,0.01034021861777276,-0.0005031397646184897,90,0.03176190648782029
6053.949886742455,16.978251939636557,0.010021833793052855,0.012046815801704039,-0.0020249820086511838,90,0.03176190648782029
6053.949886742455,18.50631132509919,0.025893172540281492,0.013980658096940633,0.01191251444334086,90,0.03176190648782029
6053.949886742455,20.17189755925049,0.029736838745923998,0.016161635130692353,0.013575203615231644,90,0.03176190648782029
6053.949886742455,21.98738819383367,0.029902598330889065,0.018609502370546635,0.01129309596034243,90,0.03176190648782029
6053.949886742455,23.966274772431408,0.034452580696119485,0.021343493679582173,0.013109087016537312,90,0.03176190648782029
6053.949886742455,26.123263090828015,0.03697860577634132,0.024381886944868314,0.012596718831473008,90,0.03176190648782029
6053.949886742455,28.474382480902506,0.051140676446983994,0.02774152982313911,0.023399146623844885,90,0.03176190648782029
6053.949886742455,31.037104930180035,0.06375860388762855,0.03143733557554319,0.03232126831208536,90,0.03176190648782029
6053.949886742455,33.83047492225976,0.08204633811741367,0.03548176186437888,0.04656457625303479,90,0.03176190648782029
6053.949886742455,36.875250963009485,0.08830477282084684,0.03988428804897581,0.048420484771871025,90,0.03176190648782029
6053.949886742455,40.194059844256586,0.0907827359015312,0.04465090871214764,0.04613182718938356,90,0.03176190648782029
6053.949886742455,43.81156479136355,0.09281004519768356,0.04978366263561329,0.04302638256207027,90,0.03176190648782029
6053.949886742455,47.75464874425019,0.0938082734786098,0.05528021700564162,0.038528056472968183,90,0.03176190648782029
6053.949886742455,52.05261413388882,0.09546400099841608,0.061133526099863694,0.034330474898552385,90,0.03176190648782029
6053.949886742455,56.737400638880295,0.10044372240845607,0.0673315819877844,0.033112140420671676,90,0.03176190648782029
6053.949886742455,61.8438225403361,0.11609679101598262,0.07385727187162616,0.04223951914435646,90,0.03176190648782029
6053.949886742455,67.40982743893404,0.11794617611278004,0.08068835270911233,0.037257823403667706,90,0.03176190648782029
6053.949886742455,73.47677825676274,0.11898542479227513,0.08779754891168869,0.03118787588058644,90,0.03176190648782029
6053.949886742455,80.08976061961063,0.11931789152687113,0.09515277351021931,0.024165118016651818,90,0.03176190648782029
6053.949886742455,87.29791790396244,0.12433598033931505,0.10271746760163238,0.02161851273768267,90,0.03176190648782029
6053.949886742455,95.15481643855642,0.1357474872047656,0.11045104753983613,0.025296439664929463,90,0.03176190648782029
6053.949886742455,103.71884357443969,0.13702564275117626,0.11830944460474976,0.0187161981464265,90,0.03176190648782029
6053.949886742455,113.05364158172193,0.14550203534749534,0.12624571811204383,0.019256317235451514,90,0.03176190648782029
6053.949886742455,123.22858059746237,0.148376754001046,0.1342107203613228,0.014166033639723186,90,0.03176190648782029
6053.949886742455,134.3192741393338,0.15120374055247723,0.14215379059799613,0.009049949954481107,90,0.03176190648782029
6053.949886742455,146.40814101602186,0.1575285543715153,0.15002345529936625,0.007505099072149052,90,0.03176190648782029
6053.949886742455,159.58501781011546,0.16054182185146856,0.15776811348983225,0.002773708361636318,90,0.03176190648782029
6053.949886742455,173.9478264850578,0.16494857902960686,0.1653366882498893,-0.00038810922028245654,90,0.03176190648782029
6053.949886742455,189.6033020773824,0.16489152797610818,0.17267922884823217,-0.007787700872123993,90,0.03176190648782029
6053.949886742455,206.6677858819652,0.1662094273177783,0.17974745170038453,-0.013538024382606234,90,0.03176190648782029
6053.949886742455,225.26809002472953,0.1667556996154886,0.1864952123424111,-0.01973951272692248,90,0.03176190648782029
6053.949886742455,245.54243984774803,0.1667556996154886,0.19287890452995127,-0.026123204914462655,90,0.03176190648782029
6053.949886742455,267.64150110992745,0.1667556996154886,0.19885778620070574,-0.03210208658521713,90,0.03176190648782029
6053.949886742455,291.72949963677064,0.1667556996154886,0.2043942351983698,-0.03763853558288119,90,0.03176190648782029
6053.949886742455,317.9854417397141,0.1667556996154886,0.2094539402336293,-0.042698240618140676,90,0.03176190648782029
6053.949886742455,346.6044444744125,0.1667556996154886,0.21400603449632027,-0.04725033488083166,90,0.03176190648782029
6053.949886742455,377.7991856235726,0.1667556996154886,0.21802318062489873,-0.051267481009410115,90,0.03176190648782029
6053.949886742455,411.801484179675,0.1667556996154886,0.22148161641667805,-0.054725916801189434,90,0.03176190648782029
6053.949886742455,448.86402307269043,0.1667556996154886,0.22436117078387363,-0.05760547116838502,90,0.03176190648782029
6053.949886742455,489.26222694499216,0.1667556996154886,0.2266452591014944,-0.0598895594860058,90,0.03176190648782029
6053.949886742455,533.2963089278549,0.1667556996154886,0.22832086633522156,-0.061565166719732944,90,0.03176190648782029
6053.949886742455,581.2935016298517,0.1667556996154886,0.22937852526126923,-0.06262282564578062,90,0.03176190648782029
6053.949886742455,633.6104889164096,0.1667556996154886,0.2298122957706227,-0.06305659615513409,90,0.03176190648782029
6053.949886742455,690.6360565519087,0.1667556996154886,0.22961974975305108,-0.06286405013756247,90,0.03176190648782029
6053.949886742455,752.7939814021893,0.1667556996154886,0.22880196443885906,-0.062046264823370445,90,0.03176190648782029
6053.949886742455,820.546180668118,0.1667556996154886,0.2273635253873364,-0.060607825771847784,90,0.03176190648782029
6053.949886742455,894.3961445532864,0.1667556996154886,0.2253125385935277,-0.058556838978039094,90,0.03176190648782029
6053.949886742455,974.8926778751674,0.1667556996154886,0.22266064948012457,-0.055904949864635956,90,0.03176190648782029
6053.949886742455,1062.6339784249726,0.1667556996154886,0.21942306489083624,-0.05266736527534763,90,0.03176190648782029
6053.949886742455,1158.2720823838974,0.1667556996154886,0.2156185726519531,-0.0488628730364645,90,0.03176190648782029
6053.949886742455,1262.5177098312156,0.1667556996154886,0.2112695518735309,-0.044513852258042275,90,0.03176190648782029
6053.949886742455,1376.1455463528653,0.1667556996154886,0.20640196598327357,-0.039646266367784955,90,0.03176190648782029
6053.949886742455,1500.0,0.1667556996154886,0.20104532959634425,-0.034289629980855635,90,0.03176190648782029
6141.017256358818,0.7,0.003161158865922526,3.333690163177615e-06,0.003157825175759348,90,0.03657637149748538
6141.017256358818,0.7630006889770977,0.003161158865922526,4.43484828406196e-06,0.0031567240176384637,90,0.03657637149748538
6141.017256358818,0.8316715019707511,0.003161158865922526,5.87839119731073e-06,0.003155280474725215,90,0.03657637149748538
6141.017256358818,0.9065227557232869,0.003161158865922526,7.763621169794484e-06,0.0031533952447527313,90,0.03657637149748538
6141.017256358818,0.9881106959861216,0.003161158865922526,1.0216361667229876e-05,0.003150942504255296,90,0.03657637149748538
6141.017256358818,1.0770416311757862,0.003161158865922526,1.3395353395772652e-05,0.0031477635125267533,90,0.03657637149748538
6141.017256358818,1.1739764380630602,0.003161158865922526,1.7499997520707772e-05,0.003143658868401818,90,0.03657637149748538
6141.017256358818,1.2796354729785626,0.003161158865922526,2.2779677433121975e-05,0.003138379188489404,90,0.03657637149748538
6141.017256358818,1.3948039250316824,0.003161158865922526,2.954491675451965e-05,0.003131613949168006,90,0.03657637149748538
6141.017256358818,1.520337651124477,0.003161158865922526,3.818065710207605e-05,0.00312297820882045,90,0.03657637149748538
6141.017256358818,1.657169536122569,0.003161158865922526,4.916196331874979e-05,0.003111996902603776,90,0.03657637149748538
6141.017256358818,1.8063164254476822,0.003161158865922526,6.307248492881915e-05,0.0030980863809937065,90,0.03657637149748538
6141.017256358818,1.9688866816103285,0.003161158865922526,8.062601869355819e-05,0.0030805328472289675,90,0.03657637149748538
6141.017256358818,2.1460884208378745,0.003161158865922526,0.00010269152612494344,0.0030584673397975825,90,0.03657637149748538
6141.017256358818,2.339238491007243,0.003161158865922526,0.00013032195908632493,0.003030836906836201,90,0.03657637149748538
6141.017256358818,2.5497722576003894,0.003161158865922526,0.00016478723318568824,0.0029963716327368376,90,0.03657637149748538
6141.017256358818,2.7792542704054104,0.003161158865922526,0.00020761165917376463,0.0029535472067487613,90,0.03657637149748538
6141.017256358818,3.0293898902312417,0.003161158865922526,0.00026061609325573823,0.0029005427726667876,90,0.03657637149748538
6141.017256358818,3.3020379620381313,0.003161158865922526,0.0003259649940639759,0.00283519387185855,90,0.03657637149748538
6141.017256358818,3.599224628662322,0.003161158865922526,0.00040621847275646865,0.002754940393166057,90,0.03657637149748538
6141.017256358818,3.9231583877895577,0.003161158865922526,0.0005043892889567167,0.002656769576965809,90,0.03657637149748538
6141.017256358818,4.276246504071018,0.003161158865922526,0.0006240045747967146,0.002537154291125811,90,0.03657637149748538
6141.017256358818,4.661112898345847,0.003161158865922526,0.0007691718582821233,0.0023919870076404026,90,0.03657637149748538
6141.017256358818,5.080617646911311,0.003161158865922526,0.0009446487023625225,0.0022165101635600033,90,0.03657637149748538
6141.017256358818,5.537878235746474,0.003161158865922526,0.0011559149753385587,0.002005243890583967,90,0.03657637149748538
6141.017256358818,6.036292727636905,0.0032353281697199933,0.0014092464210320472,0.001826081748687946,90,0.03657637149748538
6141.017256358818,6.579565014363433,0.0032353281697199933,0.0017117878051188412,0.001523540364601152,90,0.03657637149748538
6141.017256358818,7.1717323416127225,0.0032353281697199933,0.0020716234816719153,0.001163704688048078,90,0.03657637149748538
6141.017256358818,7.817195311156917,0.0032353281697199933,0.0024978427594028125,0.0007374854103171808,90,0.03657637149748538
6141.017256358818,8.520750583258952,0.0032476636960357833,0.0030005969628807737,0.00024706673315500957,90,0.03657637149748538
6141.017256358818,9.287626522326553,0.00436785622623309,0.0035911445979562094,0.0007767116282768808,90,0.03657637149748538
6141.017256358818,10.123522050710184,0.006852451881041427,0.004281880566497453,0.002570571314543974,90,0.03657637149748538
6141.017256358818,11.03464899938101,0.006903033313090802,0.005086344963645398,0.0018166883494454035,90,0.03657637149748538
6141.017256358818,12.027778270211655,0.008646960365806823,0.006019206668054493,0.00262775369775233,90,0.03657637149748538
6141.017256358818,13.110290152907504,0.008872864906342044,0.007096216745291775,0.001776648161050269,90,0.03657637149748538
6141.017256358818,14.290229170511559,0.009196590173941923,0.008334126675193426,0.0008624634987484964,90,0.03657637149748538
6141.017256358818,15.576363861058477,0.009384598304023224,0.009750566637155636,-0.0003659683331324118,90,0.03657637149748538
6141.017256358818,16.978251939636557,0.00956854301556805,0.01136387959461482,-0.0017953365790467687,90,0.03657637149748538
6141.017256358818,18.50631132509919,0.02534698996377272,0.013192907758322247,0.012154082205450474,90,0.03657637149748538
6141.017256358818,20.17189755925049,0.029185498188303426,0.015256729214092202,0.013928768974211223,90,0.03657637149748538
6141.017256358818,21.98738819383367,0.029349960639327183,0.01757434409401632,0.011775616545310862,90,0.03657637149748538
6141.017256358818,23.966274772431408,0.03386689332967424,0.020164311645699973,0.013702581683974268,90,0.03657637149748538
6141.017256358818,26.123263090828015,0.0363738059994794,0.02304434187517621,0.013329464124303188,90,0.03657637149748538
6141.017256358818,28.474382480902506,0.05048027004842843,0.026230848031390905,0.024249422017037524,90,0.03657637149748538
6141.017256358818,31.037104930180035,0.06297444429798696,0.02973846894799923,0.033235975349987734,90,0.03657637149748538
6141.017256358818,33.83047492225976,0.08119415271210144,0.0335795730054222,0.04761457970667924,90,0.03657637149748538
6141.017256358818,36.875250963009485,0.08732429655525394,0.03776375803126617,0.049560538523987764,90,0.03657637149748538
6141.017256358818,40.194059844256586,0.08978929200270282,0.04229736360507933,0.047491928397623485,90,0.03657637149748538
6141.017256358818,43.81156479136355,0.09181127166020582,0.047183013752269055,0.044628257907936765,90,0.03657637149748538
6141.017256358818,47.75464874425019,0.09280593504246762,0.052419208695721,0.04038672634674662,90,0.03657637149748538
6141.017256358818,52.05261413388882,0.09444913655384841,0.057999984016765704,0.03644915253708271,90,0.03657637149748538
6141.017256358818,56.737400638880295,0.09939958010379575,0.06391465415939845,0.0354849259443973,90,0.03657637149748538
6141.017256358818,61.8438225403361,0.11496922940806928,0.07014765467870605,0.044821574729363226,90,0.03657637149748538
6141.017256358818,67.40982743893404,0.11681861450486668,0.07667849407044894,0.04014012043441774,90,0.03657637149748538
6141.017256358818,73.47677825676274,0.11785786318436174,0.08348182160813081,0.034376041576230934,90,0.03657637149748538
6141.017256358818,80.08976061961063,0.11819032991895775,0.0905276126304909,0.02766271728846685,90,0.03657637149748538
6141.017256358818,87.29791790396244,0.12315805923798116,0.09778146750621926,0.025376591731761905,90,0.03657637149748538
6141.017256358818,95.15481643855642,0.13456956610343168,0.10520501542710853,0.029364550676323153,90,0.03657637149748538
6141.017256358818,103.71884357443969,0.1358361076484967,0.11275640961383016,0.023079698034666557,90,0.03657637149748538
6141.017256358818,113.05364158172193,0.14429349103604974,0.12039089678427714,0.023902594251772602,90,0.03657637149748538
6141.017256358818,123.22858059746237,0.1471682096896004,0.12806144108014808,0.019106768609452318,90,0.03657637149748538
6141.017256358818,134.3192741393338,0.14999519624103164,0.1357193812204219,0.014275815020609733,90,0.03657637149748538
6141.017256358818,146.40814101602186,0.15632001006006974,0.1433150994875811,0.013004910572488648,90,0.03657637149748538
6141.017256358818,159.58501781011546,0.15933327754002297,0.15079868218415157,0.008534595355871394,90,0.03657637149748538
6141.017256358818,173.9478264850578,0.1637400347181613,0.15812055326215663,0.00561948145600466,90,0.03657637149748538
6141.017256358818,189.6033020773824,0.1636829836646626,0.16523206569807322,-0.0015490820334106148,90,0.03657637149748538
6141.017256358818,206.6677858819652,0.16500088300633273,0.17208603859406826,-0.0070851555877355366,90,0.03657637149748538
6141.017256358818,225.26809002472953,0.16554715530404301,0.17863723165667567,-0.013090076352632651,90,0.03657637149748538
6141.017256358818,245.54243984774803,0.16554715530404301,0.18484275237715392,-0.019295597073110904,90,0.03657637149748538
6141.017256358818,267.64150110992745,0.16554715530404301,0.1906623946904109,-0.025115239386367894,90,0.03657637149748538
6141.017256358818,291.72949963677064,0.16554715530404301,0.19605891094740757,-0.030511755643364558,90,0.03657637149748538
6141.017256358818,317.9854417397141,0.16554715530404301,0.2009982215794194,-0.03545106627537639,90,0.03657637149748538
6141.017256358818,346.6044444744125,0.16554715530404301,0.20544956879470846,-0.03990241349066545,90,0.03657637149748538
6141.017256358818,377.7991856235726,0.16554715530404301,0.20938562200957347,-0.04383846670553046,90,0.03657637149748538
6141.017256358818,411.801484179675,0.16554715530404301,0.2127825434952593,-0.04723538819121628,90,0.03657637149748538
6141.017256358818,448.86402307269043,0.16554715530404301,0.21562002296663538,-0.05007286766259236,90,0.03657637149748538
6141.017256358818,489.26222694499216,0.16554715530404301,0.2178812896125103,-0.052334134308467284,90,0.03657637149748538
6141.017256358818,533.2963089278549,0.16554715530404301,0.2195531094442258,-0.05400595414018278,90,0.03657637149748538
6141.017256358818,581.2935016298517,0.16554715530404301,0.2206257748935764,-0.05507861958953339,90,0.03657637149748538
6141.017256358818,633.6104889164096,0.16554715530404301,0.22109309239437153,-0.05554593709032851,90,0.03657637149748538
6141.017256358818,690.6360565519087,0.16554715530404301,0.22095237229879927,-0.05540521699475626,90,0.03657637149748538
6141.017256358818,752.7939814021893,0.16554715530404301,0.22020442396744835,-0.05465726866340534,90,0.03657637149748538
6141.017256358818,820.546180668118,0.16554715530404301,0.21885355728082026,-0.053306401976777246,90,0.03657637149748538
6141.017256358818,894.3961445532864,0.16554715530404301,0.21690759019588213,-0.05136043489183911,90,0.03657637149748538
6141.017256358818,974.8926778751674,0.16554715530404301,0.21437786035689743,-0.04883070505285442,90,0.03657637149748538
6141.017256358818,1062.6339784249726,0.16554715530404301,0.21127923720924774,-0.045732081905204724,90,0.03657637149748538
6141.017256358818,1158.2720823838974,0.16554715530404301,0.20763012960578198,-0.04208297430173896,90,0.03657637149748538
6141.017256358818,1262.5177098312156,0.16554715530404301,0.20345248259074006,-0.037905327286697044,90,0.03657637149748538
6141.017256358818,1376.1455463528653,0.16554715530404301,0.19877175595729016,-0.033224600653247144,90,0.03657637149748538
6141.017256358818,1500.0,0.16554715530404301,0.19361687636910566,-0.02806972106506264,90,0.03657637149748538
6229.3368211524985,0.7,0.0031010208987873266,3.213647074100012e-06,0.0030978072517132264,90,0.042239660698610404
6229.3368211524985,0.7630006889770977,0.0031010208987873266,4.276331253136477e-06,0.00309674456753419,90,0.042239660698610404
6229.3368211524985,0.8316715019707511,0.0031010208987873266,5.669838464492651e-06,0.003095351060322834,90,0.042239660698610404
6229.3368211524985,0.9065227557232869,0.0031010208987873266,7.490247575630003e-06,0.0030935306512116967,90,0.042239660698610404
6229.3368211524985,0.9881106959861216,0.0031010208987873266,9.859337625086546e-06,0.00309116156116224,90,0.042239660698610404
6229.3368211524985,1.0770416311757862,0.0031010208987873266,1.2930797423120579e-05,0.003088090101364206,90,0.042239660698610404
6229.3368211524985,1.1739764380630602,0.0031010208987873266,1.6897746233211472e-05,0.003084123152554115,90,0.042239660698610404
6229.3368211524985,1.2796354729785626,0.0031010208987873266,2.200179154087026e-05,0.003079019107246456,90,0.042239660698610404
6229.3368211524985,1.3948039250316824,0.0031010208987873266,2.8543875848356414e-05,0.0030724770229389703,90,0.042239660698610404
6229.3368211524985,1.520337651124477,0.0031010208987873266,3.689718996424962e-05,0.003064123708823077,90,0.042239660698610404
6229.3368211524985,1.657169536122569,0.0031010208987873266,4.752245426009361e-05,0.003053498444527233,90,0.042239660698610404
6229.3368211524985,1.8063164254476822,0.0031010208987873266,6.0985890415610235e-05,0.0030400350083717165,90,0.042239660698610404
6229.3368211524985,1.9688866816103285,0.0031010208987873266,7.798022250718136e-05,0.003023040676280145,90,0.042239660698610404
6229.3368211524985,2.1460884208378745,0.0031010208987873266,9.934905578541753e-05,0.003001671843001909,90,0.042239660698610404
6229.3368211524985,2.339238491007243,0.0031010208987873266,0.00012611498162590933,0.002974905917161417,90,0.042239660698610404
6229.3368211524985,2.5497722576003894,0.0031010208987873266,0.00015951174501770474,0.0029415091537696217,90,0.042239660698610404
6229.3368211524985,2.7792542704054104,0.0031010208987873266,0.0002010207832837184,0.002900000115503608,90,0.042239660698610404
6229.3368211524985,3.0293898902312417,0.0031010208987873266,0.0002524123978522729,0.0028486085009350537,90,0.042239660698610404
6229.3368211524985,3.3020379620381313,0.0031010208987873266,0.000315791750858283,0.0027852291479290438,90,0.042239660698610404
6229.3368211524985,3.599224628662322,0.0031010208987873266,0.00039364978096556434,0.0027073711178217624,90,0.042239660698610404
6229.3368211524985,3.9231583877895577,0.0031010208987873266,0.0004889190037973146,0.002612101894990012,90,0.042239660698610404
6229.3368211524985,4.276246504071018,0.0031010208987873266,0.0006050339975583528,0.0024959869012289738,90,0.042239660698610404
6229.3368211524985,4.661112898345847,0.0031010208987873266,0.0007459961699785103,0.002355024728808816,90,0.042239660698610404
6229.3368211524985,5.080617646911311,0.0031010208987873266,0.0009164421553911419,0.002184578743396185,90,0.042239660698610404
6229.3368211524985,5.537878235746474,0.0031010208987873266,0.0011217148984066295,0.0019793060003806973,90,0.042239660698610404
6229.3368211524985,6.036292727636905,0.0031751902025847953,0.0013679361425847857,0.0018072540600000096,90,0.042239660698610404
6229.3368211524985,6.579565014363433,0.0031751902025847953,0.0016620786601773921,0.0015131115424074032,90,0.042239660698610404
6229.3368211524985,7.1717323416127225,0.0031751902025847953,0.002012036136582078,0.0011631540660027172,90,0.042239660698610404
6229.3368211524985,7.817195311156917,0.0031751902025847953,0.0024266881682991097,0.0007485020342856857,90,0.042239660698610404
6229.3368211524985,8.520750583258952,0.003187525728900584,0.0029159573578836865,0.00027156837101689757,90,0.042239660698610404
6229.3368211524985,9.287626522326553,0.004304170836592236,0.003490855010696469,0.0008133158258957669,90,0.042239660698610404
6229.3368211524985,10.123522050710184,0.006780582456201834,0.004163511479039409,0.0026170709771624256,90,0.042239660698610404
6229.3368211524985,11.03464899938101,0.006830186924743704,0.004947186788728701,0.0018830001360150023,90,0.042239660698610404
6229.3368211524985,12.027778270211655,0.008570828348517015,0.005856256857052796,0.002714571491464219,90,0.042239660698610404
6229.3368211524985,13.110290152907504,0.008796732889052236,0.006906170411380604,0.0018905624776716324,90,0.042239660698610404
6229.3368211524985,14.290229170511559,0.009125151587897257,0.008113371691635389,0.0010117798962618677,90,0.042239660698610404
6229.3368211524985,15.576363861058477,0.009313159717978558,0.009495184217917448,-0.00018202449993889001,90,0.042239660698610404
6229.3368211524985,16.978251939636557,0.0094968325272797,0.011069651377446333,-0.0015728188501666334,90,0.042239660698610404
6229.3368211524985,18.50631132509919,0.025256576466311437,0.01285533037931284,0.012401246086998597,90,0.042239660698610404
6229.3368211524985,20.17189755925049,0.02909412370454416,0.0148710372782785,0.01422308642626566,90,0.042239660698610404
6229.3368211524985,21.98738819383367,0.029258562718791115,0.01713554230081577,0.012123020417975344,90,0.042239660698610404
6229.3368211524985,23.966274772431408,0.033769922025888736,0.01966721661512347,0.014102705410765266,90,0.042239660698610404
6229.3368211524985,26.123263090828015,0.03627333239512576,0.022483633938843506,0.013789698456282251,90,0.042239660698610404
6229.3368211524985,28.474382480902506,0.05036932205166095,0.02560113290403212,0.02476818914762883,90,0.042239660698610404
6229.3368211524985,31.037104930180035,0.06284255969646767,0.02903434878888006,0.03380821090758761,90,0.042239660698610404
6229.3368211524985,33.83047492225976,0.08104916270637336,0.03279572592996221,0.04825343677641115,90,0.042239660698610404
6229.3368211524985,36.875250963009485,0.08715713355094892,0.036895024662582085,0.05026210888836684,90,0.042239660698610404
6229.3368211524985,40.194059844256586,0.08961716237220749,0.041338838790757886,0.0482783235814496,90,0.042239660698610404
6229.3368211524985,43.81156479136355,0.09163863770095898,0.04613014114527205,0.04550849655568693,90,0.042239660698610404
6229.3368211524985,47.75464874425019,0.09263273892351243,0.05126787554395676,0.041364863379555666,90,0.042239660698610404
6229.3368211524985,52.05261413388882,0.09427375051593827,0.056746613256588876,0.03752713725934939,90,0.042239660698610404
6229.3368211524985,56.737400638880295,0.09921916127346184,0.06255629079277271,0.03666287048068913,90,0.042239660698610404
6229.3368211524985,61.8438225403361,0.11477382055735452,0.06868204345275322,0.0460917771046013,90,0.042239660698610404
6229.3368211524985,67.40982743893404,0.1166232056541519,0.07510414568151208,0.04151905997263983,90,0.042239660698610404
6229.3368211524985,73.47677825676274,0.117662454333647,0.08179806501730091,0.035864389316346085,90,0.042239660698610404
6229.3368211524985,80.08976061961063,0.11799492106824302,0.08873463158720377,0.02926028948103926,90,0.042239660698610404
6229.3368211524985,87.29791790396244,0.12294757194967701,0.09588032000172514,0.02706725194795187,90,0.042239660698610404
6229.3368211524985,95.15481643855642,0.13435907881512757,0.10319763550074003,0.03116144331438754,90,0.042239660698610404
6229.3368211524985,103.71884357443969,0.13562366451989302,0.11064559166577789,0.02497807285411513,90,0.042239660698610404
6229.3368211524985,113.05364158172193,0.14407765277899656,0.11818026326055693,0.02589738951843963,90,0.042239660698610404
6229.3368211524985,123.22858059746237,0.1469523714325472,0.1257553950425908,0.02119697638995638,90,0.042239660698610404
6229.3368211524985,134.3192741393338,0.14977935798397846,0.13332304585750054,0.016456312126477912,90,0.042239660698610404
6229.3368211524985,146.40814101602186,0.15610417180301656,0.1408342470313586,0.01526992477165795,90,0.042239660698610404
6229.3368211524985,159.58501781011546,0.15911743928296979,0.14823965495721372,0.010877784325756062,90,0.042239660698610404
6229.3368211524985,173.9478264850578,0.1635241964611081,0.15549017968125434,0.00803401677985377,90,0.042239660698610404
6229.3368211524985,189.6033020773824,0.16346714540760937,0.16253757401525365,0.0009295713923557214,90,0.042239660698610404
6229.3368211524985,206.6677858819652,0.1647850447492795,0.1693349709780811,-0.0045499262288015985,90,0.042239660698610404
6229.3368211524985,225.26809002472953,0.16533131704698983,0.17583736093135632,-0.01050604388436649,90,0.042239660698610404
6229.3368211524985,245.54243984774803,0.16533131704698983,0.18200200336752748,-0.016670686320537642,90,0.042239660698610404
6229.3368211524985,267.64150110992745,0.16533131704698983,0.18778877171098635,-0.022457454663996512,90,0.042239660698610404
6229.3368211524985,291.72949963677064,0.16533131704698983,0.19316043252894413,-0.027829115481954297,90,0.042239660698610404
6229.3368211524985,317.9854417397141,0.16533131704698983,0.1980828630956224,-0.03275154604863256,90,0.042239660698610404
6229.3368211524985,346.6044444744125,0.16533131704698983,0.20252521323974687,-0.03719389619275704,90,0.042239660698610404
6229.3368211524985,377.7991856235726,0.16533131704698983,0.20646001880687836,-0.04112870175988853,90,0.042239660698610404
6229.3368211524985,411.801484179675,0.16533131704698983,0.2098632748986014,-0.04453195785161157,90,0.042239660698610404
6229.3368211524985,448.86402307269043,0.16533131704698983,0.2127144773522003,-0.047383160305210476,90,0.042239660698610404
6229.3368211524985,489.26222694499216,0.16533131704698983,0.21499664075790315,-0.04966532371091331,90,0.042239660698610404
6229.3368211524985,533.2963089278549,0.16533131704698983,0.21669630074635182,-0.05136498369936199,90,0.042239660698610404
6229.3368211524985,581.2935016298517,0.16533131704698983,0.2178035073893832,-0.052472190342393366,90,0.042239660698610404
6229.3368211524985,633.6104889164096,0.16533131704698983,0.21831181541250383,-0.052980498365513995,90,0.042239660698610404
6229.3368211524985,690.6360565519087,0.16533131704698983,0.21821827558181267,-0.05288695853482284,90,0.042239660698610404
6229.3368211524985,752.7939814021893,0.16533131704698983,0.21752343015888936,-0.05219211311189953,90,0.042239660698610404
6229.3368211524985,820.546180668118,0.16533131704698983,0.21623131376510843,-0.050899996718118595,90,0.042239660698610404
6229.3368211524985,894.3961445532864,0.16533131704698983,0.21434945940790942,-0.04901814236091959,90,0.042239660698610404
6229.3368211524985,974.8926778751674,0.16533131704698983,0.211888907839376,-0.046557590792386166,90,0.042239660698610404
6229.3368211524985,1062.6339784249726,0.16533131704698983,0.20886421688602097,-0.043532899839031136,90,0.042239660698610404
6229.3368211524985,1158.2720823838974,0.16533131704698983,0.2052934659552461,-0.03996214890825628,90,0.042239660698610404
6229.3368211524985,1262.5177098312156,0.16533131704698983,0.2011982496411554,-0.03586693259416557,90,0.042239660698610404
6229.3368211524985,1376.1455463528653,0.16533131704698983,0.19660365327977797,-0.031272336232788134,90,0.042239660698610404
6229.3368211524985,1500.0,0.16533131704698983,0.19153820250748704,-0.02620688546049721,90,0.042239660698610404
6318.926590083332,0.7,0.0030305839917785155,3.095662409088682e-06,0.0030274883293694268,90,0.048441156815269615
6318.926590083332,0.7630006889770977,0.0030305839917785155,4.120466415030495e-06,0.003026463525363485,90,0.048441156815269615
6318.926590083332,0.8316715019707511,0.0030305839917785155,5.464687814845869e-06,0.0030251193039636695,90,0.048441156815269615
6318.926590083332,0.9065227557232869,0.0030305839917785155,7.2212184201084235e-06,0.003023362773358407,90,0.048441156815269615
6318.926590083332,0.9881106959861216,0.0030305839917785155,9.50783624886448e-06,0.003021076155529651,90,0.048441156815269615
6318.926590083332,1.0770416311757862,0.0030305839917785155,1.247322965485465e-05,0.0030181107621236607,90,0.048441156815269615
6318.926590083332,1.1739764380630602,0.0030305839917785155,1.6304296454905605e-05,0.00301427969532361,90,0.048441156815269615
6318.926590083332,1.2796354729785626,0.0030305839917785155,2.1234938652218865e-05,0.0030093490531262965,90,0.048441156815269615
6318.926590083332,1.3948039250316824,0.0030305839917785155,2.7556598882220177e-05,0.0030030273928962955,90,0.048441156815269615
6318.926590083332,1.520337651124477,0.0030305839917785155,3.563080991619343e-05,0.002994953181862322,90,0.048441156815269615
6318.926590083332,1.657169536122569,0.0030305839917785155,4.590405236028053e-05,0.002984679939418235,90,0.048441156815269615
6318.926590083332,1.8063164254476822,0.0030305839917785155,5.892523670382623e-05,0.0029716587550746893,90,0.048441156815269615
6318.926590083332,1.9688866816103285,0.0030305839917785155,7.536614239459863e-05,0.002955217849383917,90,0.048441156815269615
6318.926590083332,2.1460884208378745,0.0030305839917785155,9.604515658654365e-05,0.002934538835191972,90,0.048441156815269615
6318.926590083332,2.339238491007243,0.0030305839917785155,0.00012195465617909406,0.0029086293355994213,90,0.048441156815269615
6318.926590083332,2.5497722576003894,0.0030305839917785155,0.00015429236591947847,0.002876291625859037,90,0.048441156815269615
6318.926590083332,2.7792542704054104,0.0030305839917785155,0.0001944969994629891,0.0028360869923155264,90,0.048441156815269615
6318.926590083332,3.0293898902312417,0.0030305839917785155,0.0002442884458161113,0.002786295545962404,90,0.048441156815269615
6318.926590083332,3.3020379620381313,0.0030305839917785155,0.0003057126966533716,0.002724871295125144,90,0.048441156815269615
6318.926590083332,3.599224628662322,0.0030305839917785155,0.00038119161650802157,0.002649392375270494,90,0.048441156815269615
6318.926590083332,3.9231583877895577,0.0030305839917785155,0.0004735775335980252,0.00255700645818049,90,0.048441156815269615
6318.926590083332,4.276246504071018,0.0030305839917785155,0.0005862124699451849,0.0024443715218333308,90,0.048441156815269615
6318.926590083332,4.661112898345847,0.0030305839917785155,0.0007229916316649566,0.002307592360113559,90,0.048441156815269615
6318.926590083332,5.080617646911311,0.0030305839917785155,0.0008884305406408926,0.002142153451137623,90,0.048441156815269615
6318.926590083332,5.537878235746474,0.0030305839917785155,0.0010877349050266295,0.001942849086751886,90,0.048441156815269615
6318.926590083332,6.036292727636905,0.003104753295575984,0.001326871997362618,0.001777881298213366,90,0.048441156815269615
6318.926590083332,6.579565014363433,0.003104753295575984,0.001612641936778198,0.001492111358797786,90,0.048441156815269615
6318.926590083332,7.1717323416127225,0.003104753295575984,0.0019527468596413113,0.0011520064359346726,90,0.048441156815269615
6318.926590083332,7.817195311156917,0.003104753295575984,0.00235585551835408,0.0007488977772219037,90,0.048441156815269615
6318.926590083332,8.520750583258952,0.003117088821891773,0.0028316603821479016,0.0002854284397438714,90,0.048441156815269615
6318.926590083332,9.287626522326553,0.004228406361174552,0.0033909238429993445,0.0008374825181752072,90,0.048441156815269615
6318.926590083332,10.123522050710184,0.006691214832890485,0.00404550967608713,0.002645705156803355,90,0.048441156815269615
6318.926590083332,11.03464899938101,0.006739196579918274,0.004808395495625873,0.0019308010842924014,90,0.048441156815269615
6318.926590083332,12.027778270211655,0.008473537508478854,0.005693661617922837,0.002779875890556017,90,0.048441156815269615
6318.926590083332,13.110290152907504,0.008699442049014076,0.006716451534730357,0.0019829905142837185,90,0.048441156815269615
6318.926590083332,14.290229170511559,0.009030731177502803,0.007892899157241354,0.0011378320202614488,90,0.048441156815269615
6318.926590083332,15.576363861058477,0.009218739307584102,0.009240018163623043,-2.1278856038940697e-05,90,0.048441156815269615
6318.926590083332,16.978251939636557,0.009402087749499874,0.010775549220537783,-0.0013734614710379095,90,0.048441156815269615
6318.926590083332,18.50631132509919,0.02513622100670455,0.012517761597804105,0.012618459408900445,90,0.048441156815269615
6318.926590083332,20.17189755925049,0.028975803887895772,0.014485206792472314,0.014490597095423458,90,0.048441156815269615
6318.926590083332,21.98738819383367,0.029139668147473482,0.016696423246158606,0.012443244901314876,90,0.048441156815269615
6318.926590083332,23.966274772431408,0.03364076849610689,0.019169593077318067,0.014471175418788826,90,0.048441156815269615
6318.926590083332,26.123263090828015,0.03613803055472678,0.02192215392887095,0.014215876625855831,90,0.048441156815269615
6318.926590083332,28.474382480902506,0.05021958626021384,0.024970371486708692,0.025249214773505148,90,0.048441156815269615
6318.926590083332,31.037104930180035,0.06265572207148541,0.028328880852631695,0.03432684121885372,90,0.048441156815269615
6318.926590083332,33.83047492225976,0.08083805591311322,0.03201020761346332,0.048827848299649895,90,0.048441156815269615
6318.926590083332,36.875250963009485,0.08690794552339566,0.03602428195877757,0.05088366356461809,90,0.048441156815269615
6318.926590083332,40.194059844256586,0.08936526847520523,0.04037796136007863,0.0489873071151266,90,0.048441156815269615
6318.926590083332,43.81156479136355,0.09138512738812953,0.0450745789219739,0.04631054846615563,90,0.048441156815269615
6318.926590083332,47.75464874425019,0.09237855797894307,0.050113535349198386,0.04226502262974468,90,0.048441156815269615
6318.926590083332,52.05261413388882,0.09401609118287217,0.055489952374813856,0.038526138808058316,90,0.048441156815269615
6318.926590083332,56.737400638880295,0.0989528218225088,0.06119440435498507,0.037758417467523724,90,0.048441156815269615
6318.926590083332,61.8438225403361,0.1144809761436341,0.06721274252344027,0.047268233620193834,90,0.048441156815269615
6318.926590083332,67.40982743893404,0.1163303612404315,0.07352602317528384,0.04280433806514766,90,0.048441156815269615
6318.926590083332,73.47677825676274,0.11736960991992659,0.0801105469725268,0.03725906294739979,90,0.048441156815269615
6318.926590083332,80.08976061961063,0.11770207665452262,0.08693801187784624,0.030764064776676384,90,0.048441156815269615
6318.926590083332,87.29791790396244,0.12264460314218205,0.09397577724216372,0.028668825900018333,90,0.048441156815269615
6318.926590083332,95.15481643855642,0.13405611000763262,0.10118723164761192,0.0328688783600207,90,0.048441156815269615
6318.926590083332,103.71884357443969,0.13531725140038295,0.10853225259489165,0.026784998805491303,90,0.048441156815269615
6318.926590083332,113.05364158172193,0.14376558588067606,0.11596774234319678,0.027797843537479286,90,0.048441156815269615
6318.926590083332,123.22858059746237,0.14664030453422675,0.12344822141490404,0.023192083119322707,90,0.048441156815269615
6318.926590083332,134.3192741393338,0.14946729108565796,0.1309264596281079,0.01854083145755006,90,0.048441156815269615
6318.926590083332,146.40814101602186,0.15579210490469605,0.1383541240763509,0.017437980828345162,90,0.048441156815269615
6318.926590083332,159.58501781011546,0.15880537238464934,0.14568242419226762,0.013122948192381717,90,0.048441156815269615
6318.926590083332,173.9478264850578,0.1632121295627876,0.15286273577545417,0.010349393787333433,90,0.048441156815269615
6318.926590083332,189.6033020773824,0.16315507850928893,0.15984718843061593,0.0033078900786729926,90,0.048441156815269615
6318.926590083332,206.6677858819652,0.164472977850959,0.1665892040031821,-0.002116226152223122,90,0.048441156815269615
6318.926590083332,225.26809002472953,0.16501925014866933,0.17304397705435073,-0.0080247269056814,90,0.048441156815269615
6318.926590083332,245.54243984774803,0.16501925014866933,0.17916889193443236,-0.014149641785763029,90,0.048441156815269615
6318.926590083332,267.64150110992745,0.16501925014866933,0.18492387437118277,-0.019904624222513434,90,0.048441156815269615
6318.926590083332,291.72949963677064,0.16501925014866933,0.19027167851114835,-0.025252428362479012,90,0.048441156815269615
6318.926590083332,317.9854417397141,0.16501925014866933,0.19517811290984824,-0.030158862761178906,90,0.048441156815269615
6318.926590083332,346.6044444744125,0.16501925014866933,0.1996122109846025,-0.03459296083593316,90,0.048441156815269615
6318.926590083332,377.7991856235726,0.16501925014866933,0.20354635289190057,-0.038527102743231234,90,0.048441156815269615
6318.926590083332,411.801484179675,0.16501925014866933,0.20695634667776897,-0.04193709652909963,90,0.048441156815269615
6318.926590083332,448.86402307269043,0.16501925014866933,0.20982147691198866,-0.044802226763319325,90,0.048441156815269615
6318.926590083332,489.26222694499216,0.16501925014866933,0.21212452891200131,-0.04710527876333198,90,0.048441156815269615
6318.926590083332,533.2963089278549,0.16501925014866933,0.21385179615727318,-0.048832546008603844,90,0.048441156815269615
6318.926590083332,581.2935016298517,0.16501925014866933,0.2149930776605464,-0.04997382751187707,90,0.048441156815269615
6318.926590083332,633.6104889164096,0.16501925014866933,0.21554167096779145,-0.050522420819122116,90,0.048441156815269615
6318.926590083332,690.6360565519087,0.16501925014866933,0.21549436516770135,-0.05047511501903201,90,0.048441156815269615
6318.926590083332,752.7939814021893,0.16501925014866933,0.2148514368618041,-0.049832186713134774,90,0.048441156815269615
6318.926590083332,820.546180668118,0.16501925014866933,0.21361665052909337,-0.04859740038042404,90,0.048441156815269615
6318.926590083332,894.3961445532864,0.16501925014866933,0.21179726316113925,-0.04677801301246992,90,0.048441156815269615
6318.926590083332,974.8926778751674,0.16501925014866933,0.20940403148920853,-0.04438478134053919,90,0.048441156815269615
6318.926590083332,1062.6339784249726,0.16501925014866933,0.20645121861837976,-0.04143196846971042,90,0.048441156815269615
6318.926590083332,1158.2720823838974,0.16501925014866933,0.2029565954723371,-0.03793734532366777,90,0.048441156815269615
6318.926590083332,1262.5177098312156,0.16501925014866933,0.1989414311886834,-0.03392218104001407,90,0.048441156815269615
6318.926590083332,1376.1455463528653,0.16501925014866933,0.19443046554687546,-0.029411215398206125,90,0.048441156815269615
6318.926590083332,1500.0,0.16501925014866933,0.18945185572407514,-0.024432605575405802,90,0.048441156815269615
6409.804831114408,0.7,0.003007765422259045,3.016420029253423e-06,0.0030047490022297916,90,0.054642652931928826
6409.804831114408,0.7630006889770977,0.003007765422259045,4.016097264250062e-06,0.003003749324994795,90,0.054642652931928826
6409.804831114408,0.8316715019707511,0.003007765422259045,5.3277375763017095e-06,0.0030024376846827434,90,0.054642652931928826
6409.804831114408,0.9065227557232869,0.003007765422259045,7.0421874108811065e-06,0.0030007232348481638,90,0.054642652931928826
6409.804831114408,0.9881106959861216,0.003007765422259045,9.274669127734394e-06,0.0029984907531313107,90,0.054642652931928826
6409.804831114408,1.0770416311757862,0.003007765422259045,1.2170692555442394e-05,0.0029955947297036025,90,0.054642652931928826
6409.804831114408,1.1739764380630602,0.003007765422259045,1.5913220726857922e-05,0.002991852201532187,90,0.054642652931928826
6409.804831114408,1.2796354729785626,0.003007765422259045,2.073130758269102e-05,0.002987034114676354,90,0.054642652931928826
6409.804831114408,1.3948039250316824,0.003007765422259045,2.6910450844614274e-05,0.0029808549714144305,90,0.054642652931928826
6409.804831114408,1.520337651124477,0.003007765422259045,3.480492842586737e-05,0.0029729604938331777,90,0.054642652931928826
6409.804831114408,1.657169536122569,0.003007765422259045,4.4852410605999285e-05,0.0029629130116530455,90,0.054642652931928826
6409.804831114408,1.8063164254476822,0.003007765422259045,5.7591161396603186e-05,0.0029501742608624417,90,0.054642652931928826
6409.804831114408,1.9688866816103285,0.003007765422259045,7.368015939284026e-05,0.002934085262866205,90,0.054642652931928826
6409.804831114408,2.1460884208378745,0.003007765422259045,9.392247891518584e-05,0.002913842943343859,90,0.054642652931928826
6409.804831114408,2.339238491007243,0.003007765422259045,0.00011929227399729936,0.0028884731482617457,90,0.054642652931928826
6409.804831114408,2.5497722576003894,0.003007765422259045,0.00015096569798456468,0.0028567997242744804,90,0.054642652931928826
6409.804831114408,2.7792542704054104,0.003007765422259045,0.00019035606700797055,0.0028174093552510745,90,0.054642652931928826
6409.804831114408,3.0293898902312417,0.003007765422259045,0.00023915353286620245,0.0027686118893928426,90,0.054642652931928826
6409.804831114408,3.3020379620381313,0.003007765422259045,0.00029936946605257724,0.002708395956206468,90,0.054642652931928826
6409.804831114408,3.599224628662322,0.003007765422259045,0.0003733856587415757,0.0026343797635174694,90,0.054642652931928826
6409.804831114408,3.9231583877895577,0.003007765422259045,0.0004640083363322733,0.0025437570859267716,90,0.054642652931928826
6409.804831114408,4.276246504071018,0.003007765422259045,0.000574526810522152,0.002433238611736893,90,0.054642652931928826
6409.804831114408,4.661112898345847,0.003007765422259045,0.000708776413028391,0.002298989009230654,90,0.054642652931928826
6409.804831114408,5.080617646911311,0.003007765422259045,0.0008712051137358805,0.0021365603085231645,90,0.054642652931928826
6409.804831114408,5.537878235746474,0.003007765422259045,0.001066942947929805,0.00194082247432924,90,0.054642652931928826
6409.804831114408,6.036292727636905,0.0030819347260565137,0.0013018730534655684,0.0017800616725909453,90,0.054642652931928826
6409.804831114408,6.579565014363433,0.0030819347260565137,0.001582702751286549,0.0014992319747699646,90,0.054642652931928826
6409.804831114408,7.1717323416127225,0.0030819347260565137,0.0019170326952479767,0.001164902030808537,90,0.054642652931928826
6409.804831114408,7.817195311156917,0.0030819347260565137,0.0023134216766636136,0.0007685130493929001,90,0.054642652931928826
6409.804831114408,8.520750583258952,0.0030942702523723033,0.0027814442063404153,0.0003128260460318879,90,0.054642652931928826
6409.804831114408,9.287626522326553,0.004204055105637201,0.003331737527918777,0.0008723175777184244,90,0.054642652931928826
6409.804831114408,10.123522050710184,0.006662111790456237,0.0039760342624539655,0.0026860775280022715,90,0.054642652931928826
6409.804831114408,11.03464899938101,0.0067095769079765595,0.004727176472820345,0.0019824004351562145,90,0.054642652931928826
6409.804831114408,12.027778270211655,0.008441794920951068,0.005599106601513249,0.0028426883194378185,90,0.054642652931928826
6409.804831114408,13.110290152907504,0.008667699461486291,0.00660683051673135,0.0020608689447549414,90,0.054642652931928826
6409.804831114408,14.290229170511559,0.008999294480547931,0.007766347844495239,0.0012329466360526918,90,0.054642652931928826
6409.804831114408,15.576363861058477,0.009187302610629233,0.009094544917792134,9.275769283709906e-05,90,0.054642652931928826
6409.804831114408,16.978251939636557,0.009370533240254794,0.010609046086895413,-0.0012385128466406194,90,0.054642652931928826
6409.804831114408,18.50631132509919,0.02509374309834567,0.012328019854439229,0.012765723243906442,90,0.054642652931928826
6409.804831114408,20.17189755925049,0.028932630830729514,0.014269937362497622,0.014662693468231892,90,0.054642652931928826
6409.804831114408,21.98738819383367,0.02909647923611343,0.016453282190152952,0.012643197045960477,90,0.054642652931928826
6409.804831114408,23.966274772431408,0.03359503384872401,0.018896212220624316,0.014698821628099695,90,0.054642652931928826
6409.804831114408,26.123263090828015,0.036090376286498735,0.02161617648023815,0.014474199806260586,90,0.054642652931928826
6409.804831114408,28.474382480902506,0.05016817177416907,0.0246294922760816,0.025538679498087465,90,0.054642652931928826
6409.804831114408,31.037104930180035,0.0625953156833505,0.02795089056526931,0.03464442511808119,90,0.054642652931928826
6409.804831114408,33.83047492225976,0.08077123698191287,0.031593040137379826,0.04917819684453304,90,0.054642652931928826
6409.804831114408,36.875250963009485,0.08683062976238319,0.035566063708542234,0.05126456605384096,90,0.054642652931928826
6409.804831114408,40.194059844256586,0.08928772655414001,0.03987706121070074,0.04941066534343927,90,0.054642652931928826
6409.804831114408,43.81156479136355,0.09130735636982563,0.04452965720163504,0.04677769916819059,90,0.054642652931928826
6409.804831114408,47.75464874425019,0.09230054338294078,0.04952359021818389,0.04277695316475689,90,0.054642652931928826
6409.804831114408,52.05261413388882,0.09393695099055352,0.054854361876769835,0.039082589113783685,90,0.054642652931928826
6409.804831114408,56.737400638880295,0.09887156240524493,0.06051296247751618,0.03835859992772875,90,0.054642652931928826
6409.804831114408,61.8438225403361,0.11439205398999303,0.06648568775340032,0.04790636623659271,90,0.054642652931928826
6409.804831114408,67.40982743893404,0.11624143908679042,0.07275405827731557,0.043487380809474854,90,0.054642652931928826
6409.804831114408,73.47677825676274,0.11728068776628552,0.07929484904648122,0.037985838719804293,90,0.054642652931928826
6409.804831114408,80.08976061961063,0.11761315450088154,0.08608023214273659,0.03153292235814495,90,0.054642652931928826
6409.804831114408,87.29791790396244,0.12255385201600913,0.09307803042595705,0.029475821590052076,90,0.054642652931928826
6409.804831114408,95.15481643855642,0.13396535888145966,0.10025207530403647,0.03371328357742319,90,0.054642652931928826
6409.804831114408,103.71884357443969,0.13522579681037974,0.10756265709001407,0.027663139720365673,90,0.054642652931928826
6409.804831114408,113.05364158172193,0.14367233294391543,0.11496705262719342,0.02870528031672201,90,0.054642652931928826
6409.804831114408,123.22858059746237,0.1465470515974661,0.12242011199433801,0.024126939603128075,90,0.054642652931928826
6409.804831114408,134.3192741393338,0.14937403814889735,0.1298748843641391,0.01949915378475825,90,0.054642652931928826
6409.804831114408,146.40814101602186,0.15569885196793543,0.13728326254579035,0.01841558942214508,90,0.054642652931928826
6409.804831114408,159.58501781011546,0.15871211944788866,0.1445966263607772,0.014115493087111464,90,0.054642652931928826
6409.804831114408,173.9478264850578,0.16311887662602695,0.15176646665270077,0.011352409973326177,90,0.054642652931928826
6409.804831114408,189.6033020773824,0.16306182557252827,0.15874497421928094,0.004316851353247331,90,0.054642652931928826
6409.804831114408,206.6677858819652,0.16437972491419836,0.16548558103515215,-0.001105856120953791,90,0.054642652931928826
6409.804831114408,225.26809002472953,0.1649259972119087,0.17194344454813532,-0.007017447336226612,90,0.054642652931928826
6409.804831114408,245.54243984774803,0.1649259972119087,0.1780758693280095,-0.013149872116100803,90,0.054642652931928826
6409.804831114408,267.64150110992745,0.1649259972119087,0.1838426637027153,-0.01891666649080659,90,0.054642652931928826
6409.804831114408,291.72949963677064,0.1649259972119087,0.1892064320522681,-0.024280434840359383,90,0.054642652931928826
6409.804831114408,317.9854417397141,0.1649259972119087,0.19413280601493693,-0.029206808803028228,90,0.054642652931928826
6409.804831114408,346.6044444744125,0.1649259972119087,0.19859061991345137,-0.03366462270154266,90,0.054642652931928826
6409.804831114408,377.7991856235726,0.1649259972119087,0.2025520371974729,-0.037626039985564186,90,0.054642652931928826
6409.804831114408,411.801484179675,0.1649259972119087,0.20599263562752337,-0.04106663841561467,90,0.054642652931928826
6409.804831114408,448.86402307269043,0.1649259972119087,0.20889145932979894,-0.043965462117890236,90,0.054642652931928826
6409.804831114408,489.26222694499216,0.1649259972119087,0.21123104578569707,-0.046305048573788365,90,0.054642652931928826
6409.804831114408,533.2963089278549,0.1649259972119087,0.21299743535055943,-0.048071438138650724,90,0.054642652931928826
6409.804831114408,581.2935016298517,0.1649259972119087,0.21418017009322562,-0.04925417288131692,90,0.054642652931928826
6409.804831114408,633.6104889164096,0.1649259972119087,0.21477228768028553,-0.049846290468376825,90,0.054642652931928826
6409.804831114408,690.6360565519087,0.1649259972119087,0.2147703147604662,-0.049844317548557504,90,0.054642652931928826
6409.804831114408,752.7939814021893,0.1649259972119087,0.2141742628932402,-0.049248265681331505,90,0.054642652931928826
6409.804831114408,820.546180668118,0.1649259972119087,0.21298762856323386,-0.04806163135132516,90,0.054642652931928826
6409.804831114408,894.3961445532864,0.1649259972119087,0.2112173972752745,-0.046291400063365795,90,0.054642652931928826
6409.804831114408,974.8926778751674,0.1649259972119087,0.20887405017834376,-0.04394805296643506,90,0.054642652931928826
6409.804831114408,1062.6339784249726,0.1649259972119087,0.20597157016462003,-0.04104557295271133,90,0.054642652931928826
6409.804831114408,1158.2720823838974,0.1649259972119087,0.20252744297923378,-0.037601445767325076,90,0.054642652931928826
6409.804831114408,1262.5177098312156,0.1649259972119087,0.1985626476090308,-0.0336366503971221,90,0.054642652931928826
6409.804831114408,1376.1455463528653,0.1649259972119087,0.19410162915247578,-0.029175631940567076,90,0.054642652931928826
6409.804831114408,1500.0,0.1649259972119087,0.18917224657189644,-0.02424624935998773,90,0.054642652931928826
6501.990074937045,0.7,0.002998320675233521,2.9454618321295614e-06,0.0029953752134013914,90,0.060844149048588037
6501.990074937045,0.7630006889770977,0.002998320675233521,3.922702987141356e-06,0.0029943979722463795,90,0.060844149048588037
6501.990074937045,0.8316715019707511,0.002998320675233521,5.205274685019318e-06,0.0029931154005485017,90,0.060844149048588037
6501.990074937045,0.9065227557232869,0.002998320675233521,6.882211792139127e-06,0.002991438463441382,90,0.060844149048588037
6501.990074937045,0.9881106959861216,0.002998320675233521,9.066475920955004e-06,0.0029892541993125662,90,0.060844149048588037
6501.990074937045,1.0770416311757862,0.002998320675233521,1.1900768796029797e-05,0.002986419906437491,90,0.060844149048588037
6501.990074937045,1.1739764380630602,0.002998320675233521,1.55645819241552e-05,0.002982756093309366,90,0.060844149048588037
6501.990074937045,1.2796354729785626,0.002998320675233521,2.0282698028912493e-05,0.0029780379772046087,90,0.060844149048588037
6501.990074937045,1.3948039250316824,0.002998320675233521,2.6335385059008138e-05,0.002971985290174513,90,0.060844149048588037
6501.990074937045,1.520337651124477,0.002998320675233521,3.407054875139382e-05,0.002964250126482127,90,0.060844149048588037
6501.990074937045,1.657169536122569,0.002998320675233521,4.391813368672745e-05,0.0029544025415467936,90,0.060844149048588037
6501.990074937045,1.8063164254476822,0.002998320675233521,5.6407084191496694e-05,0.0029419135910420243,90,0.060844149048588037
6501.990074937045,1.9688866816103285,0.002998320675233521,7.218519367316542e-05,0.0029261354815603557,90,0.060844149048588037
6501.990074937045,2.1460884208378745,0.002998320675233521,9.204218202755005e-05,0.002906278493205971,90,0.060844149048588037
6501.990074937045,2.339238491007243,0.002998320675233521,0.000116936343265057,0.002881384331968464,90,0.060844149048588037
6501.990074937045,2.5497722576003894,0.002998320675233521,0.00014802509671454987,0.002850295578518971,90,0.060844149048588037
6501.990074937045,2.7792542704054104,0.002998320675233521,0.00018669975194944994,0.002811620923284071,90,0.060844149048588037
6501.990074937045,3.0293898902312417,0.002998320675233521,0.0002346247564496632,0.002763695918783858,90,0.060844149048588037
6501.990074937045,3.3020379620381313,0.002998320675233521,0.00029378163216139036,0.0027045390430721307,90,0.060844149048588037
6501.990074937045,3.599224628662322,0.002998320675233521,0.00036651771850560095,0.00263180295672792,90,0.060844149048588037
6501.990074937045,3.9231583877895577,0.002998320675233521,0.0004555997208566299,0.002542720954376891,90,0.060844149048588037
6501.990074937045,4.276246504071018,0.002998320675233521,0.0005642719109512046,0.0024340487642823165,90,0.060844149048588037
6501.990074937045,4.661112898345847,0.002998320675233521,0.0006963186352462202,0.002302002039987301,90,0.060844149048588037
6501.990074937045,5.080617646911311,0.002998320675233521,0.000856130555623214,0.0021421901196103073,90,0.060844149048588037
6501.990074937045,5.537878235746474,0.002998320675233521,0.0010487737716552465,0.0019495469035782746,90,0.060844149048588037
6501.990074937045,6.036292727636905,0.003072489979030989,0.0012800606538858035,0.0017924293251451854,90,0.060844149048588037
6501.990074937045,6.579565014363433,0.003072489979030989,0.0015566208540954373,0.0015158691249355517,90,0.060844149048588037
6501.990074937045,7.1717323416127225,0.003072489979030989,0.0018859705547506244,0.0011865194242803646,90,0.060844149048588037
6501.990074937045,7.817195311156917,0.003072489979030989,0.0022765775823709662,0.0007959123966600227,90,0.060844149048588037
6501.990074937045,8.520750583258952,0.0030848255053467786,0.0027379195490367207,0.00034690595631005784,90,0.060844149048588037
6501.990074937045,9.287626522326553,0.00419391589638806,0.003280531718075963,0.0009133841783120966,90,0.060844149048588037
6501.990074937045,10.123522050710184,0.006649852895725432,0.00391604083499208,0.002733812060733352,90,0.060844149048588037
6501.990074937045,11.03464899938101,0.0066970526862606084,0.004657180749843991,0.0020398719364166174,90,0.060844149048588037
6501.990074937045,12.027778270211655,0.008428362344340776,0.005517785315836271,0.0029105770285045053,90,0.060844149048588037
6501.990074937045,13.110290152907504,0.008654266884876001,0.006512753820247121,0.0021415130646288806,90,0.060844149048588037
6501.990074937045,14.290229170511559,0.0089858820853846,0.007657984132815333,0.0013278979525692663,90,0.060844149048588037
6501.990074937045,15.576363861058477,0.0091738902154659,0.008970268891822928,0.00020362132364297285,90,0.060844149048588037
6501.990074937045,16.978251939636557,0.00935708941137382,0.010467150438863237,-0.0011100610274894177,90,0.060844149048588037
6501.990074937045,18.50631132509919,0.02507510110439893,0.01216673090632619,0.01290837019807274,90,0.060844149048588037
6501.990074937045,20.17189755925049,0.028913552784893992,0.014087434895681655,0.014826117889212337,90,0.060844149048588037
6501.990074937045,21.98738819383367,0.02907739447648953,0.016247723584317288,0.012829670892172244,90,0.060844149048588037
6501.990074937045,23.966274772431408,0.033574766287768995,0.018665760867649213,0.014909005420119782,90,0.060844149048588037
6501.990074937045,26.123263090828015,0.036069047234935446,0.021359034257199587,0.014710012977735859,90,0.060844149048588037
6501.990074937045,28.474382480902506,0.05014511634862022,0.02434393565598257,0.02580118069263765,90,0.060844149048588037
6501.990074937045,31.037104930180035,0.06256859527652399,0.027635309723276998,0.03493328555324699,90,0.060844149048588037
6501.990074937045,33.83047492225976,0.080741374006358,0.031245980185926503,0.0494953938204315,90,0.060844149048588037
6501.990074937045,36.875250963009485,0.08679586801470468,0.035186266981305135,0.051609601033399545,90,0.060844149048588037
6501.990074937045,40.194059844256586,0.08925286962324111,0.039463509329852035,0.049789360293389075,90,0.060844149048588037
6501.990074937045,43.81156479136355,0.09127243370367218,0.04408161152221754,0.047190822181454636,90,0.060844149048588037
6501.990074937045,47.75464874425019,0.09226555572736576,0.04904062916444766,0.043224926562918105,90,0.060844149048588037
6501.990074937045,52.05261413388882,0.09390142158950557,0.05433641368140022,0.03956500790810535,90,0.060844149048588037
6501.990074937045,56.737400638880295,0.09883517572492394,0.05996033191478186,0.03887484381014208,90,0.060844149048588037
6501.990074937045,61.8438225403361,0.11435179689560117,0.06589907562393833,0.048452721271662835,90,0.060844149048588037
6501.990074937045,67.40982743893404,0.11620118199239858,0.0721345726508053,0.044066609341593274,90,0.060844149048588037
6501.990074937045,73.47677825676274,0.11724043067189364,0.07864400758654075,0.038596423085352896,90,0.060844149048588037
6501.990074937045,80.08976061961063,0.11757289740648967,0.08539995520683857,0.0321729421996511,90,0.060844149048588037
6501.990074937045,87.29791790396244,0.12251302182134997,0.09237062502757667,0.0301423967937733,90,0.060844149048588037
6501.990074937045,95.15481643855642,0.13392452868680052,0.09952021041724057,0.03440431826955995,90,0.060844149048588037
6501.990074937045,103.71884357443969,0.1351847463397499,0.10680933114073525,0.02837541519901464,90,0.060844149048588037
6501.990074937045,113.05364158172193,0.1436303555733675,0.1141955543255818,0.029434801247785705,90,0.060844149048588037
6501.990074937045,123.22858059746237,0.14650507422691816,0.1216339758990141,0.02487109832790406,90,0.060844149048588037
6501.990074937045,134.3192741393338,0.14933206077834943,0.12907784271891126,0.020254218059438167,90,0.060844149048588037
6501.990074937045,146.40814101602186,0.1556568745973875,0.1364791949872386,0.019177679610148907,90,0.060844149048588037
6501.990074937045,159.58501781011546,0.15867014207734076,0.1437895090635307,0.014880633013810068,90,0.060844149048588037
6501.990074937045,173.9478264850578,0.16307689925547908,0.15096032236753962,0.012116576887939462,90,0.060844149048588037
6501.990074937045,189.6033020773824,0.16301984820198037,0.15794382448189798,0.0050760237200823954,90,0.060844149048588037
6501.990074937045,206.6677858819652,0.16433774754365044,0.1646934015983618,-0.00035565405471135736,90,0.060844149048588037
6501.990074937045,225.26809002472953,0.16488401984136078,0.17116412483666618,-0.006280104995305402,90,0.060844149048588037
6501.990074937045,245.54243984774803,0.16488401984136078,0.177313176451402,-0.012429156610041209,90,0.060844149048588037
6501.990074937045,267.64150110992745,0.16488401984136078,0.18310021130492102,-0.01821619146356024,90,0.060844149048588037
6501.990074937045,291.72949963677064,0.16488401984136078,0.18848765403998033,-0.02360363419861955,90,0.060844149048588037
6501.990074937045,317.9854417397141,0.16488401984136078,0.19344093500063606,-0.028556915159275276,90,0.060844149048588037
6501.990074937045,346.6044444744125,0.16488401984136078,0.19792867004020276,-0.03304465019884198,90,0.060844149048588037
6501.990074937045,377.7991856235726,0.16488401984136078,0.20192279088392345,-0.037038771042562674,90,0.060844149048588037
6501.990074937045,411.801484179675,0.16488401984136078,0.20539863368374855,-0.040514613842387776,90,0.060844149048588037
6501.990074937045,448.86402307269043,0.16488401984136078,0.20833499384591497,-0.043450974004554194,90,0.060844149048588037
6501.990074937045,489.26222694499216,0.16488401984136078,0.21071415518220296,-0.04583013534084218,90,0.060844149048588037
6501.990074937045,533.2963089278549,0.16488401984136078,0.21252190099803892,-0.047637881156678136,90,0.060844149048588037
6501.990074937045,581.2935016298517,0.16488401984136078,0.21374751395473646,-0.04886349411337568,90,0.060844149048588037
6501.990074937045,633.6104889164096,0.16488401984136078,0.21438377049791713,-0.049499750656556346,90,0.060844149048588037
6501.990074937045,690.6360565519087,0.16488401984136078,0.21442693439378227,-0.04954291455242149,90,0.060844149048588037
6501.990074937045,752.7939814021893,0.16488401984136078,0.2138767525176453,-0.04899273267628451,90,0.060844149048588037
6501.990074937045,820.546180668118,0.16488401984136078,0.21273645454703968,-0.0478524347056789,90,0.060844149048588037
6501.990074937045,894.3961445532864,0.16488401984136078,0.21101275667197067,-0.04612873683060989,90,0.060844149048588037
6501.990074937045,974.8926778751674,0.16488401984136078,0.2087158678919714,-0.04383184805061063,90,0.060844149048588037
6501.990074937045,1062.6339784249726,0.16488401984136078,0.20585949596773873,-0.04097547612637795,90,0.060844149048588037
6501.990074937045,1158.2720823838974,0.16488401984136078,0.20246084868099018,-0.0375768288396294,90,0.060844149048588037
6501.990074937045,1262.5177098312156,0.16488401984136078,0.19854062478098833,-0.03365660493962755,90,0.060844149048588037
6501.990074937045,1376.1455463528653,0.16488401984136078,0.19412298791725083,-0.02923896807589005,90,0.060844149048588037
6501.990074937045,1500.0,0.16488401984136078,0.18923551603872546,-0.02435149619736468,90,0.060844149048588037
6595.501118749309,0.7,0.0028813000279596535,2.8254820040549113e-06,0.0028784745459555987,90,0.06612455366005499
6595.501118749309,0.7630006889770977,0.0028813000279596535,3.7639530683039915e-06,0.0028775360748913496,90,0.06612455366005499
6595.501118749309,0.8316715019707511,0.0028813000279596535,4.995995731698131e-06,0.002876304032227955,90,0.06612455366005499
6595.501118749309,0.9065227557232869,0.0028813000279596535,6.6073312366757405e-06,0.002874692696722978,90,0.06612455366005499
6595.501118749309,0.9881106959861216,0.0028813000279596535,8.706752648008016e-06,0.0028725932753116456,90,0.06612455366005499
6595.501118749309,1.0770416311757862,0.0028813000279596535,1.1431740872235122e-05,0.0028698682870874183,90,0.06612455366005499
6595.501118749309,1.1739764380630602,0.0028813000279596535,1.4955277874161504e-05,0.002866344750085492,90,0.06612455366005499
6595.501118749309,1.2796354729785626,0.0028813000279596535,1.949406649273524e-05,0.0028618059614669185,90,0.06612455366005499
6595.501118749309,1.3948039250316824,0.0028813000279596535,2.531839109824931e-05,0.0028559816368614044,90,0.06612455366005499
6595.501118749309,1.520337651124477,0.0028813000279596535,3.276387806806902e-05,0.0028485361498915844,90,0.06612455366005499
6595.501118749309,1.657169536122569,0.0028813000279596535,4.2245438692592926e-05,0.0028390545892670606,90,0.06612455366005499
6595.501118749309,1.8063164254476822,0.0028813000279596535,5.427369838231658e-05,0.002827026329577337,90,0.06612455366005499
6595.501118749309,1.9688866816103285,0.0028813000279596535,6.947423334509949e-05,0.002811825794614554,90,0.06612455366005499
6595.501118749309,2.1460884208378745,0.0028813000279596535,8.860994731456859e-05,0.002792690080645085,90,0.06612455366005499
6595.501118749309,2.339238491007243,0.0028813000279596535,0.00011260692414849261,0.002768693103811161,90,0.06612455366005499
6595.501118749309,2.5497722576003894,0.0028813000279596535,0.00014258408451807734,0.0027387159434415762,90,0.06612455366005499
6595.501118749309,2.7792542704054104,0.0028813000279596535,0.00017988695344079694,0.0027014130745188565,90,0.06612455366005499
6595.501118749309,3.0293898902312417,0.0028813000279596535,0.0002261258066830465,0.002655174221276607,90,0.06612455366005499
6595.501118749309,3.3020379620381313,0.0028813000279596535,0.0002832184043778303,0.0025980816235818232,90,0.06612455366005499
6595.501118749309,3.599224628662322,0.0028813000279596535,0.00035343743563467217,0.0025278625923249812,90,0.06612455366005499
6595.501118749309,3.9231583877895577,0.0028813000279596535,0.0004394626844072418,0.002441837343552412,90,0.06612455366005499
6595.501118749309,4.276246504071018,0.0028813000279596535,0.0005444377804039118,0.002336862247555742,90,0.06612455366005499
6595.501118749309,4.661112898345847,0.0028813000279596535,0.0006720312155951278,0.002209268812364526,90,0.06612455366005499
6595.501118749309,5.080617646911311,0.0028813000279596535,0.0008265010836233716,0.002054798944336282,90,0.06612455366005499
6595.501118749309,5.537878235746474,0.0028813000279596535,0.001012762733754915,0.0018685372942047385,90,0.06612455366005499
6595.501118749309,6.036292727636905,0.0029554693317571223,0.0012364582218184908,0.0017190111099386314,90,0.06612455366005499
6595.501118749309,6.579565014363433,0.0029554693317571223,0.0015040260885525968,0.0014514432432045255,90,0.06612455366005499
6595.501118749309,7.1717323416127225,0.0029554693317571223,0.0018227696040369929,0.0011326997277201294,90,0.06612455366005499
6595.501118749309,7.817195311156917,0.0029554693317571223,0.0022009211916085066,0.0007545481401486157,90,0.06612455366005499
6595.501118749309,8.520750583258952,0.0029678048580729106,0.0026477002958708853,0.00032010456220202526,90,0.06612455366005499
6595.501118749309,9.287626522326553,0.0040700335494169865,0.0031733615016890236,0.0008966720477279629,90,0.06612455366005499
6595.501118749309,10.123522050710184,0.006505158919403518,0.0037892292642693164,0.002715929655134202,90,0.06612455366005499
6595.501118749309,11.03464899938101,0.006550550676128066,0.004507715200268205,0.0020428354758598617,90,0.06612455366005499
6595.501118749309,12.027778270211655,0.00827242683880192,0.0053423135481765,0.0029301132906254194,90,0.06612455366005499
6595.501118749309,13.110290152907504,0.00849833137933714,0.006307570170851532,0.0021907612084856075,90,0.06612455366005499
6595.501118749309,14.290229170511559,0.008834174459514963,0.007419020387161678,0.0014151540723532849,90,0.06612455366005499
6595.501118749309,15.576363861058477,0.009022182589596264,0.008693091030182818,0.00032909155941344623,90,0.06612455366005499
6595.501118749309,16.978251939636557,0.00920442015834763,0.010146962484416638,-0.0009425423260690079,90,0.06612455366005499
6595.501118749309,18.50631132509919,0.02490046937457931,0.011798387099869172,0.013102082274710138,90,0.06612455366005499
6595.501118749309,20.17189755925049,0.0287415258681702,0.013665461355129204,0.015076064513040995,90,0.06612455366005499
6595.501118749309,21.98738819383367,0.02890468715225564,0.015766350470349286,0.013138336681906355,90,0.06612455366005499
6595.501118749309,23.966274772431408,0.03339172270830733,0.01811896586013286,0.015272756848174467,90,0.06612455366005499
6595.501118749309,26.123263090828015,0.035880714592256696,0.020740597845222957,0.015140116747033739,90,0.06612455366005499
6595.501118749309,28.474382480902506,0.049939058559869465,0.023647508357547715,0.02629155020232175,90,0.06612455366005499
6595.501118749309,31.037104930180035,0.06231580158065598,0.026854490885824357,0.03546131069483162,90,0.06612455366005499
6595.501118749309,33.83047492225976,0.0804622456147458,0.03037440749072984,0.05008783812401596,90,0.06612455366005499
6595.501118749309,36.875250963009485,0.08647380842537317,0.034217715206677296,0.05225609321869587,90,0.06612455366005499
6595.501118749309,40.194059844256586,0.08892949226162278,0.038391996351422764,0.050537495910200014,90,0.06612455366005499
6595.501118749309,43.81156479136355,0.09094616379016711,0.04290150898133994,0.04804465480882717,90,0.06612455366005499
6595.501118749309,47.75464874425019,0.0919372976432794,0.0477467747602187,0.044190522883060704,90,0.06612455366005499
6595.501118749309,52.05261413388882,0.09356853780272786,0.05292422168049833,0.04064431612222953,90,0.06612455366005499
6595.501118749309,56.737400638880295,0.09849183891399389,0.05842589826514955,0.04006594064884434,90,0.06612455366005499
6595.501118749309,61.8438225403361,0.11398006271953695,0.06423927403366761,0.04974078868586934,90,0.06612455366005499
6595.501118749309,67.40982743893404,0.11582944781633436,0.07034713817019705,0.04548230964613731,90,0.06612455366005499
6595.501118749309,73.47677825676274,0.11686869649582943,0.07672760461121879,0.04014109188461064,90,0.06612455366005499
6595.501118749309,80.08976061961063,0.11720116323042545,0.0833542273877237,0.03384693584270175,90,0.06612455366005499
6595.501118749309,87.29791790396244,0.1221276492430717,0.0901962252973681,0.03193142394570361,90,0.06612455366005499
6595.501118749309,95.15481643855642,0.13353915610852227,0.09721881017644449,0.03632034593207778,90,0.06612455366005499
6595.501118749309,103.71884357443969,0.1347950591906979,0.10438360853293402,0.030411450657763878,90,0.06612455366005499
6595.501118749309,113.05364158172193,0.1432344374868759,0.11164916241093868,0.03158527507593721,90,0.06612455366005499
6595.501118749309,123.22858059746237,0.14610915614042652,0.11897149234806302,0.0271376637923635,90,0.06612455366005499
6595.501118749309,134.3192741393338,0.1489361426918578,0.1263047033440081,0.022631439347849697,90,0.06612455366005499
6595.501118749309,146.40814101602186,0.15526095651089583,0.13360161396713685,0.02165934254375898,90,0.06612455366005499
6595.501118749309,159.58501781011546,0.1582742239908491,0.14081438907276314,0.017459834918085948,90,0.06612455366005499
6595.501118749309,173.9478264850578,0.16268098116898738,0.1478951579879228,0.014785823181064583,90,0.06612455366005499
6595.501118749309,189.6033020773824,0.1626239301154887,0.15479660225491537,0.00782732786057333,90,0.06612455366005499
6595.501118749309,206.6677858819652,0.1639418294571588,0.16147249989361256,0.00246932956354623,90,0.06612455366005499
6595.501118749309,225.26809002472953,0.16448810175486914,0.16787821639165926,-0.0033901146367901203,90,0.06612455366005499
6595.501118749309,245.54243984774803,0.16448810175486914,0.17397113601607223,-0.009483034261203088,90,0.06612455366005499
6595.501118749309,267.64150110992745,0.16448810175486914,0.1797110303366642,-0.015222928581795053,90,0.06612455366005499
6595.501118749309,291.72949963677064,0.16448810175486914,0.185060363876743,-0.020572262121873852,90,0.06612455366005499
6595.501118749309,317.9854417397141,0.16448810175486914,0.18998453942184962,-0.02549643766698048,90,0.06612455366005499
6595.501118749309,346.6044444744125,0.16448810175486914,0.19445208763383226,-0.029963985878963123,90,0.06612455366005499
6595.501118749309,377.7991856235726,0.16448810175486914,0.198434807192068,-0.033946705437198854,90,0.06612455366005499
6595.501118749309,411.801484179675,0.16448810175486914,0.20190786271221786,-0.037419760957348724,90,0.06612455366005499
6595.501118749309,448.86402307269043,0.16448810175486914,0.20484984820236202,-0.04036174644749288,90,0.06612455366005499
6595.501118749309,489.26222694499216,0.16448810175486914,0.20724282385518492,-0.04275472210031578,90,0.06612455366005499
6595.501118749309,533.2963089278549,0.16448810175486914,0.20907233360451133,-0.04458423184964219,90,0.06612455366005499
6595.501118749309,581.2935016298517,0.16448810175486914,0.2103274101620738,-0.045839308407204654,90,0.06612455366005499
6595.501118749309,633.6104889164096,0.16448810175486914,0.21100057326318644,-0.046512471508317305,90,0.06612455366005499
6595.501118749309,690.6360565519087,0.16448810175486914,0.21108782565170464,-0.046599723896835504,90,0.06612455366005499
6595.501118749309,752.7939814021893,0.16448810175486914,0.21058864998361032,-0.046100548228741184,90,0.06612455366005499
6595.501118749309,820.546180668118,0.16448810175486914,0.2095060083774704,-0.04501790662260127,90,0.06612455366005499
6595.501118749309,894.3961445532864,0.16448810175486914,0.20784634483691797,-0.04335824308204883,90,0.06612455366005499
6595.501118749309,974.8926778751674,0.16448810175486914,0.20561958926058302,-0.04113148750571388,90,0.06612455366005499
6595.501118749309,1062.6339784249726,0.16448810175486914,0.2028391602834693,-0.03835105852860016,90,0.06612455366005499
6595.501118749309,1158.2720823838974,0.16448810175486914,0.19952196280772216,-0.03503386105285303,90,0.06612455366005499
6595.501118749309,1262.5177098312156,0.16448810175486914,0.19568837483117343,-0.031200273076304297,90,0.06612455366005499
6595.501118749309,1376.1455463528653,0.16448810175486914,0.19136221712563775,-0.026874115370768614,90,0.06612455366005499
6595.501118749309,1500.0,0.16448810175486914,0.18657069851586477,-0.022082596760995638,90,0.06612455366005499
6690.357030088917,0.7,0.0028022955285715457,2.7308291310325867e-06,0.002799564699440513,90,0.0723260497767142
6690.357030088917,0.7630006889770977,0.0028022955285715457,3.638863826728074e-06,0.0027986566647448174,90,0.0723260497767142
6690.357030088917,0.8316715019707511,0.0028022955285715457,4.831292027051186e-06,0.0027974642365444944,90,0.0723260497767142
6690.357030088917,0.9065227557232869,0.0028022955285715457,6.391266709120239e-06,0.0027959042618624255,90,0.0723260497767142
6690.357030088917,0.9881106959861216,0.0028022955285715457,8.424355902935725e-06,0.00279387117266861,90,0.0723260497767142
6690.357030088917,1.0770416311757862,0.0028022955285715457,1.1064008903952604e-05,0.002791231519667593,90,0.0723260497767142
6690.357030088917,1.1739764380630602,0.0028022955285715457,1.4478190523526093e-05,0.0027878173380480194,90,0.0723260497767142
6690.357030088917,1.2796354729785626,0.0028022955285715457,1.8877388412391608e-05,0.002783418140159154,90,0.0723260497767142
6690.357030088917,1.3948039250316824,0.0028022955285715457,2.4524223009296814e-05,0.0027777713055622487,90,0.0723260497767142
6690.357030088917,1.520337651124477,0.0028022955285715457,3.1744914146407036e-05,0.0027705506144251385,90,0.0723260497767142
6690.357030088917,1.657169536122569,0.0028022955285715457,4.094288182073701e-05,0.0027613526467508086,90,0.0723260497767142
6690.357030088917,1.8063164254476822,0.0028022955285715457,5.26147798801693e-05,0.0027496807486913763,90,0.0723260497767142
6690.357030088917,1.9688866816103285,0.0028022955285715457,6.736927883250873e-05,0.002734926249739037,90,0.0723260497767142
6690.357030088917,2.1460884208378745,0.0028022955285715457,8.59489257919447e-05,0.002716346602779601,90,0.0723260497767142
6690.357030088917,2.339238491007243,0.0028022955285715457,0.0001092554134988207,0.002693040115072725,90,0.0723260497767142
6690.357030088917,2.5497722576003894,0.0028022955285715457,0.00013837858378656703,0.0026639169447849787,90,0.0723260497767142
6690.357030088917,2.7792542704054104,0.0028022955285715457,0.00017462947085656209,0.0026276660577149837,90,0.0723260497767142
6690.357030088917,3.0293898902312417,0.0028022955285715457,0.0002195776529400235,0.002582717875631522,90,0.0723260497767142
6690.357030088917,3.3020379620381313,0.0028022955285715457,0.0002750931237495107,0.002527202404822035,90,0.0723260497767142
6690.357030088917,3.599224628662322,0.0028022955285715457,0.0003433928136866378,0.002458902714884908,90,0.0723260497767142
6690.357030088917,3.9231583877895577,0.0028022955285715457,0.000427091781080773,0.0023752037474907726,90,0.0723260497767142
6690.357030088917,4.276246504071018,0.0028022955285715457,0.0005292589518083494,0.002273036576763196,90,0.0723260497767142
6690.357030088917,4.661112898345847,0.0028022955285715457,0.0006534771077286272,0.0021488184208429185,90,0.0723260497767142
6690.357030088917,5.080617646911311,0.0028022955285715457,0.0008039066072016872,0.0019983889213698583,90,0.0723260497767142
6690.357030088917,5.537878235746474,0.0028022955285715457,0.0009853520620843525,0.0018169434664871932,90,0.0723260497767142
6690.357030088917,6.036292727636905,0.0028764648323690136,0.001203330893825657,0.0016731339385433566,90,0.0723260497767142
6690.357030088917,6.579565014363433,0.0028764648323690136,0.0014641423471409942,0.0014123224852280194,90,0.0723260497767142
6690.357030088917,7.1717323416127225,0.0028764648323690136,0.0017749351560934724,0.0011015296762755412,90,0.0723260497767142
6690.357030088917,7.817195311156917,0.0028764648323690136,0.002143771640099053,0.0007326931922699608,90,0.0723260497767142
6690.357030088917,8.520750583258952,0.002888800358684803,0.002579685565950339,0.0003091147927344641,90,0.0723260497767142
6690.357030088917,9.287626522326553,0.003987332238707879,0.003092730660417031,0.0008946015782908476,90,0.0723260497767142
6690.357030088917,10.123522050710184,0.006408495636071175,0.0036940162154624526,0.0027144794206087224,90,0.0723260497767142
6690.357030088917,11.03464899938101,0.006452974802903888,0.004395725819456346,0.0020572489834475415,90,0.0723260497767142
6690.357030088917,12.027778270211655,0.008168686075246455,0.005211114903831268,0.0029575711714151867,90,0.0723260497767142
6690.357030088917,13.110290152907504,0.008394590615781678,0.006154482552236524,0.0022401080635451537,90,0.0723260497767142
6690.357030088917,14.290229170511559,0.008732213852933487,0.007241112920491065,0.0014911009324424214,90,0.0723260497767142
6690.357030088917,15.576363861058477,0.008920221983014787,0.008487181706481417,0.00043304027653337,90,0.0723260497767142
6690.357030088917,16.978251939636557,0.009101652441096899,0.009909623437023743,-0.0008079709959268443,90,0.0723260497767142
6690.357030088917,18.50631132509919,0.024785709399258542,0.01152595594902439,0.013259753450234153,90,0.0723260497767142
6690.357030088917,20.17189755925049,0.028626323110716684,0.013354059373806907,0.015272263736909777,90,0.0723260497767142
6690.357030088917,21.98738819383367,0.028789363952195758,0.015411908212665991,0.013377455739529767,90,0.0723260497767142
6690.357030088917,23.966274772431408,0.03327272450225449,0.017717256726238702,0.01555546777601579,90,0.0723260497767142
6690.357030088917,26.123263090828015,0.035759883727156355,0.0202872798324014,0.015472603894754956,90,0.0723260497767142
6690.357030088917,28.474382480902506,0.04980962623000071,0.023138173967891362,0.026671452262109346,90,0.0723260497767142
6690.357030088917,31.037104930180035,0.06216395087796883,0.02628472483262996,0.03587922604533887,90,0.0723260497767142
6690.357030088917,33.83047492225976,0.08029929197949748,0.0297398514802769,0.05055944049922058,90,0.0723260497767142
6690.357030088917,36.875250963009485,0.0862911562305535,0.03351413868641028,0.05277701754414322,90,0.0723260497767142
6690.357030088917,40.194059844256586,0.08874793672276449,0.03761537173187512,0.05113256499088937,90,0.0723260497767142
6690.357030088917,43.81156479136355,0.09076301679581025,0.042048089483436205,0.04871492731237405,90,0.0723260497767142
6690.357030088917,47.75464874425019,0.09175248194221275,0.04681317273991208,0.044939309202300666,90,0.0723260497767142
6690.357030088917,52.05261413388882,0.09338098524405339,0.05190748506661623,0.04147350017743716,90,0.0723260497767142
6690.357030088917,56.737400638880295,0.09829949442012967,0.057323582638051,0.04097591178207867,90,0.0723260497767142
6690.357030088917,61.8438225403361,0.11377504063412851,0.06304950788979036,0.05072553274433815,90,0.0723260497767142
6690.357030088917,67.40982743893404,0.11562442573092592,0.06906867906984966,0.04655574666107626,90,0.0723260497767142
6690.357030088917,73.47677825676274,0.11666367441042101,0.07535988419245207,0.04130379021796894,90,0.0723260497767142
6690.357030088917,80.08976061961063,0.116996141145017,0.08189738363486371,0.03509875751015329,90,0.0723260497767142
6690.357030088917,87.29791790396244,0.12191656086303895,0.08865112095519413,0.03326543990784482,90,0.0723260497767142
6690.357030088917,95.15481643855642,0.13332806772848954,0.095587036767735,0.03774103096075454,90,0.0723260497767142
6690.357030088917,103.71884357443969,0.13458208846578523,0.10266747603019902,0.031914612435586215,90,0.0723260497767142
6690.357030088917,113.05364158172193,0.1430183584638538,0.10985167519274196,0.033166683271111844,90,0.0723260497767142
6690.357030088917,123.22858059746237,0.14589307711740446,0.1170963125985508,0.028796764518853657,90,0.0723260497767142
6690.357030088917,134.3192741393338,0.1487200636688357,0.12435610349882133,0.024363960170014368,90,0.0723260497767142
6690.357030088917,146.40814101602186,0.1550448774878738,0.13158442014581975,0.023460457342054042,90,0.0723260497767142
6690.357030088917,159.58501781011546,0.15805814496782702,0.1387339176530579,0.019324227314769127,90,0.0723260497767142
6690.357030088917,173.9478264850578,0.16246490214596532,0.14575714756724062,0.0167077545787247,90,0.0723260497767142
6690.357030088917,189.6033020773824,0.16240785109246664,0.1526071432146728,0.00980070787779383,90,0.0723260497767142
6690.357030088917,206.6677858819652,0.16372575043413673,0.15923796364680892,0.004487786787327808,90,0.0723260497767142
6690.357030088917,225.26809002472953,0.16427202273184704,0.16560518617254028,-0.0013331634406932302,90,0.0723260497767142
6690.357030088917,245.54243984774803,0.16427202273184704,0.1716663407857387,-0.007394318053891652,90,0.0723260497767142
6690.357030088917,267.64150110992745,0.16427202273184704,0.17738128305368908,-0.013109260321842037,90,0.0723260497767142
6690.357030088917,291.72949963677064,0.16427202273184704,0.18271250503985434,-0.018440482308007294,90,0.0723260497767142
6690.357030088917,317.9854417397141,0.16427202273184704,0.18762538645249022,-0.023353363720643172,90,0.0723260497767142
6690.357030088917,346.6044444744125,0.16427202273184704,0.19208839034638858,-0.027816367614541537,90,0.0723260497767142
6690.357030088917,377.7991856235726,0.16427202273184704,0.19607320931125052,-0.03180118657940348,90,0.0723260497767142
6690.357030088917,411.801484179675,0.16427202273184704,0.19955486914903375,-0.03528284641718671,90,0.0723260497767142
6690.357030088917,448.86402307269043,0.16427202273184704,0.20251179759732196,-0.03823977486547492,90,0.0723260497767142
6690.357030088917,489.26222694499216,0.16427202273184704,0.2049258657418013,-0.040653843009954255,90,0.0723260497767142
6690.357030088917,533.2963089278549,0.16427202273184704,0.20678240943742243,-0.04251038670557539,90,0.0723260497767142
6690.357030088917,581.2935016298517,0.16427202273184704,0.20807023739026795,-0.0437982146584209,90,0.0723260497767142
6690.357030088917,633.6104889164096,0.16427202273184704,0.20878163160677354,-0.0445096088749265,90,0.0723260497767142
6690.357030088917,690.6360565519087,0.16427202273184704,0.2089123447569619,-0.044640322025114865,90,0.0723260497767142
6690.357030088917,752.7939814021893,0.16427202273184704,0.20846159768191305,-0.04418957495006601,90,0.0723260497767142
6690.357030088917,820.546180668118,0.16427202273184704,0.20743207885559345,-0.043160056123746404,90,0.0723260497767142
6690.357030088917,894.3961445532864,0.16427202273184704,0.20582994613557973,-0.04155792340373268,90,0.0723260497767142
6690.357030088917,974.8926778751674,0.16427202273184704,0.2036648296516013,-0.03939280691975425,90,0.0723260497767142
6690.357030088917,1062.6339784249726,0.16427202273184704,0.20094983323002483,-0.03667781049817778,90,0.0723260497767142
6690.357030088917,1158.2720823838974,0.16427202273184704,0.1977015303831717,-0.03342950765132466,90,0.0723260497767142
6690.357030088917,1262.5177098312156,0.16427202273184704,0.1939399496551815,-0.029667926923334448,90,0.0723260497767142
6690.357030088917,1376.1455463528653,0.16427202273184704,0.18968854306677305,-0.025416520334926,90,0.0723260497767142
6690.357030088917,1500.0,0.16427202273184704,0.1849741306007562,-0.020702107868909164,90,0.0723260497767142
6786.577150721204,0.7,0.002721496283737094,2.639450204916521e-06,0.0027188568335321777,90,0.07806773168217962
6786.577150721204,0.7630006889770977,0.002721496283737094,3.518069156490746e-06,0.002717978214580603,90,0.07806773168217962
6786.577150721204,0.8316715019707511,0.002721496283737094,4.6722006347337214e-06,0.00271682408310236,90,0.07806773168217962
6786.577150721204,0.9065227557232869,0.002721496283737094,6.182509142364463e-06,0.0027153137745947295,90,0.07806773168217962
6786.577150721204,0.9881106959861216,0.002721496283737094,8.15143687462319e-06,0.0027133448468624707,90,0.07806773168217962
6786.577150721204,1.0770416311757862,0.002721496283737094,1.070852427330411e-05,0.00271078775946379,90,0.07806773168217962
6786.577150721204,1.1739764380630602,0.002721496283737094,1.4016870193079359e-05,0.0027074794135440146,90,0.07806773168217962
6786.577150721204,1.2796354729785626,0.002721496283737094,1.8280932439040772e-05,0.0027032153512980533,90,0.07806773168217962
6786.577150721204,1.3948039250316824,0.002721496283737094,2.3755893630186107e-05,0.002697740390106908,90,0.07806773168217962
6786.577150721204,1.520337651124477,0.002721496283737094,3.075884156587038e-05,0.0026907374421712236,90,0.07806773168217962
6786.577150721204,1.657169536122569,0.002721496283737094,3.96820365877424e-05,0.0026818142471493516,90,0.07806773168217962
6786.577150721204,1.8063164254476822,0.002721496283737094,5.100855963908028e-05,0.002670487724098014,90,0.07806773168217962
6786.577150721204,1.9688866816103285,0.002721496283737094,6.533065232905042e-05,0.0026561656314080437,90,0.07806773168217962
6786.577150721204,2.1460884208378745,0.002721496283737094,8.337107248645392e-05,0.00263812521125064,90,0.07806773168217962
6786.577150721204,2.339238491007243,0.002721496283737094,0.00010600779326145822,0.002615488490475636,90,0.07806773168217962
6786.577150721204,2.5497722576003894,0.002721496283737094,0.00013430236826693148,0.0025871939154701626,90,0.07806773168217962
6786.577150721204,2.7792542704054104,0.002721496283737094,0.0001695322666418428,0.0025519640170952513,90,0.07806773168217962
6786.577150721204,3.0293898902312417,0.002721496283737094,0.00021322744701923141,0.0025082688367178627,90,0.07806773168217962
6786.577150721204,3.3020379620381313,0.002721496283737094,0.0002672113846338526,0.0024542848991032417,90,0.07806773168217962
6786.577150721204,3.599224628662322,0.002721496283737094,0.0003336466874123225,0.0023878495963247717,90,0.07806773168217962
6786.577150721204,3.9231583877895577,0.002721496283737094,0.00041508533091546136,0.002306410952821633,90,0.07806773168217962
6786.577150721204,4.276246504071018,0.002721496283737094,0.000514523404519218,0.002206972879217876,90,0.07806773168217962
6786.577150721204,4.661112898345847,0.002721496283737094,0.0006354600885006708,0.0020860361952364233,90,0.07806773168217962
6786.577150721204,5.080617646911311,0.002721496283737094,0.0007819603704723913,0.0019395359132647026,90,0.07806773168217962
6786.577150721204,5.537878235746474,0.002721496283737094,0.0009587207574004533,0.0017627755263366408,90,0.07806773168217962
6786.577150721204,6.036292727636905,0.002795665587534562,0.0011711369449557568,0.0016245286425788051,90,0.07806773168217962
6786.577150721204,6.579565014363433,0.002795665587534562,0.0014253720695661634,0.0013702935179683985,90,0.07806773168217962
6786.577150721204,7.1717323416127225,0.002795665587534562,0.0017284237928825023,0.0010672417946520597,90,0.07806773168217962
6786.577150721204,7.817195311156917,0.002795665587534562,0.0020881880589575593,0.0007074775285770027,90,0.07806773168217962
6786.577150721204,8.520750583258952,0.0028080011138503515,0.00251351693036746,0.00029448418348289145,90,0.07806773168217962
6786.577150721204,9.287626522326553,0.0039027499871000424,0.0030142674641993445,0.0008884825229006979,90,0.07806773168217962
6786.577150721204,10.123522050710184,0.006309663850494601,0.003601338150713173,0.002708325699781428,90,0.07806773168217962
6786.577150721204,11.03464899938101,0.00635321968281212,0.004286689030560451,0.002066530652251669,90,0.07806773168217962
6786.577150721204,12.027778270211655,0.008062617232447254,0.005083341260622923,0.00297927597182433,90,0.07806773168217962
6786.577150721204,13.110290152907504,0.008288521772982475,0.006005351649603575,0.0022831701233789,90,0.07806773168217962
6786.577150721204,14.290229170511559,0.008628006808778368,0.007067757573518872,0.0015602492352594956,90,0.07806773168217962
6786.577150721204,15.576363861058477,0.00881601493885967,0.008286487753197014,0.0005295271856626555,90,0.07806773168217962
6786.577150721204,16.978251939636557,0.008996619300915774,0.009678234677450308,-0.0006816153765345345,90,0.07806773168217962
6786.577150721204,18.50631132509919,0.024668135480412048,0.011260285031767524,0.013407850448644523,90,0.07806773168217962
6786.577150721204,20.17189755925049,0.028508314821940422,0.013050305382063152,0.01545800943987727,90,0.07806773168217962
6786.577150721204,21.98738819383367,0.02867123673008993,0.015066081593498882,0.013605155136591046,90,0.07806773168217962
6786.577150721204,23.966274772431408,0.03315080357903491,0.017325212045043524,0.015825591533991386,90,0.07806773168217962
6786.577150721204,26.123263090828015,0.03563613323518762,0.019844756616203916,0.015791376618983704,90,0.07806773168217962
6786.577150721204,28.474382480902506,0.049677094167159576,0.022640845627724525,0.02703624853943505,90,0.07806773168217962
6786.577150721204,31.037104930180035,0.06200830360332096,0.025728255332539147,0.036280048270781816,90,0.07806773168217962
6786.577150721204,33.83047492225976,0.08013234425643523,0.029119959059601512,0.051012385196833716,90,0.07806773168217962
6786.577150721204,36.875250963009485,0.08610402395283734,0.03282666555942564,0.053277358393411696,90,0.07806773168217962
6786.577150721204,40.194059844256586,0.0885618836934405,0.03685635830629156,0.05170552538714893,90,0.07806773168217962
6786.577150721204,43.81156479136355,0.0905753429346592,0.04121385128229667,0.04936149165236253,90,0.07806773168217962
6786.577150721204,47.75464874425019,0.09156310012199977,0.04590037790797751,0.045662722214022254,90,0.07806773168217962
6786.577150721204,52.05261413388882,0.09318882249273595,0.05091323012003913,0.042275592372696826,90,0.07806773168217962
6786.577150721204,56.737400638880295,0.09810236972184833,0.0562454639995945,0.041856905722253826,90,0.07806773168217962
6786.577150721204,61.8438225403361,0.11356505102606897,0.06188568675962163,0.051679364266447335,90,0.07806773168217962
6786.577150721204,67.40982743893404,0.11541443612286638,0.06781793732394469,0.047596498798921694,90,0.07806773168217962
6786.577150721204,73.47677825676274,0.11645368480236144,0.07402166927628132,0.04243201552608013,90,0.07806773168217962
6786.577150721204,80.08976061961063,0.11678615153695747,0.08047184081735521,0.036314310719602255,90,0.07806773168217962
6786.577150721204,87.29791790396244,0.12170025672823283,0.08713911180426108,0.03456114492397175,90,0.07806773168217962
6786.577150721204,95.15481643855642,0.1331117635936834,0.0939901432722205,0.03912162032146291,90,0.07806773168217962
6786.577150721204,103.71884357443969,0.13436381051529167,0.10098799038627057,0.0333758201290211,90,0.07806773168217962
6786.577150721204,113.05364158172193,0.14279693670097948,0.108092575855616,0.03470436084536348,90,0.07806773168217962
6786.577150721204,123.22858059746237,0.1456716553545301,0.1152612277346697,0.030410427619860417,90,0.07806773168217962
6786.577150721204,134.3192741393338,0.1484986419059614,0.12244926342624125,0.02604937847972015,90,0.07806773168217962
6786.577150721204,146.40814101602186,0.15482345572499945,0.12961060069673377,0.025212855028265674,90,0.07806773168217962
6786.577150721204,159.58501781011546,0.1578367232049527,0.13669837661707615,0.021138346587876555,90,0.07806773168217962
6786.577150721204,173.9478264850578,0.162243480383091,0.14366555647267473,0.018577923910416266,90,0.07806773168217962
6786.577150721204,189.6033020773824,0.1621864293295923,0.15046551668275962,0.01172091264683267,90,0.07806773168217962
6786.577150721204,206.6677858819652,0.1635043286712624,0.1570525884238581,0.006451740247404303,90,0.07806773168217962
6786.577150721204,225.26809002472953,0.1640506009689727,0.1633825517266542,0.0006680492423185025,90,0.07806773168217962
6786.577150721204,245.54243984774803,0.1640506009689727,0.16941307307079417,-0.005362472101821475,90,0.07806773168217962
6786.577150721204,267.64150110992745,0.1640506009689727,0.1751040827175667,-0.011053481748593996,90,0.07806773168217962
6786.577150721204,291.72949963677064,0.1640506009689727,0.1804180910093901,-0.016367490040417404,90,0.07806773168217962
6786.577150721204,317.9854417397141,0.1640506009689727,0.1853204454847361,-0.021269844515763414,90,0.07806773168217962
6786.577150721204,346.6044444744125,0.1640506009689727,0.18977953281140558,-0.025728931842432884,90,0.07806773168217962
6786.577150721204,377.7991856235726,0.1640506009689727,0.19376693117871832,-0.029716330209745623,90,0.07806773168217962
6786.577150721204,411.801484179675,0.1640506009689727,0.1972575198983292,-0.03320691892935651,90,0.07806773168217962
6786.577150721204,448.86402307269043,0.1640506009689727,0.200229553563592,-0.03617895259461931,90,0.07806773168217962
6786.577150721204,489.26222694499216,0.1640506009689727,0.20266470825102662,-0.03861410728205392,90,0.07806773168217962
6786.577150721204,533.2963089278549,0.1640506009689727,0.20454810697119152,-0.040497506002218825,90,0.07806773168217962
6786.577150721204,581.2935016298517,0.1640506009689727,0.20586833095389365,-0.04181772998492095,90,0.07806773168217962
6786.577150721204,633.6104889164096,0.1640506009689727,0.20661742244933748,-0.04256682148036478,90,0.07806773168217962
6786.577150721204,690.6360565519087,0.1640506009689727,0.20679088360516318,-0.04274028263619048,90,0.07806773168217962
6786.577150721204,752.7939814021893,0.1640506009689727,0.20638767469738237,-0.04233707372840967,90,0.07806773168217962
6786.577150721204,820.546180668118,0.1640506009689727,0.2054102136038555,-0.0413596126348828,90,0.07806773168217962
6786.577150721204,894.3961445532864,0.1640506009689727,0.2038643769605319,-0.03981377599155919,90,0.07806773168217962
6786.577150721204,974.8926778751674,0.1640506009689727,0.20175950197881704,-0.03770890100984434,90,0.07806773168217962
6786.577150721204,1062.6339784249726,0.1640506009689727,0.19910838647195953,-0.03505778550298683,90,0.07806773168217962
6786.577150721204,1158.2720823838974,0.1640506009689727,0.19592728328579234,-0.03187668231681964,90,0.07806773168217962
6786.577150721204,1262.5177098312156,0.1640506009689727,0.19223588410447742,-0.028185283135504724,90,0.07806773168217962
6786.577150721204,1376.1455463528653,0.1640506009689727,0.18805728656003584,-0.024006685591063143,90,0.07806773168217962
6786.577150721204,1500.0,0.1640506009689727,0.1834179377753717,-0.019367336806398988,90,0.07806773168217962
6884.18110058306,0.7,0.002716116018903079,2.5778228616423287e-06,0.0027135381960414367,90,0.08426922779883883
6884.18110058306,0.7630006889770977,0.002716116018903079,3.436873829794357e-06,0.0027126791450732845,90,0.08426922779883883
6884.18110058306,0.8316715019707511,0.002716116018903079,4.565625893616767e-06,0.0027115503930094623,90,0.08426922779883883
6884.18110058306,0.9065227557232869,0.002716116018903079,6.043148007270208e-06,0.0027100728708958086,90,0.08426922779883883
6884.18110058306,0.9881106959861216,0.002716116018903079,7.969888821414372e-06,0.0027081461300816644,90,0.08426922779883883
6884.18110058306,1.0770416311757862,0.002716116018903079,1.0472909582829914e-05,0.0027056431093202492,90,0.08426922779883883
6884.18110058306,1.1739764380630602,0.002716116018903079,1.3712240519022866e-05,0.002702403778384056,90,0.08426922779883883
6884.18110058306,1.2796354729785626,0.002716116018903079,1.7888559324594736e-05,0.0026982274595784843,90,0.08426922779883883
6884.18110058306,1.3948039250316824,0.002716116018903079,2.325241448906999e-05,0.002692863604414009,90,0.08426922779883883
6884.18110058306,1.520337651124477,0.002716116018903079,3.0115240416154238e-05,0.0026860007784869247,90,0.08426922779883883
6884.18110058306,1.657169536122569,0.002716116018903079,3.886243466910588e-05,0.002677253584233973,90,0.08426922779883883
6884.18110058306,1.8063164254476822,0.002716116018903079,4.996878906004683e-05,0.002666147229843032,90,0.08426922779883883
6884.18110058306,1.9688866816103285,0.002716116018903079,6.401658421110379e-05,0.0026520994346919753,90,0.08426922779883883
6884.18110058306,2.1460884208378745,0.002716116018903079,8.171666985617595e-05,0.002634399349046903,90,0.08426922779883883
6884.18110058306,2.339238491007243,0.002716116018903079,0.00010393285838005483,0.0026121831605230243,90,0.08426922779883883
6884.18110058306,2.5497722576003894,0.002716116018903079,0.00013170995440079872,0.0025844060645022803,90,0.08426922779883883
6884.18110058306,2.7792542704054104,0.002716116018903079,0.00016630572572227327,0.0025498102931808056,90,0.08426922779883883
6884.18110058306,3.0293898902312417,0.002716116018903079,0.00020922708749870124,0.0025068889314043778,90,0.08426922779883883
6884.18110058306,3.3020379620381313,0.002716116018903079,0.0002622707184325793,0.0024538453004704997,90,0.08426922779883883
6884.18110058306,3.599224628662322,0.002716116018903079,0.0003275682514953968,0.002388547767407682,90,0.08426922779883883
6884.18110058306,3.9231583877895577,0.002716116018903079,0.00040763607809381734,0.0023084799408092617,90,0.08426922779883883
6884.18110058306,4.276246504071018,0.002716116018903079,0.0005054296698728325,0.0022106863490302464,90,0.08426922779883883
6884.18110058306,4.661112898345847,0.002716116018903079,0.000624402152708139,0.00209171386619494,90,0.08426922779883883
6884.18110058306,5.080617646911311,0.002716116018903079,0.0007685666595859867,0.0019475493593170924,90,0.08426922779883883
6884.18110058306,5.537878235746474,0.002716116018903079,0.0009425617404500919,0.001773554278452987,90,0.08426922779883883
6884.18110058306,6.036292727636905,0.0027902853227005477,0.0011517188163152998,0.001638566506385248,90,0.08426922779883883
6884.18110058306,6.579565014363433,0.0027902853227005477,0.001402130332241296,0.0013881549904592517,90,0.08426922779883883
6884.18110058306,7.1717323416127225,0.0027902853227005477,0.0017007168915553108,0.0010895684311452369,90,0.08426922779883883
6884.18110058306,7.817195311156917,0.0027902853227005477,0.002055291247271307,0.0007349940754292406,90,0.08426922779883883
6884.18110058306,8.520750583258952,0.0028026208490163373,0.002474616594766241,0.00032800425425009647,90,0.08426922779883883
6884.18110058306,9.287626522326553,0.003897007920703572,0.0029684561654876613,0.0009285517552159108,90,0.08426922779883883
6884.18110058306,10.123522050710184,0.006302772978257664,0.0035476106827751343,0.0027551622954825297,90,0.08426922779883883
6884.18110058306,11.03464899938101,0.006346191758496612,0.004223939831305199,0.0021222519271914134,90,0.08426922779883883
6884.18110058306,12.027778270211655,0.008055136249736385,0.0050103635406287365,0.0030447727091076487,90,0.08426922779883883
6884.18110058306,13.110290152907504,0.008281040790271608,0.005920838626053825,0.002360202164217783,90,0.08426922779883883
6884.18110058306,14.290229170511559,0.008620539765890486,0.0069703062073633556,0.0016502335585271309,90,0.08426922779883883
6884.18110058306,15.576363861058477,0.008808547895971788,0.008174605382229862,0.0006339425137419259,90,0.08426922779883883
6884.18110058306,16.978251939636557,0.00898912547290714,0.009550348913264702,-0.0005612234403575625,90,0.08426922779883883
6884.18110058306,18.50631132509919,0.024658662200331367,0.011114757240610864,0.013543904959720503,90,0.08426922779883883
6884.18110058306,20.17189755925049,0.028498624091768777,0.012885447995328867,0.01561317609643991,90,0.08426922779883883
6884.18110058306,21.98738819383367,0.028661533825802693,0.014880179390846494,0.013781354434956199,90,0.08426922779883883
6884.18110058306,23.966274772431408,0.033140608514641734,0.01711654742138456,0.016024061093257175,90,0.08426922779883883
6884.18110058306,26.123263090828015,0.03562541730803205,0.019611638684559767,0.016013778623472284,90,0.08426922779883883
6884.18110058306,28.474382480902506,0.049665531149722664,0.02238164282733038,0.027283888322392282,90,0.08426922779883883
6884.18110058306,31.037104930180035,0.06199516650161805,0.02544143101248121,0.03655373548913684,90,0.08426922779883883
6884.18110058306,33.83047492225976,0.08011770462047435,0.02880410930262511,0.05131359531784924,90,0.08426922779883883
6884.18110058306,36.875250963009485,0.08608712306965653,0.032480558310935305,0.05360656475872123,90,0.08426922779883883
6884.18110058306,40.194059844256586,0.08854498172855027,0.0364789726946417,0.052066009033908574,90,0.08426922779883883
6884.18110058306,43.81156479136355,0.09055837297960785,0.04080441587392447,0.04975395710568338,90,0.08426922779883883
6884.18110058306,47.75464874425019,0.091546074788532,0.04545840655004976,0.04608766823848223,90,0.08426922779883883
6884.18110058306,52.05261413388882,0.09317150414371825,0.05043855399731147,0.04273295014640678,90,0.08426922779883883
6884.18110058306,56.737400638880295,0.09808471348071689,0.05573825858059132,0.04234645490012557,90,0.08426922779883883
6884.18110058306,61.8438225403361,0.11354547431686093,0.061346492434209976,0.05219898188265096,90,0.08426922779883883
6884.18110058306,67.40982743893404,0.11539485941365835,0.06724767273766691,0.04814718667599144,90,0.08426922779883883
6884.18110058306,73.47677825676274,0.11643410809315341,0.07342163663736917,0.04301247145578424,90,0.08426922779883883
6884.18110058306,80.08976061961063,0.11676657482774944,0.0798437227746406,0.03692285205310884,90,0.08426922779883883
6884.18110058306,87.29791790396244,0.12168038715554379,0.08648495984743795,0.035195427308105834,90,0.08426922779883883
6884.18110058306,95.15481643855642,0.13309189402099433,0.09331235796595735,0.03977953605503698,90,0.08426922779883883
6884.18110058306,103.71884357443969,0.1343438911824729,0.10028929409144285,0.03405459709103004,90,0.08426922779883883
6884.18110058306,113.05364158172193,0.14277653979073615,0.10737597889093466,0.035400560899801495,90,0.08426922779883883
6884.18110058306,123.22858059746237,0.14565125844428672,0.11452998917067934,0.03112126927360738,90,0.08426922779883883
6884.18110058306,134.3192741393338,0.14847824499571802,0.12170684786725718,0.02677139712846084,90,0.08426922779883883
6884.18110058306,146.40814101602186,0.15480305881475612,0.1288606324877945,0.025942426326961615,90,0.08426922779883883
6884.18110058306,159.58501781011546,0.15781632629470937,0.135944592912455,0.02187173338225437,90,0.08426922779883883
6884.18110058306,173.9478264850578,0.16222308347284764,0.14291176052639315,0.01931132294645449,90,0.08426922779883883
6884.18110058306,189.6033020773824,0.162166032419349,0.14971553258154927,0.012450499837799722,90,0.08426922779883883
6884.18110058306,206.6677858819652,0.1634839317610191,0.1563102182943483,0.007173713466670811,90,0.08426922779883883
6884.18110058306,225.26809002472953,0.1640302040587294,0.16265153622818448,0.0013786678305449107,90,0.08426922779883883
6884.18110058306,245.54243984774803,0.1640302040587294,0.16869705575018795,-0.004666851691458557,90,0.08426922779883883
6884.18110058306,267.64150110992745,0.1640302040587294,0.1744065785680966,-0.010376374509367209,90,0.08426922779883883
6884.18110058306,291.72949963677064,0.1640302040587294,0.17974245935625513,-0.015712255297525735,90,0.08426922779883883
6884.18110058306,317.9854417397141,0.1640302040587294,0.18466986712389916,-0.02063966306516976,90,0.08426922779883883
6884.18110058306,346.6044444744125,0.1640302040587294,0.1891569911646519,-0.025126787105922505,90,0.08426922779883883
6884.18110058306,377.7991856235726,0.1640302040587294,0.19317519709929712,-0.029144993040567724,90,0.08426922779883883
6884.18110058306,411.801484179675,0.1640302040587294,0.1966991396698743,-0.032668935611144895,90,0.08426922779883883
6884.18110058306,448.86402307269043,0.1640302040587294,0.1997068395793933,-0.03567663552066391,90,0.08426922779883883
6884.18110058306,489.26222694499216,0.1640302040587294,0.20217973183880078,-0.038149527780071385,90,0.08426922779883883
6884.18110058306,533.2963089278549,0.1640302040587294,0.20410269283692073,-0.040072488778191334,90,0.08426922779883883
6884.18110058306,581.2935016298517,0.1640302040587294,0.20546405275318297,-0.04143384869445357,90,0.08426922779883883
6884.18110058306,633.6104889164096,0.1640302040587294,0.206255599052041,-0.0422253949933116,90,0.08426922779883883
6884.18110058306,690.6360565519087,0.1640302040587294,0.2064725756947601,-0.04244237163603071,90,0.08426922779883883
6884.18110058306,752.7939814021893,0.1640302040587294,0.20611368143699493,-0.04208347737826554,90,0.08426922779883883
6884.18110058306,820.546180668118,0.1640302040587294,0.20518106920233378,-0.04115086514360439,90,0.08426922779883883
6884.18110058306,894.3961445532864,0.1640302040587294,0.2036803470813056,-0.03965014302257622,90,0.08426922779883883
6884.18110058306,974.8926778751674,0.1640302040587294,0.2016205800478575,-0.037590375989128094,90,0.08426922779883883
6884.18110058306,1062.6339784249726,0.1640302040587294,0.19901429005570004,-0.03498408599697064,90,0.08426922779883883
6884.18110058306,1158.2720823838974,0.1640302040587294,0.19587745082138489,-0.03184724676265549,90,0.08426922779883883
6884.18110058306,1262.5177098312156,0.1640302040587294,0.19222947236902452,-0.028199268310295122,90,0.08426922779883883
6884.18110058306,1376.1455463528653,0.1640302040587294,0.1880931693575614,-0.024062965298832006,90,0.08426922779883883
6884.18110058306,1500.0,0.1640302040587294,0.1834947063948736,-0.019464502336144218,90,0.08426922779883883
6983.188781783566,0.7,0.0027139872164284483,2.519541524454256e-06,0.002711467674903994,90,0.09047072391549804
6983.188781783566,0.7630006889770977,0.0027139872164284483,3.3600957800184947e-06,0.00271062712064843,90,0.09047072391549804
6983.188781783566,0.8316715019707511,0.0027139872164284483,4.464861708945869e-06,0.0027095223547195023,90,0.09047072391549804
6983.188781783566,0.9065227557232869,0.0027139872164284483,5.911402691372007e-06,0.0027080758137370763,90,0.09047072391549804
6983.188781783566,0.9881106959861216,0.0027139872164284483,7.798286847688281e-06,0.00270618892958076,90,0.09047072391549804
6983.188781783566,1.0770416311757862,0.0027139872164284483,1.0250237572293076e-05,0.002703736978856155,90,0.09047072391549804
6983.188781783566,1.1739764380630602,0.0027139872164284483,1.3424392471466458e-05,0.0027005628239569817,90,0.09047072391549804
6983.188781783566,1.2796354729785626,0.0027139872164284483,1.7517867343773082e-05,0.002696469349084675,90,0.09047072391549804
6983.188781783566,1.3948039250316824,0.0027139872164284483,2.2776845906269958e-05,0.0026912103705221783,90,0.09047072391549804
6983.188781783566,1.520337651124477,0.0027139872164284483,2.950744018145787e-05,0.0026844797762469903,90,0.09047072391549804
6983.188781783566,1.657169536122569,0.0027139872164284483,3.808858992478309e-05,0.0026758986265036653,90,0.09047072391549804
6983.188781783566,1.8063164254476822,0.0027139872164284483,4.8987291036698895e-05,0.0026649999253917493,90,0.09047072391549804
6983.188781783566,1.9688866816103285,0.0027139872164284483,6.277646112006311e-05,0.002651210755308385,90,0.09047072391549804
6983.188781783566,2.1460884208378745,0.0027139872164284483,8.015576344393026e-05,0.002633831452984518,90,0.09047072391549804
6983.188781783566,2.339238491007243,0.0027139872164284483,0.00010197571644358203,0.002612011499984866,90,0.09047072391549804
6983.188781783566,2.5497722576003894,0.0027139872164284483,0.00012926541204793003,0.0025847218043805183,90,0.09047072391549804
6983.188781783566,2.7792542704054104,0.0027139872164284483,0.00016326414973945192,0.0025507230666889963,90,0.09047072391549804
6983.188781783566,3.0293898902312417,0.0027139872164284483,0.0002054572611287502,0.002508529955299698,90,0.09047072391549804
6983.188781783566,3.3020379620381313,0.0027139872164284483,0.0002576163484608863,0.002456370867967562,90,0.09047072391549804
6983.188781783566,3.599224628662322,0.0027139872164284483,0.00032184408610654556,0.002392143130321903,90,0.09047072391549804
6983.188781783566,3.9231583877895577,0.0027139872164284483,0.00040062363281428195,0.0023133635836141662,90,0.09047072391549804
6983.188781783566,4.276246504071018,0.0027139872164284483,0.000496872570378534,0.002217114646049914,90,0.09047072391549804
6983.188781783566,4.661112898345847,0.0027139872164284483,0.0006140011176487767,0.002099986098779672,90,0.09047072391549804
6983.188781783566,5.080617646911311,0.0027139872164284483,0.0007559741641204623,0.001958013052307986,90,0.09047072391549804
6983.188781783566,5.537878235746474,0.0027139872164284483,0.000927376422089957,0.0017866107943384914,90,0.09047072391549804
6983.188781783566,6.036292727636905,0.002788156520225917,0.0011334797090246246,0.0016546768112012924,90,0.09047072391549804
6983.188781783566,6.579565014363433,0.002788156520225917,0.0013803110424877286,0.0014078454777381884,90,0.09047072391549804
6983.188781783566,7.1717323416127225,0.002788156520225917,0.0016747198609046922,0.0011134366593212248,90,0.09047072391549804
6983.188781783566,7.817195311156917,0.002788156520225917,0.0020244422796809767,0.0007637142405449403,90,0.09047072391549804
6983.188781783566,8.520750583258952,0.002800492046541706,0.0024381598621748455,0.0003623321843668607,90,0.09047072391549804
6983.188781783566,9.287626522326553,0.003894720198011518,0.0029255499414801234,0.0009691702565313948,90,0.09047072391549804
6983.188781783566,10.123522050710184,0.006299976316007831,0.0034973240894691643,0.0028026522265386664,90,0.09047072391549804
6983.188781783566,11.03464899938101,0.006343320136401547,0.004165250917158031,0.002178069219243516,90,0.09047072391549804
6983.188781783566,12.027778270211655,0.008052096327878153,0.004942159034126709,0.0031099372937514443,90,0.09047072391549804
6983.188781783566,13.110290152907504,0.008278000868413375,0.005841915729292395,0.0024360851391209797,90,0.09047072391549804
6983.188781783566,14.290229170511559,0.008617450983129283,0.00687937680102414,0.0017380741821051435,90,0.09047072391549804
6983.188781783566,15.576363861058477,0.008805459113210583,0.008070303005813517,0.0007351561073970659,90,0.09047072391549804
6983.188781783566,16.978251939636557,0.008986031045507638,0.009431238857968066,-0.00044520781246042834,90,0.09047072391549804
6983.188781783566,18.50631132509919,0.02465489272175577,0.010979350043475618,0.013675542678280153,90,0.09047072391549804
6983.188781783566,20.17189755925049,0.028494713688917084,0.01273221654934759,0.015762497139569495,90,0.09047072391549804
6983.188781783566,21.98738819383367,0.028657613970829592,0.014707579784723673,0.013950034186105919,90,0.09047072391549804
6983.188781783566,23.966274772431408,0.03313650318179749,0.01692304349426909,0.016213459687528402,90,0.09047072391549804
6983.188781783566,26.123263090828015,0.03562100366629824,0.019395730126962784,0.016225273539335453,90,0.09047072391549804
6983.188781783566,28.474382480902506,0.04966074580753166,0.022141896483747276,0.027518849323784383,90,0.09047072391549804
6983.188781783566,31.037104930180035,0.06198999189488703,0.025176514850828495,0.03681347704405853,90,0.09047072391549804
6983.188781783566,33.83047492225976,0.08011179533393677,0.028512828320174315,0.05159896701376245,90,0.09047072391549804
6983.188781783566,36.875250963009485,0.08608025269034068,0.03216189145822699,0.053918361232113694,90,0.09047072391549804
6983.188781783566,40.194059844256586,0.08853813625640061,0.03613210973206652,0.05240602652433409,90,0.09047072391549804
6983.188781783566,43.81156479136355,0.09055150039886906,0.040428792945335454,0.0501227074535336,90,0.09047072391549804
6983.188781783566,47.75464874425019,0.09153919053746577,0.04505373917850954,0.04648545135895623,90,0.09047072391549804
6983.188781783566,52.05261413388882,0.09316447088338053,0.05000486619237735,0.04315960469100318,90,0.09047072391549804
6983.188781783566,56.737400638880295,0.09807761860329386,0.05527590680314812,0.04280171180014575,90,0.09047072391549804
6983.188781783566,61.8438225403361,0.11353737489186143,0.060856183297298354,0.052681191594563075,90,0.09047072391549804
6983.188781783566,67.40982743893404,0.11538675998865887,0.06673047352729092,0.04865628646136795,90,0.09047072391549804
6983.188781783566,73.47677825676274,0.11642600866815392,0.07287897800651832,0.043547030661635594,90,0.09047072391549804
6983.188781783566,80.08976061961063,0.11675847540274996,0.07927739328111852,0.03748108212163144,90,0.09047072391549804
6983.188781783566,87.29791790396244,0.12167228741249153,0.08589709235091099,0.03577519506158054,90,0.09047072391549804
6983.188781783566,95.15481643855642,0.1330837942779421,0.09270540824818894,0.04037838602975315,90,0.09047072391549804
6983.188781783566,103.71884357443969,0.134335839388395,0.09966601239148427,0.03466982699691072,90,0.09047072391549804
6983.188781783566,113.05364158172193,0.14276822576078685,0.10673937533139205,0.0360288504293948,90,0.09047072391549804
6983.188781783566,123.22858059746237,0.14564294441433748,0.11388329427341154,0.03175965014092594,90,0.09047072391549804
6983.188781783566,134.3192741393338,0.14846993096576874,0.12105346950410265,0.027416461461666097,90,0.09047072391549804
6983.188781783566,146.40814101602186,0.15479474478480684,0.1282041106780948,0.02659063410671203,90,0.09047072391549804
6983.188781783566,159.58501781011546,0.15780801226476007,0.13528855386507185,0.02251945839968822,90,0.09047072391549804
6983.188781783566,173.9478264850578,0.1622147694428984,0.14225987123673575,0.01995489820616264,90,0.09047072391549804
6983.188781783566,189.6033020773824,0.16215771838939969,0.14907145714596612,0.013086261243433567,90,0.09047072391549804
6983.188781783566,206.6677858819652,0.16347561773106978,0.15567757691056705,0.007798040820502727,90,0.09047072391549804
6983.188781783566,225.26809002472953,0.1640218900287801,0.16203386762831573,0.001988022400464362,90,0.09047072391549804
6983.188781783566,245.54243984774803,0.1640218900287801,0.16809778357900912,-0.004075893550229026,90,0.09047072391549804
6983.188781783566,267.64150110992745,0.1640218900287801,0.17382898198923158,-0.009807091960451486,90,0.09047072391549804
6983.188781783566,291.72949963677064,0.1640218900287801,0.17918964795526035,-0.015167757926480258,90,0.09047072391549804
6983.188781783566,317.9854417397141,0.1640218900287801,0.18414475998988197,-0.02012286996110188,90,0.09047072391549804
6983.188781783566,346.6044444744125,0.1640218900287801,0.18866229987737634,-0.02464040984859625,90,0.09047072391549804
6983.188781783566,377.7991856235726,0.1640218900287801,0.19271341223023353,-0.028691522201453434,90,0.09047072391549804
6983.188781783566,411.801484179675,0.1640218900287801,0.19627252032415712,-0.03225063029537703,90,0.09047072391549804
6983.188781783566,448.86402307269043,0.1640218900287801,0.19931740545993062,-0.03529551543115053,90,0.09047072391549804
6983.188781783566,489.26222694499216,0.1640218900287801,0.20182925730111273,-0.03780736727233264,90,0.09047072391549804
6983.188781783566,533.2963089278549,0.1640218900287801,0.20379270242002126,-0.03977081239124117,90,0.09047072391549804
6983.188781783566,581.2935016298517,0.1640218900287801,0.2051958177138647,-0.0411739276850846,90,0.09047072391549804
6983.188781783566,633.6104889164096,0.1640218900287801,0.20603013449306004,-0.04200824446427995,90,0.09047072391549804
6983.188781783566,690.6360565519087,0.1640218900287801,0.2062906379575851,-0.042268747928805,90,0.09047072391549804
6983.188781783566,752.7939814021893,0.1640218900287801,0.2059757655231513,-0.04195387549437121,90,0.09047072391549804
6983.188781783566,820.546180668118,0.1640218900287801,0.20508740609036516,-0.04106551606158507,90,0.09047072391549804
6983.188781783566,894.3961445532864,0.1640218900287801,0.20363090091559996,-0.03960901088681987,90,0.09047072391549804
6983.188781783566,974.8926778751674,0.1640218900287801,0.20161504528768337,-0.03759315525890328,90,0.09047072391549804
6983.188781783566,1062.6339784249726,0.1640218900287801,0.19905208878429062,-0.03503019875551053,90,0.09047072391549804
6983.188781783566,1158.2720823838974,0.1640218900287801,0.19595773052200727,-0.031935840493227174,90,0.09047072391549804
6983.188781783566,1262.5177098312156,0.1640218900287801,0.1923511045734571,-0.028329214544677017,90,0.09047072391549804
6983.188781783566,1376.1455463528653,0.1640218900287801,0.18825474965753386,-0.024232859628753767,90,0.09047072391549804
6983.188781783566,1500.0,0.1640218900287801,0.18369455637353801,-0.019672666344757922,90,0.09047072391549804
7083.6203826621695,0.7,0.002619028108771281,2.443893551370844e-06,0.00261658421521991,90,0.09667222003215725
7083.6203826621695,0.7630006889770977,0.002619028108771281,3.2601084128251223e-06,0.0026157680003584555,90,0.09667222003215725
7083.6203826621695,0.8316715019707511,0.002619028108771281,4.333192877248904e-06,0.002614694915894032,90,0.09667222003215725
7083.6203826621695,0.9065227557232869,0.002619028108771281,5.7386558542831885e-06,0.0026132894529169977,90,0.09667222003215725
7083.6203826621695,0.9881106959861216,0.002619028108771281,7.572485919408391e-06,0.0026114556228518724,90,0.09667222003215725
7083.6203826621695,1.0770416311757862,0.002619028108771281,9.956182268162344e-06,0.0026090719265031187,90,0.09667222003215725
7083.6203826621695,1.1739764380630602,0.002619028108771281,1.3042870882751864e-05,0.002605985237888529,90,0.09667222003215725
7083.6203826621695,1.2796354729785626,0.002619028108771281,1.7024699108219447e-05,0.0026020034096630616,90,0.09667222003215725
7083.6203826621695,1.3948039250316824,0.002619028108771281,2.2141725657918402e-05,0.0025968863831133623,90,0.09667222003215725
7083.6203826621695,1.520337651124477,0.002619028108771281,2.8692547094465528e-05,0.0025903355616768153,90,0.09667222003215725
7083.6203826621695,1.657169536122569,0.002619028108771281,3.704692519501019e-05,0.0025819811835762706,90,0.09667222003215725
7083.6203826621695,1.8063164254476822,0.002619028108771281,4.766070118554955e-05,0.0025713674075857314,90,0.09667222003215725
7083.6203826621695,1.9688866816103285,0.002619028108771281,6.109330120717112e-05,0.0025579348075641098,90,0.09667222003215725
7083.6203826621695,2.1460884208378745,0.002619028108771281,7.802815082921925e-05,0.0025409999579420616,90,0.09667222003215725
7083.6203826621695,2.339238491007243,0.002619028108771281,9.92963228808694e-05,0.0025197317858904117,90,0.09667222003215725
7083.6203826621695,2.5497722576003894,0.002619028108771281,0.00012590373990696143,0.0024931243688643195,90,0.09667222003215725
7083.6203826621695,2.7792542704054104,0.002619028108771281,0.0001590622373790489,0.002459965871392232,90,0.09667222003215725
7083.6203826621695,3.0293898902312417,0.002619028108771281,0.0002002247632729304,0.0024188033454983506,90,0.09667222003215725
7083.6203826621695,3.3020379620381313,0.002619028108771281,0.0002511249403086163,0.0023679031684626646,90,0.09667222003215725
7083.6203826621695,3.599224628662322,0.002619028108771281,0.0003138211453312941,0.002305206963439987,90,0.09667222003215725
7083.6203826621695,3.9231583877895577,0.002619028108771281,0.0003907451621230084,0.0022282829466482726,90,0.09667222003215725
7083.6203826621695,4.276246504071018,0.002619028108771281,0.0004847553354752816,0.0021342727732959993,90,0.09667222003215725
7083.6203826621695,4.661112898345847,0.002619028108771281,0.0005991939918756393,0.0020198341168956415,90,0.09667222003215725
7083.6203826621695,5.080617646911311,0.002619028108771281,0.0007379486923101174,0.0018810794164611634,90,0.09667222003215725
7083.6203826621695,5.537878235746474,0.002619028108771281,0.0009055166428002532,0.0017135114659710276,90,0.09667222003215725
7083.6203826621695,6.036292727636905,0.0026931974125687496,0.0011070713067948127,0.001586126105773937,90,0.09667222003215725
7083.6203826621695,6.579565014363433,0.0026931974125687496,0.0013485299403790947,0.001344667472189655,90,0.09667222003215725
7083.6203826621695,7.1717323416127225,0.0026931974125687496,0.0016366204084845679,0.0010565770040841817,90,0.09667222003215725
7083.6203826621695,7.817195311156917,0.0026931974125687496,0.0019789452426170924,0.0007142521699516572,90,0.09667222003215725
7083.6203826621695,8.520750583258952,0.0027055329388845388,0.002384040476195812,0.0003214924626887268,90,0.09667222003215725
7083.6203826621695,9.287626522326553,0.0037962574333692974,0.00286142635462864,0.0009348310787406573,90,0.09667222003215725
7083.6203826621695,10.123522050710184,0.006183254296228825,0.0034216465807585302,0.002761607715470295,90,0.09667222003215725
7083.6203826621695,11.03464899938101,0.006225744578348544,0.004076292344702735,0.002149452233645809,90,0.09667222003215725
7083.6203826621695,12.027778270211655,0.007926338866909402,0.004838007028567084,0.003088331838342318,90,0.09667222003215725
7083.6203826621695,13.110290152907504,0.008152243407444623,0.005720467205082942,0.0024317762023616813,90,0.09667222003215725
7083.6203826621695,14.290229170511559,0.008491929171053578,0.006738335404315446,0.0017535937667381317,90,0.09667222003215725
7083.6203826621695,15.576363861058477,0.00867993730113488,0.007907180147911495,0.0007727571532233843,90,0.09667222003215725
7083.6203826621695,16.978251939636557,0.00885944693114788,0.00924335899182772,-0.0003839120606798415,90,0.09667222003215725
7083.6203826621695,18.50631132509919,0.024505354162412903,0.010763860821240815,0.013741493341172088,90,0.09667222003215725
7083.6203826621695,20.17189755925049,0.02834576332177002,0.012486104445603332,0.015859658876166687,90,0.09667222003215725
7083.6203826621695,21.98738819383367,0.028509071924345153,0.01442769167762694,0.014081380246718213,90,0.09667222003215725
7083.6203826621695,23.966274772431408,0.03298560328606385,0.016606114561219843,0.016379488724844005,90,0.09667222003215725
7083.6203826621695,26.123263090828015,0.035469189399876214,0.019038418231295984,0.01643077116858023,90,0.09667222003215725
7083.6203826621695,28.474382480902506,0.04950214518683055,0.021740823005352124,0.027761322181478424,90,0.09667222003215725
7083.6203826621695,31.037104930180035,0.061811338455381226,0.024728311651565665,0.03708302680381556,90,0.09667222003215725
7083.6203826621695,33.83047492225976,0.07992326684963574,0.028014190243535676,0.05190907660610007,90,0.09667222003215725
7083.6203826621695,36.875250963009485,0.0858737781654548,0.0316096334552237,0.0542641447102311,90,0.09667222003215725
7083.6203826621695,40.194059844256586,0.08833356993803153,0.03552322739917946,0.05281034253885207,90,0.09667222003215725
7083.6203826621695,43.81156479136355,0.09034589142194509,0.039760524975985895,0.05058536644595919,90,0.09667222003215725
7083.6203826621695,47.75464874425019,0.09133138524346066,0.04432362998909572,0.04700775525436494,90,0.09667222003215725
7083.6203826621695,52.05261413388882,0.09295372164961112,0.049210826809473585,0.04374289484013753,90,0.09667222003215725
7083.6203826621695,56.737400638880295,0.09786186943674577,0.05441627200954605,0.043445597427199716,90,0.09667222003215725
7083.6203826621695,61.8438225403361,0.11331021870361892,0.059929763046005426,0.05338045565761349,90,0.09667222003215725
7083.6203826621695,67.40982743893404,0.11515960380041632,0.06573659675237886,0.049423007048037454,90,0.09667222003215725
7083.6203826621695,73.47677825676274,0.11619885247991138,0.0718175271874734,0.044381325292437976,90,0.09667222003215725
7083.6203826621695,80.08976061961063,0.11653131921450742,0.07814882844369829,0.03838249077080913,90,0.09667222003215725
7083.6203826621695,87.29791790396244,0.12143828231979355,0.08470246359440001,0.03673581872539354,90,0.09667222003215725
7083.6203826621695,95.15481643855642,0.1328497891852441,0.09144635635102108,0.041403432834223014,90,0.09667222003215725
7083.6203826621695,103.71884357443969,0.1340997576510897,0.09834475753413668,0.03575500011695301,90,0.09667222003215725
7083.6203826621695,113.05364158172193,0.1425292719374669,0.10535869445486774,0.03717057748259915,90,0.09667222003215725
7083.6203826621695,123.22858059746237,0.14540399059101752,0.11244648803219799,0.03295750255881953,90,0.09667222003215725
7083.6203826621695,134.3192741393338,0.14823097714244876,0.1195643201469419,0.028666656995506856,90,0.09667222003215725
7083.6203826621695,146.40814101602186,0.15455579096148686,0.12666683247733157,0.02788895848415529,90,0.09667222003215725
7083.6203826621695,159.58501781011546,0.15756905844144006,0.1337077379027938,0.023861320538646258,90,0.09667222003215725
7083.6203826621695,173.9478264850578,0.1619758156195784,0.14064042643888244,0.02133538918069597,90,0.09667222003215725
7083.6203826621695,189.6033020773824,0.1619187645660797,0.14741854943764254,0.01450021512843716,90,0.09667222003215725
7083.6203826621695,206.6677858819652,0.1632366639077498,0.15399656825741775,0.009240095650332042,90,0.09667222003215725
7083.6203826621695,225.26809002472953,0.1637829362054601,0.1603302565456367,0.0034526796598234044,90,0.09667222003215725
7083.6203826621695,245.54243984774803,0.1637829362054601,0.1663771484511054,-0.0025942122456452943,90,0.09667222003215725
7083.6203826621695,267.64150110992745,0.1637829362054601,0.17209692826637396,-0.00831399206091385,90,0.09667222003215725
7083.6203826621695,291.72949963677064,0.1637829362054601,0.17745176000391785,-0.013668823798457741,90,0.09667222003215725
7083.6203826621695,317.9854417397141,0.1637829362054601,0.18240655808122683,-0.018623621875766716,90,0.09667222003215725
7083.6203826621695,346.6044444744125,0.1637829362054601,0.18692920252405315,-0.02314626631859304,90,0.09667222003215725
7083.6203826621695,377.7991856235726,0.1637829362054601,0.1909907038333903,-0.0272077676279302,90,0.09667222003215725
7083.6203826621695,411.801484179675,0.1637829362054601,0.1945653238796774,-0.030782387674217287,90,0.09667222003215725
7083.6203826621695,448.86402307269043,0.1637829362054601,0.1976306598994256,-0.03384772369396549,90,0.09667222003215725
7083.6203826621695,489.26222694499216,0.1637829362054601,0.2001676989115282,-0.03638476270606808,90,0.09667222003215725
7083.6203826621695,533.2963089278549,0.1637829362054601,0.20216084969552514,-0.03837791349006503,90,0.09667222003215725
7083.6203826621695,581.2935016298517,0.1637829362054601,0.20359795894324095,-0.03981502273778084,90,0.09667222003215725
7083.6203826621695,633.6104889164096,0.1637829362054601,0.20447031737237079,-0.040687381166910674,90,0.09667222003215725
7083.6203826621695,690.6360565519087,0.1637829362054601,0.204772660538028,-0.040989724332567895,90,0.09667222003215725
7083.6203826621695,752.7939814021893,0.1637829362054601,0.20450316785427888,-0.04072023164881877,90,0.09667222003215725
7083.6203826621695,820.546180668118,0.1637829362054601,0.20366346199560462,-0.039880525790144505,90,0.09667222003215725
7083.6203826621695,894.3961445532864,0.1637829362054601,0.20225860943687324,-0.03847567323141313,90,0.09667222003215725
7083.6203826621695,974.8926778751674,0.1637829362054601,0.20029712145550144,-0.036514185250041326,90,0.09667222003215725
7083.6203826621695,1062.6339784249726,0.1637829362054601,0.19779095350555234,-0.03400801730009223,90,0.09667222003215725
7083.6203826621695,1158.2720823838974,0.1637829362054601,0.19475549952617535,-0.03097256332071524,90,0.09667222003215725
7083.6203826621695,1262.5177098312156,0.1637829362054601,0.19120957651460663,-0.027426640309146516,90,0.09667222003215725
7083.6203826621695,1376.1455463528653,0.1637829362054601,0.18717539363001504,-0.023392457424554924,90,0.09667222003215725
7083.6203826621695,1500.0,0.1637829362054601,0.18267849925675939,-0.018895563051299274,90,0.09667222003215725
7185.496381905213,0.7,0.0026174399165320027,2.389359645188362e-06,0.0026150505568868143,90,0.10287371614881602
7185.496381905213,0.7630006889770977,0.0026174399165320027,3.188239218494389e-06,0.0026142516773135084,90,0.10287371614881602
7185.496381905213,0.8316715019707511,0.0026174399165320027,4.2388348722830634e-06,0.0026132010816597197,90,0.10287371614881602
7185.496381905213,0.9065227557232869,0.0026174399165320027,5.615239480051696e-06,0.002611824677051951,90,0.10287371614881602
7185.496381905213,0.9881106959861216,0.0026174399165320027,7.4116722177467985e-06,0.002610028244314256,90,0.10287371614881602
7185.496381905213,1.0770416311757862,0.0026174399165320027,9.747431719508951e-06,0.0026076924848124935,90,0.10287371614881602
7185.496381905213,1.1739764380630602,0.0026174399165320027,1.2772920161876374e-05,0.0026046669963701264,90,0.10287371614881602
7185.496381905213,1.2796354729785626,0.0026174399165320027,1.6676929591881964e-05,0.0026007629869401207,90,0.10287371614881602
7185.496381905213,1.3948039250316824,0.0026174399165320027,2.1695405580210396e-05,0.0025957445109517923,90,0.10287371614881602
7185.496381905213,1.520337651124477,0.0026174399165320027,2.8121927306385166e-05,0.0025893179892256175,90,0.10287371614881602
7185.496381905213,1.657169536122569,0.0026174399165320027,3.632016661971526e-05,0.0025811197499122874,90,0.10287371614881602
7185.496381905213,1.8063164254476822,0.0026174399165320027,4.673861036552285e-05,0.0025707013061664796,90,0.10287371614881602
7185.496381905213,1.9688866816103285,0.0026174399165320027,5.992784893366236e-05,0.00255751206759834,90,0.10287371614881602
7185.496381905213,2.1460884208378745,0.0026174399165320027,7.656074787307811e-05,0.0025408791686589247,90,0.10287371614881602
7185.496381905213,2.339238491007243,0.0026174399165320027,9.745582648009616e-05,0.0025199840900519063,90,0.10287371614881602
7185.496381905213,2.5497722576003894,0.0026174399165320027,0.00012360416511134073,0.002493835751420662,90,0.10287371614881602
7185.496381905213,2.7792542704054104,0.0026174399165320027,0.000156200148835914,0.0024612397676960886,90,0.10287371614881602
7185.496381905213,3.0293898902312417,0.0026174399165320027,0.0001966763258172169,0.002420763590714786,90,0.10287371614881602
7185.496381905213,3.3020379620381313,0.0026174399165320027,0.0002467426110754067,0.002370697305456596,90,0.10287371614881602
7185.496381905213,3.599224628662322,0.0026174399165320027,0.00030842999633869984,0.002309009920193303,90,0.10287371614881602
7185.496381905213,3.9231583877895577,0.0026174399165320027,0.0003841388306859745,0.0022333010858460282,90,0.10287371614881602
7185.496381905213,4.276246504071018,0.0026174399165320027,0.00047669161071330177,0.0021407483058187007,90,0.10287371614881602
7185.496381905213,4.661112898345847,0.0026174399165320027,0.0005893900592582251,0.0020280498572737777,90,0.10287371614881602
7185.496381905213,5.080617646911311,0.0026174399165320027,0.000726076074893627,0.0018913638416383758,90,0.10287371614881602
7185.496381905213,5.537878235746474,0.0026174399165320027,0.0008911958977343801,0.0017262440187976226,90,0.10287371614881602
7185.496381905213,6.036292727636905,0.002691609220329471,0.0010898665589063109,0.0016017426614231601,90,0.10287371614881602
7185.496381905213,6.579565014363433,0.002691609220329471,0.0013279433611289484,0.0013636658592005226,90,0.10287371614881602
7185.496381905213,7.1717323416127225,0.002691609220329471,0.0016120867781180624,0.0010795224422114086,90,0.10287371614881602
7185.496381905213,7.817195311156917,0.002691609220329471,0.001949826765429559,0.0007417824548999121,90,0.10287371614881602
7185.496381905213,8.520750583258952,0.0027039447466452606,0.002349622052781565,0.00035432269386369546,90,0.10287371614881602
7185.496381905213,9.287626522326553,0.0037945672726336158,0.0028209115496889902,0.0009736557229446255,90,0.10287371614881602
7185.496381905213,10.123522050710184,0.006181183732137849,0.0033741545590483192,0.00280702917308953,90,0.10287371614881602
7185.496381905213,11.03464899938101,0.006223622881013188,0.004020856079093886,0.002202766801919302,90,0.10287371614881602
7185.496381905213,12.027778270211655,0.007924098347377274,0.004773573110649952,0.003150525236727322,90,0.10287371614881602
7185.496381905213,13.110290152907504,0.008150002887912495,0.005645897607417385,0.00250410528049511,90,0.10287371614881602
7185.496381905213,14.290229170511559,0.008489633752154455,0.006652411551201137,0.0018372222009533177,90,0.10287371614881602
7185.496381905213,15.576363861058477,0.008677641882235756,0.007808609644914173,0.0008690322373215839,90,0.10287371614881602
7185.496381905213,16.978251939636557,0.008857144374714196,0.009130785339728309,-0.00027364096501411236,90,0.10287371614881602
7185.496381905213,18.50631132509919,0.024502718143869583,0.010635876394197623,0.01386684174967196,90,0.10287371614881602
7185.496381905213,20.17189755925049,0.028343033334431937,0.012341266943291268,0.01600176639114067,90,0.10287371614881602
7185.496381905213,21.98738819383367,0.02850633744899225,0.014264544165051138,0.014241793283941111,90,0.10287371614881602
7185.496381905213,23.966274772431408,0.03298278968945847,0.01642320908733278,0.016559580602125687,90,0.10287371614881602
7185.496381905213,26.123263090828015,0.03546617404375643,0.018834342869929466,0.016631831173826966,90,0.10287371614881602
7185.496381905213,28.474382480902506,0.049498908063752636,0.021514231993108,0.027984676070644636,90,0.10287371614881602
7185.496381905213,31.037104930180035,0.06180798145410591,0.02447795811363978,0.03733002334046613,90,0.10287371614881602
7185.496381905213,33.83047492225976,0.07991945154962879,0.027738960809160256,0.05218049074046853,90,0.10287371614881602
7185.496381905213,36.875250963009485,0.08586941170076666,0.03130858388120398,0.05456082781956268,90,0.10287371614881602
7185.496381905213,40.194059844256586,0.08832924687659176,0.035195618156508165,0.05313362872008359,90,0.10287371614881602
7185.496381905213,43.81156479136355,0.09034154793434745,0.03940585562535915,0.050935692308988305,90,0.10287371614881602
7185.496381905213,47.75464874425019,0.09132702699896257,0.043941671090604165,0.047385355908358406,90,0.10287371614881602
7185.496381905213,52.05261413388882,0.09294925765180496,0.04880164809219449,0.04414760955961047,90,0.10287371614881602
7185.496381905213,56.737400638880295,0.09785740098706303,0.05398026557709774,0.04387713540996529,90,0.10287371614881602
7185.496381905213,61.8438225403361,0.11330509383152457,0.05946766051825494,0.05383743331326963,90,0.10287371614881602
7185.496381905213,67.40982743893404,0.115154478928322,0.06524947943929134,0.049904999489030655,90,0.10287371614881602
7185.496381905213,73.47677825676274,0.11619372760781706,0.07130682864995105,0.044886898957866,90,0.10287371614881602
7185.496381905213,80.08976061961063,0.11652619434241306,0.07761632910341296,0.0389098652390001,90,0.10287371614881602
7185.496381905213,87.29791790396244,0.12143318613557619,0.08415027739026332,0.03728290874531287,90,0.10287371614881602
7185.496381905213,95.15481643855642,0.13284469300102675,0.0908769097810227,0.04196778322000405,90,0.10287371614881602
7185.496381905213,103.71884357443969,0.1340947171041238,0.09776076174383214,0.03633395536029166,90,0.10287371614881602
7185.496381905213,113.05364158172193,0.14252405288355793,0.10476311131534718,0.03776094156821075,90,0.10287371614881602
7185.496381905213,123.22858059746237,0.1453987715371086,0.1118424913722351,0.033556280164873484,90,0.10287371614881602
7185.496381905213,134.3192741393338,0.1482257580885398,0.11895525345307786,0.029270504635461936,90,0.10287371614881602
7185.496381905213,146.40814101602186,0.1545505719075779,0.12605616444537476,0.028494407462203136,90,0.10287371614881602
7185.496381905213,159.58501781011546,0.15756383938753113,0.1330990172149129,0.024464822172618222,90,0.10287371614881602
7185.496381905213,173.9478264850578,0.16197059656566942,0.14003723705870388,0.02193335950696554,90,0.10287371614881602
7185.496381905213,189.6033020773824,0.16191354551217077,0.14682446757314727,0.015089077939023504,90,0.10287371614881602
7185.496381905213,206.6677858819652,0.16323144485384086,0.153415121953011,0.009816322900829871,90,0.10287371614881602
7185.496381905213,225.26809002472953,0.16377771715155115,0.15976488864724978,0.0040128285043013745,90,0.10287371614881602
7185.496381905213,245.54243984774803,0.16377771715155115,0.1658311834582639,-0.0020534663067127423,90,0.10287371614881602
7185.496381905213,267.64150110992745,0.16377771715155115,0.17157354335810535,-0.007795826206554196,90,0.10287371614881602
7185.496381905213,291.72949963677064,0.16377771715155115,0.17695396031399155,-0.013176243162440399,90,0.10287371614881602
7185.496381905213,317.9854417397141,0.16377771715155115,0.18193715611234446,-0.018159438960793306,90,0.10287371614881602
7185.496381905213,346.6044444744125,0.16377771715155115,0.18649080143684263,-0.02271308428529148,90,0.10287371614881602
7185.496381905213,377.7991856235726,0.16377771715155115,0.19058568422799704,-0.026807967076445893,90,0.10287371614881602
7185.496381905213,411.801484179675,0.16377771715155115,0.19419583360633796,-0.030418116454786814,90,0.10287371614881602
7185.496381905213,448.86402307269043,0.16377771715155115,0.19729860638850588,-0.03352088923695473,90,0.10287371614881602
7185.496381905213,489.26222694499216,0.16377771715155115,0.19987474350045747,-0.036097026348906325,90,0.10287371614881602
7185.496381905213,533.2963089278549,0.16377771715155115,0.2019084034462323,-0.03813068629468114,90,0.10287371614881602
7185.496381905213,581.2935016298517,0.16377771715155115,0.20338717948500926,-0.039609462333458106,90,0.10287371614881602
7185.496381905213,633.6104889164096,0.16377771715155115,0.20430210636723345,-0.0405243892156823,90,0.10287371614881602
7185.496381905213,690.6360565519087,0.16377771715155115,0.20464766144484423,-0.040869944293293076,90,0.10287371614881602
7185.496381905213,752.7939814021893,0.16377771715155115,0.20442176375958074,-0.04064404660802959,90,0.10287371614881602
7185.496381905213,820.546180668118,0.16377771715155115,0.20362577338060356,-0.03984805622905241,90,0.10287371614881602
7185.496381905213,894.3961445532864,0.16377771715155115,0.2022644918572461,-0.03848677470569495,90,0.10287371614881602
7185.496381905213,974.8926778751674,0.16377771715155115,0.20034616322040363,-0.036568446068852484,90,0.10287371614881602
7185.496381905213,1062.6339784249726,0.16377771715155115,0.1978824735512901,-0.03410475639973895,90,0.10287371614881602
7185.496381905213,1158.2720823838974,0.16377771715155115,0.1948885457844116,-0.031110828632860438,90,0.10287371614881602
7185.496381905213,1262.5177098312156,0.16377771715155115,0.19138292517077785,-0.027605208019226696,90,0.10287371614881602
7185.496381905213,1376.1455463528653,0.16377771715155115,0.18738754975021873,-0.023609832598667585,90,0.10287371614881602
7185.496381905213,1500.0,0.16377771715155115,0.18292769932566924,-0.01914998217411809,90,0.10287371614881602
7288.837552721711,0.7,0.002617477850832699,2.3370321545514466e-06,0.0026151408186781476,90,0.10907521226547523
7288.837552721711,0.7630006889770977,0.002617477850832699,3.1192751185227312e-06,0.002614358575714176,90,0.10907521226547523
7288.837552721711,0.8316715019707511,0.002617477850832699,4.14828800042345e-06,0.0026133295628322758,90,0.10907521226547523
7288.837552721711,0.9065227557232869,0.002617477850832699,5.496804715339467e-06,0.0026119810461173597,90,0.10907521226547523
7288.837552721711,0.9881106959861216,0.002617477850832699,7.257346469212223e-06,0.0026102205043634866,90,0.10907521226547523
7288.837552721711,1.0770416311757862,0.002617477850832699,9.547100334500379e-06,0.002607930750498199,90,0.10907521226547523
7288.837552721711,1.1739764380630602,0.002617477850832699,1.2513855086756617e-05,0.0026049639957459424,90,0.10907521226547523
7288.837552721711,1.2796354729785626,0.002617477850832699,1.6343183827077816e-05,0.002601134667005621,90,0.10907521226547523
7288.837552721711,1.3948039250316824,0.002617477850832699,2.1267086631183386e-05,0.0025962107642015157,90,0.10907521226547523
7288.837552721711,1.520337651124477,0.002617477850832699,2.7574330496784386e-05,0.0025899035203359147,90,0.10907521226547523
7288.837552721711,1.657169536122569,0.002617477850832699,3.562274737567317e-05,0.002581855103457026,90,0.10907521226547523
7288.837552721711,1.8063164254476822,0.002617477850832699,4.585377299406473e-05,0.002571624077838634,90,0.10907521226547523
7288.837552721711,1.9688866816103285,0.002617477850832699,5.880952811962645e-05,0.0025586683227130725,90,0.10907521226547523
7288.837552721711,2.1460884208378745,0.002617477850832699,7.515275824879099e-05,0.002542325092583908,90,0.10907521226547523
7288.837552721711,2.339238491007243,0.002617477850832699,9.56899553478203e-05,0.0025217878954848787,90,0.10907521226547523
7288.837552721711,2.5497722576003894,0.002617477850832699,0.00012139798391507237,0.0024960798669176267,90,0.10907521226547523
7288.837552721711,2.7792542704054104,0.002617477850832699,0.0001534545205085106,0.0024640233303241882,90,0.10907521226547523
7288.837552721711,3.0293898902312417,0.002617477850832699,0.00019327258791879343,0.0024242052629139055,90,0.10907521226547523
7288.837552721711,3.3020379620381313,0.002617477850832699,0.00024253941895955574,0.002374938431873143,90,0.10907521226547523
7288.837552721711,3.599224628662322,0.002617477850832699,0.000303259816721345,0.002314218034111354,90,0.10907521226547523
7288.837552721711,3.9231583877895577,0.002617477850832699,0.00037780408424321427,0.002239673766589485,90,0.10907521226547523
7288.837552721711,4.276246504071018,0.002617477850832699,0.0004689604729922319,0.002148517377840467,90,0.10907521226547523
7288.837552721711,4.661112898345847,0.002617477850832699,0.0005799919425229154,0.0020374859083097836,90,0.10907521226547523
7288.837552721711,5.080617646911311,0.002617477850832699,0.0007146968297832551,0.001902781021049444,90,0.10907521226547523
7288.837552721711,5.537878235746474,0.002617477850832699,0.0008774727929544149,0.001740005057878284,90,0.10907521226547523
7288.837552721711,6.036292727636905,0.0026916471546301673,0.0010733831196842389,0.0016182640349459284,90,0.10907521226547523
7288.837552721711,6.579565014363433,0.0026916471546301673,0.0013082241727891124,0.001383422981841055,90,0.10907521226547523
7288.837552721711,7.1717323416127225,0.0026916471546301673,0.0015885923896363677,0.0011030547649937997,90,0.10907521226547523
7288.837552721711,7.817195311156917,0.0026916471546301673,0.0019219488587651097,0.0007696982958650576,90,0.10907521226547523
7288.837552721711,8.520750583258952,0.002703982680945957,0.0023166790764198894,0.0003873036045260675,90,0.10907521226547523
7288.837552721711,9.287626522326553,0.0037946043481357325,0.0027821450481127024,0.0010124593000230301,90,0.10907521226547523
7288.837552721711,10.123522050710184,0.006181160350840232,0.0033287264623401386,0.002852433888500093,90,0.10907521226547523
7288.837552721711,11.03464899938101,0.006223579539222771,0.003967847246721289,0.002255732292501482,90,0.10907521226547523
7288.837552721711,12.027778270211655,0.007924076885583263,0.004711983448391348,0.0032120934371919155,90,0.10907521226547523
7288.837552721711,13.110290152907504,0.00814998142611849,0.005574648093651801,0.0025753333324666887,90,0.10907521226547523
7288.837552721711,14.290229170511559,0.00848952720080824,0.006570348515310443,0.001919178685497797,90,0.10907521226547523
7288.837552721711,15.576363861058477,0.008677535330889542,0.007714511632991208,0.0009630236978983332,90,0.10907521226547523
7288.837552721711,16.978251939636557,0.00885704133089748,0.009023372877718138,-0.00016633154682065693,90,0.10907521226547523
7288.837552721711,18.50631132509919,0.024502914258312258,0.010513824912773612,0.013989089345538646,90,0.10907521226547523
7288.837552721711,20.17189755925049,0.028343175217643825,0.012203223059454687,0.016139952158189138,90,0.10907521226547523
7288.837552721711,21.98738819383367,0.028506476363300046,0.014109145420848701,0.014397330942451344,90,0.10907521226547523
7288.837552721711,23.966274772431408,0.03298299839649082,0.016249107125815475,0.016733891270675344,90,0.10907521226547523
7288.837552721711,26.123263090828015,0.03546628761922445,0.018640229884004125,0.016826057735220324,90,0.10907521226547523
7288.837552721711,28.474382480902506,0.049499034501528476,0.021298870118027256,0.02820016438350122,90,0.10907521226547523
7288.837552721711,31.037104930180035,0.06180856231575119,0.02424021125489069,0.0375683510608605,90,0.10907521226547523
7288.837552721711,33.83047492225976,0.07991995361678585,0.027477828213467014,0.05244212540331883,90,0.10907521226547523
7288.837552721711,36.875250963009485,0.08587000175677122,0.03102323458073139,0.054846767176039826,90,0.10907521226547523
7288.837552721711,40.194059844256586,0.08832989177674438,0.03488542525850279,0.05344446651824159,90,0.10907521226547523
7288.837552721711,43.81156479136355,0.09034219326937781,0.03907042929569745,0.051271763973680363,90,0.10907521226547523
7288.837552721711,47.75464874425019,0.09132767958583367,0.0435808890039909,0.047746790581842766,90,0.10907521226547523
7288.837552721711,52.05261413388882,0.09294987682182765,0.048415682106157404,0.044534194715670244,90,0.10907521226547523
7288.837552721711,56.737400638880295,0.09785814869451885,0.05356960344007808,0.04428854525444077,90,0.10907521226547523
7288.837552721711,61.8438225403361,0.11330564159322654,0.05903312154771361,0.054272520045512924,90,0.10907521226547523
7288.837552721711,67.40982743893404,0.11515502669002396,0.06479222330159803,0.05036280338842593,90,0.10907521226547523
7288.837552721711,73.47677825676274,0.11619427536951904,0.0708283566312693,0.045365918738249744,90,0.10907521226547523
7288.837552721711,80.08976061961063,0.11652674210411507,0.0771184775651332,0.03940826453898187,90,0.10907521226547523
7288.837552721711,87.29791790396244,0.12143390587364826,0.08363520343409898,0.037798702439549275,90,0.10907521226547523
7288.837552721711,95.15481643855642,0.13284541273909883,0.09034706948483097,0.042498343254267865,90,0.10907521226547523
7288.837552721711,103.71884357443969,0.13409553804830734,0.09721888164582396,0.03687665640248339,90,0.10907521226547523
7288.837552721711,113.05364158172193,0.14252480342713816,0.10421215409941939,0.03831264932771877,90,0.10907521226547523
7288.837552721711,123.22858059746237,0.14539952208068885,0.11128561692230134,0.03411390515838751,90,0.10907521226547523
7288.837552721711,134.3192741393338,0.14822650863212009,0.11839577658666633,0.02983073204545375,90,0.10907521226547523
7288.837552721711,146.40814101602186,0.15455132245115816,0.1254975107001569,0.029053811751001246,90,0.10907521226547523
7288.837552721711,159.58501781011546,0.15756458993111142,0.13254467804680173,0.025019911884309687,90,0.10907521226547523
7288.837552721711,173.9478264850578,0.16197134710924976,0.13949072572350893,0.022480621385740834,90,0.10907521226547523
7288.837552721711,189.6033020773824,0.16191429605575103,0.14628927681729664,0.015625019238454385,90,0.10907521226547523
7288.837552721711,206.6677858819652,0.16323219539742112,0.1528946844477394,0.010337510949681716,90,0.10907521226547523
7288.837552721711,225.26809002472953,0.16377846769513146,0.159262540881683,0.004515926813448451,90,0.10907521226547523
7288.837552721711,245.54243984774803,0.16377846769513146,0.16535013357671105,-0.001571665881579587,90,0.10907521226547523
7288.837552721711,267.64150110992745,0.16377846769513146,0.17111684320080664,-0.0073383755056751765,90,0.10907521226547523
7288.837552721711,291.72949963677064,0.16377846769513146,0.17652448171128218,-0.01274601401615072,90,0.10907521226547523
7288.837552721711,317.9854417397141,0.16377846769513146,0.18153757129932488,-0.017759103604193416,90,0.10907521226547523
7288.837552721711,346.6044444744125,0.16377846769513146,0.18612356730561577,-0.02234509961048431,90,0.10907521226547523
7288.837552721711,377.7991856235726,0.16377846769513146,0.19025303002070468,-0.026474562325573214,90,0.10907521226547523
7288.837552721711,411.801484179675,0.16377846769513146,0.19389975157532596,-0.0301212838801945,90,0.10907521226547523
7288.837552721711,448.86402307269043,0.16377846769513146,0.19704084490860874,-0.03326237721347727,90,0.10907521226547523
7288.837552721711,489.26222694499216,0.16377846769513146,0.19965680210975598,-0.03587833441462451,90,0.10907521226547523
7288.837552721711,533.2963089278549,0.16377846769513146,0.20173152931191565,-0.03795306161678419,90,0.10907521226547523
7288.837552721711,581.2935016298517,0.16377846769513146,0.20325236483591158,-0.03947389714078012,90,0.10907521226547523
7288.837552721711,633.6104889164096,0.16377846769513146,0.2042100864998899,-0.04043161880475843,90,0.10907521226547523
7288.837552721711,690.6360565519087,0.16377846769513146,0.20459891299132324,-0.040820445296191776,90,0.10907521226547523
7288.837552721711,752.7939814021893,0.16377846769513146,0.2044165029989896,-0.04063803530385815,90,0.10907521226547523
7288.837552721711,820.546180668118,0.16377846769513146,0.20366395447839955,-0.03988548678326809,90,0.10907521226547523
7288.837552721711,894.3961445532864,0.16377846769513146,0.20234580502389116,-0.03856733732875969,90,0.10907521226547523
7288.837552721711,974.8926778751674,0.16377846769513146,0.2004700328901482,-0.036691565195016734,90,0.10907521226547523
7288.837552721711,1062.6339784249726,0.16377846769513146,0.198048056789538,-0.03426958909440653,90,0.10907521226547523
7288.837552721711,1158.2720823838974,0.16377846769513146,0.1950947312345563,-0.03131626353942485,90,0.10907521226547523
7288.837552721711,1262.5177098312156,0.16377846769513146,0.19162833294456053,-0.027849865249429062,90,0.10907521226547523
7288.837552721711,1376.1455463528653,0.16377846769513146,0.18767053274505172,-0.023892065049920252,90,0.10907521226547523
7288.837552721711,1500.0,0.16377846769513146,0.18324634651303623,-0.019467878817904766,90,0.10907521226547523
7393.664967079103,0.7,0.002618755448520426,2.2866145021678846e-06,0.0026164688340182584,90,0.11527670838213444
7393.664967079103,0.7630006889770977,0.002618755448520426,3.0528225748064768e-06,0.0026157026259456197,90,0.11527670838213444
7393.664967079103,0.8316715019707511,0.002618755448520426,4.061031927401107e-06,0.002614694416593025,90,0.11527670838213444
7393.664967079103,0.9065227557232869,0.002618755448520426,5.382666032881566e-06,0.0026133727824875445,90,0.11527670838213444
7393.664967079103,0.9881106959861216,0.002618755448520426,7.108608733744332e-06,0.0026116468397866816,90,0.11527670838213444
7393.664967079103,1.0770416311757862,0.002618755448520426,9.354010916966584e-06,0.0026094014376034595,90,0.11527670838213444
7393.664967079103,1.1739764380630602,0.002618755448520426,1.2264141286624805e-05,0.002606491307233801,90,0.11527670838213444
7393.664967079103,1.2796354729785626,0.002618755448520426,1.6021469041029874e-05,0.0026027339794793963,90,0.11527670838213444
7393.664967079103,1.3948039250316824,0.002618755448520426,2.0854189931897362e-05,0.0025979012585885287,90,0.11527670838213444
7393.664967079103,1.520337651124477,0.002618755448520426,2.704643122278763e-05,0.0025917090172976383,90,0.11527670838213444
7393.664967079103,1.657169536122569,0.002618755448520426,3.495039465888852e-05,0.0025838050538615374,90,0.11527670838213444
7393.664967079103,1.8063164254476822,0.002618755448520426,4.500071864847399e-05,0.002573754729871952,90,0.11527670838213444
7393.664967079103,1.9688866816103285,0.002618755448520426,5.7731360095653443e-05,0.0025610240884247726,90,0.11527670838213444
7393.664967079103,2.1460884208378745,0.002618755448520426,7.379531106092315e-05,0.0025449601374595027,90,0.11527670838213444
7393.664967079103,2.339238491007243,0.002618755448520426,9.398747367066361e-05,0.0025247679748497624,90,0.11527670838213444
7393.664967079103,2.5497722576003894,0.002618755448520426,0.00011927101610493865,0.0024994844324154873,90,0.11527670838213444
7393.664967079103,2.7792542704054104,0.002618755448520426,0.0001508075203594645,0.0024679479281609616,90,0.11527670838213444
7393.664967079103,3.0293898902312417,0.002618755448520426,0.00018999120574421098,0.002428764242776215,90,0.11527670838213444
7393.664967079103,3.3020379620381313,0.002618755448520426,0.000238487467364442,0.002380267981155984,90,0.11527670838213444
7393.664967079103,3.599224628662322,0.002618755448520426,0.000298275902474678,0.002320479546045748,90,0.11527670838213444
7393.664967079103,3.9231583877895577,0.002618755448520426,0.0003716979057590703,0.0022470575427613556,90,0.11527670838213444
7393.664967079103,4.276246504071018,0.002618755448520426,0.0004615087933656443,0.002157246655154782,90,0.11527670838213444
7393.664967079103,4.661112898345847,0.002618755448520426,0.0005709342611050227,0.0020478211874154035,90,0.11527670838213444
7393.664967079103,5.080617646911311,0.002618755448520426,0.0007037307911458983,0.0019150246573745276,90,0.11527670838213444
7393.664967079103,5.537878235746474,0.002618755448520426,0.0008642493909497399,0.0017545060575706861,90,0.11527670838213444
7393.664967079103,6.036292727636905,0.002692924752317895,0.00105750177621985,0.0016354229760980447,90,0.11527670838213444
7393.664967079103,6.579565014363433,0.002692924752317895,0.0012892277958545019,0.001403696956463393,90,0.11527670838213444
7393.664967079103,7.1717323416127225,0.002692924752317895,0.001565962542801223,0.0011269622095166718,90,0.11527670838213444
7393.664967079103,7.817195311156917,0.002692924752317895,0.001895101204375901,0.0007978235479419939,90,0.11527670838213444
7393.664967079103,8.520750583258952,0.002705260278633685,0.002284959286330277,0.00042030099230340803,90,0.11527670838213444
7393.664967079103,9.287626522326553,0.0037959581118913897,0.002744825407957946,0.0010511327039334438,90,0.11527670838213444
7393.664967079103,10.123522050710184,0.006182698057031111,0.0032850034267000814,0.0028976946303310297,90,0.11527670838213444
7393.664967079103,11.03464899938101,0.00622512120404333,0.003916840231199653,0.0023082809728436774,90,0.11527670838213444
7393.664967079103,12.027778270211655,0.007925747339750773,0.004652735168435813,0.00327301217131496,90,0.11527670838213444
7393.664967079103,13.110290152907504,0.008151651880285996,0.005506126776201092,0.002645525104084904,90,0.11527670838213444
7393.664967079103,14.290229170511559,0.008491090352721298,0.006491452315072295,0.0019996380376490035,90,0.11527670838213444
7393.664967079103,15.576363861058477,0.008679098482802598,0.007624075577067158,0.0010550229057354399,90,0.11527670838213444
7393.664967079103,16.978251939636557,0.00885861609671998,0.008920178637059975,-6.156254033999435e-05,90,0.11527670838213444
7393.664967079103,18.50631132509919,0.024505265657404473,0.010396613653422013,0.01410865200398246,90,0.11527670838213444
7393.664967079103,20.17189755925049,0.028345503232172335,0.012070711558023379,0.016274791674148956,90,0.11527670838213444
7393.664967079103,21.98738819383367,0.02850880260203223,0.013960045535543274,0.014548757066488956,90,0.11527670838213444
7393.664967079103,23.966274772431408,0.03298550680572043,0.01608214859604998,0.01690335820967045,90,0.11527670838213444
7393.664967079103,26.123263090828015,0.03546878287386515,0.018454186289867804,0.017014596583997347,90,0.11527670838213444
7393.664967079103,28.474382480902506,0.049501720938233434,0.02109258766917218,0.028409133269061256,90,0.11527670838213444
7393.664967079103,31.037104930180035,0.06181213522324338,0.02401263990310708,0.037799495320136295,90,0.11527670838213444
7393.664967079103,33.83047492225976,0.07992373694852742,0.027228054403154373,0.052695682545373046,90,0.11527670838213444
7393.664967079103,36.875250963009485,0.08587435811514099,0.030750514777940226,0.055123843337200766,90,0.11527670838213444
7393.664967079103,40.194059844256586,0.08833431106162982,0.03458921924535013,0.0537450918162797,90,0.11527670838213444
7393.664967079103,43.81156479136355,0.09034662894247374,0.03875043209681928,0.05159619684565445,90,0.11527670838213444
7393.664967079103,47.75464874425019,0.09133213927076504,0.04323706023901902,0.04809507903174602,90,0.11527670838213444
7393.664967079103,52.05261413388882,0.09295435851723455,0.048048271548892026,0.04490608696834252,90,0.11527670838213444
7393.664967079103,56.737400638880295,0.09786285868680426,0.05317917161955458,0.044683687067249685,90,0.11527670838213444
7393.664967079103,61.8438225403361,0.11331050077638673,0.05862055435236774,0.05468994642401899,90,0.11527670838213444
7393.664967079103,67.40982743893404,0.11515988587318411,0.06435873974297564,0.050801146130208474,90,0.11527670838213444
7393.664967079103,73.47677825676274,0.11619913455267919,0.07037550917962844,0.04582362537305075,90,0.11527670838213444
7393.664967079103,80.08976061961063,0.11653160128727519,0.07664814477125388,0.03988345651602131,90,0.11527670838213444
7393.664967079103,87.29791790396244,0.12143904461049225,0.0831495748801195,0.038289469730372755,90,0.11527670838213444
7393.664967079103,95.15481643855642,0.13285055147594282,0.08984862343929564,0.04300192803664718,90,0.11527670838213444
7393.664967079103,103.71884357443969,0.13410081156281517,0.09671035611078443,0.037390455452030735,90,0.11527670838213444
7393.664967079103,113.05364158172193,0.1425300894990118,0.10369651220834843,0.038833577290663376,90,0.11527670838213444
7393.664967079103,123.22858059746237,0.1454048081525624,0.11076600785851098,0.03463880029405142,90,0.11527670838213444
7393.664967079103,134.3192741393338,0.1482317947039937,0.11787549333016722,0.030356301373826472,90,0.11527670838213444
7393.664967079103,146.40814101602186,0.15455660852303177,0.12497994597034777,0.029576662552684,90,0.11527670838213444
7393.664967079103,159.58501781011546,0.157569876002985,0.13203327978972318,0.02553659621326182,90,0.11527670838213444
7393.664967079103,173.9478264850578,0.16197663318112332,0.13898895340255177,0.02298767977857155,90,0.11527670838213444
7393.664967079103,189.6033020773824,0.1619195821276246,0.14580055961714022,0.016119022510484388,90,0.11527670838213444
7393.664967079103,206.6677858819652,0.16323748146929473,0.15242238230819052,0.010815099161104208,90,0.11527670838213444
7393.664967079103,225.26809002472953,0.16378375376700505,0.15880990905785736,0.00497384470914769,90,0.11527670838213444
7393.664967079103,245.54243984774803,0.16378375376700505,0.16492029119139262,-0.0011365374243875737,90,0.11527670838213444
7393.664967079103,267.64150110992745,0.16378375376700505,0.17071274602905737,-0.006928992262052319,90,0.11527670838213444
7393.664967079103,291.72949963677064,0.16378375376700505,0.17614889922913582,-0.012365145462130772,90,0.11527670838213444
7393.664967079103,317.9854417397141,0.16378375376700505,0.18119306784726308,-0.01740931408025803,90,0.11527670838213444
7393.664967079103,346.6044444744125,0.16378375376700505,0.18581248706979606,-0.02202873330279101,90,0.11527670838213444
7393.664967079103,377.7991856235726,0.16378375376700505,0.18997748542382203,-0.026193731656816988,90,0.11527670838213444
7393.664967079103,411.801484179675,0.16378375376700505,0.19366161459511178,-0.029877860828106728,90,0.11527670838213444
7393.664967079103,448.86402307269043,0.16378375376700505,0.19684174080378777,-0.03305798703678273,90,0.11527670838213444
7393.664967079103,489.26222694499216,0.16378375376700505,0.19949810502777626,-0.035714351260771215,90,0.11527670838213444
7393.664967079103,533.2963089278549,0.16378375376700505,0.20161435927601523,-0.037830605509010184,90,0.11527670838213444
7393.664967079103,581.2935016298517,0.16378375376700505,0.20317758565671568,-0.03939383188971063,90,0.11527670838213444
7393.664967079103,633.6104889164096,0.16378375376700505,0.20417830422431482,-0.040394550457309775,90,0.11527670838213444
7393.664967079103,690.6360565519087,0.16378375376700505,0.20461047458482456,-0.04082672081781952,90,0.11527670838213444
7393.664967079103,752.7939814021893,0.16378375376700505,0.20447149505217657,-0.040687741285171525,90,0.11527670838213444
7393.664967079103,820.546180668118,0.16378375376700505,0.20376220183206162,-0.03997844806505657,90,0.11527670838213444
7393.664967079103,894.3961445532864,0.16378375376700505,0.20248686931412715,-0.03870311554712211,90,0.11527670838213444
7393.664967079103,974.8926778751674,0.16378375376700505,0.20065321112421108,-0.03686945735720604,90,0.11527670838213444
7393.664967079103,1062.6339784249726,0.16378375376700505,0.19827238016982002,-0.03448862640281497,90,0.11527670838213444
7393.664967079103,1158.2720823838974,0.16378375376700505,0.19535896454921814,-0.03157521078221309,90,0.11527670838213444
7393.664967079103,1262.5177098312156,0.16378375376700505,0.19193097493467354,-0.02814722116766849,90,0.11527670838213444
7393.664967079103,1376.1455463528653,0.16378375376700505,0.18800981793534222,-0.02422606416833717,90,0.11527670838213444
7393.664967079103,1500.0,0.16378375376700505,0.18362024905153526,-0.019836495284530214,90,0.11527670838213444
7500.0,0.7,0.0026209684469368846,2.2378705110895293e-06,0.0026187305764257952,90,0.12147820449879365
7500.0,0.7630006889770977,0.0026209684469368846,2.988568275974698e-06,0.00261797987866091,90,0.12147820449879365
7500.0,0.8316715019707511,0.0026209684469368846,3.976652495143366e-06,0.002616991794441741,90,0.12147820449879365
7500.0,0.9065227557232869,0.0026209684469368846,5.272277916815279e-06,0.0026156961690200695,90,0.12147820449879365
7500.0,0.9881106959861216,0.0026209684469368846,6.964743033075662e-06,0.002614003703903809,90,0.12147820449879365
7500.0,1.0770416311757862,0.0026209684469368846,9.16722710574938e-06,0.0026118012198311355,90,0.12147820449879365
7500.0,1.1739764380630602,0.0026209684469368846,1.2022558542200143e-05,0.0026089458883946843,90,0.12147820449879365
7500.0,1.2796354729785626,0.0026209684469368846,1.571020076702305e-05,0.0026052582461698615,90,0.12147820449879365
7500.0,1.3948039250316824,0.0026209684469368846,2.045466536440294e-05,0.0026005137815724817,90,0.12147820449879365
7500.0,1.520337651124477,0.0026209684469368846,2.653558631652457e-05,0.00259443286062036,90,0.12147820449879365
7500.0,1.657169536122569,0.0026209684469368846,3.429971283890852e-05,0.0025866687340979763,90,0.12147820449879365
7500.0,1.8063164254476822,0.0026209684469368846,4.4175100571550236e-05,0.0025767933463653344,90,0.12147820449879365
7500.0,1.9688866816103285,0.0026209684469368846,5.66878004044417e-05,0.002564280646532443,90,0.12147820449879365
7500.0,2.1460884208378745,0.0026209684469368846,7.248135936758529e-05,0.0025484870875692994,90,0.12147820449879365
7500.0,2.339238491007243,0.0026209684469368846,9.233945683408255e-05,0.002528628990102802,90,0.12147820449879365
7500.0,2.5497722576003894,0.0026209684469368846,0.00011721199945187952,0.002503756447485005,90,0.12147820449879365
7500.0,2.7792542704054104,0.0026209684469368846,0.00014824498705549134,0.0024727234598813934,90,0.12147820449879365
7500.0,3.0293898902312417,0.0026209684469368846,0.00018681443627923598,0.002434154010657649,90,0.12147820449879365
7500.0,3.3020379620381313,0.0026209684469368846,0.0002345646053355553,0.0023864038416013295,90,0.12147820449879365
7500.0,3.599224628662322,0.0026209684469368846,0.0002934506987958362,0.0023275177481410485,90,0.12147820449879365
7500.0,3.9231583877895577,0.0026209684469368846,0.00036578614138119164,0.002255182305555693,90,0.12147820449879365
7500.0,4.276246504071018,0.0026209684469368846,0.0004542943908258819,0.0021666740561110025,90,0.12147820449879365
7500.0,4.661112898345847,0.0026209684469368846,0.0005621651079962259,0.0020588033389406586,90,0.12147820449879365
7500.0,5.080617646911311,0.0026209684469368846,0.0006931143141246372,0.0019278541328122474,90,0.12147820449879365
7500.0,5.537878235746474,0.0026209684469368846,0.0008514479373401791,0.0017695205095967057,90,0.12147820449879365
7500.0,6.036292727636905,0.0026951377507343525,0.0010421278816863308,0.0016530098690480217,90,0.12147820449879365
7500.0,6.579565014363433,0.0026951377507343525,0.0012708394409465492,0.0014242983097878033,90,0.12147820449879365
7500.0,7.1717323416127225,0.0026951377507343525,0.0015440585281919193,0.0011510792225424332,90,0.12147820449879365
7500.0,7.817195311156917,0.0026951377507343525,0.0018691168038758742,0.0008260209468584784,90,0.12147820449879365
7500.0,8.520750583258952,0.0027074732770501425,0.00225426236755973,0.00045321090949041257,90,0.12147820449879365
7500.0,9.287626522326553,0.0037983053726610067,0.0027087132418801107,0.001089592130780896,90,0.12147820449879365
7500.0,10.123522050710184,0.0061854142243756615,0.003242700437683611,0.0029427137866920505,90,0.12147820449879365
7500.0,11.03464899938101,0.006227859549352723,0.003867496967110948,0.0023603625822417747,90,0.12147820449879365
7500.0,12.027778270211655,0.007928694854792343,0.0045954287932768074,0.0033332660615155354,90,0.12147820449879365
7500.0,13.110290152907504,0.008154599395327564,0.005439863403410785,0.002714735991916779,90,0.12147820449879365
7500.0,14.290229170511559,0.008493914610166776,0.0064151715048554785,0.002078743105311298,90,0.12147820449879365
7500.0,15.576363861058477,0.008681922740248076,0.007536657312807961,0.001145265427440115,90,0.12147820449879365
7500.0,16.978251939636557,0.008861458067777104,0.008820453070751738,4.100499702536578e-05,90,0.12147820449879365
7500.0,18.50631132509919,0.024509240508090512,0.010283373865001767,0.014225866643088746,90,0.12147820449879365
7500.0,20.17189755925049,0.02834947851843044,0.011942729505939656,0.016406749012490784,90,0.12147820449879365
7500.0,21.98738819383367,0.028512777045489615,0.013816091284106349,0.014696685761383266,90,0.12147820449879365
7500.0,23.966274772431408,0.03298974725697602,0.015921012788750754,0.017068734468225263,90,0.12147820449879365
7500.0,26.123263090828015,0.035473072807907687,0.018274705698339562,0.017198367109568125,90,0.12147820449879365
7500.0,28.474382480902506,0.04950633623455536,0.020893673488448665,0.028612662746106694,90,0.12147820449879365
7500.0,31.037104930180035,0.06181795779226453,0.023793308291436357,0.03802464950082818,90,0.12147820449879365
7500.0,33.83047492225976,0.07992998842524154,0.026987458587579123,0.05294252983766242,90,0.12147820449879365
7500.0,36.875250963009485,0.08588154694973595,0.03048797787625445,0.055393569073481495,90,0.12147820449879365
7500.0,40.194059844256586,0.08834156832396206,0.034304266803841604,0.054037301520120457,90,0.12147820449879365
7500.0,43.81156479136355,0.09035391466260104,0.03844282322529395,0.051911091437307086,90,0.12147820449879365
7500.0,47.75464874425019,0.091339461613903,0.04290681615356089,0.04843264546034211,90,0.12147820449879365
7500.0,52.05261413388882,0.09296174499646873,0.04769570032042989,0.045266044676038834,90,0.12147820449879365
7500.0,56.737400638880295,0.09787054726793684,0.052804887981019205,0.045065659286917636,90,0.12147820449879365
7500.0,61.8438225403361,0.11331860346054404,0.058225493542689064,0.055093109917854974,90,0.12147820449879365
7500.0,67.40982743893404,0.11516798855734145,0.06394416456021959,0.05122382399712186,90,0.12147820449879365
7500.0,73.47677825676274,0.1162072372368365,0.06994300966975793,0.04626422756707857,90,0.12147820449879365
7500.0,80.08976061961063,0.11653970397143253,0.07619963027887214,0.04034007369256039,90,0.12147820449879365
7500.0,87.29791790396244,0.1214475063778199,0.08268725851374208,0.03876024786407782,90,0.12147820449879365
7500.0,95.15481643855642,0.13285901324327043,0.08937499933365577,0.04348401390961466,90,0.12147820449879365
7500.0,103.71884357443969,0.13410943234790484,0.09622817017893819,0.03788126216896666,90,0.12147820449879365
7500.0,113.05364158172193,0.1425387860395921,0.10320872734494146,0.039330058694650644,90,0.12147820449879365
7500.0,123.22858059746237,0.1454135046931427,0.11027576476427839,0.03513773992886432,90,0.12147820449879365
7500.0,134.3192741393338,0.148240491244574,0.11738606826386938,0.03085442298070462,90,0.12147820449879365
7500.0,146.40814101602186,0.15456530506361207,0.12449470679178286,0.030070598271829216,90,0.12147820449879365
7500.0,159.58501781011546,0.15757857254356528,0.1315556416368986,0.026022930906666686,90,0.12147820449879365
7500.0,173.9478264850578,0.1619853297217036,0.13852233525447993,0.023462994467223663,90,0.12147820449879365
7500.0,189.6033020773824,0.16192827866820494,0.14534834284301038,0.01657993582519457,90,0.12147820449879365
7500.0,206.6677858819652,0.163246178009875,0.15198787210920836,0.011258305900666649,90,0.12147820449879365
7500.0,225.26809002472953,0.16379245030758535,0.15839629948677175,0.0053961508208136,90,0.12147820449879365
7500.0,245.54243984774803,0.16379245030758535,0.16453063420346556,-0.0007381838958802067,90,0.12147820449879365
7500.0,267.64150110992745,0.16379245030758535,0.17034992479225597,-0.006557474484670617,90,0.12147820449879365
7500.0,291.72949963677064,0.16379245030758535,0.1758156057133473,-0.01202315540576196,90,0.12147820449879365
7500.0,317.9854417397141,0.16379245030758535,0.18089178453192747,-0.017099334224342122,90,0.12147820449879365
7500.0,346.6044444744125,0.16379245030758535,0.18554547246279585,-0.021753022155210494,90,0.12147820449879365
7500.0,377.7991856235726,0.16379245030758535,0.18974676297492302,-0.025954312667337665,90,0.12147820449879365
7500.0,411.801484179675,0.16379245030758535,0.19346896451520382,-0.029676514207618465,90,0.12147820449879365
7500.0,448.86402307269043,0.16379245030758535,0.19668869426500005,-0.032896243957414695,90,0.12147820449879365
7500.0,489.26222694499216,0.16379245030758535,0.19938594021612208,-0.035593489908536724,90,0.12147820449879365
7500.0,533.2963089278549,0.16379245030758535,0.20154409879351307,-0.037751648485927713,90,0.12147820449879365
7500.0,581.2935016298517,0.16379245030758535,0.20314999481947243,-0.03935754451188708,90,0.12147820449879365
7500.0,633.6104889164096,0.16379245030758535,0.2041938898723185,-0.04040143956473316,90,0.12147820449879365
7500.0,690.6360565519087,0.16379245030758535,0.2046694841038476,-0.04087703379626226,90,0.12147820449879365
7500.0,752.7939814021893,0.16379245030758535,0.2045739154042103,-0.04078146509662495,90,0.12147820449879365
7500.0,820.546180668118,0.16379245030758535,0.20390775849439036,-0.040115308186805004,90,0.12147820449879365
7500.0,894.3961445532864,0.16379245030758535,0.20267502513505714,-0.03888257482747179,90,0.12147820449879365
7500.0,974.8926778751674,0.16379245030758535,0.20088316521226085,-0.0370907149046755,90,0.12147820449879365
7500.0,1062.6339784249726,0.16379245030758535,0.1985430670394886,-0.034750616731903244,90,0.12147820449879365
7500.0,1158.2720823838974,0.16379245030758535,0.19566905384667757,-0.03187660353909222,90,0.12147820449879365
7500.0,1262.5177098312156,0.16379245030758535,0.19227887215696107,-0.02848642184937572,90,0.12147820449879365
7500.0,1376.1455463528653,0.16379245030758535,0.18839366663248205,-0.024601216324896702,90,0.12147820449879365
7500.0,1500.0,0.16379245030758535,0.18403793505771357,-0.020245484750128218,90,0.12147820449879365
